   Compiling engine-api v0.1.0 (/Users/rutmehta/Developer/lightroom/.worktrees/LR-4-parametric-masks/crates/engine-api)
warning: libraw-ffi@0.1.0: vendor/LibRaw/LibRaw-0.22.2/src/write/file_write.cpp:78:3: warning: 'sprintf' is deprecated: This function is provided for compatibility reasons only.  Due to security concerns inherent in the design of sprintf(3), it is highly recommended that you use snprintf(3) instead. [-Wdeprecated-declarations]
warning: libraw-ffi@0.1.0:    78 |   sprintf(th->date, "%04d:%02d:%02d %02d:%02d:%02d", t->tm_year + 1900,
warning: libraw-ffi@0.1.0:       |   ^
warning: libraw-ffi@0.1.0: /Library/Developer/CommandLineTools/SDKs/MacOSX.sdk/usr/include/_stdio.h:278:1: note: 'sprintf' has been explicitly marked deprecated here
warning: libraw-ffi@0.1.0:   278 | __deprecated_msg("This function is provided for compatibility reasons only.  Due to security concerns inherent in the design of sprintf(3), it is highly recommended that you use snprintf(3) instead.")
warning: libraw-ffi@0.1.0:       | ^
warning: libraw-ffi@0.1.0: /Library/Developer/CommandLineTools/SDKs/MacOSX.sdk/usr/include/sys/cdefs.h:227:48: note: expanded from macro '__deprecated_msg'
warning: libraw-ffi@0.1.0:   227 |         #define __deprecated_msg(_msg) __attribute__((__deprecated__(_msg)))
warning: libraw-ffi@0.1.0:       |                                                       ^
warning: libraw-ffi@0.1.0: 1 warning generated.
warning: libraw-ffi@0.1.0: vendor/LibRaw/LibRaw-0.22.2/src/decompressors/losslessjpeg.cpp:24:9: warning: 'ZERO' macro redefined [-Wmacro-redefined]
warning: libraw-ffi@0.1.0:    24 | #define ZERO(a) do { memset(a,0,sizeof(a));} while(0)
warning: libraw-ffi@0.1.0:       |         ^
warning: libraw-ffi@0.1.0: vendor/LibRaw/LibRaw-0.22.2/src/decompressors/../../internal/libraw_cxx_defs.h:117:9: note: previous definition is here
warning: libraw-ffi@0.1.0:   117 | #define ZERO(a) memset(&a, 0, sizeof(a))
warning: libraw-ffi@0.1.0:       |         ^
warning: libraw-ffi@0.1.0: vendor/LibRaw/LibRaw-0.22.2/src/decompressors/losslessjpeg.cpp:375:17: warning: comparison of integers of different signs: 'int' and 'uint32_t' (aka 'unsigned int') [-Wsign-compare]
warning: libraw-ffi@0.1.0:   375 |           if (h >= tsize)
warning: libraw-ffi@0.1.0:       |               ~ ^  ~~~~~
warning: libraw-ffi@0.1.0: 2 warnings generated.
warning: libraw-ffi@0.1.0: vendor/LibRaw/LibRaw-0.22.2/src/libraw_datastream.cpp:138:48: warning: unused parameter 'jpegdata' [-Wunused-parameter]
warning: libraw-ffi@0.1.0:   138 | int LibRaw_abstract_datastream::jpeg_src(void *jpegdata)
warning: libraw-ffi@0.1.0:       |                                                ^
warning: libraw-ffi@0.1.0: vendor/LibRaw/LibRaw-0.22.2/src/libraw_datastream.cpp:452:46: warning: unused parameter 'jpegdata' [-Wunused-parameter]
warning: libraw-ffi@0.1.0:   452 | int LibRaw_buffer_datastream::jpeg_src(void *jpegdata)
warning: libraw-ffi@0.1.0:       |                                              ^
warning: libraw-ffi@0.1.0: 2 warnings generated.
warning: libraw-ffi@0.1.0: vendor/LibRaw/LibRaw-0.22.2/src/integration/dngsdk_glue.cpp:527:33: warning: unused parameter 'p' [-Wunused-parameter]
warning: libraw-ffi@0.1.0:   527 | void LibRaw::set_dng_host(void *p)
warning: libraw-ffi@0.1.0:       |                                 ^
warning: libraw-ffi@0.1.0: 1 warning generated.
warning: libraw-ffi@0.1.0: vendor/LibRaw/LibRaw-0.22.2/src/utils/open.cpp:476:11: warning: unused variable 'foveon_count' [-Wunused-const-variable]
warning: libraw-ffi@0.1.0:   476 | const int foveon_count = sizeof(foveon_data) / sizeof(foveon_data[0]);
warning: libraw-ffi@0.1.0:       |           ^~~~~~~~~~~~
warning: libraw-ffi@0.1.0: 1 warning generated.
warning: libraw-ffi@0.1.0: vendor/LibRaw/LibRaw-0.22.2/src/utils/thumb_utils.cpp:35:41: warning: comparison of integers of different signs: 'INT64' (aka 'long long') and 'unsigned long long' [-Wsign-compare]
warning: libraw-ffi@0.1.0:    35 |   if(INT64(T.theight) * INT64(T.twidth) > 1024ULL * 1024ULL * LIBRAW_MAX_THUMBNAIL_MB)
warning: libraw-ffi@0.1.0:       |      ~~~~~~~~~~~~~~~~~~~~~~~~~~~~~~~~~~ ^ ~~~~~~~~~~~~~~~~~~~~~~~~~~~~~~~~~~~~~~~~~~~
warning: libraw-ffi@0.1.0: vendor/LibRaw/LibRaw-0.22.2/src/utils/thumb_utils.cpp:38:42: warning: comparison of integers of different signs: 'INT64' (aka 'long long') and 'unsigned long long' [-Wsign-compare]
warning: libraw-ffi@0.1.0:    38 |   if (INT64(T.theight) * INT64(T.twidth) < 64ULL)
warning: libraw-ffi@0.1.0:       |       ~~~~~~~~~~~~~~~~~~~~~~~~~~~~~~~~~~ ^ ~~~~~
warning: libraw-ffi@0.1.0: 2 warnings generated.
warning: libraw-ffi@0.1.0: vendor/LibRaw/LibRaw-0.22.2/src/postprocessing/postprocessing_utils_dcrdefs.cpp:65:5: warning: 'sprintf' is deprecated: This function is provided for compatibility reasons only.  Due to security concerns inherent in the design of sprintf(3), it is highly recommended that you use snprintf(3) instead. [-Wdeprecated-declarations]
warning: libraw-ffi@0.1.0:    65 |     sprintf(prof_desc.data(), "%s gamma %g toe slope %g", name[output_color - 1], floor(1000. / gamm[0] + .5) / 1000.,
warning: libraw-ffi@0.1.0:       |     ^
warning: libraw-ffi@0.1.0: /Library/Developer/CommandLineTools/SDKs/MacOSX.sdk/usr/include/_stdio.h:278:1: note: 'sprintf' has been explicitly marked deprecated here
warning: libraw-ffi@0.1.0:   278 | __deprecated_msg("This function is provided for compatibility reasons only.  Due to security concerns inherent in the design of sprintf(3), it is highly recommended that you use snprintf(3) instead.")
warning: libraw-ffi@0.1.0:       | ^
warning: libraw-ffi@0.1.0: /Library/Developer/CommandLineTools/SDKs/MacOSX.sdk/usr/include/sys/cdefs.h:227:48: note: expanded from macro '__deprecated_msg'
warning: libraw-ffi@0.1.0:   227 |         #define __deprecated_msg(_msg) __attribute__((__deprecated__(_msg)))
warning: libraw-ffi@0.1.0:       |                                                       ^
warning: libraw-ffi@0.1.0: 1 warning generated.
warning: libraw-ffi@0.1.0: vendor/LibRaw/LibRaw-0.22.2/src/postprocessing/mem_image.cpp:43:24: warning: comparison of integers of different signs: 'INT64' (aka 'long long') and 'unsigned long long' [-Wsign-compare]
warning: libraw-ffi@0.1.0:    43 |   if (INT64(T.tlength) > 1024ULL * 1024ULL * LIBRAW_MAX_THUMBNAIL_MB)
warning: libraw-ffi@0.1.0:       |       ~~~~~~~~~~~~~~~~ ^ ~~~~~~~~~~~~~~~~~~~~~~~~~~~~~~~~~~~~~~~~~~~
warning: libraw-ffi@0.1.0: 1 warning generated.
warning: libraw-ffi@0.1.0: vendor/LibRaw/LibRaw-0.22.2/src/decoders/unpack_thumb.cpp:225:9: warning: comparison of integers of different signs: 'INT64' (aka 'long long') and 'unsigned long long' [-Wsign-compare]
warning: libraw-ffi@0.1.0:   225 |         THUMB_SIZE_CHECKWH(T.twidth, T.theight);
warning: libraw-ffi@0.1.0:       |         ^~~~~~~~~~~~~~~~~~~~~~~~~~~~~~~~~~~~~~~
warning: libraw-ffi@0.1.0: vendor/LibRaw/LibRaw-0.22.2/src/decoders/unpack_thumb.cpp:70:27: note: expanded from macro 'THUMB_SIZE_CHECKWH'
warning: libraw-ffi@0.1.0:    70 |     if (INT64(W)*INT64(H) > 1024ULL * 1024ULL * LIBRAW_MAX_THUMBNAIL_MB) return LIBRAW_UNSUPPORTED_THUMBNAIL; \
warning: libraw-ffi@0.1.0:       |         ~~~~~~~~~~~~~~~~~ ^ ~~~~~~~~~~~~~~~~~~~~~~~~~~~~~~~~~~~~~~~~~~~
warning: libraw-ffi@0.1.0: vendor/LibRaw/LibRaw-0.22.2/src/decoders/unpack_thumb.cpp:225:9: warning: comparison of integers of different signs: 'INT64' (aka 'long long') and 'unsigned long long' [-Wsign-compare]
warning: libraw-ffi@0.1.0:   225 |         THUMB_SIZE_CHECKWH(T.twidth, T.theight);
warning: libraw-ffi@0.1.0:       |         ^~~~~~~~~~~~~~~~~~~~~~~~~~~~~~~~~~~~~~~
warning: libraw-ffi@0.1.0: vendor/LibRaw/LibRaw-0.22.2/src/decoders/unpack_thumb.cpp:71:27: note: expanded from macro 'THUMB_SIZE_CHECKWH'
warning: libraw-ffi@0.1.0:    71 |     if (INT64(W)*INT64(H) < 64ULL)        return LIBRAW_NO_THUMBNAIL; \
warning: libraw-ffi@0.1.0:       |         ~~~~~~~~~~~~~~~~~ ^ ~~~~~
warning: libraw-ffi@0.1.0: vendor/LibRaw/LibRaw-0.22.2/src/decoders/unpack_thumb.cpp:266:9: warning: comparison of integers of different signs: 'INT64' (aka 'long long') and 'unsigned long long' [-Wsign-compare]
warning: libraw-ffi@0.1.0:   266 |         THUMB_SIZE_CHECKWH(T.twidth, T.theight);
warning: libraw-ffi@0.1.0:       |         ^~~~~~~~~~~~~~~~~~~~~~~~~~~~~~~~~~~~~~~
warning: libraw-ffi@0.1.0: vendor/LibRaw/LibRaw-0.22.2/src/decoders/unpack_thumb.cpp:70:27: note: expanded from macro 'THUMB_SIZE_CHECKWH'
warning: libraw-ffi@0.1.0:    70 |     if (INT64(W)*INT64(H) > 1024ULL * 1024ULL * LIBRAW_MAX_THUMBNAIL_MB) return LIBRAW_UNSUPPORTED_THUMBNAIL; \
warning: libraw-ffi@0.1.0:       |         ~~~~~~~~~~~~~~~~~ ^ ~~~~~~~~~~~~~~~~~~~~~~~~~~~~~~~~~~~~~~~~~~~
warning: libraw-ffi@0.1.0: vendor/LibRaw/LibRaw-0.22.2/src/decoders/unpack_thumb.cpp:266:9: warning: comparison of integers of different signs: 'INT64' (aka 'long long') and 'unsigned long long' [-Wsign-compare]
warning: libraw-ffi@0.1.0:   266 |         THUMB_SIZE_CHECKWH(T.twidth, T.theight);
warning: libraw-ffi@0.1.0:       |         ^~~~~~~~~~~~~~~~~~~~~~~~~~~~~~~~~~~~~~~
warning: libraw-ffi@0.1.0: vendor/LibRaw/LibRaw-0.22.2/src/decoders/unpack_thumb.cpp:71:27: note: expanded from macro 'THUMB_SIZE_CHECKWH'
warning: libraw-ffi@0.1.0:    71 |     if (INT64(W)*INT64(H) < 64ULL)        return LIBRAW_NO_THUMBNAIL; \
warning: libraw-ffi@0.1.0:       |         ~~~~~~~~~~~~~~~~~ ^ ~~~~~
warning: libraw-ffi@0.1.0: vendor/LibRaw/LibRaw-0.22.2/src/decoders/unpack_thumb.cpp:298:9: warning: comparison of integers of different signs: 'INT64' (aka 'long long') and 'unsigned long long' [-Wsign-compare]
warning: libraw-ffi@0.1.0:   298 |         THUMB_SIZE_CHECKWH(T.twidth, T.theight);
warning: libraw-ffi@0.1.0:       |         ^~~~~~~~~~~~~~~~~~~~~~~~~~~~~~~~~~~~~~~
warning: libraw-ffi@0.1.0: vendor/LibRaw/LibRaw-0.22.2/src/decoders/unpack_thumb.cpp:70:27: note: expanded from macro 'THUMB_SIZE_CHECKWH'
warning: libraw-ffi@0.1.0:    70 |     if (INT64(W)*INT64(H) > 1024ULL * 1024ULL * LIBRAW_MAX_THUMBNAIL_MB) return LIBRAW_UNSUPPORTED_THUMBNAIL; \
warning: libraw-ffi@0.1.0:       |         ~~~~~~~~~~~~~~~~~ ^ ~~~~~~~~~~~~~~~~~~~~~~~~~~~~~~~~~~~~~~~~~~~
warning: libraw-ffi@0.1.0: vendor/LibRaw/LibRaw-0.22.2/src/decoders/unpack_thumb.cpp:298:9: warning: comparison of integers of different signs: 'INT64' (aka 'long long') and 'unsigned long long' [-Wsign-compare]
warning: libraw-ffi@0.1.0:   298 |         THUMB_SIZE_CHECKWH(T.twidth, T.theight);
warning: libraw-ffi@0.1.0:       |         ^~~~~~~~~~~~~~~~~~~~~~~~~~~~~~~~~~~~~~~
warning: libraw-ffi@0.1.0: vendor/LibRaw/LibRaw-0.22.2/src/decoders/unpack_thumb.cpp:71:27: note: expanded from macro 'THUMB_SIZE_CHECKWH'
warning: libraw-ffi@0.1.0:    71 |     if (INT64(W)*INT64(H) < 64ULL)        return LIBRAW_NO_THUMBNAIL; \
warning: libraw-ffi@0.1.0:       |         ~~~~~~~~~~~~~~~~~ ^ ~~~~~
warning: libraw-ffi@0.1.0: vendor/LibRaw/LibRaw-0.22.2/src/decoders/unpack_thumb.cpp:383:3: warning: comparison of integers of different signs: 'INT64' (aka 'long long') and 'unsigned long long' [-Wsign-compare]
warning: libraw-ffi@0.1.0:   383 |                 THUMB_SIZE_CHECKWH(T.twidth, (INT64(T.theight)*INT64(o_bps)));
warning: libraw-ffi@0.1.0:       |                 ^~~~~~~~~~~~~~~~~~~~~~~~~~~~~~~~~~~~~~~~~~~~~~~~~~~~~~~~~~~~~
warning: libraw-ffi@0.1.0: vendor/LibRaw/LibRaw-0.22.2/src/decoders/unpack_thumb.cpp:70:27: note: expanded from macro 'THUMB_SIZE_CHECKWH'
warning: libraw-ffi@0.1.0:    70 |     if (INT64(W)*INT64(H) > 1024ULL * 1024ULL * LIBRAW_MAX_THUMBNAIL_MB) return LIBRAW_UNSUPPORTED_THUMBNAIL; \
warning: libraw-ffi@0.1.0:       |         ~~~~~~~~~~~~~~~~~ ^ ~~~~~~~~~~~~~~~~~~~~~~~~~~~~~~~~~~~~~~~~~~~
warning: libraw-ffi@0.1.0: vendor/LibRaw/LibRaw-0.22.2/src/decoders/unpack_thumb.cpp:383:3: warning: comparison of integers of different signs: 'INT64' (aka 'long long') and 'unsigned long long' [-Wsign-compare]
warning: libraw-ffi@0.1.0:   383 |                 THUMB_SIZE_CHECKWH(T.twidth, (INT64(T.theight)*INT64(o_bps)));
warning: libraw-ffi@0.1.0:       |                 ^~~~~~~~~~~~~~~~~~~~~~~~~~~~~~~~~~~~~~~~~~~~~~~~~~~~~~~~~~~~~
warning: libraw-ffi@0.1.0: vendor/LibRaw/LibRaw-0.22.2/src/decoders/unpack_thumb.cpp:71:27: note: expanded from macro 'THUMB_SIZE_CHECKWH'
warning: libraw-ffi@0.1.0:    71 |     if (INT64(W)*INT64(H) < 64ULL)        return LIBRAW_NO_THUMBNAIL; \
warning: libraw-ffi@0.1.0:       |         ~~~~~~~~~~~~~~~~~ ^ ~~~~~
warning: libraw-ffi@0.1.0: 8 warnings generated.
warning: libraw-ffi@0.1.0: vendor/LibRaw/LibRaw-0.22.2/src/decoders/decoders_libraw.cpp:894:2: warning: definition of implicit copy assignment operator for 'p1_row_info_t' is deprecated because it has a user-provided copy constructor [-Wdeprecated-copy-with-user-provided-copy]
warning: libraw-ffi@0.1.0:   894 |         p1_row_info_t(const p1_row_info_t& q): row(q.row),offset(q.offset){}
warning: libraw-ffi@0.1.0:       |         ^
warning: libraw-ffi@0.1.0: /Library/Developer/CommandLineTools/SDKs/MacOSX.sdk/usr/include/c++/v1/__algorithm/sift_down.h:61:14: note: in implicit copy assignment operator for 'p1_row_info_t' first required here
warning: libraw-ffi@0.1.0:    61 |     *__start = _Ops::__iter_move(__child_i);
warning: libraw-ffi@0.1.0:       |              ^
warning: libraw-ffi@0.1.0: /Library/Developer/CommandLineTools/SDKs/MacOSX.sdk/usr/include/c++/v1/__algorithm/make_heap.h:39:12: note: in instantiation of function template specialization 'std::__sift_down<std::_ClassicAlgPolicy, std::__less<void, void> &, p1_row_info_t *>' requested here
warning: libraw-ffi@0.1.0:    39 |       std::__sift_down<_AlgPolicy>(__first, __comp_ref, __n, __first + __start);
warning: libraw-ffi@0.1.0:       |            ^
warning: libraw-ffi@0.1.0: /Library/Developer/CommandLineTools/SDKs/MacOSX.sdk/usr/include/c++/v1/__algorithm/partial_sort.h:41:8: note: in instantiation of function template specialization 'std::__make_heap<std::_ClassicAlgPolicy, std::__less<void, void> &, p1_row_info_t *>' requested here
warning: libraw-ffi@0.1.0:    41 |   std::__make_heap<_AlgPolicy>(__first, __middle, __comp);
warning: libraw-ffi@0.1.0:       |        ^
warning: libraw-ffi@0.1.0: /Library/Developer/CommandLineTools/SDKs/MacOSX.sdk/usr/include/c++/v1/__algorithm/partial_sort.h:65:12: note: in instantiation of function template specialization 'std::__partial_sort_impl<std::_ClassicAlgPolicy, std::__less<void, void> &, p1_row_info_t *, p1_row_info_t *>' requested here
warning: libraw-ffi@0.1.0:    65 |       std::__partial_sort_impl<_AlgPolicy>(__first, __middle, __last, static_cast<__comp_ref_type<_Compare> >(__comp));
warning: libraw-ffi@0.1.0:       |            ^
warning: libraw-ffi@0.1.0: /Library/Developer/CommandLineTools/SDKs/MacOSX.sdk/usr/include/c++/v1/__algorithm/sort.h:950:10: note: in instantiation of function template specialization 'std::__partial_sort<std::_ClassicAlgPolicy, std::__less<void, void>, p1_row_info_t *, p1_row_info_t *>' requested here
warning: libraw-ffi@0.1.0:   950 |     std::__partial_sort<_AlgPolicy>(
warning: libraw-ffi@0.1.0:       |          ^
warning: libraw-ffi@0.1.0: /Library/Developer/CommandLineTools/SDKs/MacOSX.sdk/usr/include/c++/v1/__algorithm/sort.h:961:8: note: in instantiation of function template specialization 'std::__sort_impl<std::_ClassicAlgPolicy, std::__wrap_iter<p1_row_info_t *>, std::__less<void, void>>' requested here
warning: libraw-ffi@0.1.0:   961 |   std::__sort_impl<_ClassicAlgPolicy>(std::move(__first), std::move(__last), __comp);
warning: libraw-ffi@0.1.0:       |        ^
warning: libraw-ffi@0.1.0: /Library/Developer/CommandLineTools/SDKs/MacOSX.sdk/usr/include/c++/v1/__algorithm/sort.h:967:8: note: in instantiation of function template specialization 'std::sort<std::__wrap_iter<p1_row_info_t *>, std::__less<void, void>>' requested here
warning: libraw-ffi@0.1.0:   967 |   std::sort(__first, __last, __less<>());
warning: libraw-ffi@0.1.0:       |        ^
warning: libraw-ffi@0.1.0: vendor/LibRaw/LibRaw-0.22.2/src/decoders/decoders_libraw.cpp:911:7: note: in instantiation of function template specialization 'std::sort<std::__wrap_iter<p1_row_info_t *>>' requested here
warning: libraw-ffi@0.1.0:   911 |         std::sort(stripes.begin(), stripes.end());
warning: libraw-ffi@0.1.0:       |              ^
warning: libraw-ffi@0.1.0: 1 warning generated.
warning: libraw-ffi@0.1.0: vendor/LibRaw/LibRaw-0.22.2/src/decoders/olympus14.cpp:242:30: warning: comparison of integers of different signs: 'uint32_t' (aka 'unsigned int') and 'const int32_t' (aka 'const int') [-Wsign-compare]
warning: libraw-ffi@0.1.0:   242 |                 for (uint32_t col = 0; col < raw_width; col++)
warning: libraw-ffi@0.1.0:       |                                        ~~~ ^ ~~~~~~~~~
warning: libraw-ffi@0.1.0: 1 warning generated.
warning: libraw-ffi@0.1.0: vendor/LibRaw/LibRaw-0.22.2/src/decoders/load_mfbacks.cpp:534:45: warning: comparison of integers of different signs: 'int' and 'unsigned int' [-Wsign-compare]
warning: libraw-ffi@0.1.0:   534 |                         if (j == 0 || j == head[1] || k < 1 || k >= w0+w1)
warning: libraw-ffi@0.1.0:       |                                                                ~ ^  ~~~~~
warning: libraw-ffi@0.1.0: vendor/LibRaw/LibRaw-0.22.2/src/decoders/load_mfbacks.cpp:541:10: warning: comparison of integers of different signs: 'int' and 'unsigned int' [-Wsign-compare]
warning: libraw-ffi@0.1.0:   541 |                         if (k < w0 + w1)
warning: libraw-ffi@0.1.0:       |                             ~ ^ ~~~~~~~
warning: libraw-ffi@0.1.0: 2 warnings generated.
warning: libraw-ffi@0.1.0: vendor/LibRaw/LibRaw-0.22.2/src/decoders/fp_dng.cpp:361:21: warning: comparison of integers of different signs: 'int' and 'size_type' (aka 'unsigned long') [-Wsign-compare]
warning: libraw-ffi@0.1.0:   361 |   for (int i = 1; i < tiles.tBytes.size(); i++)
warning: libraw-ffi@0.1.0:       |                   ~ ^ ~~~~~~~~~~~~~~~~~~~
warning: libraw-ffi@0.1.0: vendor/LibRaw/LibRaw-0.22.2/src/decoders/fp_dng.cpp:528:31: warning: comparison of integers of different signs: 'unsigned long long' and 'long long' [-Wsign-compare]
warning: libraw-ffi@0.1.0:   528 |   if (pixcnt * sizeof(ushort) > INT64(imgdata.rawparams.max_raw_memory_mb) * 1024LL * 1024LL)
warning: libraw-ffi@0.1.0:       |       ~~~~~~~~~~~~~~~~~~~~~~~ ^ ~~~~~~~~~~~~~~~~~~~~~~~~~~~~~~~~~~~~~~~~~~~~~~~~~~~~~~~~~~~~
warning: libraw-ffi@0.1.0: vendor/LibRaw/LibRaw-0.22.2/src/decoders/fp_dng.cpp:560:24: warning: comparison of integers of different signs: 'size_t' (aka 'unsigned long') and 'INT64' (aka 'long long') [-Wsign-compare]
warning: libraw-ffi@0.1.0:   560 |   for (size_t i = 0; i < pixcnt; ++i)
warning: libraw-ffi@0.1.0:       |                      ~ ^ ~~~~~~
warning: libraw-ffi@0.1.0: 3 warnings generated.
warning: libraw-ffi@0.1.0: vendor/LibRaw/LibRaw-0.22.2/src/decoders/decoders_dcraw.cpp:545:14: warning: variable 'jhigh' set but not used [-Wunused-but-set-variable]
warning: libraw-ffi@0.1.0:   545 |   int jwide, jhigh, jrow, jcol, val, jidx, i, j, row = 0, col = 0;
warning: libraw-ffi@0.1.0:       |              ^
warning: libraw-ffi@0.1.0: 1 warning generated.
warning: libraw-ffi@0.1.0: vendor/LibRaw/LibRaw-0.22.2/src/metadata/identify.cpp:280:73: warning: missing field 'offset' initializer [-Wmissing-field-initializers]
warning: libraw-ffi@0.1.0:   280 |           { 786432,   1024,  768, 0, 0,  0, 0,  0, 0x94, 0, 0, "AVT", "F-080C" },
warning: libraw-ffi@0.1.0:       |                                                                                ^
warning: libraw-ffi@0.1.0: vendor/LibRaw/LibRaw-0.22.2/src/metadata/identify.cpp:281:73: warning: missing field 'offset' initializer [-Wmissing-field-initializers]
warning: libraw-ffi@0.1.0:   281 |           { 1447680,  1392, 1040, 0, 0,  0, 0,  0, 0x94, 0, 0, "AVT", "F-145C" },
warning: libraw-ffi@0.1.0:       |                                                                                ^
warning: libraw-ffi@0.1.0: vendor/LibRaw/LibRaw-0.22.2/src/metadata/identify.cpp:282:73: warning: missing field 'offset' initializer [-Wmissing-field-initializers]
warning: libraw-ffi@0.1.0:   282 |           { 1920000,  1600, 1200, 0, 0,  0, 0,  0, 0x94, 0, 0, "AVT", "F-201C" },
warning: libraw-ffi@0.1.0:       |                                                                                ^
warning: libraw-ffi@0.1.0: vendor/LibRaw/LibRaw-0.22.2/src/metadata/identify.cpp:283:73: warning: missing field 'offset' initializer [-Wmissing-field-initializers]
warning: libraw-ffi@0.1.0:   283 |           { 5067304,  2588, 1958, 0, 0,  0, 0,  0, 0x94, 0, 0, "AVT", "F-510C" },
warning: libraw-ffi@0.1.0:       |                                                                                ^
warning: libraw-ffi@0.1.0: vendor/LibRaw/LibRaw-0.22.2/src/metadata/identify.cpp:285:73: warning: missing field 'offset' initializer [-Wmissing-field-initializers]
warning: libraw-ffi@0.1.0:   285 |           { 10134608, 2588, 1958, 0, 0,  0, 0,  9, 0x94, 0, 0, "AVT", "F-510C" },
warning: libraw-ffi@0.1.0:       |                                                                                ^
warning: libraw-ffi@0.1.0: vendor/LibRaw/LibRaw-0.22.2/src/metadata/identify.cpp:287:73: warning: missing field 'offset' initializer [-Wmissing-field-initializers]
warning: libraw-ffi@0.1.0:   287 |           { 16157136, 3272, 2469, 0, 0,  0, 0,  9, 0x94, 0, 0, "AVT", "F-810C" },
warning: libraw-ffi@0.1.0:       |                                                                                ^
warning: libraw-ffi@0.1.0: vendor/LibRaw/LibRaw-0.22.2/src/metadata/identify.cpp:288:80: warning: missing field 'offset' initializer [-Wmissing-field-initializers]
warning: libraw-ffi@0.1.0:   288 |           { 3995136,  1632, 1224, 0, 0,  0, 0,  8, 0x61, 0, 1, "AgfaPhoto", "DC-833m" },
warning: libraw-ffi@0.1.0:       |                                                                                       ^
warning: libraw-ffi@0.1.0: vendor/LibRaw/LibRaw-0.22.2/src/metadata/identify.cpp:289:80: warning: missing field 'offset' initializer [-Wmissing-field-initializers]
warning: libraw-ffi@0.1.0:   289 |           { 15980544, 3264, 2448, 0, 0,  0, 0,  8, 0x61, 0, 1, "AgfaPhoto", "DC-833m" },
warning: libraw-ffi@0.1.0:       |                                                                                       ^
warning: libraw-ffi@0.1.0: vendor/LibRaw/LibRaw-0.22.2/src/metadata/identify.cpp:290:76: warning: missing field 'offset' initializer [-Wmissing-field-initializers]
warning: libraw-ffi@0.1.0:   290 |           { 9631728,  2532, 1902, 0, 0,  0, 0, 96, 0x61, 0, 0, "Alcatel", "5035D" },
warning: libraw-ffi@0.1.0:       |                                                                                   ^
warning: libraw-ffi@0.1.0: vendor/LibRaw/LibRaw-0.22.2/src/metadata/identify.cpp:291:77: warning: missing field 'offset' initializer [-Wmissing-field-initializers]
warning: libraw-ffi@0.1.0:   291 |           { 31850496, 4608, 3456, 0, 0,  0, 0,  0, 0x94, 0, 0, "GITUP", "GIT2 4:3" },
warning: libraw-ffi@0.1.0:       |                                                                                    ^
warning: libraw-ffi@0.1.0: vendor/LibRaw/LibRaw-0.22.2/src/metadata/identify.cpp:292:78: warning: missing field 'offset' initializer [-Wmissing-field-initializers]
warning: libraw-ffi@0.1.0:   292 |           { 23887872, 4608, 2592, 0, 0,  0, 0,  0, 0x94, 0, 0, "GITUP", "GIT2 16:9" },
warning: libraw-ffi@0.1.0:       |                                                                                     ^
warning: libraw-ffi@0.1.0: vendor/LibRaw/LibRaw-0.22.2/src/metadata/identify.cpp:293:78: warning: missing field 'offset' initializer [-Wmissing-field-initializers]
warning: libraw-ffi@0.1.0:   293 |           { 32257024, 4624, 3488, 8, 2, 16, 2,  0, 0x94, 0, 0, "GITUP", "GIT2P 4:3" },
warning: libraw-ffi@0.1.0:       |                                                                                     ^
warning: libraw-ffi@0.1.0: vendor/LibRaw/LibRaw-0.22.2/src/metadata/identify.cpp:294:79: warning: missing field 'offset' initializer [-Wmissing-field-initializers]
warning: libraw-ffi@0.1.0:   294 |           { 24192768, 4624, 2616, 8, 2, 16, 2,  0, 0x94, 0, 0, "GITUP", "GIT2P 16:9" },
warning: libraw-ffi@0.1.0:       |                                                                                      ^
warning: libraw-ffi@0.1.0: vendor/LibRaw/LibRaw-0.22.2/src/metadata/identify.cpp:295:79: warning: missing field 'offset' initializer [-Wmissing-field-initializers]
warning: libraw-ffi@0.1.0:   295 |           { 18016000, 4000, 2252, 0, 0,  0, 0,  0, 0x94, 0, 0, "GITUP", "G3DUO 16:9" },
warning: libraw-ffi@0.1.0:       |                                                                                      ^
warning: libraw-ffi@0.1.0: vendor/LibRaw/LibRaw-0.22.2/src/metadata/identify.cpp:302:74: warning: missing field 'offset' initializer [-Wmissing-field-initializers]
warning: libraw-ffi@0.1.0:   302 |           {  1540857, 2688, 1520,   0, 0, 0, 0,  1, 0x61, 0, 0, "Samsung", "S3" },
warning: libraw-ffi@0.1.0:       |                                                                                 ^
warning: libraw-ffi@0.1.0: vendor/LibRaw/LibRaw-0.22.2/src/metadata/identify.cpp:303:78: warning: missing field 'offset' initializer [-Wmissing-field-initializers]
warning: libraw-ffi@0.1.0:   303 |           {  2658304, 1212, 1096,   0, 0, 0, 0,  1, 0x16, 0, 0, "LG", "G3FrontMipi" },
warning: libraw-ffi@0.1.0:       |                                                                                     ^
warning: libraw-ffi@0.1.0: vendor/LibRaw/LibRaw-0.22.2/src/metadata/identify.cpp:304:78: warning: missing field 'offset' initializer [-Wmissing-field-initializers]
warning: libraw-ffi@0.1.0:   304 |           {  2842624, 1296, 1096,   0, 0, 0, 0,  1, 0x16, 0, 0, "LG", "G3FrontQCOM" },
warning: libraw-ffi@0.1.0:       |                                                                                     ^
warning: libraw-ffi@0.1.0: vendor/LibRaw/LibRaw-0.22.2/src/metadata/identify.cpp:305:79: warning: missing field 'offset' initializer [-Wmissing-field-initializers]
warning: libraw-ffi@0.1.0:   305 |           {  2969600, 1976, 1200,   0, 0, 0, 0,  1, 0x16, 0, 0, "Xiaomi", "MI3wMipi" },
warning: libraw-ffi@0.1.0:       |                                                                                      ^
warning: libraw-ffi@0.1.0: vendor/LibRaw/LibRaw-0.22.2/src/metadata/identify.cpp:306:79: warning: missing field 'offset' initializer [-Wmissing-field-initializers]
warning: libraw-ffi@0.1.0:   306 |           {  3170304, 1976, 1200,   0, 0, 0, 0,  1, 0x16, 0, 0, "Xiaomi", "MI3wQCOM" },
warning: libraw-ffi@0.1.0:       |                                                                                      ^
warning: libraw-ffi@0.1.0: vendor/LibRaw/LibRaw-0.22.2/src/metadata/identify.cpp:307:82: warning: missing field 'offset' initializer [-Wmissing-field-initializers]
warning: libraw-ffi@0.1.0:   307 |           {  3763584, 1584, 1184,   0, 0, 0, 0, 96, 0x61, 0, 0, "I_Mobile", "I_StyleQ6" },
warning: libraw-ffi@0.1.0:       |                                                                                         ^
warning: libraw-ffi@0.1.0: vendor/LibRaw/LibRaw-0.22.2/src/metadata/identify.cpp:308:84: warning: missing field 'offset' initializer [-Wmissing-field-initializers]
warning: libraw-ffi@0.1.0:   308 |           {  5107712, 2688, 1520,   0, 0, 0, 0,  1, 0x61, 0, 0, "OmniVisi", "UltraPixel1" },
warning: libraw-ffi@0.1.0:       |                                                                                           ^
warning: libraw-ffi@0.1.0: vendor/LibRaw/LibRaw-0.22.2/src/metadata/identify.cpp:309:84: warning: missing field 'offset' initializer [-Wmissing-field-initializers]
warning: libraw-ffi@0.1.0:   309 |           {  5382640, 2688, 1520,   0, 0, 0, 0,  1, 0x61, 0, 0, "OmniVisi", "UltraPixel2" },
warning: libraw-ffi@0.1.0:       |                                                                                           ^
warning: libraw-ffi@0.1.0: vendor/LibRaw/LibRaw-0.22.2/src/metadata/identify.cpp:310:77: warning: missing field 'offset' initializer [-Wmissing-field-initializers]
warning: libraw-ffi@0.1.0:   310 |           {  5664912, 2688, 1520,   0, 0, 0, 0,  1, 0x61, 0, 0, "OmniVisi", "4688" },
warning: libraw-ffi@0.1.0:       |                                                                                    ^
warning: libraw-ffi@0.1.0: vendor/LibRaw/LibRaw-0.22.2/src/metadata/identify.cpp:311:77: warning: missing field 'offset' initializer [-Wmissing-field-initializers]
warning: libraw-ffi@0.1.0:   311 |           {  5664912, 2688, 1520,   0, 0, 0, 0,  1, 0x61, 0, 0, "OmniVisi", "4688" },
warning: libraw-ffi@0.1.0:       |                                                                                    ^
warning: libraw-ffi@0.1.0: vendor/LibRaw/LibRaw-0.22.2/src/metadata/identify.cpp:312:77: warning: missing field 'offset' initializer [-Wmissing-field-initializers]
warning: libraw-ffi@0.1.0:   312 |           {  5364240, 2688, 1520,   0, 0, 0, 0,  1, 0x61, 0, 0, "OmniVisi", "4688" },
warning: libraw-ffi@0.1.0:       |                                                                                    ^
warning: libraw-ffi@0.1.0: vendor/LibRaw/LibRaw-0.22.2/src/metadata/identify.cpp:313:79: warning: missing field 'offset' initializer [-Wmissing-field-initializers]
warning: libraw-ffi@0.1.0:   313 |           {  6299648, 2592, 1944,   0, 0, 0, 0,  1, 0x16, 0, 0, "OmniVisi", "OV5648" },
warning: libraw-ffi@0.1.0:       |                                                                                      ^
warning: libraw-ffi@0.1.0: vendor/LibRaw/LibRaw-0.22.2/src/metadata/identify.cpp:314:80: warning: missing field 'offset' initializer [-Wmissing-field-initializers]
warning: libraw-ffi@0.1.0:   314 |           {  6721536, 2592, 1944,   0, 0, 0, 0,  0, 0x16, 0, 0, "OmniVisi", "OV56482" },
warning: libraw-ffi@0.1.0:       |                                                                                       ^
warning: libraw-ffi@0.1.0: vendor/LibRaw/LibRaw-0.22.2/src/metadata/identify.cpp:315:73: warning: missing field 'offset' initializer [-Wmissing-field-initializers]
warning: libraw-ffi@0.1.0:   315 |           {  6746112, 2592, 1944,   0, 0, 0, 0,  0, 0x16, 0, 0, "HTC", "OneSV" },
warning: libraw-ffi@0.1.0:       |                                                                                ^
warning: libraw-ffi@0.1.0: vendor/LibRaw/LibRaw-0.22.2/src/metadata/identify.cpp:316:72: warning: missing field 'offset' initializer [-Wmissing-field-initializers]
warning: libraw-ffi@0.1.0:   316 |           {  9631728, 2532, 1902,   0, 0, 0, 0, 96, 0x61, 0, 0, "Sony", "5mp" },
warning: libraw-ffi@0.1.0:       |                                                                               ^
warning: libraw-ffi@0.1.0: vendor/LibRaw/LibRaw-0.22.2/src/metadata/identify.cpp:317:78: warning: missing field 'offset' initializer [-Wmissing-field-initializers]
warning: libraw-ffi@0.1.0:   317 |           {  9830400, 2560, 1920,   0, 0, 0, 0, 96, 0x61, 0, 0, "NGM", "ForwardArt" },
warning: libraw-ffi@0.1.0:       |                                                                                     ^
warning: libraw-ffi@0.1.0: vendor/LibRaw/LibRaw-0.22.2/src/metadata/identify.cpp:318:84: warning: missing field 'offset' initializer [-Wmissing-field-initializers]
warning: libraw-ffi@0.1.0:   318 |           { 10186752, 3264, 2448,   0, 0, 0, 0,  1, 0x94, 0, 0, "Sony", "IMX219-mipi 8mp" },
warning: libraw-ffi@0.1.0:       |                                                                                           ^
warning: libraw-ffi@0.1.0: vendor/LibRaw/LibRaw-0.22.2/src/metadata/identify.cpp:319:72: warning: missing field 'offset' initializer [-Wmissing-field-initializers]
warning: libraw-ffi@0.1.0:   319 |           { 10223360, 2608, 1944,   0, 0, 0, 0, 96, 0x16, 0, 0, "Sony", "IMX" },
warning: libraw-ffi@0.1.0:       |                                                                               ^
warning: libraw-ffi@0.1.0: vendor/LibRaw/LibRaw-0.22.2/src/metadata/identify.cpp:320:82: warning: missing field 'offset' initializer [-Wmissing-field-initializers]
warning: libraw-ffi@0.1.0:   320 |           { 10782464, 3282, 2448,   0, 0, 0, 0,  0, 0x16, 0, 0, "HTC", "MyTouch4GSlide" },
warning: libraw-ffi@0.1.0:       |                                                                                         ^
warning: libraw-ffi@0.1.0: vendor/LibRaw/LibRaw-0.22.2/src/metadata/identify.cpp:321:72: warning: missing field 'offset' initializer [-Wmissing-field-initializers]
warning: libraw-ffi@0.1.0:   321 |           { 10788864, 3282, 2448,   0, 0, 0, 0,  0, 0x16, 0, 0, "Xperia", "L" },
warning: libraw-ffi@0.1.0:       |                                                                               ^
warning: libraw-ffi@0.1.0: vendor/LibRaw/LibRaw-0.22.2/src/metadata/identify.cpp:322:80: warning: missing field 'offset' initializer [-Wmissing-field-initializers]
warning: libraw-ffi@0.1.0:   322 |           { 15967488, 3264, 2446,   0, 0, 0, 0, 96, 0x16, 0, 0, "OmniVison", "OV8850" },
warning: libraw-ffi@0.1.0:       |                                                                                       ^
warning: libraw-ffi@0.1.0: vendor/LibRaw/LibRaw-0.22.2/src/metadata/identify.cpp:323:74: warning: missing field 'offset' initializer [-Wmissing-field-initializers]
warning: libraw-ffi@0.1.0:   323 |           { 16224256, 4208, 3082,   0, 0, 0, 0,  1, 0x16, 0, 0, "LG", "G3MipiL" },
warning: libraw-ffi@0.1.0:       |                                                                                 ^
warning: libraw-ffi@0.1.0: vendor/LibRaw/LibRaw-0.22.2/src/metadata/identify.cpp:324:76: warning: missing field 'offset' initializer [-Wmissing-field-initializers]
warning: libraw-ffi@0.1.0:   324 |           { 16424960, 4208, 3120,   0, 0, 0, 0,  1, 0x16, 0, 0, "IMX135", "MipiL" },
warning: libraw-ffi@0.1.0:       |                                                                                   ^
warning: libraw-ffi@0.1.0: vendor/LibRaw/LibRaw-0.22.2/src/metadata/identify.cpp:325:74: warning: missing field 'offset' initializer [-Wmissing-field-initializers]
warning: libraw-ffi@0.1.0:   325 |           { 17326080, 4164, 3120,   0, 0, 0, 0,  1, 0x16, 0, 0, "LG", "G3LQCom" },
warning: libraw-ffi@0.1.0:       |                                                                                 ^
warning: libraw-ffi@0.1.0: vendor/LibRaw/LibRaw-0.22.2/src/metadata/identify.cpp:326:80: warning: missing field 'offset' initializer [-Wmissing-field-initializers]
warning: libraw-ffi@0.1.0:   326 |           { 17522688, 4212, 3120,   0, 0, 0, 0,  0, 0x16, 0, 0, "Sony", "IMX135-QCOM" },
warning: libraw-ffi@0.1.0:       |                                                                                       ^
warning: libraw-ffi@0.1.0: vendor/LibRaw/LibRaw-0.22.2/src/metadata/identify.cpp:327:76: warning: missing field 'offset' initializer [-Wmissing-field-initializers]
warning: libraw-ffi@0.1.0:   327 |           { 19906560, 4608, 3456,   0, 0, 0, 0,  1, 0x16, 0, 0, "Gione", "E7mipi" },
warning: libraw-ffi@0.1.0:       |                                                                                   ^
warning: libraw-ffi@0.1.0: vendor/LibRaw/LibRaw-0.22.2/src/metadata/identify.cpp:328:69: warning: missing field 'offset' initializer [-Wmissing-field-initializers]
warning: libraw-ffi@0.1.0:   328 |           { 19976192, 5312, 2988,   0, 0, 0, 0,  1, 0x16, 0, 0, "LG", "G4" },
warning: libraw-ffi@0.1.0:       |                                                                            ^
warning: libraw-ffi@0.1.0: vendor/LibRaw/LibRaw-0.22.2/src/metadata/identify.cpp:329:84: warning: missing field 'offset' initializer [-Wmissing-field-initializers]
warning: libraw-ffi@0.1.0:   329 |           { 20389888, 4632, 3480,   0, 0, 0, 0,  1, 0x16, 0, 0, "Xiaomi", "RedmiNote3Pro" },
warning: libraw-ffi@0.1.0:       |                                                                                           ^
warning: libraw-ffi@0.1.0: vendor/LibRaw/LibRaw-0.22.2/src/metadata/identify.cpp:330:85: warning: missing field 'offset' initializer [-Wmissing-field-initializers]
warning: libraw-ffi@0.1.0:   330 |           { 20500480, 4656, 3496,   0, 0, 0, 0,  1, 0x94, 0, 0, "Sony", "IMX298-mipi 16mp" },
warning: libraw-ffi@0.1.0:       |                                                                                            ^
warning: libraw-ffi@0.1.0: vendor/LibRaw/LibRaw-0.22.2/src/metadata/identify.cpp:331:76: warning: missing field 'offset' initializer [-Wmissing-field-initializers]
warning: libraw-ffi@0.1.0:   331 |           { 21233664, 4608, 3456,   0, 0, 0, 0,  1, 0x16, 0, 0, "Gione", "E7qcom" },
warning: libraw-ffi@0.1.0:       |                                                                                   ^
warning: libraw-ffi@0.1.0: vendor/LibRaw/LibRaw-0.22.2/src/metadata/identify.cpp:332:72: warning: missing field 'offset' initializer [-Wmissing-field-initializers]
warning: libraw-ffi@0.1.0:   332 |           { 26023936, 4192, 3104,   0, 0, 0, 0, 96, 0x94, 0, 0, "THL", "5000" },
warning: libraw-ffi@0.1.0:       |                                                                               ^
warning: libraw-ffi@0.1.0: vendor/LibRaw/LibRaw-0.22.2/src/metadata/identify.cpp:333:75: warning: missing field 'offset' initializer [-Wmissing-field-initializers]
warning: libraw-ffi@0.1.0:   333 |           { 26257920, 4208, 3120,   0, 0, 0, 0, 96, 0x94, 0, 0, "Sony", "IMX214" },
warning: libraw-ffi@0.1.0:       |                                                                                  ^
warning: libraw-ffi@0.1.0: vendor/LibRaw/LibRaw-0.22.2/src/metadata/identify.cpp:334:72: warning: missing field 'offset' initializer [-Wmissing-field-initializers]
warning: libraw-ffi@0.1.0:   334 |           { 26357760, 4224, 3120,   0, 0, 0, 0, 96, 0x61, 0, 0, "OV", "13860" },
warning: libraw-ffi@0.1.0:       |                                                                               ^
warning: libraw-ffi@0.1.0: vendor/LibRaw/LibRaw-0.22.2/src/metadata/identify.cpp:335:73: warning: missing field 'offset' initializer [-Wmissing-field-initializers]
warning: libraw-ffi@0.1.0:   335 |           { 41312256, 5248, 3936,   0, 0, 0, 0, 96, 0x61, 0, 0, "Meizu", "MX4" },
warning: libraw-ffi@0.1.0:       |                                                                                ^
warning: libraw-ffi@0.1.0: vendor/LibRaw/LibRaw-0.22.2/src/metadata/identify.cpp:336:75: warning: missing field 'offset' initializer [-Wmissing-field-initializers]
warning: libraw-ffi@0.1.0:   336 |           { 42923008, 5344, 4016,   0, 0, 0, 0, 96, 0x61, 0, 0, "Sony", "IMX230" },
warning: libraw-ffi@0.1.0:       |                                                                                  ^
warning: libraw-ffi@0.1.0: vendor/LibRaw/LibRaw-0.22.2/src/metadata/identify.cpp:340:87: warning: missing field 'offset' initializer [-Wmissing-field-initializers]
warning: libraw-ffi@0.1.0:   340 |           {  6553440, 2664, 1968,   4,  4, 44,  4, 40, 0x94, 0, 2, "Canon", "PowerShot A460" }, // chdk hack
warning: libraw-ffi@0.1.0:       |                                                                                              ^
warning: libraw-ffi@0.1.0: vendor/LibRaw/LibRaw-0.22.2/src/metadata/identify.cpp:341:87: warning: missing field 'offset' initializer [-Wmissing-field-initializers]
warning: libraw-ffi@0.1.0:   341 |           {  9243240, 3152, 2346,  12,  7, 44, 13, 40, 0x49, 0, 2, "Canon", "PowerShot A470" }, // chdk hack
warning: libraw-ffi@0.1.0:       |                                                                                              ^
warning: libraw-ffi@0.1.0: vendor/LibRaw/LibRaw-0.22.2/src/metadata/identify.cpp:342:87: warning: missing field 'offset' initializer [-Wmissing-field-initializers]
warning: libraw-ffi@0.1.0:   342 |           {  6653280, 2672, 1992,  10,  6, 42,  2, 40, 0x94, 0, 2, "Canon", "PowerShot A530" }, // chdk hack
warning: libraw-ffi@0.1.0:       |                                                                                              ^
warning: libraw-ffi@0.1.0: vendor/LibRaw/LibRaw-0.22.2/src/metadata/identify.cpp:343:87: warning: missing field 'offset' initializer [-Wmissing-field-initializers]
warning: libraw-ffi@0.1.0:   343 |           {  6573120, 2672, 1968,  12,  8, 44,  0, 40, 0x94, 0, 2, "Canon", "PowerShot A610" }, // chdk hack
warning: libraw-ffi@0.1.0:       |                                                                                              ^
warning: libraw-ffi@0.1.0: vendor/LibRaw/LibRaw-0.22.2/src/metadata/identify.cpp:344:87: warning: missing field 'offset' initializer [-Wmissing-field-initializers]
warning: libraw-ffi@0.1.0:   344 |           {  9219600, 3152, 2340,  36, 12,  4,  0, 40, 0x94, 0, 2, "Canon", "PowerShot A620" }, // chdk hack
warning: libraw-ffi@0.1.0:       |                                                                                              ^
warning: libraw-ffi@0.1.0: vendor/LibRaw/LibRaw-0.22.2/src/metadata/identify.cpp:345:87: warning: missing field 'offset' initializer [-Wmissing-field-initializers]
warning: libraw-ffi@0.1.0:   345 |           { 10383120, 3344, 2484,  12,  6, 44,  6, 40, 0x94, 0, 2, "Canon", "PowerShot A630" }, // chdk hack
warning: libraw-ffi@0.1.0:       |                                                                                              ^
warning: libraw-ffi@0.1.0: vendor/LibRaw/LibRaw-0.22.2/src/metadata/identify.cpp:346:87: warning: missing field 'offset' initializer [-Wmissing-field-initializers]
warning: libraw-ffi@0.1.0:   346 |           { 12945240, 3736, 2772,  12,  6, 52,  6, 40, 0x94, 0, 2, "Canon", "PowerShot A640" }, // chdk hack
warning: libraw-ffi@0.1.0:       |                                                                                              ^
warning: libraw-ffi@0.1.0: vendor/LibRaw/LibRaw-0.22.2/src/metadata/identify.cpp:347:90: warning: missing field 'offset' initializer [-Wmissing-field-initializers]
warning: libraw-ffi@0.1.0:   347 |           { 15636240, 4104, 3048,  48, 12, 24, 12, 40, 0x94, 0, 2, "Canon", "PowerShot A650 IS" }, // chdk hack
warning: libraw-ffi@0.1.0:       |                                                                                                 ^
warning: libraw-ffi@0.1.0: vendor/LibRaw/LibRaw-0.22.2/src/metadata/identify.cpp:348:90: warning: missing field 'offset' initializer [-Wmissing-field-initializers]
warning: libraw-ffi@0.1.0:   348 |           { 10341600, 3336, 2480,   6,  5, 32,  3, 40, 0x94, 0, 2, "Canon", "PowerShot A720 IS" }, // chdk hack
warning: libraw-ffi@0.1.0:       |                                                                                                 ^
warning: libraw-ffi@0.1.0: vendor/LibRaw/LibRaw-0.22.2/src/metadata/identify.cpp:349:91: warning: missing field 'offset' initializer [-Wmissing-field-initializers]
warning: libraw-ffi@0.1.0:   349 |           { 24724224, 4704, 3504,   8, 16, 56,  8, 40, 0x49, 0, 2, "Canon", "PowerShot A3300 IS" }, // chdk hack
warning: libraw-ffi@0.1.0:       |                                                                                                  ^
warning: libraw-ffi@0.1.0: vendor/LibRaw/LibRaw-0.22.2/src/metadata/identify.cpp:350:86: warning: missing field 'offset' initializer [-Wmissing-field-initializers]
warning: libraw-ffi@0.1.0:   350 |           { 18763488, 4104, 3048,  10, 22, 82, 22,  8, 0x49, 0, 0, "Canon", "PowerShot D10" }, // ? chdk hack ?
warning: libraw-ffi@0.1.0:       |                                                                                             ^
warning: libraw-ffi@0.1.0: vendor/LibRaw/LibRaw-0.22.2/src/metadata/identify.cpp:351:88: warning: missing field 'offset' initializer [-Wmissing-field-initializers]
warning: libraw-ffi@0.1.0:   351 |           { 19493760, 4160, 3124, 104, 12,  8, 66, 40, 0x49, 0, 2,  "Canon", "PowerShot S100" }, // chdk hack CRW
warning: libraw-ffi@0.1.0:       |                                                                                               ^
warning: libraw-ffi@0.1.0: vendor/LibRaw/LibRaw-0.22.2/src/metadata/identify.cpp:352:88: warning: missing field 'offset' initializer [-Wmissing-field-initializers]
warning: libraw-ffi@0.1.0:   352 |           {  7710960, 2888, 2136,  44,  8,  4,  0, 40, 0x94, 0, 2, "Canon", "PowerShot S3 IS" }, // chdk hack
warning: libraw-ffi@0.1.0:       |                                                                                               ^
warning: libraw-ffi@0.1.0: vendor/LibRaw/LibRaw-0.22.2/src/metadata/identify.cpp:353:88: warning: missing field 'offset' initializer [-Wmissing-field-initializers]
warning: libraw-ffi@0.1.0:   353 |           {  5298000, 2400, 1766,  12, 12, 44,  2, 40, 0x94, 0, 2, "Canon", "PowerShot SD300" }, // chdk hack
warning: libraw-ffi@0.1.0:       |                                                                                               ^
warning: libraw-ffi@0.1.0: vendor/LibRaw/LibRaw-0.22.2/src/metadata/identify.cpp:354:90: warning: missing field 'offset' initializer [-Wmissing-field-initializers]
warning: libraw-ffi@0.1.0:   354 |           { 18653760, 4080, 3048,  24, 12, 24, 12, 40, 0x94, 0, 2, "Canon", "PowerShot SX20 IS" }, // chdk hack
warning: libraw-ffi@0.1.0:       |                                                                                                 ^
warning: libraw-ffi@0.1.0: vendor/LibRaw/LibRaw-0.22.2/src/metadata/identify.cpp:355:90: warning: missing field 'offset' initializer [-Wmissing-field-initializers]
warning: libraw-ffi@0.1.0:   355 |           { 21936096, 4464, 3276,  25, 10, 73, 12, 40, 0x16, 0, 2, "Canon", "PowerShot SX30 IS" }, // chdk hack
warning: libraw-ffi@0.1.0:       |                                                                                                 ^
warning: libraw-ffi@0.1.0: vendor/LibRaw/LibRaw-0.22.2/src/metadata/identify.cpp:356:90: warning: missing field 'offset' initializer [-Wmissing-field-initializers]
warning: libraw-ffi@0.1.0:   356 |           { 19167840, 4176, 3060,  96, 16,  8,  0, 40, 0x94, 0, 2, "Canon", "PowerShot SX40 HS" }, // chdk hack CR2
warning: libraw-ffi@0.1.0:       |                                                                                                 ^
warning: libraw-ffi@0.1.0: vendor/LibRaw/LibRaw-0.22.2/src/metadata/identify.cpp:357:91: warning: missing field 'offset' initializer [-Wmissing-field-initializers]
warning: libraw-ffi@0.1.0:   357 |           { 15467760, 3720, 2772,   6, 12, 30,  0, 40, 0x94, 0, 2, "Canon", "PowerShot SX110 IS" }, // chdk hack
warning: libraw-ffi@0.1.0:       |                                                                                                  ^
warning: libraw-ffi@0.1.0: vendor/LibRaw/LibRaw-0.22.2/src/metadata/identify.cpp:358:91: warning: missing field 'offset' initializer [-Wmissing-field-initializers]
warning: libraw-ffi@0.1.0:   358 |           { 15534576, 3728, 2778,  12,  9, 44,  9, 40, 0x94, 0, 2, "Canon", "PowerShot SX120 IS" }, // chdk hack
warning: libraw-ffi@0.1.0:       |                                                                                                  ^
warning: libraw-ffi@0.1.0: vendor/LibRaw/LibRaw-0.22.2/src/metadata/identify.cpp:359:91: warning: missing field 'offset' initializer [-Wmissing-field-initializers]
warning: libraw-ffi@0.1.0:   359 |           { 19131120, 4168, 3060,  92, 16,  4,  1, 40, 0x94, 0, 2, "Canon", "PowerShot SX220 HS" }, // chdk hack
warning: libraw-ffi@0.1.0:       |                                                                                                  ^
warning: libraw-ffi@0.1.0: vendor/LibRaw/LibRaw-0.22.2/src/metadata/identify.cpp:360:91: warning: missing field 'offset' initializer [-Wmissing-field-initializers]
warning: libraw-ffi@0.1.0:   360 |           { 31663200, 5344, 3950,  96, 18,  0,  0, 40, 0x94, 0, 2, "Canon", "PowerShot SX710 HS" }, // chdk hack
warning: libraw-ffi@0.1.0:       |                                                                                                  ^
warning: libraw-ffi@0.1.0: vendor/LibRaw/LibRaw-0.22.2/src/metadata/identify.cpp:361:81: warning: missing field 'offset' initializer [-Wmissing-field-initializers]
warning: libraw-ffi@0.1.0:   361 |           { 30858240, 5248, 3920,   8, 16, 56, 16, 40, 0x94, 0, 2, "Canon", "IXUS 160" }, // chdk hack
warning: libraw-ffi@0.1.0:       |                                                                                        ^
warning: libraw-ffi@0.1.0: vendor/LibRaw/LibRaw-0.22.2/src/metadata/identify.cpp:362:82: warning: missing field 'offset' initializer [-Wmissing-field-initializers]
warning: libraw-ffi@0.1.0:   362 |           {  1976352, 1632, 1211,   0,  2,  0,  1,  0, 0x94, 0, 1, "Casio", "QV-2000UX" },
warning: libraw-ffi@0.1.0:       |                                                                                         ^
warning: libraw-ffi@0.1.0: vendor/LibRaw/LibRaw-0.22.2/src/metadata/identify.cpp:363:82: warning: missing field 'offset' initializer [-Wmissing-field-initializers]
warning: libraw-ffi@0.1.0:   363 |           {  3217760, 2080, 1547,   0,  0, 10,  1,  0, 0x94, 0, 1, "Casio", "QV-3*00EX" },
warning: libraw-ffi@0.1.0:       |                                                                                         ^
warning: libraw-ffi@0.1.0: vendor/LibRaw/LibRaw-0.22.2/src/metadata/identify.cpp:364:80: warning: missing field 'offset' initializer [-Wmissing-field-initializers]
warning: libraw-ffi@0.1.0:   364 |           {  6218368, 2585, 1924,   0,  0,  9,  0,  0, 0x94, 0, 1, "Casio", "QV-5700" },
warning: libraw-ffi@0.1.0:       |                                                                                       ^
warning: libraw-ffi@0.1.0: vendor/LibRaw/LibRaw-0.22.2/src/metadata/identify.cpp:365:79: warning: missing field 'offset' initializer [-Wmissing-field-initializers]
warning: libraw-ffi@0.1.0:   365 |           {  7816704, 2867, 2181,   0,  0, 34, 36,  0, 0x16, 0, 1, "Casio", "EX-Z60" },
warning: libraw-ffi@0.1.0:       |                                                                                      ^
warning: libraw-ffi@0.1.0: vendor/LibRaw/LibRaw-0.22.2/src/metadata/identify.cpp:366:80: warning: missing field 'offset' initializer [-Wmissing-field-initializers]
warning: libraw-ffi@0.1.0:   366 |           {  2937856, 1621, 1208,   0,  0,  1,  0,  0, 0x94, 7, 13, "Casio", "EX-S20" },
warning: libraw-ffi@0.1.0:       |                                                                                       ^
warning: libraw-ffi@0.1.0: vendor/LibRaw/LibRaw-0.22.2/src/metadata/identify.cpp:367:80: warning: missing field 'offset' initializer [-Wmissing-field-initializers]
warning: libraw-ffi@0.1.0:   367 |           {  4948608, 2090, 1578,   0,  0, 32, 34,  0, 0x94, 7, 1, "Casio", "EX-S100" },
warning: libraw-ffi@0.1.0:       |                                                                                       ^
warning: libraw-ffi@0.1.0: vendor/LibRaw/LibRaw-0.22.2/src/metadata/identify.cpp:368:79: warning: missing field 'offset' initializer [-Wmissing-field-initializers]
warning: libraw-ffi@0.1.0:   368 |           {  6054400, 2346, 1720,   2,  0, 32,  0,  0, 0x94, 7, 1, "Casio", "QV-R41" },
warning: libraw-ffi@0.1.0:       |                                                                                      ^
warning: libraw-ffi@0.1.0: vendor/LibRaw/LibRaw-0.22.2/src/metadata/identify.cpp:369:80: warning: missing field 'offset' initializer [-Wmissing-field-initializers]
warning: libraw-ffi@0.1.0:   369 |           {  7426656, 2568, 1928,   0,  0,  0,  0,  0, 0x94, 0, 1, "Casio", "EX-P505" },
warning: libraw-ffi@0.1.0:       |                                                                                       ^
warning: libraw-ffi@0.1.0: vendor/LibRaw/LibRaw-0.22.2/src/metadata/identify.cpp:370:79: warning: missing field 'offset' initializer [-Wmissing-field-initializers]
warning: libraw-ffi@0.1.0:   370 |           {  7530816, 2602, 1929,   0,  0, 22,  0,  0, 0x94, 7, 1, "Casio", "QV-R51" },
warning: libraw-ffi@0.1.0:       |                                                                                      ^
warning: libraw-ffi@0.1.0: vendor/LibRaw/LibRaw-0.22.2/src/metadata/identify.cpp:371:79: warning: missing field 'offset' initializer [-Wmissing-field-initializers]
warning: libraw-ffi@0.1.0:   371 |           {  7542528, 2602, 1932,   0,  0, 32,  0,  0, 0x94, 7, 1, "Casio", "EX-Z50" },
warning: libraw-ffi@0.1.0:       |                                                                                      ^
warning: libraw-ffi@0.1.0: vendor/LibRaw/LibRaw-0.22.2/src/metadata/identify.cpp:372:80: warning: missing field 'offset' initializer [-Wmissing-field-initializers]
warning: libraw-ffi@0.1.0:   372 |           {  7562048, 2602, 1937,   0,  0, 25,  0,  0, 0x16, 7, 1, "Casio", "EX-Z500" },
warning: libraw-ffi@0.1.0:       |                                                                                       ^
warning: libraw-ffi@0.1.0: vendor/LibRaw/LibRaw-0.22.2/src/metadata/identify.cpp:373:79: warning: missing field 'offset' initializer [-Wmissing-field-initializers]
warning: libraw-ffi@0.1.0:   373 |           {  7753344, 2602, 1986,   0,  0, 32, 26,  0, 0x94, 7, 1, "Casio", "EX-Z55" },
warning: libraw-ffi@0.1.0:       |                                                                                      ^
warning: libraw-ffi@0.1.0: vendor/LibRaw/LibRaw-0.22.2/src/metadata/identify.cpp:374:80: warning: missing field 'offset' initializer [-Wmissing-field-initializers]
warning: libraw-ffi@0.1.0:   374 |           {  9313536, 2858, 2172,   0,  0, 14, 30,  0, 0x94, 7, 1, "Casio", "EX-P600" },
warning: libraw-ffi@0.1.0:       |                                                                                       ^
warning: libraw-ffi@0.1.0: vendor/LibRaw/LibRaw-0.22.2/src/metadata/identify.cpp:375:80: warning: missing field 'offset' initializer [-Wmissing-field-initializers]
warning: libraw-ffi@0.1.0:   375 |           { 10834368, 3114, 2319,   0,  0, 27,  0,  0, 0x94, 0, 1, "Casio", "EX-Z750" },
warning: libraw-ffi@0.1.0:       |                                                                                       ^
warning: libraw-ffi@0.1.0: vendor/LibRaw/LibRaw-0.22.2/src/metadata/identify.cpp:376:79: warning: missing field 'offset' initializer [-Wmissing-field-initializers]
warning: libraw-ffi@0.1.0:   376 |           { 10843712, 3114, 2321,   0,  0, 25,  0,  0, 0x94, 0, 1, "Casio", "EX-Z75" },
warning: libraw-ffi@0.1.0:       |                                                                                      ^
warning: libraw-ffi@0.1.0: vendor/LibRaw/LibRaw-0.22.2/src/metadata/identify.cpp:377:80: warning: missing field 'offset' initializer [-Wmissing-field-initializers]
warning: libraw-ffi@0.1.0:   377 |           { 10979200, 3114, 2350,   0,  0, 32, 32,  0, 0x94, 7, 1, "Casio", "EX-P700" },
warning: libraw-ffi@0.1.0:       |                                                                                       ^
warning: libraw-ffi@0.1.0: vendor/LibRaw/LibRaw-0.22.2/src/metadata/identify.cpp:378:80: warning: missing field 'offset' initializer [-Wmissing-field-initializers]
warning: libraw-ffi@0.1.0:   378 |           { 12310144, 3285, 2498,   0,  0,  6, 30,  0, 0x94, 0, 1, "Casio", "EX-Z850" },
warning: libraw-ffi@0.1.0:       |                                                                                       ^
warning: libraw-ffi@0.1.0: vendor/LibRaw/LibRaw-0.22.2/src/metadata/identify.cpp:379:78: warning: missing field 'offset' initializer [-Wmissing-field-initializers]
warning: libraw-ffi@0.1.0:   379 |           { 12489984, 3328, 2502,   0,  0, 47, 35,  0, 0x94, 0, 1, "Casio", "EX-Z8" },
warning: libraw-ffi@0.1.0:       |                                                                                     ^
warning: libraw-ffi@0.1.0: vendor/LibRaw/LibRaw-0.22.2/src/metadata/identify.cpp:380:81: warning: missing field 'offset' initializer [-Wmissing-field-initializers]
warning: libraw-ffi@0.1.0:   380 |           { 15499264, 3754, 2752,   0,  0, 82,  0,  0, 0x94, 0, 1, "Casio", "EX-Z1050" },
warning: libraw-ffi@0.1.0:       |                                                                                        ^
warning: libraw-ffi@0.1.0: vendor/LibRaw/LibRaw-0.22.2/src/metadata/identify.cpp:381:81: warning: missing field 'offset' initializer [-Wmissing-field-initializers]
warning: libraw-ffi@0.1.0:   381 |           { 18702336, 4096, 3044,   0,  0, 24,  0, 80, 0x94, 7, 1, "Casio", "EX-ZR100" },
warning: libraw-ffi@0.1.0:       |                                                                                        ^
warning: libraw-ffi@0.1.0: vendor/LibRaw/LibRaw-0.22.2/src/metadata/identify.cpp:382:80: warning: missing field 'offset' initializer [-Wmissing-field-initializers]
warning: libraw-ffi@0.1.0:   382 |           {  7684000, 2260, 1700,   0,  0,  0,  0, 13, 0x94, 0, 1, "Casio", "QV-4000" },
warning: libraw-ffi@0.1.0:       |                                                                                       ^
warning: libraw-ffi@0.1.0: vendor/LibRaw/LibRaw-0.22.2/src/metadata/identify.cpp:383:86: warning: missing field 'offset' initializer [-Wmissing-field-initializers]
warning: libraw-ffi@0.1.0:   383 |           {   787456, 1024,  769,   0,  1,  0,  0,  0, 0x49, 0, 0, "Creative", "PC-CAM 600" },
warning: libraw-ffi@0.1.0:       |                                                                                             ^
warning: libraw-ffi@0.1.0: vendor/LibRaw/LibRaw-0.22.2/src/metadata/identify.cpp:384:67: warning: missing field 't_model' initializer [-Wmissing-field-initializers]
warning: libraw-ffi@0.1.0:   384 |           { 28829184, 4384, 3288,   0,  0,  0,  0, 36, 0x61, 0, 0, "DJI" },
warning: libraw-ffi@0.1.0:       |                                                                          ^
warning: libraw-ffi@0.1.0: vendor/LibRaw/LibRaw-0.22.2/src/metadata/identify.cpp:385:70: warning: missing field 't_model' initializer [-Wmissing-field-initializers]
warning: libraw-ffi@0.1.0:   385 |           { 15151104, 4608, 3288,   0,  0,  0,  0,  0, 0x94, 0, 0, "Matrix" },
warning: libraw-ffi@0.1.0:       |                                                                             ^
warning: libraw-ffi@0.1.0: vendor/LibRaw/LibRaw-0.22.2/src/metadata/identify.cpp:386:79: warning: missing field 'offset' initializer [-Wmissing-field-initializers]
warning: libraw-ffi@0.1.0:   386 |           {  3840000, 1600, 1200,   0,  0,  0,  0, 65, 0x49, 0, 0, "Foculus", "531C" },
warning: libraw-ffi@0.1.0:       |                                                                                      ^
warning: libraw-ffi@0.1.0: vendor/LibRaw/LibRaw-0.22.2/src/metadata/identify.cpp:387:71: warning: missing field 't_model' initializer [-Wmissing-field-initializers]
warning: libraw-ffi@0.1.0:   387 |           {   307200,  640,  480,   0,  0,  0,  0,  0, 0x94, 0, 0, "Generic" },
warning: libraw-ffi@0.1.0:       |                                                                              ^
warning: libraw-ffi@0.1.0: vendor/LibRaw/LibRaw-0.22.2/src/metadata/identify.cpp:388:77: warning: missing field 'offset' initializer [-Wmissing-field-initializers]
warning: libraw-ffi@0.1.0:   388 |           {    62464,  256,  244,   1,  1,  6,  1,  0, 0x8d, 0, 0, "Kodak", "DC20" },
warning: libraw-ffi@0.1.0:       |                                                                                    ^
warning: libraw-ffi@0.1.0: vendor/LibRaw/LibRaw-0.22.2/src/metadata/identify.cpp:389:77: warning: missing field 'offset' initializer [-Wmissing-field-initializers]
warning: libraw-ffi@0.1.0:   389 |           {   124928,  512,  244,   1,  1, 10,  1,  0, 0x8d, 0, 0, "Kodak", "DC20" },
warning: libraw-ffi@0.1.0:       |                                                                                    ^
warning: libraw-ffi@0.1.0: vendor/LibRaw/LibRaw-0.22.2/src/metadata/identify.cpp:390:79: warning: missing field 'offset' initializer [-Wmissing-field-initializers]
warning: libraw-ffi@0.1.0:   390 |           {  1652736, 1536, 1076,   0, 52,  0,  0,  0, 0x61, 0, 0, "Kodak", "DCS200" },
warning: libraw-ffi@0.1.0:       |                                                                                      ^
warning: libraw-ffi@0.1.0: vendor/LibRaw/LibRaw-0.22.2/src/metadata/identify.cpp:391:77: warning: missing field 'offset' initializer [-Wmissing-field-initializers]
warning: libraw-ffi@0.1.0:   391 |           {  4159302, 2338, 1779,   1, 33,  1,  2,  0, 0x94, 0, 0, "Kodak", "C330" },
warning: libraw-ffi@0.1.0:       |                                                                                    ^
warning: libraw-ffi@0.1.0: vendor/LibRaw/LibRaw-0.22.2/src/metadata/identify.cpp:393:77: warning: missing field 'offset' initializer [-Wmissing-field-initializers]
warning: libraw-ffi@0.1.0:   393 |           {  2247168, 1232,  912,   0,  0, 16,  0,  0, 0x00, 0, 0, "Kodak", "C330" },
warning: libraw-ffi@0.1.0:       |                                                                                    ^
warning: libraw-ffi@0.1.0: vendor/LibRaw/LibRaw-0.22.2/src/metadata/identify.cpp:394:77: warning: missing field 'offset' initializer [-Wmissing-field-initializers]
warning: libraw-ffi@0.1.0:   394 |           {  3370752, 1232,  912,   0,  0, 16,  0,  0, 0x00, 0, 0, "Kodak", "C330" },
warning: libraw-ffi@0.1.0:       |                                                                                    ^
warning: libraw-ffi@0.1.0: vendor/LibRaw/LibRaw-0.22.2/src/metadata/identify.cpp:395:77: warning: missing field 'offset' initializer [-Wmissing-field-initializers]
warning: libraw-ffi@0.1.0:   395 |           {  6163328, 2864, 2152,   0,  0,  0,  0,  0, 0x94, 0, 0, "Kodak", "C603" },
warning: libraw-ffi@0.1.0:       |                                                                                    ^
warning: libraw-ffi@0.1.0: vendor/LibRaw/LibRaw-0.22.2/src/metadata/identify.cpp:397:77: warning: missing field 'offset' initializer [-Wmissing-field-initializers]
warning: libraw-ffi@0.1.0:   397 |           {   460800,  640,  480,   0,  0,  0,  0,  0, 0x00, 0, 0, "Kodak", "C603" },
warning: libraw-ffi@0.1.0:       |                                                                                    ^
warning: libraw-ffi@0.1.0: vendor/LibRaw/LibRaw-0.22.2/src/metadata/identify.cpp:398:77: warning: missing field 'offset' initializer [-Wmissing-field-initializers]
warning: libraw-ffi@0.1.0:   398 |           {  9116448, 2848, 2134,   0,  0,  0,  0,  0, 0x00, 0, 0, "Kodak", "C603" },
warning: libraw-ffi@0.1.0:       |                                                                                    ^
warning: libraw-ffi@0.1.0: vendor/LibRaw/LibRaw-0.22.2/src/metadata/identify.cpp:399:77: warning: missing field 'offset' initializer [-Wmissing-field-initializers]
warning: libraw-ffi@0.1.0:   399 |           { 12241200, 4040, 3030,   2,  0,  0, 13,  0, 0x49, 0, 0, "Kodak", "12MP" },
warning: libraw-ffi@0.1.0:       |                                                                                    ^
warning: libraw-ffi@0.1.0: vendor/LibRaw/LibRaw-0.22.2/src/metadata/identify.cpp:401:77: warning: missing field 'offset' initializer [-Wmissing-field-initializers]
warning: libraw-ffi@0.1.0:   401 |           { 18000000, 4000, 3000,   0,  0,  0,  0,  0, 0x00, 0, 0, "Kodak", "12MP" },
warning: libraw-ffi@0.1.0:       |                                                                                    ^
warning: libraw-ffi@0.1.0: vendor/LibRaw/LibRaw-0.22.2/src/metadata/identify.cpp:402:81: warning: missing field 'offset' initializer [-Wmissing-field-initializers]
warning: libraw-ffi@0.1.0:   402 |           {   614400,  640,  480,   0,  3,  0,  0, 64, 0x94, 0, 0, "Kodak", "KAI-0340" },
warning: libraw-ffi@0.1.0:       |                                                                                        ^
warning: libraw-ffi@0.1.0: vendor/LibRaw/LibRaw-0.22.2/src/metadata/identify.cpp:403:78: warning: missing field 'offset' initializer [-Wmissing-field-initializers]
warning: libraw-ffi@0.1.0:   403 |           { 15360000, 3200, 2400,   0,  0,  0,  0, 96, 0x16, 0, 0, "Lenovo", "A820" },
warning: libraw-ffi@0.1.0:       |                                                                                     ^
warning: libraw-ffi@0.1.0: vendor/LibRaw/LibRaw-0.22.2/src/metadata/identify.cpp:406:77: warning: missing field 'offset' initializer [-Wmissing-field-initializers]
warning: libraw-ffi@0.1.0:   406 |           {  1581060, 1305,  969,   0,  0, 18,  6,  6, 0x1e, 4, 1, "Nikon", "E900" }, // "diag raw" hack
warning: libraw-ffi@0.1.0:       |                                                                                    ^
warning: libraw-ffi@0.1.0: vendor/LibRaw/LibRaw-0.22.2/src/metadata/identify.cpp:407:77: warning: missing field 'offset' initializer [-Wmissing-field-initializers]
warning: libraw-ffi@0.1.0:   407 |           {  2465792, 1638, 1204,   0,  0, 22,  1,  6, 0x4b, 5, 1, "Nikon", "E950" }, // "diag raw" hack; possibly also Nikon E700, E800, E775;
warning: libraw-ffi@0.1.0:       |                                                                                    ^
warning: libraw-ffi@0.1.0: vendor/LibRaw/LibRaw-0.22.2/src/metadata/identify.cpp:409:78: warning: missing field 'offset' initializer [-Wmissing-field-initializers]
warning: libraw-ffi@0.1.0:   409 |           {  2940928, 1616, 1213,   0,  0,  0,  7, 30, 0x94, 0, 1, "Nikon", "E2100" }, // "diag raw" hack; also Nikon E2500
warning: libraw-ffi@0.1.0:       |                                                                                     ^
warning: libraw-ffi@0.1.0: vendor/LibRaw/LibRaw-0.22.2/src/metadata/identify.cpp:410:77: warning: missing field 'offset' initializer [-Wmissing-field-initializers]
warning: libraw-ffi@0.1.0:   410 |           {  4771840, 2064, 1541,   0,  0,  0,  1,  6, 0xe1, 0, 1, "Nikon", "E990" }, // "diag raw" hack; possibly also Nikon E880, E885, E995;
warning: libraw-ffi@0.1.0:       |                                                                                    ^
warning: libraw-ffi@0.1.0: vendor/LibRaw/LibRaw-0.22.2/src/metadata/identify.cpp:412:78: warning: missing field 'offset' initializer [-Wmissing-field-initializers]
warning: libraw-ffi@0.1.0:   412 |           {  4775936, 2064, 1542,   0,  0,  0,  0, 30, 0x94, 0, 1, "Nikon", "E3700" }, // "diag raw" hack; Nikon E3100, E3200, E3500;
warning: libraw-ffi@0.1.0:       |                                                                                     ^
warning: libraw-ffi@0.1.0: vendor/LibRaw/LibRaw-0.22.2/src/metadata/identify.cpp:414:78: warning: missing field 'offset' initializer [-Wmissing-field-initializers]
warning: libraw-ffi@0.1.0:   414 |           {  5865472, 2288, 1709,   0,  0,  0,  1,  6, 0xb4, 0, 1, "Nikon", "E4500" }, // "diag raw" hack; possibly also Olympus C-4040Z
warning: libraw-ffi@0.1.0:       |                                                                                     ^
warning: libraw-ffi@0.1.0: vendor/LibRaw/LibRaw-0.22.2/src/metadata/identify.cpp:415:78: warning: missing field 'offset' initializer [-Wmissing-field-initializers]
warning: libraw-ffi@0.1.0:   415 |           {  5869568, 2288, 1710,   0,  0,  0,  0,  6, 0x16, 0, 1, "Nikon", "E4300" }, // "diag raw" hack; also Minolta "DiMAGE Z2"
warning: libraw-ffi@0.1.0:       |                                                                                     ^
warning: libraw-ffi@0.1.0: vendor/LibRaw/LibRaw-0.22.2/src/metadata/identify.cpp:416:78: warning: missing field 'offset' initializer [-Wmissing-field-initializers]
warning: libraw-ffi@0.1.0:   416 |           {  7438336, 2576, 1925,   0,  0,  0,  1,  6, 0xb4, 0, 1, "Nikon", "E5000" }, // also Nikon E5700
warning: libraw-ffi@0.1.0:       |                                                                                     ^
warning: libraw-ffi@0.1.0: vendor/LibRaw/LibRaw-0.22.2/src/metadata/identify.cpp:417:83: warning: missing field 'offset' initializer [-Wmissing-field-initializers]
warning: libraw-ffi@0.1.0:   417 |           {  8998912, 2832, 2118,   0,  0,  0,  0, 30, 0x94, 7, 1, "Nikon", "COOLPIX S6" }, // "diag raw" hack
warning: libraw-ffi@0.1.0:       |                                                                                          ^
warning: libraw-ffi@0.1.0: vendor/LibRaw/LibRaw-0.22.2/src/metadata/identify.cpp:418:82: warning: missing field 'offset' initializer [-Wmissing-field-initializers]
warning: libraw-ffi@0.1.0:   418 |           {  5939200, 2304, 1718,   0,  0,  0,  0, 30, 0x16, 0, 0, "Olympus", "C-770UZ" }, // possibly also Olympus C-4100Z, C-765UZ
warning: libraw-ffi@0.1.0:       |                                                                                         ^
warning: libraw-ffi@0.1.0: vendor/LibRaw/LibRaw-0.22.2/src/metadata/identify.cpp:419:87: warning: missing field 'offset' initializer [-Wmissing-field-initializers]
warning: libraw-ffi@0.1.0:   419 |           {  3178560, 2064, 1540,   0,  0,  0,  0,  0, 0x94, 0, 1, "Pentax", "Optio S V1.01" },
warning: libraw-ffi@0.1.0:       |                                                                                              ^
warning: libraw-ffi@0.1.0: vendor/LibRaw/LibRaw-0.22.2/src/metadata/identify.cpp:420:81: warning: missing field 'offset' initializer [-Wmissing-field-initializers]
warning: libraw-ffi@0.1.0:   420 |           {  4841984, 2090, 1544,   0,  0, 22,  0,  0, 0x94, 7, 1, "Pentax", "Optio S" },
warning: libraw-ffi@0.1.0:       |                                                                                        ^
warning: libraw-ffi@0.1.0: vendor/LibRaw/LibRaw-0.22.2/src/metadata/identify.cpp:421:82: warning: missing field 'offset' initializer [-Wmissing-field-initializers]
warning: libraw-ffi@0.1.0:   421 |           {  6114240, 2346, 1737,   0,  0, 22,  0,  0, 0x94, 7, 1, "Pentax", "Optio S4" },
warning: libraw-ffi@0.1.0:       |                                                                                         ^
warning: libraw-ffi@0.1.0: vendor/LibRaw/LibRaw-0.22.2/src/metadata/identify.cpp:422:84: warning: missing field 'offset' initializer [-Wmissing-field-initializers]
warning: libraw-ffi@0.1.0:   422 |           { 10702848, 3072, 2322,   0,  0,  0, 21, 30, 0x94, 0, 1, "Pentax", "Optio 750Z" },
warning: libraw-ffi@0.1.0:       |                                                                                           ^
warning: libraw-ffi@0.1.0: vendor/LibRaw/LibRaw-0.22.2/src/metadata/identify.cpp:423:81: warning: missing field 'offset' initializer [-Wmissing-field-initializers]
warning: libraw-ffi@0.1.0:   423 |           {  4147200, 1920, 1080,   0,  0,  0,  0,  0, 0x49, 0, 0, "Photron", "BC2-HD" },
warning: libraw-ffi@0.1.0:       |                                                                                        ^
warning: libraw-ffi@0.1.0: vendor/LibRaw/LibRaw-0.22.2/src/metadata/identify.cpp:425:80: warning: missing field 'offset' initializer [-Wmissing-field-initializers]
warning: libraw-ffi@0.1.0:   425 |           { 13248000, 2208, 3000,   0,  0,  0,  0, 13, 0x61, 0, 0, "Pixelink", "A782" },
warning: libraw-ffi@0.1.0:       |                                                                                       ^
warning: libraw-ffi@0.1.0: vendor/LibRaw/LibRaw-0.22.2/src/metadata/identify.cpp:426:83: warning: missing field 'offset' initializer [-Wmissing-field-initializers]
warning: libraw-ffi@0.1.0:   426 |           {  6291456, 2048, 1536,   0,  0,  0,  0, 96, 0x61, 0, 0, "RoverShot", "3320AF" },
warning: libraw-ffi@0.1.0:       |                                                                                          ^
warning: libraw-ffi@0.1.0: vendor/LibRaw/LibRaw-0.22.2/src/metadata/identify.cpp:427:86: warning: missing field 'offset' initializer [-Wmissing-field-initializers]
warning: libraw-ffi@0.1.0:   427 |           {   311696,  644,  484,   0,  0,  0,  0,  0, 0x16, 0, 8, "ST Micro", "STV680 VGA" },
warning: libraw-ffi@0.1.0:       |                                                                                             ^
warning: libraw-ffi@0.1.0: vendor/LibRaw/LibRaw-0.22.2/src/metadata/identify.cpp:428:78: warning: missing field 'offset' initializer [-Wmissing-field-initializers]
warning: libraw-ffi@0.1.0:   428 |           { 16098048, 3288, 2448,   0,  0, 24,  0,  9, 0x94, 0, 1, "Samsung", "S85" }, // hack
warning: libraw-ffi@0.1.0:       |                                                                                     ^
warning: libraw-ffi@0.1.0: vendor/LibRaw/LibRaw-0.22.2/src/metadata/identify.cpp:429:78: warning: missing field 'offset' initializer [-Wmissing-field-initializers]
warning: libraw-ffi@0.1.0:   429 |           { 16215552, 3312, 2448,   0,  0, 48,  0,  9, 0x94, 0, 1, "Samsung", "S85" }, // hack
warning: libraw-ffi@0.1.0:       |                                                                                     ^
warning: libraw-ffi@0.1.0: vendor/LibRaw/LibRaw-0.22.2/src/metadata/identify.cpp:430:80: warning: missing field 'offset' initializer [-Wmissing-field-initializers]
warning: libraw-ffi@0.1.0:   430 |           { 20487168, 3648, 2808,   0,  0,  0,  0, 13, 0x94, 5, 1, "Samsung", "WB550" },
warning: libraw-ffi@0.1.0:       |                                                                                       ^
warning: libraw-ffi@0.1.0: vendor/LibRaw/LibRaw-0.22.2/src/metadata/identify.cpp:431:80: warning: missing field 'offset' initializer [-Wmissing-field-initializers]
warning: libraw-ffi@0.1.0:   431 |           { 24000000, 4000, 3000,   0,  0,  0,  0, 13, 0x94, 5, 1, "Samsung", "WB550" },
warning: libraw-ffi@0.1.0:       |                                                                                       ^
warning: libraw-ffi@0.1.0: vendor/LibRaw/LibRaw-0.22.2/src/metadata/identify.cpp:435:83: warning: missing field 'offset' initializer [-Wmissing-field-initializers]
warning: libraw-ffi@0.1.0:   435 |           {  1409024, 1376, 1024,   0,  0,  1,  0,  0, 0x49, 0, 0, "Sony", "XCD-SX910CR" },
warning: libraw-ffi@0.1.0:       |                                                                                          ^
warning: libraw-ffi@0.1.0: vendor/LibRaw/LibRaw-0.22.2/src/metadata/identify.cpp:436:83: warning: missing field 'offset' initializer [-Wmissing-field-initializers]
warning: libraw-ffi@0.1.0:   436 |           {  2818048, 1376, 1024,   0,  0,  1,  0, 97, 0x49, 0, 0, "Sony", "XCD-SX910CR" },
warning: libraw-ffi@0.1.0:       |                                                                                          ^
warning: libraw-ffi@0.1.0: vendor/LibRaw/LibRaw-0.22.2/src/metadata/identify.cpp:1124:5: warning: 'sprintf' is deprecated: This function is provided for compatibility reasons only.  Due to security concerns inherent in the design of sprintf(3), it is highly recommended that you use snprintf(3) instead. [-Wdeprecated-declarations]
warning: libraw-ffi@0.1.0:  1124 |     sprintf(model, "%dx%d", width, height);
warning: libraw-ffi@0.1.0:       |     ^
warning: libraw-ffi@0.1.0: /Library/Developer/CommandLineTools/SDKs/MacOSX.sdk/usr/include/_stdio.h:278:1: note: 'sprintf' has been explicitly marked deprecated here
warning: libraw-ffi@0.1.0:   278 | __deprecated_msg("This function is provided for compatibility reasons only.  Due to security concerns inherent in the design of sprintf(3), it is highly recommended that you use snprintf(3) instead.")
warning: libraw-ffi@0.1.0:       | ^
warning: libraw-ffi@0.1.0: /Library/Developer/CommandLineTools/SDKs/MacOSX.sdk/usr/include/sys/cdefs.h:227:48: note: expanded from macro '__deprecated_msg'
warning: libraw-ffi@0.1.0:   227 |         #define __deprecated_msg(_msg) __attribute__((__deprecated__(_msg)))
warning: libraw-ffi@0.1.0:       |                                                       ^
warning: libraw-ffi@0.1.0: vendor/LibRaw/LibRaw-0.22.2/src/metadata/identify.cpp:2292:5: warning: comparison of integers of different signs: 'int' and 'unsigned int' [-Wsign-compare]
warning: libraw-ffi@0.1.0:  2292 |                                 FORC(MIN(cblack[4] * cblack[5], LIBRAW_CBLACK_SIZE - 6)) cblack[c] *= 4;
warning: libraw-ffi@0.1.0:       |                                 ^~~~~~~~~~~~~~~~~~~~~~~~~~~~~~~~~~~~~~~~~~~~~~~~~~~~~~~~
warning: libraw-ffi@0.1.0: vendor/LibRaw/LibRaw-0.22.2/internal/defines.h:94:33: note: expanded from macro 'FORC'
warning: libraw-ffi@0.1.0:    94 | #define FORC(cnt) for (c = 0; c < cnt; c++)
warning: libraw-ffi@0.1.0:       |                               ~ ^ ~~~
warning: libraw-ffi@0.1.0: 136 warnings generated.
warning: libraw-ffi@0.1.0: vendor/LibRaw/LibRaw-0.22.2/src/metadata/sony.cpp:785:5: warning: 'sprintf' is deprecated: This function is provided for compatibility reasons only.  Due to security concerns inherent in the design of sprintf(3), it is highly recommended that you use snprintf(3) instead. [-Wdeprecated-declarations]
warning: libraw-ffi@0.1.0:   785 |     sprintf(imgdata.shootinginfo.InternalBodySerial, "%06llx",
warning: libraw-ffi@0.1.0:       |     ^
warning: libraw-ffi@0.1.0: /Library/Developer/CommandLineTools/SDKs/MacOSX.sdk/usr/include/_stdio.h:278:1: note: 'sprintf' has been explicitly marked deprecated here
warning: libraw-ffi@0.1.0:   278 | __deprecated_msg("This function is provided for compatibility reasons only.  Due to security concerns inherent in the design of sprintf(3), it is highly recommended that you use snprintf(3) instead.")
warning: libraw-ffi@0.1.0:       | ^
warning: libraw-ffi@0.1.0: /Library/Developer/CommandLineTools/SDKs/MacOSX.sdk/usr/include/sys/cdefs.h:227:48: note: expanded from macro '__deprecated_msg'
warning: libraw-ffi@0.1.0:   227 |         #define __deprecated_msg(_msg) __attribute__((__deprecated__(_msg)))
warning: libraw-ffi@0.1.0:       |                                                       ^
warning: libraw-ffi@0.1.0: vendor/LibRaw/LibRaw-0.22.2/src/metadata/sony.cpp:797:5: warning: 'sprintf' is deprecated: This function is provided for compatibility reasons only.  Due to security concerns inherent in the design of sprintf(3), it is highly recommended that you use snprintf(3) instead. [-Wdeprecated-declarations]
warning: libraw-ffi@0.1.0:   797 |     sprintf(imgdata.shootinginfo.InternalBodySerial, "%06llx",
warning: libraw-ffi@0.1.0:       |     ^
warning: libraw-ffi@0.1.0: /Library/Developer/CommandLineTools/SDKs/MacOSX.sdk/usr/include/_stdio.h:278:1: note: 'sprintf' has been explicitly marked deprecated here
warning: libraw-ffi@0.1.0:   278 | __deprecated_msg("This function is provided for compatibility reasons only.  Due to security concerns inherent in the design of sprintf(3), it is highly recommended that you use snprintf(3) instead.")
warning: libraw-ffi@0.1.0:       | ^
warning: libraw-ffi@0.1.0: /Library/Developer/CommandLineTools/SDKs/MacOSX.sdk/usr/include/sys/cdefs.h:227:48: note: expanded from macro '__deprecated_msg'
warning: libraw-ffi@0.1.0:   227 |         #define __deprecated_msg(_msg) __attribute__((__deprecated__(_msg)))
warning: libraw-ffi@0.1.0:       |                                                       ^
warning: libraw-ffi@0.1.0: vendor/LibRaw/LibRaw-0.22.2/src/metadata/sony.cpp:810:7: warning: 'sprintf' is deprecated: This function is provided for compatibility reasons only.  Due to security concerns inherent in the design of sprintf(3), it is highly recommended that you use snprintf(3) instead. [-Wdeprecated-declarations]
warning: libraw-ffi@0.1.0:   810 |       sprintf(imgdata.shootinginfo.InternalBodySerial, "%04x",
warning: libraw-ffi@0.1.0:       |       ^
warning: libraw-ffi@0.1.0: /Library/Developer/CommandLineTools/SDKs/MacOSX.sdk/usr/include/_stdio.h:278:1: note: 'sprintf' has been explicitly marked deprecated here
warning: libraw-ffi@0.1.0:   278 | __deprecated_msg("This function is provided for compatibility reasons only.  Due to security concerns inherent in the design of sprintf(3), it is highly recommended that you use snprintf(3) instead.")
warning: libraw-ffi@0.1.0:       | ^
warning: libraw-ffi@0.1.0: /Library/Developer/CommandLineTools/SDKs/MacOSX.sdk/usr/include/sys/cdefs.h:227:48: note: expanded from macro '__deprecated_msg'
warning: libraw-ffi@0.1.0:   227 |         #define __deprecated_msg(_msg) __attribute__((__deprecated__(_msg)))
warning: libraw-ffi@0.1.0:       |                                                       ^
warning: libraw-ffi@0.1.0: vendor/LibRaw/LibRaw-0.22.2/src/metadata/sony.cpp:820:7: warning: 'sprintf' is deprecated: This function is provided for compatibility reasons only.  Due to security concerns inherent in the design of sprintf(3), it is highly recommended that you use snprintf(3) instead. [-Wdeprecated-declarations]
warning: libraw-ffi@0.1.0:   820 |       sprintf(imgdata.shootinginfo.InternalBodySerial, "%05llx",
warning: libraw-ffi@0.1.0:       |       ^
warning: libraw-ffi@0.1.0: /Library/Developer/CommandLineTools/SDKs/MacOSX.sdk/usr/include/_stdio.h:278:1: note: 'sprintf' has been explicitly marked deprecated here
warning: libraw-ffi@0.1.0:   278 | __deprecated_msg("This function is provided for compatibility reasons only.  Due to security concerns inherent in the design of sprintf(3), it is highly recommended that you use snprintf(3) instead.")
warning: libraw-ffi@0.1.0:       | ^
warning: libraw-ffi@0.1.0: /Library/Developer/CommandLineTools/SDKs/MacOSX.sdk/usr/include/sys/cdefs.h:227:48: note: expanded from macro '__deprecated_msg'
warning: libraw-ffi@0.1.0:   227 |         #define __deprecated_msg(_msg) __attribute__((__deprecated__(_msg)))
warning: libraw-ffi@0.1.0:       |                                                       ^
warning: libraw-ffi@0.1.0: vendor/LibRaw/LibRaw-0.22.2/src/metadata/sony.cpp:2339:20: warning: comparison of integers of different signs: 'int' and 'unsigned int' [-Wsign-compare]
warning: libraw-ffi@0.1.0:  2339 |           if (ioffset + 3 >= len)
warning: libraw-ffi@0.1.0:       |               ~~~~~~~~~~~ ^  ~~~
warning: libraw-ffi@0.1.0: 5 warnings generated.
warning: libraw-ffi@0.1.0: vendor/LibRaw/LibRaw-0.22.2/src/metadata/ciff.cpp:264:9: warning: 'sprintf' is deprecated: This function is provided for compatibility reasons only.  Due to security concerns inherent in the design of sprintf(3), it is highly recommended that you use snprintf(3) instead. [-Wdeprecated-declarations]
warning: libraw-ffi@0.1.0:   264 |         sprintf(imgdata.shootinginfo.BodySerial, "%d", len);
warning: libraw-ffi@0.1.0:       |         ^
warning: libraw-ffi@0.1.0: /Library/Developer/CommandLineTools/SDKs/MacOSX.sdk/usr/include/_stdio.h:278:1: note: 'sprintf' has been explicitly marked deprecated here
warning: libraw-ffi@0.1.0:   278 | __deprecated_msg("This function is provided for compatibility reasons only.  Due to security concerns inherent in the design of sprintf(3), it is highly recommended that you use snprintf(3) instead.")
warning: libraw-ffi@0.1.0:       | ^
warning: libraw-ffi@0.1.0: /Library/Developer/CommandLineTools/SDKs/MacOSX.sdk/usr/include/sys/cdefs.h:227:48: note: expanded from macro '__deprecated_msg'
warning: libraw-ffi@0.1.0:   227 |         #define __deprecated_msg(_msg) __attribute__((__deprecated__(_msg)))
warning: libraw-ffi@0.1.0:       |                                                       ^
warning: libraw-ffi@0.1.0: vendor/LibRaw/LibRaw-0.22.2/src/metadata/ciff.cpp:266:9: warning: 'sprintf' is deprecated: This function is provided for compatibility reasons only.  Due to security concerns inherent in the design of sprintf(3), it is highly recommended that you use snprintf(3) instead. [-Wdeprecated-declarations]
warning: libraw-ffi@0.1.0:   266 |         sprintf(imgdata.shootinginfo.BodySerial, "%0x-%05d", len >> 16,
warning: libraw-ffi@0.1.0:       |         ^
warning: libraw-ffi@0.1.0: /Library/Developer/CommandLineTools/SDKs/MacOSX.sdk/usr/include/_stdio.h:278:1: note: 'sprintf' has been explicitly marked deprecated here
warning: libraw-ffi@0.1.0:   278 | __deprecated_msg("This function is provided for compatibility reasons only.  Due to security concerns inherent in the design of sprintf(3), it is highly recommended that you use snprintf(3) instead.")
warning: libraw-ffi@0.1.0:       | ^
warning: libraw-ffi@0.1.0: /Library/Developer/CommandLineTools/SDKs/MacOSX.sdk/usr/include/sys/cdefs.h:227:48: note: expanded from macro '__deprecated_msg'
warning: libraw-ffi@0.1.0:   227 |         #define __deprecated_msg(_msg) __attribute__((__deprecated__(_msg)))
warning: libraw-ffi@0.1.0:       |                                                       ^
warning: libraw-ffi@0.1.0: 2 warnings generated.
warning: libraw-ffi@0.1.0: vendor/LibRaw/LibRaw-0.22.2/src/metadata/nikon.cpp:525:11: warning: 'sprintf' is deprecated: This function is provided for compatibility reasons only.  Due to security concerns inherent in the design of sprintf(3), it is highly recommended that you use snprintf(3) instead. [-Wdeprecated-declarations]
warning: libraw-ffi@0.1.0:   525 |           sprintf(imgdata.shootinginfo.BodySerial, "%d", serial);
warning: libraw-ffi@0.1.0:       |           ^
warning: libraw-ffi@0.1.0: /Library/Developer/CommandLineTools/SDKs/MacOSX.sdk/usr/include/_stdio.h:278:1: note: 'sprintf' has been explicitly marked deprecated here
warning: libraw-ffi@0.1.0:   278 | __deprecated_msg("This function is provided for compatibility reasons only.  Due to security concerns inherent in the design of sprintf(3), it is highly recommended that you use snprintf(3) instead.")
warning: libraw-ffi@0.1.0:       | ^
warning: libraw-ffi@0.1.0: /Library/Developer/CommandLineTools/SDKs/MacOSX.sdk/usr/include/sys/cdefs.h:227:48: note: expanded from macro '__deprecated_msg'
warning: libraw-ffi@0.1.0:   227 |         #define __deprecated_msg(_msg) __attribute__((__deprecated__(_msg)))
warning: libraw-ffi@0.1.0:       |                                                       ^
warning: libraw-ffi@0.1.0: 1 warning generated.
warning: libraw-ffi@0.1.0: vendor/LibRaw/LibRaw-0.22.2/src/metadata/pentax.cpp:493:5: warning: 'sprintf' is deprecated: This function is provided for compatibility reasons only.  Due to security concerns inherent in the design of sprintf(3), it is highly recommended that you use snprintf(3) instead. [-Wdeprecated-declarations]
warning: libraw-ffi@0.1.0:   493 |     sprintf(imgdata.shootinginfo.InternalBodySerial, "%d", get4());
warning: libraw-ffi@0.1.0:       |     ^
warning: libraw-ffi@0.1.0: /Library/Developer/CommandLineTools/SDKs/MacOSX.sdk/usr/include/_stdio.h:278:1: note: 'sprintf' has been explicitly marked deprecated here
warning: libraw-ffi@0.1.0:   278 | __deprecated_msg("This function is provided for compatibility reasons only.  Due to security concerns inherent in the design of sprintf(3), it is highly recommended that you use snprintf(3) instead.")
warning: libraw-ffi@0.1.0:       | ^
warning: libraw-ffi@0.1.0: /Library/Developer/CommandLineTools/SDKs/MacOSX.sdk/usr/include/sys/cdefs.h:227:48: note: expanded from macro '__deprecated_msg'
warning: libraw-ffi@0.1.0:   227 |         #define __deprecated_msg(_msg) __attribute__((__deprecated__(_msg)))
warning: libraw-ffi@0.1.0:       |                                                       ^
warning: libraw-ffi@0.1.0: vendor/LibRaw/LibRaw-0.22.2/src/metadata/pentax.cpp:553:9: warning: 'sprintf' is deprecated: This function is provided for compatibility reasons only.  Due to security concerns inherent in the design of sprintf(3), it is highly recommended that you use snprintf(3) instead. [-Wdeprecated-declarations]
warning: libraw-ffi@0.1.0:   553 |         sprintf(imgdata.shootinginfo.BodySerial, "%8s", buffer + 8);
warning: libraw-ffi@0.1.0:       |         ^
warning: libraw-ffi@0.1.0: /Library/Developer/CommandLineTools/SDKs/MacOSX.sdk/usr/include/_stdio.h:278:1: note: 'sprintf' has been explicitly marked deprecated here
warning: libraw-ffi@0.1.0:   278 | __deprecated_msg("This function is provided for compatibility reasons only.  Due to security concerns inherent in the design of sprintf(3), it is highly recommended that you use snprintf(3) instead.")
warning: libraw-ffi@0.1.0:       | ^
warning: libraw-ffi@0.1.0: /Library/Developer/CommandLineTools/SDKs/MacOSX.sdk/usr/include/sys/cdefs.h:227:48: note: expanded from macro '__deprecated_msg'
warning: libraw-ffi@0.1.0:   227 |         #define __deprecated_msg(_msg) __attribute__((__deprecated__(_msg)))
warning: libraw-ffi@0.1.0:       |                                                       ^
warning: libraw-ffi@0.1.0: vendor/LibRaw/LibRaw-0.22.2/src/metadata/pentax.cpp:556:7: warning: 'sprintf' is deprecated: This function is provided for compatibility reasons only.  Due to security concerns inherent in the design of sprintf(3), it is highly recommended that you use snprintf(3) instead. [-Wdeprecated-declarations]
warning: libraw-ffi@0.1.0:   556 |       sprintf(imgdata.shootinginfo.InternalBodySerial, "%8s", buffer);
warning: libraw-ffi@0.1.0:       |       ^
warning: libraw-ffi@0.1.0: /Library/Developer/CommandLineTools/SDKs/MacOSX.sdk/usr/include/_stdio.h:278:1: note: 'sprintf' has been explicitly marked deprecated here
warning: libraw-ffi@0.1.0:   278 | __deprecated_msg("This function is provided for compatibility reasons only.  Due to security concerns inherent in the design of sprintf(3), it is highly recommended that you use snprintf(3) instead.")
warning: libraw-ffi@0.1.0:       | ^
warning: libraw-ffi@0.1.0: /Library/Developer/CommandLineTools/SDKs/MacOSX.sdk/usr/include/sys/cdefs.h:227:48: note: expanded from macro '__deprecated_msg'
warning: libraw-ffi@0.1.0:   227 |         #define __deprecated_msg(_msg) __attribute__((__deprecated__(_msg)))
warning: libraw-ffi@0.1.0:       |                                                       ^
warning: libraw-ffi@0.1.0: vendor/LibRaw/LibRaw-0.22.2/src/metadata/pentax.cpp:560:7: warning: 'sprintf' is deprecated: This function is provided for compatibility reasons only.  Due to security concerns inherent in the design of sprintf(3), it is highly recommended that you use snprintf(3) instead. [-Wdeprecated-declarations]
warning: libraw-ffi@0.1.0:   560 |       sprintf(imgdata.shootinginfo.BodySerial, "%02x%02x%02x%02x", buffer[4],
warning: libraw-ffi@0.1.0:       |       ^
warning: libraw-ffi@0.1.0: /Library/Developer/CommandLineTools/SDKs/MacOSX.sdk/usr/include/_stdio.h:278:1: note: 'sprintf' has been explicitly marked deprecated here
warning: libraw-ffi@0.1.0:   278 | __deprecated_msg("This function is provided for compatibility reasons only.  Due to security concerns inherent in the design of sprintf(3), it is highly recommended that you use snprintf(3) instead.")
warning: libraw-ffi@0.1.0:       | ^
warning: libraw-ffi@0.1.0: /Library/Developer/CommandLineTools/SDKs/MacOSX.sdk/usr/include/sys/cdefs.h:227:48: note: expanded from macro '__deprecated_msg'
warning: libraw-ffi@0.1.0:   227 |         #define __deprecated_msg(_msg) __attribute__((__deprecated__(_msg)))
warning: libraw-ffi@0.1.0:       |                                                       ^
warning: libraw-ffi@0.1.0: vendor/LibRaw/LibRaw-0.22.2/src/metadata/pentax.cpp:562:7: warning: 'sprintf' is deprecated: This function is provided for compatibility reasons only.  Due to security concerns inherent in the design of sprintf(3), it is highly recommended that you use snprintf(3) instead. [-Wdeprecated-declarations]
warning: libraw-ffi@0.1.0:   562 |       sprintf(imgdata.shootinginfo.InternalBodySerial, "%02x%02x%02x%02x",
warning: libraw-ffi@0.1.0:       |       ^
warning: libraw-ffi@0.1.0: /Library/Developer/CommandLineTools/SDKs/MacOSX.sdk/usr/include/_stdio.h:278:1: note: 'sprintf' has been explicitly marked deprecated here
warning: libraw-ffi@0.1.0:   278 | __deprecated_msg("This function is provided for compatibility reasons only.  Due to security concerns inherent in the design of sprintf(3), it is highly recommended that you use snprintf(3) instead.")
warning: libraw-ffi@0.1.0:       | ^
warning: libraw-ffi@0.1.0: /Library/Developer/CommandLineTools/SDKs/MacOSX.sdk/usr/include/sys/cdefs.h:227:48: note: expanded from macro '__deprecated_msg'
warning: libraw-ffi@0.1.0:   227 |         #define __deprecated_msg(_msg) __attribute__((__deprecated__(_msg)))
warning: libraw-ffi@0.1.0:       |                                                       ^
warning: libraw-ffi@0.1.0: 5 warnings generated.
warning: libraw-ffi@0.1.0: vendor/LibRaw/LibRaw-0.22.2/src/metadata/normalize_model.cpp:552:130: warning: suspicious concatenation of string literals in an array initialization; did you mean to separate the elements with a comma? [-Wstring-concatenation]
warning: libraw-ffi@0.1.0:   552 |     "@DC-ZS200", "DC-ZS220", "DC-TZ200", "DC-TZ202", "DC-TZ220", "DC-TZ200D", "DC-TZ202D", "DC-TZ220D", "DC-ZS200D", "DC-ZS220D" "DC-TX2", "C-Lux", "CAM-DC25",
warning: libraw-ffi@0.1.0:       |                                                                                                                                  ^
warning: libraw-ffi@0.1.0:       |                                                                                                                                 ,
warning: libraw-ffi@0.1.0: vendor/LibRaw/LibRaw-0.22.2/src/metadata/normalize_model.cpp:552:118: note: place parentheses around the string literal to silence warning
warning: libraw-ffi@0.1.0:   552 |     "@DC-ZS200", "DC-ZS220", "DC-TZ200", "DC-TZ202", "DC-TZ220", "DC-TZ200D", "DC-TZ202D", "DC-TZ220D", "DC-ZS200D", "DC-ZS220D" "DC-TX2", "C-Lux", "CAM-DC25",
warning: libraw-ffi@0.1.0:       |                                                                                                                      ^
warning: libraw-ffi@0.1.0: 1 warning generated.
warning: libraw-ffi@0.1.0: vendor/LibRaw/LibRaw-0.22.2/src/metadata/canon.cpp:864:5: warning: 'sprintf' is deprecated: This function is provided for compatibility reasons only.  Due to security concerns inherent in the design of sprintf(3), it is highly recommended that you use snprintf(3) instead. [-Wdeprecated-declarations]
warning: libraw-ffi@0.1.0:   864 |     sprintf(imgdata.shootinginfo.BodySerial, "%d", tS);
warning: libraw-ffi@0.1.0:       |     ^
warning: libraw-ffi@0.1.0: /Library/Developer/CommandLineTools/SDKs/MacOSX.sdk/usr/include/_stdio.h:278:1: note: 'sprintf' has been explicitly marked deprecated here
warning: libraw-ffi@0.1.0:   278 | __deprecated_msg("This function is provided for compatibility reasons only.  Due to security concerns inherent in the design of sprintf(3), it is highly recommended that you use snprintf(3) instead.")
warning: libraw-ffi@0.1.0:       | ^
warning: libraw-ffi@0.1.0: /Library/Developer/CommandLineTools/SDKs/MacOSX.sdk/usr/include/sys/cdefs.h:227:48: note: expanded from macro '__deprecated_msg'
warning: libraw-ffi@0.1.0:   227 |         #define __deprecated_msg(_msg) __attribute__((__deprecated__(_msg)))
warning: libraw-ffi@0.1.0:       |                                                       ^
warning: libraw-ffi@0.1.0: 1 warning generated.
warning: libraw-ffi@0.1.0: vendor/LibRaw/LibRaw-0.22.2/src/metadata/tiff.cpp:1029:7: warning: 'sprintf' is deprecated: This function is provided for compatibility reasons only.  Due to security concerns inherent in the design of sprintf(3), it is highly recommended that you use snprintf(3) instead. [-Wdeprecated-declarations]
warning: libraw-ffi@0.1.0:  1029 |       sprintf(model, "Ixpress %d-Mp", c);
warning: libraw-ffi@0.1.0:       |       ^
warning: libraw-ffi@0.1.0: /Library/Developer/CommandLineTools/SDKs/MacOSX.sdk/usr/include/_stdio.h:278:1: note: 'sprintf' has been explicitly marked deprecated here
warning: libraw-ffi@0.1.0:   278 | __deprecated_msg("This function is provided for compatibility reasons only.  Due to security concerns inherent in the design of sprintf(3), it is highly recommended that you use snprintf(3) instead.")
warning: libraw-ffi@0.1.0:       | ^
warning: libraw-ffi@0.1.0: /Library/Developer/CommandLineTools/SDKs/MacOSX.sdk/usr/include/sys/cdefs.h:227:48: note: expanded from macro '__deprecated_msg'
warning: libraw-ffi@0.1.0:   227 |         #define __deprecated_msg(_msg) __attribute__((__deprecated__(_msg)))
warning: libraw-ffi@0.1.0:       |                                                       ^
warning: libraw-ffi@0.1.0: vendor/LibRaw/LibRaw-0.22.2/src/metadata/tiff.cpp:1230:13: warning: comparison of integers of different signs: 'int' and 'unsigned int' [-Wsign-compare]
warning: libraw-ffi@0.1.0:  1230 |                                         if (fj > libraw_internal_data.unpacker_data.lenRAFData - 3)
warning: libraw-ffi@0.1.0:       |                                             ~~ ^ ~~~~~~~~~~~~~~~~~~~~~~~~~~~~~~~~~~~~~~~~~~~~~~~~~
warning: libraw-ffi@0.1.0: vendor/LibRaw/LibRaw-0.22.2/src/metadata/tiff.cpp:1239:15: warning: comparison of integers of different signs: 'int' and 'unsigned int' [-Wsign-compare]
warning: libraw-ffi@0.1.0:  1239 |                                                 && ofst < libraw_internal_data.unpacker_data.lenRAFData - 3;
warning: libraw-ffi@0.1.0:       |                                                    ~~~~ ^ ~~~~~~~~~~~~~~~~~~~~~~~~~~~~~~~~~~~~~~~~~~~~~~~~~
warning: libraw-ffi@0.1.0: vendor/LibRaw/LibRaw-0.22.2/src/metadata/tiff.cpp:1635:17: warning: comparison of integers of different signs: 'int' and 'unsigned int' [-Wsign-compare]
warning: libraw-ffi@0.1.0:  1635 |                                   if (items == SR2SubIFDLength)
warning: libraw-ffi@0.1.0:       |                                       ~~~~~ ^  ~~~~~~~~~~~~~~~
warning: libraw-ffi@0.1.0: vendor/LibRaw/LibRaw-0.22.2/src/metadata/tiff.cpp:1748:12: warning: comparison of integers of different signs: 'int' and 'unsigned int' [-Wsign-compare]
warning: libraw-ffi@0.1.0:  1748 |         if (items == sony_length)
warning: libraw-ffi@0.1.0:       |             ~~~~~ ^  ~~~~~~~~~~~
warning: libraw-ffi@0.1.0: 5 warnings generated.
warning: libraw-ffi@0.1.0: vendor/LibRaw/LibRaw-0.22.2/src/metadata/misc_parsers.cpp:123:3: warning: 'sprintf' is deprecated: This function is provided for compatibility reasons only.  Due to security concerns inherent in the design of sprintf(3), it is highly recommended that you use snprintf(3) instead. [-Wdeprecated-declarations]
warning: libraw-ffi@0.1.0:   123 |   sprintf(model, "%d", get4());
warning: libraw-ffi@0.1.0:       |   ^
warning: libraw-ffi@0.1.0: /Library/Developer/CommandLineTools/SDKs/MacOSX.sdk/usr/include/_stdio.h:278:1: note: 'sprintf' has been explicitly marked deprecated here
warning: libraw-ffi@0.1.0:   278 | __deprecated_msg("This function is provided for compatibility reasons only.  Due to security concerns inherent in the design of sprintf(3), it is highly recommended that you use snprintf(3) instead.")
warning: libraw-ffi@0.1.0:       | ^
warning: libraw-ffi@0.1.0: /Library/Developer/CommandLineTools/SDKs/MacOSX.sdk/usr/include/sys/cdefs.h:227:48: note: expanded from macro '__deprecated_msg'
warning: libraw-ffi@0.1.0:   227 |         #define __deprecated_msg(_msg) __attribute__((__deprecated__(_msg)))
warning: libraw-ffi@0.1.0:       |                                                       ^
warning: libraw-ffi@0.1.0: vendor/LibRaw/LibRaw-0.22.2/src/metadata/misc_parsers.cpp:209:3: warning: 'sprintf' is deprecated: This function is provided for compatibility reasons only.  Due to security concerns inherent in the design of sprintf(3), it is highly recommended that you use snprintf(3) instead. [-Wdeprecated-declarations]
warning: libraw-ffi@0.1.0:   209 |   sprintf(model, "v%d %dx%d", ver, width, height);
warning: libraw-ffi@0.1.0:       |   ^
warning: libraw-ffi@0.1.0: /Library/Developer/CommandLineTools/SDKs/MacOSX.sdk/usr/include/_stdio.h:278:1: note: 'sprintf' has been explicitly marked deprecated here
warning: libraw-ffi@0.1.0:   278 | __deprecated_msg("This function is provided for compatibility reasons only.  Due to security concerns inherent in the design of sprintf(3), it is highly recommended that you use snprintf(3) instead.")
warning: libraw-ffi@0.1.0:       | ^
warning: libraw-ffi@0.1.0: /Library/Developer/CommandLineTools/SDKs/MacOSX.sdk/usr/include/sys/cdefs.h:227:48: note: expanded from macro '__deprecated_msg'
warning: libraw-ffi@0.1.0:   227 |         #define __deprecated_msg(_msg) __attribute__((__deprecated__(_msg)))
warning: libraw-ffi@0.1.0:       |                                                       ^
warning: libraw-ffi@0.1.0: 2 warnings generated.
   Compiling uniffi_bindgen v0.32.2
   Compiling raw-decode v0.1.0 (/Users/rutmehta/Developer/lightroom/.worktrees/LR-4-parametric-masks/crates/raw-decode)
   Compiling pipeline-cpu v0.1.0 (/Users/rutmehta/Developer/lightroom/.worktrees/LR-4-parametric-masks/crates/pipeline-cpu)
   Compiling ml-runtime v0.1.0 (/Users/rutmehta/Developer/lightroom/.worktrees/LR-4-parametric-masks/crates/ml-runtime)
   Compiling ml-segment v0.1.0 (/Users/rutmehta/Developer/lightroom/.worktrees/LR-4-parametric-masks/crates/ml-segment)
   Compiling sidecar v0.1.0 (/Users/rutmehta/Developer/lightroom/.worktrees/LR-4-parametric-masks/crates/sidecar)
   Compiling ml-depth v0.1.0 (/Users/rutmehta/Developer/lightroom/.worktrees/LR-4-parametric-masks/crates/ml-depth)
   Compiling ml-enhance v0.1.0 (/Users/rutmehta/Developer/lightroom/.worktrees/LR-4-parametric-masks/crates/ml-enhance)
   Compiling pipeline-adobe v0.1.0 (/Users/rutmehta/Developer/lightroom/.worktrees/LR-4-parametric-masks/crates/pipeline-adobe)
   Compiling image-core v0.1.0 (/Users/rutmehta/Developer/lightroom/.worktrees/LR-4-parametric-masks/crates/image-core)
   Compiling gpu-core v0.1.0 (/Users/rutmehta/Developer/lightroom/.worktrees/LR-4-parametric-masks/crates/gpu-core)
   Compiling jobs v0.1.0 (/Users/rutmehta/Developer/lightroom/.worktrees/LR-4-parametric-masks/crates/jobs)
   Compiling index v0.1.0 (/Users/rutmehta/Developer/lightroom/.worktrees/LR-4-parametric-masks/crates/index)
   Compiling pipeline-gpu v0.1.0 (/Users/rutmehta/Developer/lightroom/.worktrees/LR-4-parametric-masks/crates/pipeline-gpu)
   Compiling library v0.1.0 (/Users/rutmehta/Developer/lightroom/.worktrees/LR-4-parametric-masks/crates/library)
   Compiling previews v0.1.0 (/Users/rutmehta/Developer/lightroom/.worktrees/LR-4-parametric-masks/crates/previews)
   Compiling cull v0.1.0 (/Users/rutmehta/Developer/lightroom/.worktrees/LR-4-parametric-masks/crates/cull)
   Compiling transform v0.1.0 (/Users/rutmehta/Developer/lightroom/.worktrees/LR-4-parametric-masks/crates/transform)
   Compiling merge v0.1.0 (/Users/rutmehta/Developer/lightroom/.worktrees/LR-4-parametric-masks/crates/merge)
   Compiling ml-quality v0.1.0 (/Users/rutmehta/Developer/lightroom/.worktrees/LR-4-parametric-masks/crates/ml-quality)
   Compiling ml-faces v0.1.0 (/Users/rutmehta/Developer/lightroom/.worktrees/LR-4-parametric-masks/crates/ml-faces)
   Compiling mask-ai v0.1.0 (/Users/rutmehta/Developer/lightroom/.worktrees/LR-4-parametric-masks/crates/mask-ai)
   Compiling compositor v0.1.0 (/Users/rutmehta/Developer/lightroom/.worktrees/LR-4-parametric-masks/crates/compositor)
   Compiling ml-filters v0.1.0 (/Users/rutmehta/Developer/lightroom/.worktrees/LR-4-parametric-masks/crates/ml-filters)
   Compiling filters v0.1.0 (/Users/rutmehta/Developer/lightroom/.worktrees/LR-4-parametric-masks/crates/filters)
   Compiling selection v0.1.0 (/Users/rutmehta/Developer/lightroom/.worktrees/LR-4-parametric-masks/crates/selection)
   Compiling brush v0.1.0 (/Users/rutmehta/Developer/lightroom/.worktrees/LR-4-parametric-masks/crates/brush)
   Compiling export v0.1.0 (/Users/rutmehta/Developer/lightroom/.worktrees/LR-4-parametric-masks/crates/export)
   Compiling import-lrcat v0.1.0 (/Users/rutmehta/Developer/lightroom/.worktrees/LR-4-parametric-masks/crates/import-lrcat)
   Compiling tessera-mcp v0.1.0 (/Users/rutmehta/Developer/lightroom/.worktrees/LR-4-parametric-masks/crates/tessera-mcp)
   Compiling ml-embed v0.1.0 (/Users/rutmehta/Developer/lightroom/.worktrees/LR-4-parametric-masks/crates/ml-embed)
   Compiling style-profile v0.1.0 (/Users/rutmehta/Developer/lightroom/.worktrees/LR-4-parametric-masks/crates/style-profile)
   Compiling ml-caption v0.1.0 (/Users/rutmehta/Developer/lightroom/.worktrees/LR-4-parametric-masks/crates/ml-caption)
   Compiling agent v0.1.0 (/Users/rutmehta/Developer/lightroom/.worktrees/LR-4-parametric-masks/crates/agent)
   Compiling tether v0.1.0 (/Users/rutmehta/Developer/lightroom/.worktrees/LR-4-parametric-masks/crates/tether)
   Compiling uniffi v0.32.2
   Compiling tessera-ffi v0.1.0 (/Users/rutmehta/Developer/lightroom/.worktrees/LR-4-parametric-masks/crates/tessera-ffi)
    Finished `test` profile [unoptimized + debuginfo] target(s) in 2m 25s
     Running unittests src/lib.rs (/Users/rutmehta/.cache/tessera-target/LR-4-parametric-masks/debug/deps/engine_api-6788faad1d84ae17)

running 75 tests
test color::tests::illuminant_exif_codes ... ok
test color::tests::working_space_conversion_preserves_white ... ok
test color::tests::adaptation_maps_white_to_white ... ok
test color::tests::inverse_round_trips ... ok
test color::tests::rec2020_to_xyz_matches_reference ... ok
test error::tests::display_is_human_readable ... ok
test document::tests::blend_mode_names_are_stable ... ok
test action::tests::registry_matches_tool_enums ... ok
test color::tests::icc_handle_is_content_addressed ... ok
test id::tests::digest_hex_round_trip ... ok
test id::tests::document_ids_are_transparent ... ok
test id::tests::image_id_round_trip ... ok
test id::tests::numeric_ids_are_transparent ... ok
test jobs::tests::cancellation_propagates_down_not_up ... ok
test jobs::tests::priority_order ... ok
test jobs::tests::scheduler_runs_and_honours_cancellation ... ok
test recipe::crs::tests::enhance_keys_are_informational_aux ... ok
test error::tests::serializes_with_code_tag ... ok
test action::tests::descriptor_form_is_stable ... ok
test recipe::crs::tests::ranges ... ok
test document::tests::history_is_append_only_and_branches ... ok
test document::tests::adjustment_minimal_json_is_neutral ... ok
test document::tests::value_types_round_trip ... ok
test recipe::history::tests::diff_apply_round_trip ... ok
test recipe::crs::tests::every_target_path_exists_in_the_recipe_schema ... ok
test recipe::crs::tests::names_unique_and_round_trip ... ok
test recipe::schema::v4_feature_predicates::lr4c_disabled_masks_in_retouch_and_history_base_require_v4 ... ok
test action::tests::registry_effects_match_call_predicates ... ok
test recipe::schema::v4_feature_predicates::harness_proves_a_test_only_predicate ... ok
test recipe::schema::v4_feature_predicates::newer_than_v4_stays_read_only_with_a_v4_list ... ok
test recipe::schema::v4_feature_predicates::writable_max_follows_the_list ... ok
test recipe::schema::v4_feature_predicates::lr4c_luminance_bounds_requires_v4 ... ok
test recipe::selection::tests::grade_serializes_as_number ... ok
test recipe::selection::tests::invariant_is_kept ... ok
test recipe::schema::v4_feature_predicates::lr4c_nested_group_requires_v4 ... ok
test recipe::schema::v4_feature_predicates::lr4c_disabled_component_requires_v4 ... ok
test recipe::history::tests::replay_matches_recorded_states ... ok
test recipe::schema::v4_feature_predicates::lr4d_approximate_dabs_and_color_samples_use_existing_v3_fields ... ok
test recipe::settings::tests::empty_object_is_default ... ok
test recipe::settings::tests::schema_1_profile_ids_migrate ... ok
test recipe::settings::tests::chain_changes_downstream_only ... ok
test recipe::tests::hash_is_stable_across_releases ... ok
test recipe::tests::schema_1_documents_migrate_on_load ... ok
test recipe::tests::empty_and_partial_documents_load ... ok
test recipe::tests::ids_are_never_reused ... ok
test recipe::tests::stage_chain_seeded_by_process ... ok
test recipe::tests::hash_covers_render_state_only ... ok
test recipe::schema::v4_feature_predicates::unused_test_predicate_leaves_bytes_unchanged ... ok
test recipe::tests::native_exports_as_best_effort_pv6_with_companion ... ok
test recipe::tests::newer_schema_is_read_only ... ok
test recipe::tests::json_round_trip ... ok
test recipe::tests::newer_than_writable_documents_load_but_never_write ... ok
test stage::tests::memo_key_digest_distinguishes_fields ... ok
test stage::tests::canonical_json_is_order_independent ... ok
test stage::tests::node_parts_are_stable ... ok
test stage::tests::node_memo_key_digest_distinguishes_fields ... ok
test stage::tests::param_hash_is_stage_scoped_and_chained ... ok
test stage::tests::stage_order_is_fixed ... ok
test tile::tests::coord_parent_children ... ok
test tile::tests::copy_on_write ... ok
test tile::tests::extent_levels ... ok
test tile::tests::halo_indexing ... ok
test tile::tests::format_checks ... ok
test tile::tests::premultiplied_flag ... ok
test tile::tests::pyramid_deeper_levels ... ok
test tile::tests::pyramid_defaults ... ok
test tools::tests::document_call_wire_form ... ok
test recipe::schema::v4_feature_predicates::fixtures_require_only_base_schema_while_unused ... ok
test tools::tests::document_envelopes ... ok
test tools::tests::minimal_json_uses_defaults ... ok
test tools::tests::request_and_response_envelopes ... ok
test tools::tests::every_call_round_trips_and_is_tagged_by_name ... ok
test tools::tests::every_document_call_round_trips_and_is_tagged_by_name ... ok
test recipe::tests::serialisation_bytes_are_pinned ... ok
test recipe::tests::undo_redo_branch_and_snapshots ... ok

test result: ok. 75 passed; 0 failed; 0 ignored; 0 measured; 0 filtered out; finished in 0.02s

     Running tests/channels.rs (/Users/rutmehta/.cache/tessera-target/LR-4-parametric-masks/debug/deps/channels-809e719f3730a588)

running 4 tests
test channel_edit_returns_allocated_identity_and_reads_old_outputs ... ok
test ordered_channels_survive_summary_round_trip ... ok
test channel_value_schema_fixtures ... ok
test channel_calls_use_history_envelope_and_action_registry ... ok

test result: ok. 4 passed; 0 failed; 0 ignored; 0 measured; 0 filtered out; finished in 0.00s

     Running tests/document_filters.rs (/Users/rutmehta/.cache/tessera-target/LR-4-parametric-masks/debug/deps/document_filters-7776a5d90dd35e86)

running 1 test
test filter_calls_are_document_actions_with_default_destructive_mode ... ok

test result: ok. 1 passed; 0 failed; 0 ignored; 0 measured; 0 filtered out; finished in 0.00s

     Running tests/library_calls.rs (/Users/rutmehta/.cache/tessera-target/LR-4-parametric-masks/debug/deps/library_calls-b2bdb099f2882620)

running 2 tests
test unconfirm_and_clear_name_are_explicit ... ok
test library_calls_round_trip_and_register ... ok

test result: ok. 2 passed; 0 failed; 0 ignored; 0 measured; 0 filtered out; finished in 0.00s

     Running tests/lr4_mask_schema.rs (/Users/rutmehta/.cache/tessera-target/LR-4-parametric-masks/debug/deps/lr4_mask_schema-7f29359bad9936ee)

running 3 tests
test lr4c_eight_levels_allowed_ninth_rejected ... ok
test lr4_default_components_keep_legacy_json_bytes ... ok
test lr4_extensions_roundtrip_and_older_readers_ignore_them ... ok

test result: ok. 3 passed; 0 failed; 0 ignored; 0 measured; 0 filtered out; finished in 0.00s

     Running tests/lr4b_schema.rs (/Users/rutmehta/.cache/tessera-target/LR-4-parametric-masks/debug/deps/lr4b_schema-88b46702bcbb60ee)

running 1 test
test lr4b_bounds_omit_by_default_and_survive_json_roundtrip ... ok

test result: ok. 1 passed; 0 failed; 0 ignored; 0 measured; 0 filtered out; finished in 0.01s

     Running tests/m532_channels.rs (/Users/rutmehta/.cache/tessera-target/LR-4-parametric-masks/debug/deps/m532_channels-42411788830281e8)

running 1 test
test explicit_alpha_display_and_channel_destination_are_additive ... ok

test result: ok. 1 passed; 0 failed; 0 ignored; 0 measured; 0 filtered out; finished in 0.00s

     Running tests/people.rs (/Users/rutmehta/.cache/tessera-target/LR-4-parametric-masks/debug/deps/people-b067ef10bb59e484)

running 2 tests
test missing_people_options_are_safe ... ok
test people_schema_fixtures ... ok

test result: ok. 2 passed; 0 failed; 0 ignored; 0 measured; 0 filtered out; finished in 0.00s

     Running tests/pinned_raw.rs (/Users/rutmehta/.cache/tessera-target/LR-4-parametric-masks/debug/deps/pinned_raw-48b7ce7d19e4364b)

running 20 tests
test duplicate_nested_key_is_rejected ... ok
test explicit_schema_and_owner_are_required ... ok
test distinct_recipe_owners_have_distinct_descriptors ... ok
test current_nondefault_settings_determine_recipe_hash_and_input_identity ... ok
test exact_recipe_bytes_include_whitespace_in_input_identity ... ok
test negative_and_nested_array_float_overflow_reject ... ok
test declarations_length_and_canonical_suffix_participate_in_identity ... ok
test opaque_history_does_not_override_current_settings_and_enum_extensions_reject ... ok
test locator_does_not_affect_identity_but_asset_and_owner_do ... ok
test descriptor_wire_and_current_headers_fail_closed ... ok
test flattened_mask_arrays_and_nested_model_fields_are_checked ... ok
test nested_unknowns_and_extreme_numbers_reject ... ok
test outer_descriptor_duplicate_is_rejected_recursively ... ok
test default_settings_object_and_non_object_controls ... ok
test zero_length_bad_suffix_and_duplicate_keys_reject ... ok
test suffix_normalizes_and_recipe_history_is_opaque ... ok
test exact_metadata_and_payload_identity_are_preserved ... ok
test profile_legacy_and_canonical_forms_are_supported_but_extensions_reject ... ok
test roundtrip_preserves_exact_recipe_and_identity ... ok
test raw_snapshot_headers_and_default_geometry_are_required ... ok

test result: ok. 20 passed; 0 failed; 0 ignored; 0 measured; 0 filtered out; finished in 0.02s

     Running tests/source_kind.rs (/Users/rutmehta/.cache/tessera-target/LR-4-parametric-masks/debug/deps/source_kind-7f28990b021fb5dc)

running 3 tests
test source_kind_schema_and_invalid_values ... ok
test source_kind_separates_render_caches ... ok
test legacy_source_kind_is_promoted_and_normalized ... ok

test result: ok. 3 passed; 0 failed; 0 ignored; 0 measured; 0 filtered out; finished in 0.01s

     Running tests/text_vector.rs (/Users/rutmehta/.cache/tessera-target/LR-4-parametric-masks/debug/deps/text_vector-f82765daec1ce5c1)

running 2 tests
test legacy_layer_summary_defaults_editable_metadata ... ok
test editable_commands_are_registered_and_replayable ... ok

test result: ok. 2 passed; 0 failed; 0 ignored; 0 measured; 0 filtered out; finished in 0.00s

     Running unittests src/lib.rs (/Users/rutmehta/.cache/tessera-target/LR-4-parametric-masks/debug/deps/import_lrcat-e51d63d8af903c2c)

running 28 tests
test diagnostics::tests::appends_and_dedupes_identical_entries ... ok
test previews::tests::container_round_trip_and_truncation ... ok
test lua::tests::scalar_forms_preserve_types ... ok
test diagnostics::tests::foreign_top_level_array_survives_untouched ... ok
test report_tests::lrcat_report_groups_all_but_unedited_and_duplicate_ids ... ok
test diagnostics::tests::keys_are_isolated_and_never_replaced ... ok
test diagnostics::tests::foreign_per_key_value_survives_untouched ... ok
test diagnostics::tests::absent_object_is_created_with_one_info_entry ... ok
test lua::tests::parses_rule ... ok
test lua::tests::parses_nested_lightroom_data ... ok
test previews::tests::jpeg_header_parsing ... ok
test lua::tests::rejects_malformed_or_executable_input ... ok
test lua::tests::rejects_excessive_nesting_and_truncation_without_panicking ... ok
test diagnostics::tests::no_diagnostics_serializes_exactly_as_before ... ok
test diagnostics::tests::diagnostics_round_trip_through_serialization ... ok
test xmp::tests::unsupported_mask_prevents_partial_group_application ... ok
test xmp::tests::scalar_attributes_use_mappings_and_history ... ok
test xmp::tests::foreign_namespace_and_opaque_structures_are_retained_not_applied ... ok
test xmp::tests::duplicate_properties_preserve_the_superseded_value ... ok
test xmp::tests::mask_groups_translate_supported_geometry_and_retain_source ... ok
test xmp::tests::process_versions_and_legacy_warning ... ok
test xmp::tests::curves_and_unsupported_payloads_are_not_dropped ... ok
test xmp::tests::malformed_duplicate_does_not_erase_previous_valid_choice ... ok
test xmp::tests::shared_codec_imports_namespaced_profiles_aux_and_lens_blur ... ok
test xmp::tests::invalid_scalars_and_curves_are_preserved_without_poisoning_settings ... ok
test xmp::tests::catalog_version_fallback_disagreement_and_native_hash ... ok
test diagnostics::tests::no_other_source_writes_the_key_directly ... ok
test xmp::tests::native_structures_and_renamed_namespaces_use_shared_codec ... ok

test result: ok. 28 passed; 0 failed; 0 ignored; 0 measured; 0 filtered out; finished in 0.21s

     Running tests/followups.rs (/Users/rutmehta/.cache/tessera-target/LR-4-parametric-masks/debug/deps/followups-1c7e9f5176daa760)

running 16 tests
test numeric_and_string_unknown_keys_cannot_collide ... ok
test xmp_source_fragments_preserve_attribute_spelling ... ok
test upright_counts_are_ordinary_crs_properties ... ok
test xmp_extended_identity_is_silent_and_edits_use_named_limitation ... ok
test identity_master_with_edited_channel_still_warns ... ok
test lua_rows_retain_only_unknown_key_source ... ok
test pending_sources_are_exact_even_when_inactive_or_identity ... ok
test duplicate_reports_follow_image_id_order_not_sqlite_row_order ... ok
test bad_develop_rows_degrade_to_unedited_with_source_retained ... ok
test develop_rows_are_ordered_and_orphans_and_null_ids_do_not_block ... ok
test extended_tone_curves_are_one_named_limitation ... ok
test oversized_cells_are_not_loaded ... ok
test report_entries_are_grouped_per_message ... ok
test oversized_history_is_omitted_explicitly_and_null_stays_null ... ok
test every_unedited_image_is_individually_reported ... ok
test retained_source_shapes_and_unedited_reasons_are_distinct ... ok

test result: ok. 16 passed; 0 failed; 0 ignored; 0 measured; 0 filtered out; finished in 6.09s

     Running tests/golden.rs (/Users/rutmehta/.cache/tessera-target/LR-4-parametric-masks/debug/deps/golden-9477b77bdfc42f31)

running 2 tests
test synthetic_catalog_output_including_retained_source ... ok
test streaming_matches_import_and_plan_json_is_byte_identical ... ok

test result: ok. 2 passed; 0 failed; 0 ignored; 0 measured; 0 filtered out; finished in 6.58s

     Running tests/import.rs (/Users/rutmehta/.cache/tessera-target/LR-4-parametric-masks/debug/deps/import-d64a0f4aa974cc87)

running 5 tests
test missing_table_is_a_named_engine_error ... ok
test committed_wal_and_lock_are_copied_without_touching_source ... ok
test extra_columns_and_empty_folders_are_supported ... ok
test synthetic_catalog_plan ... ok
test all_selection_mappings_and_reject_precedence ... ok

test result: ok. 5 passed; 0 failed; 0 ignored; 0 measured; 0 filtered out; finished in 0.46s

     Running tests/lr4_adobe_shapes.rs (/Users/rutmehta/.cache/tessera-target/LR-4-parametric-masks/debug/deps/lr4_adobe_shapes-18ec7e0f387a09bc)

running 3 tests
test lr4_adobe_aggregate_and_range_mask_spelling ... ok
test lr4_unrenderable_local_params_are_not_source_promoted ... ok
test lr4_unverified_type_and_feather_keep_exact_source ... ok

test result: ok. 3 passed; 0 failed; 0 ignored; 0 measured; 0 filtered out; finished in 0.01s

     Running tests/lr4_compat.rs (/Users/rutmehta/.cache/tessera-target/LR-4-parametric-masks/debug/deps/lr4_compat-f7ee0aac9dfc31b6)

running 1 test
test legacy_44_synthetic_groups_remain_byte_identical ... ok

test result: ok. 1 passed; 0 failed; 0 ignored; 0 measured; 0 filtered out; finished in 0.08s

     Running tests/lr4_invalid_geometry.rs (/Users/rutmehta/.cache/tessera-target/LR-4-parametric-masks/debug/deps/lr4_invalid_geometry-668c5eca310c3695)

running 1 test
test lr4_unrenderable_geometry_and_amount_keep_source ... ok

test result: ok. 1 passed; 0 failed; 0 ignored; 0 measured; 0 filtered out; finished in 0.01s

     Running tests/lr4_masks.rs (/Users/rutmehta/.cache/tessera-target/LR-4-parametric-masks/debug/deps/lr4_masks-d9a65e72886e2207)

running 9 tests
test lr4_nil_untranslated_mask_key_still_has_exact_source ... ok
test lr4_component_range_keeps_both_inversions ... ok
test lr4_nested_group_preserves_order_and_operators ... ok
test lr4_group_range_intersects_the_whole_union ... ok
test lr4_disabled_component_maps_without_losing_geometry ... ok
test lr4_ignored_or_duplicate_fields_never_lose_source ... ok
test lr4_explicit_luminance_and_depth_bounds_translate ... ok
test lr4_opaque_brush_color_and_image_are_retained_atomically ... ok
test lr4_unknown_fields_and_types_keep_exact_source ... ok

test result: ok. 9 passed; 0 failed; 0 ignored; 0 measured; 0 filtered out; finished in 0.01s

     Running tests/lr4_mixed_range.rs (/Users/rutmehta/.cache/tessera-target/LR-4-parametric-masks/debug/deps/lr4_mixed_range-697bea0d4a774a29)

running 1 test
test lr4_unused_range_family_fields_remain_retained ... ok

test result: ok. 1 passed; 0 failed; 0 ignored; 0 measured; 0 filtered out; finished in 0.01s

     Running tests/lr4b_forms.rs (/Users/rutmehta/.cache/tessera-target/LR-4-parametric-masks/debug/deps/lr4b_forms-9d0716b1f34077ab)

running 6 tests
test lr4b_four_bounds_translate_and_promote ... ok
test lr4b_untranslated_extensions_keep_the_prior_empty_recipe ... ok
test lr4b_subtype_depth_and_luminance ... ok
test lr4b_unsupported_payloads_retain_exact_lua ... ok
test lr4b_ambiguous_new_shapes_are_not_partially_translated ... ok
test lr4b_radial_flipped_is_complement_of_invert_not_a_second_toggle ... ok

test result: ok. 6 passed; 0 failed; 0 ignored; 0 measured; 0 filtered out; finished in 0.01s

     Running tests/lr4b_retained.rs (/Users/rutmehta/.cache/tessera-target/LR-4-parametric-masks/debug/deps/lr4b_retained-458a19d124e470ee)

running 1 test
test lr4c_approximate_promotions_and_untranslated_byte_pins ... ok

test result: ok. 1 passed; 0 failed; 0 ignored; 0 measured; 0 filtered out; finished in 0.02s

     Running tests/lr4c_metadata.rs (/Users/rutmehta/.cache/tessera-target/LR-4-parametric-masks/debug/deps/lr4c_metadata-b2c5ec6cbc442906)

running 3 tests
test lr4c_neutral_mask_value_keeps_the_legacy_flat_envelope ... ok
test lr4d_nested_diagnostics_name_populated_fields_not_fallback_brushes ... ok
test lr4c_documented_keys_each_admit_a_renderable_approximation ... ok

test result: ok. 3 passed; 0 failed; 0 ignored; 0 measured; 0 filtered out; finished in 0.01s

     Running tests/lua_develop.rs (/Users/rutmehta/.cache/tessera-target/LR-4-parametric-masks/debug/deps/lua_develop-beabd27e2522b179)

running 10 tests
test deep_nesting_is_rejected_without_overflowing_the_stack ... ok
test malformed_literals_are_decode_errors_naming_the_image ... ok
test mapping_table_is_one_to_one_and_covers_every_crs_key ... ok
test lua_escapes_decode ... ok
test format_is_detected_by_the_first_token ... ok
test structured_values_map_like_their_xmp_form ... ok
test unknown_keys_are_reported_and_the_source_is_retained ... ok
test the_same_edit_as_xmp_and_as_lua_yields_an_identical_recipe ... ok
test oversized_input_is_rejected_before_parsing ... ok
test catalog_with_lua_develop_rows_imports ... ok

test result: ok. 10 passed; 0 failed; 0 ignored; 0 measured; 0 filtered out; finished in 5.99s

     Running tests/make_fixture.rs (/Users/rutmehta/.cache/tessera-target/LR-4-parametric-masks/debug/deps/make_fixture-b8ea97211a208a12)

running 0 tests

test result: ok. 0 passed; 0 failed; 0 ignored; 0 measured; 0 filtered out; finished in 0.00s

     Running tests/oversized_memory.rs (/Users/rutmehta/.cache/tessera-target/LR-4-parametric-masks/debug/deps/oversized_memory-e960c0837ff99548)

running 1 test
test oversized_sqlite_cells_are_streamed_without_full_cell_allocations ... ok

test result: ok. 1 passed; 0 failed; 0 ignored; 0 measured; 0 filtered out; finished in 6.20s

     Running tests/real_catalog_shapes.rs (/Users/rutmehta/.cache/tessera-target/LR-4-parametric-masks/debug/deps/real_catalog_shapes-9a49676de630e35d)

running 6 tests
test unnamed_root_keyword_is_the_tree_root ... ok
test empty_develop_row_imports_as_unedited ... ok
test untranslatable_smart_collection_is_reported_not_fatal ... ok
test unnamed_non_root_keyword_is_skipped_with_a_diagnostic ... ok
test collection_rows_with_missing_or_unknown_fields_degrade ... ok
test second_unnamed_root_keyword_is_reported ... ok

test result: ok. 6 passed; 0 failed; 0 ignored; 0 measured; 0 filtered out; finished in 6.28s

     Running tests/scale.rs (/Users/rutmehta/.cache/tessera-target/LR-4-parametric-masks/debug/deps/scale-14b332c2537e1554)

running 1 test
test streaming_import_memory_is_flat_and_time_bounded ... ignored, timing and allocation bounds are for release builds

test result: ok. 0 passed; 0 failed; 1 ignored; 0 measured; 0 filtered out; finished in 0.00s

     Running tests/schema_version.rs (/Users/rutmehta/.cache/tessera-target/LR-4-parametric-masks/debug/deps/schema_version-60e0d9a039d1419f)

running 2 tests
test lr4c_imported_mask_features_write_schema_four ... ok
test imported_recipes_require_schema_3 ... ok

test result: ok. 2 passed; 0 failed; 0 ignored; 0 measured; 0 filtered out; finished in 4.56s

     Running tests/smart_rating.rs (/Users/rutmehta/.cache/tessera-target/LR-4-parametric-masks/debug/deps/smart_rating-85de3305363ed7f0)

running 1 test
test all_star_thresholds_operators_ranges_and_flags ... ok

test result: ok. 1 passed; 0 failed; 0 ignored; 0 measured; 0 filtered out; finished in 0.37s

     Running tests/translation_matrix.rs (/Users/rutmehta/.cache/tessera-target/LR-4-parametric-masks/debug/deps/translation_matrix-e346d1baa2d3ea25)

running 13 tests
test matrix_guard_rejects_a_translated_row_carrying_an_approximate_diagnostic ... ok
test matrix_guard_rejects_a_retained_key_claimed_as_translated ... ok
test matrix_guard_rejects_an_approximate_row_without_a_synthetic_value ... ok
test matrix_guard_rejects_approximate_diagnostic_naming_another_field ... ok
test matrix_guard_rejects_the_fixture_row_against_the_unconverted_parser ... ok
test matrix_guard_rejects_approximate_without_the_recipe_field ... ok
test matrix_guard_accepts_a_complete_approximate_row ... ok
test matrix_guard_rejects_approximate_without_a_diagnostic ... ok
test matrix_guard_rejects_approximate_without_retained_source ... ok
test matrix_guard_rejects_approximate_with_warnings ... ok
test lr4d_matrix_diagnostics_use_shared_channel_and_exact_fields ... ok
test lr4c_matrix_accepts_source_retained_approximation ... ok
test translation_matrix_matches_synthetic_import ... ok

test result: ok. 13 passed; 0 failed; 0 ignored; 0 measured; 0 filtered out; finished in 0.05s

     Running unittests src/lib.rs (/Users/rutmehta/.cache/tessera-target/LR-4-parametric-masks/debug/deps/merge-485b6c386aa3288f)

running 12 tests
test dng::tests::rejects_unsupported_predictor_and_subifds ... ok
test tests::checked_image_and_bilinear_sample ... ok
test pano::tests::largest_covered_rectangle_matches_brute_force ... ok
test dng::tests::linear_float_roundtrip ... ok
test dng::tests::reads_big_endian_float_dng ... ok
test dng::tests::empty_xmp_is_omitted ... ok
test dng::tests::rejects_invalid_images_before_writing ... ok
test dng::tests::rejects_malformed_files ... ok
test pano::tests::output_dimension_limit_is_checked_before_blend_allocation ... ok
test blend::tests::multiband_preserves_constants_and_softens_a_seam ... ok
test features::tests::ransac_rejects_sixty_percent_outliers_and_collinear_points ... ok
test alignment::tests::global_registration_preserves_hdr_transform_without_tile_refinement ... ok

test result: ok. 12 passed; 0 failed; 0 ignored; 0 measured; 0 filtered out; finished in 0.72s

     Running tests/alignment.rs (/Users/rutmehta/.cache/tessera-target/LR-4-parametric-masks/debug/deps/alignment-b099b86f06cd7ba7)

running 2 tests
test tile_refinement_tracks_local_residual_without_moving_flat_tiles ... ok
test phase_alignment_recovers_translation_and_small_rotation ... ok

test result: ok. 2 passed; 0 failed; 0 ignored; 0 measured; 0 filtered out; finished in 2.63s

     Running tests/clipped_motion.rs (/Users/rutmehta/.cache/tessera-target/LR-4-parametric-masks/debug/deps/clipped_motion-f7c05ae91adff2aa)

running 1 test
test clipping_is_an_interval_not_an_excuse_to_ignore_motion ... ok

test result: ok. 1 passed; 0 failed; 0 ignored; 0 measured; 0 filtered out; finished in 0.01s

     Running tests/combined.rs (/Users/rutmehta/.cache/tessera-target/LR-4-parametric-masks/debug/deps/combined-94616d6f16a43509)

running 2 tests
test hdr_panorama_supports_caf_adapter ... ok
test hdr_panorama_normalizes_bracket_reference_exposures_and_writes_dng ... ok

test result: ok. 2 passed; 0 failed; 0 ignored; 0 measured; 0 filtered out; finished in 2.89s

     Running tests/hdr.rs (/Users/rutmehta/.cache/tessera-target/LR-4-parametric-masks/debug/deps/hdr-13e9b835570c6a41)

running 4 tests
test noisy_two_ev_bracket_recovers_linear_scene ... ok
test moving_object_is_masked_and_reference_is_preserved ... ok
test histogram_refines_bad_exif_and_strength_is_monotone ... ok
test hdr_uses_registration_and_skips_missing_border_samples ... ok

test result: ok. 4 passed; 0 failed; 0 ignored; 0 measured; 0 filtered out; finished in 4.11s

     Running tests/layer_quality.rs (/Users/rutmehta/.cache/tessera-target/LR-4-parametric-masks/debug/deps/layer_quality-090ef77a57520e85)

running 5 tests
test three_source_multiscale_focus_rejects_fine_noise ... ok
test three_gaussian_blurred_regions_select_sharpest_source ... ok
test padded_smart_object_canvas_does_not_rescale_mesh_source ... ok
test nonlinear_mesh_accuracy_union_and_original_source_extent ... ok
test three_sequential_similarity_crops_and_seam ... ok

test result: ok. 5 passed; 0 failed; 0 ignored; 0 measured; 0 filtered out; finished in 5.06s

     Running tests/layers.rs (/Users/rutmehta/.cache/tessera-target/LR-4-parametric-masks/debug/deps/layers-196a551893e765d2)

running 9 tests
test benchmark_three_24mp_layers ... ignored, 3x24 MP allocation/time benchmark; run release explicitly
test identity_has_exact_canvas_and_transform ... ok
test invalid_inputs_and_unsupported_options_error_and_fill_is_explicit ... ok
test seamless_tones_removes_constant_exposure_step ... ok
test untextured_registration_is_not_reported_as_identity_success ... ok
test focus_selects_sharp_regions_and_corrections_reconstruct ... ok
test panorama_multiband_softens_seam_preserves_coverage_and_is_repeatable ... ok
test reposition_translation_has_subpixel_error_and_no_rotation ... ok
test translated_rotation_registration_is_subpixel_and_deterministic ... ok

test result: ok. 8 passed; 0 failed; 1 ignored; 0 measured; 0 filtered out; finished in 1.61s

     Running tests/lens_layers.rs (/Users/rutmehta/.cache/tessera-target/LR-4-parametric-masks/debug/deps/lens_layers-f4513a16a8b96a3e)

running 2 tests
test calibrated_vignette_removal_restores_linear_rgb ... ok
test radial_distortion_is_composed_into_editable_geometry ... ok

test result: ok. 2 passed; 0 failed; 0 ignored; 0 measured; 0 filtered out; finished in 0.94s

     Running tests/lens_registration.rs (/Users/rutmehta/.cache/tessera-target/LR-4-parametric-masks/debug/deps/lens_registration-9531096b3cf1f856)

running 1 test
test three_calibrated_sources_register_before_composing_lens_warps ... ok

test result: ok. 1 passed; 0 failed; 0 ignored; 0 measured; 0 filtered out; finished in 18.38s

     Running tests/panorama.rs (/Users/rutmehta/.cache/tessera-target/LR-4-parametric-masks/debug/deps/panorama-21c6c5f83e0ee5c6)

running 5 tests
test projections_and_crop_are_real ... ok
test fill_preserves_measured_coverage_and_metadata ... ok
test rejects_bad_inputs ... ok
test malformed_and_disconnected_images_are_rejected ... ok
test three_projective_views_recover_scene ... ok

test result: ok. 5 passed; 0 failed; 0 ignored; 0 measured; 0 filtered out; finished in 2.31s

     Running tests/panorama_geometry.rs (/Users/rutmehta/.cache/tessera-target/LR-4-parametric-masks/debug/deps/panorama_geometry-eda73faa2fb1c44e)

running 6 tests
test fill_adapter_contract_and_crop_precedence ... ok
test auto_thresholds_are_angular_not_aspect_ratio ... ok
test rectangular_mesh_is_identity_at_all_strengths ... ok
test boundary_warp_expands_mesh_without_cropping ... ok
test edge_fill_matches_real_patchmatch_on_linear_hdr_samples ... ok
test auto_projection_uses_both_angular_spans ... ok

test result: ok. 6 passed; 0 failed; 0 ignored; 0 measured; 0 filtered out; finished in 0.17s

     Running tests/raw_input.rs (/Users/rutmehta/.cache/tessera-target/LR-4-parametric-masks/debug/deps/raw_input-aa6dfbfa01a6173f)

running 1 test
test demosaic_preserves_camera_space_and_crops_active_area ... ok

test result: ok. 1 passed; 0 failed; 0 ignored; 0 measured; 0 filtered out; finished in 0.00s

     Running tests/recipe.rs (/Users/rutmehta/.cache/tessera-target/LR-4-parametric-masks/debug/deps/recipe-e0c8f3db09994502)

running 2 tests
test recipe_xmp_refuses_newer_schema ... ok
test recipe_is_editable_and_embedded_in_float_dng ... ok

test result: ok. 2 passed; 0 failed; 0 ignored; 0 measured; 0 filtered out; finished in 0.00s

     Running tests/validation.rs (/Users/rutmehta/.cache/tessera-target/LR-4-parametric-masks/debug/deps/validation-acfc16072e50937d)

running 2 tests
test invalid_hdr_inputs_return_errors ... ok
test extremely_thin_alignment_is_rejected_without_fft_panic ... ok

test result: ok. 2 passed; 0 failed; 0 ignored; 0 measured; 0 filtered out; finished in 0.03s

     Running unittests src/lib.rs (/Users/rutmehta/.cache/tessera-target/LR-4-parametric-masks/debug/deps/pipeline_cpu-a5013644857b6498)

running 53 tests
test color_detail::tests::eight_hsl_bands_change_their_centers_smoothly ... ok
test color_detail::tests::detail_subsettings_are_independent_and_halo_is_bounded ... ok
test color_detail::tests::invalid_inputs_and_unsupported_controls_are_rejected_atomically ... ok
test color_detail::tests::luminance_nr_reduces_noise_with_sharpening_disabled ... ok
test color_detail::tests::vibrance_boosts_muted_colors_and_protects_skin ... ok
test color_detail::tests::signed_hdr_roundtrip_and_neutral_bit_patterns ... ok
test color_detail::tests::saturation_minus_100_removes_chroma ... ok
test color_detail::tests::sharpening_controls_boost_and_mask_texture ... ok
test color_detail::tests::defaults_apply_sharpening_and_keep_halos ... ok
test color_detail::tests::chroma_nr_smooths_opponents_preserving_linear_luminance ... ok
test color_detail::tests::hsl_windows_partition_and_wrap_and_lightness_is_independent ... ok
test display::hdr_tests::headroom_extends_highlights_and_keeps_mid_grey ... ok
test color_detail::tests::active_detail_requires_real_halo_without_partial_write ... ok
test display::hdr_tests::unit_headroom_is_the_sdr_curve_without_encoding ... ok
test color_detail::tests::grading_wheels_balance_and_blending_are_effective ... ok
test color_detail::tests::detail_is_partition_invariant_and_keeps_input_halo ... ok
test embedded_lens::tests::file_order_warp_then_vignette_is_not_reversed ... ok
test embedded_lens::tests::gain_map_bilinear_origin_pitch_and_area ... ok
test embedded_lens::tests::invalid_stage_plane_range_fails_closed ... ok
test embedded_lens::tests::list1_warp_preserves_all_bayer_phases_and_xtrans_phases ... ok
test geometry_effects::tests::effects_default_is_exact_and_shares_storage ... ok
test geometry_effects::tests::effects_errors_are_atomic_and_extremes_finite ... ok
test geometry_effects::tests::geometry_identity_and_integer_crop ... ok
test geometry_effects::tests::lanczos_uses_scalar_f32_rounding ... ok
test geometry_effects::tests::geometry_and_lab_extreme_samples_stay_finite ... ok
test geometry_effects::tests::rotation_constant_center_and_black_corners ... ok
test geometry_effects::tests::straighten_fractional_crop_and_validation ... ok
test geometry_effects::composed_map_tests::one_lookup_per_channel_combines_crop_transform_and_lens ... ok
test optics::tests::defringe_hue_ranges_wrap_and_full_circle ... ok
test optics::tests::independent_defringe_is_in_lateral_pass ... ok
test tone_extra::tests::channel_and_luminance_curves_have_distinct_semantics ... ok
test tone_extra::tests::airlight_rejects_isolated_hdr_outlier ... ok
test smart_preview::codec::tests::f16_overflow_uses_exact_f32_for_entire_payload ... ok
test smart_preview::codec::tests::image_estimated_sample_is_restored_without_reresolution ... ok
test tone_extra::tests::clarity_changes_midscale_but_preserves_constant_rgb ... ok
test tone_extra::tests::finite_extremes_and_subnormal_knots_stay_bounded ... ok
test tone_extra::tests::invalid_parameters_reject_before_mutation ... ok
test tone_extra::tests::dehaze_removes_or_adds_haze_and_protects_white_scene ... ok
test geometry_effects::tests::effects_global_coordinates_match_halos_and_levels ... ok
test tone_extra::tests::log_axis_is_scalar_single_precision ... ok
test tone_extra::tests::luminance_curve_can_lift_absolute_black ... ok
test tone_extra::tests::master_curve_lifts_and_preserves_hdr ... ok
test smart_preview::codec::tests::finite_signed_hdr_uses_f16_only_within_error_bound ... ok
test tone_extra::tests::neutral_is_bit_exact_and_keeps_shared_storage ... ok
test tone_extra::tests::parametric_regions_lift_on_log_axis_and_are_monotone ... ok
test tone_extra::tests::negative_presence_reduces_contrast_and_extremes_remain_finite ... ok
test tone_extra::tests::spline_is_monotone_including_flat_and_steep_segments ... ok
test tone_extra::tests::texture_changes_fine_contrast_without_step_ringing ... ok
test tone_extra::tests::whole_image_uses_global_statistics_beyond_tile_extent ... ok
test geometry_effects::tests::vignette_styles_controls_and_grain_are_active ... ok
test tone_extra::tests::presence_halo_matches_overlapping_reference ... ok
test render::tests::parallel_detail_is_bit_exact_across_tiles_and_edges ... ok
test lens_resolve::tests::sparse_sensor_analysis_matches_whole_frame ... ok

test result: ok. 53 passed; 0 failed; 0 ignored; 0 measured; 0 filtered out; finished in 16.98s

     Running tests/denoise.rs (/Users/rutmehta/.cache/tessera-target/LR-4-parametric-masks/debug/deps/denoise-b15e0dc2ce71f814)

running 4 tests
test neural_zero_is_supported_without_a_runtime ... ok
test off_and_zero_skip_colour_transform_and_runtime_exactly ... ok
test unsupported_settings_fail_even_at_zero ... ok
test colour_residual_preserves_hdr_and_out_of_gamut ... ok

test result: ok. 4 passed; 0 failed; 0 ignored; 0 measured; 0 filtered out; finished in 0.00s

     Running tests/depth_render.rs (/Users/rutmehta/.cache/tessera-target/LR-4-parametric-masks/debug/deps/depth_render-0cd4491ce4951313)

running 1 test
test supplied_depth_reaches_local_depth_masks ... ok

test result: ok. 1 passed; 0 failed; 0 ignored; 0 measured; 0 filtered out; finished in 0.00s

     Running tests/detail_defaults.rs (/Users/rutmehta/.cache/tessera-target/LR-4-parametric-masks/debug/deps/detail_defaults-cc6dbc1e46ccce79)

running 1 test
test default_detail_is_active_continuous_and_applied_once ... ok

test result: ok. 1 passed; 0 failed; 0 ignored; 0 measured; 0 filtered out; finished in 0.00s

     Running tests/display_float.rs (/Users/rutmehta/.cache/tessera-target/LR-4-parametric-masks/debug/deps/display_float-387a0d5374a0548e)

running 1 test
test float_display_preserves_sub_byte_detail_and_matches_legacy_quantization ... ok

test result: ok. 1 passed; 0 failed; 0 ignored; 0 measured; 0 filtered out; finished in 0.00s

     Running tests/golden.rs (/Users/rutmehta/.cache/tessera-target/LR-4-parametric-masks/debug/deps/golden-a7fe8d02f01974d1)

running 1 test
test raw_fixture_goldens has been running for over 60 seconds
test raw_fixture_goldens ... ok

test result: ok. 1 passed; 0 failed; 0 ignored; 0 measured; 0 filtered out; finished in 306.52s

     Running tests/invariants.rs (/Users/rutmehta/.cache/tessera-target/LR-4-parametric-masks/debug/deps/invariants-a2410ba8ffabab8d)

running 6 tests
test neutral_tone_is_bit_exact_and_copy_on_write ... ok
test positive_tint_moves_output_toward_magenta ... ok
test bayer_mhc_all_kernel_taps_match_paper ... ok
test unsupported_algorithms_are_not_silently_accepted ... ok
test xtrans_mean_uses_global_phase_across_tile_boundaries ... ok
test tone_extremes_remain_finite_and_monotone ... ok

test result: ok. 6 passed; 0 failed; 0 ignored; 0 measured; 0 filtered out; finished in 0.02s

     Running tests/lens_blur.rs (/Users/rutmehta/.cache/tessera-target/LR-4-parametric-masks/debug/deps/lens_blur-9cce4343d6796382)

running 12 tests
test all_apertures_preserve_constant_hdr_at_edges_with_radial_clipping ... ok
test boost_increases_only_out_of_focus_highlights_and_invalid_cat_eye_is_rejected ... ok
test disabled_blur_preserves_signed_zero_and_hdr_bits ... ok
test invalid_inputs_are_rejected_even_when_off ... ok
test nearer_layers_composite_over_farther_layers ... ok
test documented_bokeh_aliases_are_identical ... ok
test inclusive_focus_boundaries_tiny_images_and_cross_tile_support ... ok
test two_planes_keep_focus_exact_and_reduce_background_contrast ... ok
test extended_apertures_and_radial_cat_eye_preserve_focus_and_change_footprints ... ok
test aperture_shapes_have_distinct_normalized_impulse_footprints ... ok
test normalized_layers_do_not_darken_edges_or_bleed_sharp_foreground_into_background ... ok
test depth_render_runs_blur_before_effects_geometry_and_downsample ... ok

test result: ok. 12 passed; 0 failed; 0 ignored; 0 measured; 0 filtered out; finished in 0.39s

     Running tests/lens_embedded.rs (/Users/rutmehta/.cache/tessera-target/LR-4-parametric-masks/debug/deps/lens_embedded-8af187c312b3382c)

running 13 tests
test guided_upright_has_composed_resident_plan ... ok
test all_stages_are_accepted_but_malformed_embedded_errors ... ok
test unknown_required_opcode_is_not_silently_ignored ... ok
test auto_database_matching_and_manual_fallback ... ok
test database_resolves_third_party_lens_for_the_actual_camera ... ok
test embedded_has_priority_and_applies_gain ... ok
test automatic_upright_resident_analysis_and_manual_edits_share_decision ... ok
test three_plane_embedded_warp_does_not_average_ca ... ok
test required_bad_pixel_operations_are_deliberately_ignored ... ok
test resolved_embedded_keeps_manual_ca ... ok
test staged_gain_maps_apply_once_with_embedded_priority ... ok
test gain_map_stage_changes_channel_mixing_and_cfa_phase ... ok
test composed_plan_scalar_sampler_matches_geometry_reference_at_preview_extent ... ok

test result: ok. 13 passed; 0 failed; 0 ignored; 0 measured; 0 filtered out; finished in 0.03s

     Running tests/lens_fixtures.rs (/Users/rutmehta/.cache/tessera-target/LR-4-parametric-masks/debug/deps/lens_fixtures-48723f4c590cbd02)

running 1 test
test five_actual_raws_auto_lens_and_upright_are_finite ... ignored, full-resolution five-camera acceptance: cargo test --release -p pipeline-cpu --test lens_fixtures -- --ignored --nocapture

test result: ok. 0 passed; 0 failed; 1 ignored; 0 measured; 0 filtered out; finished in 0.00s

     Running tests/lens_m2.rs (/Users/rutmehta/.cache/tessera-target/LR-4-parametric-masks/debug/deps/lens_m2-3c6eb6303d381df3)

running 4 tests
test geometry_combines_manual_lens_and_transform ... ok
test defringe_hue_band_changes_edge_but_not_flat_colour ... ok
test manual_vignette_runs_before_tone_and_off_is_exact ... ok
test guided_upright_and_manual_transform_compose ... ok

test result: ok. 4 passed; 0 failed; 0 ignored; 0 measured; 0 filtered out; finished in 0.02s

     Running tests/lens_profiles.rs (/Users/rutmehta/.cache/tessera-target/LR-4-parametric-masks/debug/deps/lens_profiles-7b51236603b4ca68)

running 5 tests
test supplied_profile_beats_image_and_none_bypasses_it ... ok
test profile_render_applies_vignette_and_channel_maps ... ok
test zero_profile_strengths_are_bit_exact_to_off ... ok
test auto_calibration_recovers_synthetic_radial_falloff ... ok
test postdemosaic_auto_ca_reduces_channel_edge_error ... ok

test result: ok. 5 passed; 0 failed; 0 ignored; 0 measured; 0 filtered out; finished in 0.65s

     Running tests/lens_stages.rs (/Users/rutmehta/.cache/tessera-target/LR-4-parametric-masks/debug/deps/lens_stages-4a63bee57a027583)

running 2 tests
test list2_aligns_camera_planes_before_matrix_and_nonlinear_tone ... ok
test exact_profile_ca_precedes_bayer_demosaic_and_channel_mixing ... ok

test result: ok. 2 passed; 0 failed; 0 ignored; 0 measured; 0 filtered out; finished in 0.03s

     Running tests/locals.rs (/Users/rutmehta/.cache/tessera-target/LR-4-parametric-masks/debug/deps/locals-b675ecaa3b079120)

running 2 tests
test local_exposure_only_doubles_selected_linear_pixels ... ok
test every_local_slider_changes_a_textured_colour_image ... ok

test result: ok. 2 passed; 0 failed; 0 ignored; 0 measured; 0 filtered out; finished in 0.00s

     Running tests/locals_invariants.rs (/Users/rutmehta/.cache/tessera-target/LR-4-parametric-masks/debug/deps/locals_invariants-3e6b22e0f2627955)

running 4 tests
test invalid_controls_and_blend_layouts_reject ... ok
test moire_is_a_documented_neutral_placeholder ... ok
test signed_hue_is_scaled_before_wrapping ... ok
test amount_scales_ev_not_alpha_and_disabled_groups_are_identity ... ok

test result: ok. 4 passed; 0 failed; 0 ignored; 0 measured; 0 filtered out; finished in 0.00s

     Running tests/lr4_tree.rs (/Users/rutmehta/.cache/tessera-target/LR-4-parametric-masks/debug/deps/lr4_tree-4ad445cf89062a6f)

running 4 tests
test lr4_limits_nested_recursion_before_allocating_planes ... ok
test lr4_all_disabled_stays_empty_even_when_group_inverted ... ok
test lr4_disabled_seed_is_skipped_before_intersection ... ok
test lr4_nested_intersection_then_subtraction_and_inversion ... ok

test result: ok. 4 passed; 0 failed; 0 ignored; 0 measured; 0 filtered out; finished in 0.00s

     Running tests/lr4b_bounds.rs (/Users/rutmehta/.cache/tessera-target/LR-4-parametric-masks/debug/deps/lr4b_bounds-89419c173b86dbde)

running 3 tests
test lr4b_disabled_parent_suppresses_invalid_bounds_in_descendants ... ok
test lr4b_invalid_bounds_are_rejected_before_rendering ... ok
test lr4b_asymmetric_bounds_roundtrip_and_render ... ok

test result: ok. 3 passed; 0 failed; 0 ignored; 0 measured; 0 filtered out; finished in 0.00s

     Running tests/lr4c_masks.rs (/Users/rutmehta/.cache/tessera-target/LR-4-parametric-masks/debug/deps/lr4c_masks-79376147e8f1a9d1)

running 2 tests
test lr4c_luminance_selection_uses_display_encoded_luminance ... ok
test lr4c_masks_are_anchored_before_guided_upright ... ok

test result: ok. 2 passed; 0 failed; 0 ignored; 0 measured; 0 filtered out; finished in 0.02s

     Running tests/m2.rs (/Users/rutmehta/.cache/tessera-target/LR-4-parametric-masks/debug/deps/m2-63906d95ad772e46)

running 1 test
test m2_render_controls_and_crop_are_wired ... ok

test result: ok. 1 passed; 0 failed; 0 ignored; 0 measured; 0 filtered out; finished in 0.55s

     Running tests/manual_ca.rs (/Users/rutmehta/.cache/tessera-target/LR-4-parametric-masks/debug/deps/manual_ca-8ad1b1e1d4649d51)

running 3 tests
test manual_ca_maps_crs_keys_independently ... ok
test nonfinite_manual_ca_rejected ... ok
test independent_manual_ca_works_without_auto_ca_or_profile ... ok

test result: ok. 3 passed; 0 failed; 0 ignored; 0 measured; 0 filtered out; finished in 0.01s

     Running tests/masks.rs (/Users/rutmehta/.cache/tessera-target/LR-4-parametric-masks/debug/deps/masks-d14f5df00b704ed8)

running 17 tests
test diagonal_gradient_clamps_and_is_level_relative ... ok
test depth_feather_and_hdr_luminance_are_not_clipped ... ok
test brush_interpolates_path_in_pixel_metric ... ok
test brush_stamps_accumulate_pressure_and_erase ... ok
test empty_group_never_selects_even_if_inverted ... ok
test color_range_oklab_distance_and_smoothness ... ok
test composition_and_inversion ... ok
test brush_zero_pressure_flow_and_erase_paths ... ok
test linear_centres_and_empty ... ok
test guided_refinement_smooths_flat_guide_but_preserves_edges ... ok
test radial_feather_and_rotation ... ok
test guided_two_dimensional_flat_reference_and_large_radius ... ok
test rejects_nonfinite_rgb_inserted_by_tile ... ok
test luminance_and_depth_ranges ... ok
test rejects_invalid_options_and_geometry ... ok
test rejects_unsafe_brush_and_all_unsupported_ai ... ok
test stamp_budget_is_checked_before_rasterising ... ok

test result: ok. 17 passed; 0 failed; 0 ignored; 0 measured; 0 filtered out; finished in 0.00s

     Running tests/mosaic.rs (/Users/rutmehta/.cache/tessera-target/LR-4-parametric-masks/debug/deps/mosaic-246a77b9106f82df)

running 3 tests
test mhc_impulse_has_paper_gradient_coefficients ... ok
test clipping_and_channel_propagation_are_distinct ... ok
test both_algorithms_preserve_flat_colours_all_bayer_phases ... ok

test result: ok. 3 passed; 0 failed; 0 ignored; 0 measured; 0 filtered out; finished in 0.00s

     Running tests/opcode_fixtures.rs (/Users/rutmehta/.cache/tessera-target/LR-4-parametric-masks/debug/deps/opcode_fixtures-f5191e2d4d800b21)

running 1 test
test real_opcode_fixtures_when_available ... ok

test result: ok. 1 passed; 0 failed; 0 ignored; 0 measured; 0 filtered out; finished in 0.01s

     Running tests/operators.rs (/Users/rutmehta/.cache/tessera-target/LR-4-parametric-masks/debug/deps/operators-b80e75200adeecfb)

running 2 tests
test profile_then_cat16_neutralises_grey ... ok
test exposure_doubles_linear_before_display ... ok

test result: ok. 2 passed; 0 failed; 0 ignored; 0 measured; 0 filtered out; finished in 0.00s

     Running tests/output.rs (/Users/rutmehta/.cache/tessera-target/LR-4-parametric-masks/debug/deps/output-42451ea4bdf1d883)

running 3 tests
test output_gamut_mapping_bounds_saturated_pixels_and_keeps_warnings ... ok
test proof_handle_is_checked_and_shared_proof_transform_is_used ... ok
test managed_render_uses_selected_target_without_srgb_intermediate ... ok

test result: ok. 3 passed; 0 failed; 0 ignored; 0 measured; 0 filtered out; finished in 0.02s

     Running tests/render.rs (/Users/rutmehta/.cache/tessera-target/LR-4-parametric-masks/debug/deps/render-74b147690fab1ade)

running 2 tests
test sigmoid_is_black_anchored_monotone_and_pivoted ... ok
test rgb_render_handles_edge_tiles_and_is_deterministic ... ok

test result: ok. 2 passed; 0 failed; 0 ignored; 0 measured; 0 filtered out; finished in 0.02s

     Running tests/smart_preview.rs (/Users/rutmehta/.cache/tessera-target/LR-4-parametric-masks/debug/deps/smart_preview-66a1bfb69b3fe18f)

running 7 tests
test embedded_prefix_stages_agree_and_late_stage_requires_original ... ok
test default_auto_lens_correction_is_applied_once ... ok
test odd_crop_area_bins_match_independent_demosaic_and_keep_negative_values ... ok
test odd_crop_is_bounded_and_keeps_sensor_orientation_and_hdr ... ok
test hdr_presentation_policy_does_not_change_proxy_prefix_or_relax_legacy_validation ... ok
test geometry_remains_editable_but_lens_and_raw_denoise_require_original ... ok
test camera_linear_scale_one_preserves_calibration_wb_and_exposure ... ok

test result: ok. 7 passed; 0 failed; 0 ignored; 0 measured; 0 filtered out; finished in 0.30s

     Running tests/smart_preview_codec.rs (/Users/rutmehta/.cache/tessera-target/LR-4-parametric-masks/debug/deps/smart_preview_codec-2aaedc690c477d22)

running 14 tests
test real_legacy_v1_asset_reopen_and_edit_parity ... ignored, requires TESSERA_CODEC_LEGACY_ASSET, TESSERA_CODEC_LEGACY_REPORT and TESSERA_CODEC_OUTPUT_DIR
test real_raw_fixture_measurement ... ignored, requires TESSERA_CODEC_RAW_FIXTURE and TESSERA_CODEC_OUTPUT_DIR
test deterministic_round_trip_preserves_metadata_lens_prefix_and_editable_wb ... ok
test container_identity_binds_metadata_source_length_and_encoded_payload ... ok
test authenticated_but_invalid_snapshot_is_rejected ... ok
test malformed_header_lengths_versions_payload_digest_and_corruption_fail_closed ... ok
test authenticated_duplicate_nested_member_is_rejected_before_value_validation ... ok
test authenticated_missing_and_unknown_nested_members_fail_closed ... ok
test authenticated_lens_mode_source_mismatches_are_rejected ... ok
test legacy_v1_detail_decodes_but_new_container_requires_explicit_supported_tier ... ok
test legacy_v1_rejects_even_null_tier_metadata ... ok
test bounded_decompression_rejects_compressed_bomb_with_small_declared_output ... ok
test odd_crop_scale_and_original_embedded_opcode_bytes_survive_reopen ... ok
test explicit_tiers_round_trip_with_validated_scale_and_unchanged_default ... ok

test result: ok. 12 passed; 0 failed; 2 ignored; 0 measured; 0 filtered out; finished in 0.23s

     Running tests/white_balance_v2.rs (/Users/rutmehta/.cache/tessera-target/LR-4-parametric-masks/debug/deps/white_balance_v2-8660fe7bfe948467)

running 3 tests
test camera_calibration_preserves_known_illuminant_chromaticity ... ok
test tint_is_perpendicular_duv_with_full_slider_range ... ok
test fixture_as_shot_roundtrip_and_slider_directions ... ok

test result: ok. 3 passed; 0 failed; 0 ignored; 0 measured; 0 filtered out; finished in 3.59s

     Running unittests src/lib.rs (/Users/rutmehta/.cache/tessera-target/LR-4-parametric-masks/debug/deps/pipeline_gpu-1392b1dba77a2461)

running 22 tests
test resident::tests::single_pass_preserves_dispatch_and_clear_order ... ignored, requires Metal; checks >4096 dispatches and ordered clear in one pass
test resident::tests::export_sensor_pages_survive_a_zero_memo_budget ... ok
test fused::tests::constants_cache_reuses_equal_keys_and_invalidates_edits ... ok
test resident_locals::lr4_tests::lr4_disabled_components_do_not_seed_gpu_masks ... ok
test resident_locals::lr4_tests::lr4_gpu_rejects_trees_instead_of_rendering_fallback_geometry ... ok
test tone_local::tests::shared_means_benchmark ... ignored, manual wall-clock benchmark; includes allocation, upload and readback
test fused::tests::grading_directions_are_prepared_once_per_parameter_set ... ok
test resident::tests::lru_packed_alignment_replacement_and_oversize ... ok
test tone_local_compute_tests::local_means_use_cooperative_workgroup_storage ... ok
test resident::tests::resample_dispatch_covers_only_intersecting_blocks ... ok
test resident_locals::lr4b_tests::lr4b_four_bounds_explicitly_require_cpu ... ok
test tone_local::tests::in_place_percentiles_match_sort_for_repeated_selections ... ok
test resident::tests::resident_shaders_validate_without_a_device ... ok
test tone_local::tests::dependent_dispatches_wait_for_one_readback_pass ... ok
test tone_local_compute_tests::isolated_local_tone_preserves_contracts ... ok
test tone_local::tests::shared_means_match_ordered_global_reference ... ok
test tone_local_compute_tests::local_pipelines_are_reused_and_device_scoped ... ok
test resident::shared_bridge_tests::shared_device_resident_bridge_runs_without_pixel_transfers ... ok
test resident::shared_bridge_tests::exported_packed_view_reports_half_pairs_and_retains_storage ... ok
test resident::shared_bridge_tests::bridge_rejects_invalid_imports_and_foreign_exports ... ok
test tone_local::tests::presence_reuses_moments_and_skips_inactive_scale ... ok
test tone_local_compute_tests::isolated_local_tone_matches_cpu ... ok

test result: ok. 20 passed; 0 failed; 2 ignored; 0 measured; 0 filtered out; finished in 1.31s

     Running tests/cfa_resident.rs (/Users/rutmehta/.cache/tessera-target/LR-4-parametric-masks/debug/deps/cfa_resident-5c270116b842009e)

running 6 tests
test benchmark_real_cfa_first_frame_then_tone_only ... ignored, requires Metal, RAW fixtures, pinned CFA weights and measured per-fixture calibration
test packed_queue_writes_do_not_overwrite_earlier_unsubmitted_compute ... ok
test gpu_unpack_rotations_halos_masks_and_amount_endpoints ... ok
test managed_export_bands_retain_the_injected_cfa_backend ... ok
test resident_chain_reuses_inference_and_matches_cpu_and_bands ... ok
test gpu_cfa_masked_chain_matches_cpu_for_odd_rotations_crops_and_previews ... ok

test result: ok. 5 passed; 0 failed; 1 ignored; 0 measured; 0 filtered out; finished in 3.55s

     Running tests/critic_metrics.rs (/Users/rutmehta/.cache/tessera-target/LR-4-parametric-masks/debug/deps/critic_metrics-88f1999502028bc5)

running 3 tests
test reduction_counts_channel_endpoints_unions_and_partial_bands ... ok
test composed_optics_metrics_match_rendered_pixels_without_poisoning_wb_cache ... ok
test full_resolution_reduction_matches_cpu_counting_and_reuses_stages ... ok

test result: ok. 3 passed; 0 failed; 0 ignored; 0 measured; 0 filtered out; finished in 2.76s

     Running tests/detail_compute.rs (/Users/rutmehta/.cache/tessera-target/LR-4-parametric-masks/debug/deps/detail_compute-55a620d6efa548bf)

running 6 tests
test isolated_validation_matches_cpu_before_any_write ... ok
test isolated_neutral_signed_zero_bits_and_explicit_disable ... ok
test isolated_partition_invariance_with_real_neighbors ... ok
test detail_public_route_submits_compute ... ok
test isolated_signed_hdr_smooth_noise_and_control_endpoints ... ok
test isolated_detail_matches_reference_and_preserves_halo ... ok

test result: ok. 6 passed; 0 failed; 0 ignored; 0 measured; 0 filtered out; finished in 0.57s

     Running tests/edges.rs (/Users/rutmehta/.cache/tessera-target/LR-4-parametric-masks/debug/deps/edges-a4b9d20c7ba126d1)

running 3 tests
test empty_and_cancelled_batches_do_not_submit ... ok
test invalid_layout_parameters_and_chain_fail_without_submission ... ok
test black_clipped_and_exposure_extremes ... ok

test result: ok. 3 passed; 0 failed; 0 ignored; 0 measured; 0 filtered out; finished in 0.56s

     Running tests/effects_compute.rs (/Users/rutmehta/.cache/tessera-target/LR-4-parametric-masks/debug/deps/effects_compute-f20906276d327166)

running 6 tests
test isolated_validation_matches_cpu ... ok
test isolated_hash_exact_u64_pairs ... ok
test isolated_seams_are_bit_exact ... ok
test public_effects_executes_compute ... ok
test isolated_extremes_finite_and_clamped_controls ... ok
test isolated_styles_signed_hdr_crop_halos_levels_and_neutral ... ok

test result: ok. 6 passed; 0 failed; 0 ignored; 0 measured; 0 filtered out; finished in 1.70s

     Running tests/export_float.rs (/Users/rutmehta/.cache/tessera-target/LR-4-parametric-masks/debug/deps/export_float-486ef1b403bccdd5)

running 2 tests
test resident_export_is_float_and_reads_once ... ok
test export_retires_uploads_without_intermediate_readback ... ok

test result: ok. 2 passed; 0 failed; 0 ignored; 0 measured; 0 filtered out; finished in 2.37s

     Running tests/fixtures.rs (/Users/rutmehta/.cache/tessera-target/LR-4-parametric-masks/debug/deps/fixtures-f9479f826078ae54)

running 6 tests
test bench_full_level2_m2_chain_gpu_vs_cpu ... ignored
test bench_full_level2_tone_only_gpu_vs_cpu ... ignored
test color_difference::tests::sharma_reference_vectors_in_both_directions ... ok
test color_difference::tests::negatives_are_clamped_in_xyz_not_rgb ... ok
test color_difference::tests::raw_linear_neutrals_and_identity ... ok
test fixture_level3_tolerance_per_operator_and_output ... ok

test result: ok. 4 passed; 0 failed; 2 ignored; 0 measured; 0 filtered out; finished in 49.24s

     Running tests/fusion_compute.rs (/Users/rutmehta/.cache/tessera-target/LR-4-parametric-masks/debug/deps/fusion_compute-1f5d7b0ba6df275b)

running 3 tests
test fusion_validation_and_cancellation_do_not_submit ... ok
test tone_curves_color_effects_share_one_transfer ... ok
test fused_output_levels_crop_styles_display_and_edits_match_cpu ... ok

test result: ok. 3 passed; 0 failed; 0 ignored; 0 measured; 0 filtered out; finished in 0.58s

     Running tests/geometry_compute.rs (/Users/rutmehta/.cache/tessera-target/LR-4-parametric-masks/debug/deps/geometry_compute-85bd6dbb9e674c0a)

running 4 tests
test isolated_geometry_identity_validation_and_extremes ... ok
test active_geometry_submits_once_and_matches_reference ... ok
test extended_geometry_falls_back_without_gpu_transfers ... ok
test isolated_geometry_matches_cpu ... ok

test result: ok. 4 passed; 0 failed; 0 ignored; 0 measured; 0 filtered out; finished in 0.68s

     Running tests/hdr_surface.rs (/Users/rutmehta/.cache/tessera-target/LR-4-parametric-masks/debug/deps/hdr_surface-40043caa3211184c)

running 4 tests
test surface_format_must_match_output ... ok
test edr_surface_keeps_values_above_sdr_white_without_pixel_readback ... ok
test sdr_output_is_bit_identical_to_pre_edr_fingerprints ... ok
test edr_tiles_match_cpu_reference_and_unit_headroom_is_sdr_linear ... ok

test result: ok. 4 passed; 0 failed; 0 ignored; 0 measured; 0 filtered out; finished in 12.24s

     Running tests/interactive_geometry.rs (/Users/rutmehta/.cache/tessera-target/LR-4-parametric-masks/debug/deps/interactive_geometry-e5be6c62946ce979)

running 2 tests
test l2_interactive_composed_geometry_matches_resident_export ... ok
test scalar_composed_lens_geometry_matches_export ... ok

test result: ok. 2 passed; 0 failed; 0 ignored; 0 measured; 0 filtered out; finished in 0.78s

     Running tests/interactive_performance.rs (/Users/rutmehta/.cache/tessera-target/LR-4-parametric-masks/debug/deps/interactive_performance-c7b74be24465af29)

running 2 tests
test bench_interactive_per_operator ... ignored, requires real RAW fixtures and Metal; prints interactive frame times
test bench_l2_composed_geometry_budget ... ignored, requires a real >=30 MP NEF, Metal and release build; asserts geometry drag budget

test result: ok. 0 passed; 0 failed; 2 ignored; 0 measured; 0 filtered out; finished in 0.00s

     Running tests/lateral_ca_batch.rs (/Users/rutmehta/.cache/tessera-target/LR-4-parametric-masks/debug/deps/lateral_ca_batch-c64ef3cbfb645be6)

running 5 tests
test host_ca_declines_all_staged_opcodes_before_gpu_work ... ok
test host_batch_rejects_missing_dependencies_and_cancelled_work ... ok
test managed_exports_decline_staged_opcodes_even_with_a_supplied_plan ... ok
test host_demosaic_ca_batches_sensor_neighbours_with_one_readback ... ok
test resident_bands_keep_ca_in_sensor_frame_before_crop_and_readback ... ok

test result: ok. 5 passed; 0 failed; 0 ignored; 0 measured; 0 filtered out; finished in 1.95s

     Running tests/level_mode.rs (/Users/rutmehta/.cache/tessera-target/LR-4-parametric-masks/debug/deps/level_mode-1c9a7132600377b1)

running 4 tests
test warm_point_edits_are_one_fused_level_pass ... ok
test level_zero_detail_edits_do_not_redecode ... ok
test whole_level_matches_per_tile_resident_path_bitwise ... ok
test whole_level_detail_and_effects_match_cpu ... ok

test result: ok. 4 passed; 0 failed; 0 ignored; 0 measured; 0 filtered out; finished in 41.73s

     Running tests/local_tone_resident.rs (/Users/rutmehta/.cache/tessera-target/LR-4-parametric-masks/debug/deps/local_tone_resident-15dfd7a937231a0e)

running 9 tests
test bench_level_barrier ... ignored
test abandoned_dehaze_batch_does_not_publish_statistics ... ok
test dehaze_exact_statistics_edge_cases ... ok
test dehaze_statistics_stay_resident_for_cold_and_repeated_inputs ... ok
test exact_resident_local_tone_matches_cpu_per_operator ... ok
test default_previews_are_exact ... ok
test preview_approximation_is_bounded_on_synthetic_scenes ... ok
test level_zero_resident_presence_matches_cpu_renderer has been running for over 60 seconds
test preview_approximation_is_bounded_on_real_fixtures has been running for over 60 seconds
test level_zero_resident_presence_matches_cpu_renderer ... ok
test preview_approximation_is_bounded_on_real_fixtures ... ok

test result: ok. 8 passed; 0 failed; 1 ignored; 0 measured; 0 filtered out; finished in 137.63s

     Running tests/locals_compute.rs (/Users/rutmehta/.cache/tessera-target/LR-4-parametric-masks/debug/deps/locals_compute-6839a9338bdff3e1)

running 3 tests
test local_blend_computes_on_gpu_with_linear_tolerance ... ok
test oversized_local_blend_uses_cpu_instead_of_invalid_dispatch ... ok
test local_recipe_falls_back_from_resident_surface_and_matches_cpu ... ok

test result: ok. 3 passed; 0 failed; 0 ignored; 0 measured; 0 filtered out; finished in 1.35s

     Running tests/m2.rs (/Users/rutmehta/.cache/tessera-target/LR-4-parametric-masks/debug/deps/m2-c800c747c74eb432)

running 3 tests
test curves_execute_on_gpu_for_tiles_and_images ... ok
test color_black_and_signed_neutrals_stay_finite ... ok
test color_controls_use_compute_and_match_reference ... ok

test result: ok. 3 passed; 0 failed; 0 ignored; 0 measured; 0 filtered out; finished in 0.50s

     Running tests/m2_fallback.rs (/Users/rutmehta/.cache/tessera-target/LR-4-parametric-masks/debug/deps/m2_fallback-f0903bdf23a6d649)

running 2 tests
test curve_color_validation_and_neutral_bits ... ok
test m2_tiles_and_image_barriers_match_cpu ... ok

test result: ok. 2 passed; 0 failed; 0 ignored; 0 measured; 0 filtered out; finished in 0.65s

     Running tests/managed_output.rs (/Users/rutmehta/.cache/tessera-target/LR-4-parametric-masks/debug/deps/managed_output-4c3efb572ca88ea7)

running 3 tests
test typed_lut_rejects_inconsistent_dimensions ... ok
test icc_lut_matches_cpu_sampling_and_direct_transform ... ok
test renderer_managed_output_bypasses_legacy_display_and_reuses_scene_cache ... ok

test result: ok. 3 passed; 0 failed; 0 ignored; 0 measured; 0 filtered out; finished in 0.90s

     Running tests/managed_policy.rs (/Users/rutmehta/.cache/tessera-target/LR-4-parametric-masks/debug/deps/managed_policy-097f1fbe4c328c33)

running 2 tests
test managed_output_rejects_oversized_layout_without_panicking ... ok
test managed_gpu_matches_cpu_tone_gamut_and_proof_policy ... ok

test result: ok. 2 passed; 0 failed; 0 ignored; 0 measured; 0 filtered out; finished in 1.64s

     Running tests/managed_printer.rs (/Users/rutmehta/.cache/tessera-target/LR-4-parametric-masks/debug/deps/managed_printer-eeec3fe1b8a528dc)

running 1 test
test synthetic_printer_gpu_warns_and_simulates_paper_against_cpu ... ok

test result: ok. 1 passed; 0 failed; 0 ignored; 0 measured; 0 filtered out; finished in 0.61s

     Running tests/managed_resident.rs (/Users/rutmehta/.cache/tessera-target/LR-4-parametric-masks/debug/deps/managed_resident-215930826c405555)

running 1 test
test resident_managed_display_matches_cpu_across_proof_and_gamut_modes ... ok

test result: ok. 1 passed; 0 failed; 0 ignored; 0 measured; 0 filtered out; finished in 3.06s

     Running tests/managed_surface.rs (/Users/rutmehta/.cache/tessera-target/LR-4-parametric-masks/debug/deps/managed_surface-155859507d27ac4e)

running 1 test
test proof_surface_matches_tile_output_without_pixel_readback ... ok

test result: ok. 1 passed; 0 failed; 0 ignored; 0 measured; 0 filtered out; finished in 0.92s

     Running tests/operator_performance.rs (/Users/rutmehta/.cache/tessera-target/LR-4-parametric-masks/debug/deps/operator_performance-935606e1e54b84c8)

running 1 test
test bench_nef_per_operator_l2_l0 ... ignored, requires a real NEF, Metal, and potentially several minutes at full L0

test result: ok. 0 passed; 0 failed; 1 ignored; 0 measured; 0 filtered out; finished in 0.00s

     Running tests/operators.rs (/Users/rutmehta/.cache/tessera-target/LR-4-parametric-masks/debug/deps/operators-9410e5afd15b60c7)

running 6 tests
test tone_signed_rgb_near_zero_luminance_matches_f64_reference ... ignored, engine follow-up: signed-luminance conditioning; main exceeds f64-reference bound
test matrix_matches_cpu_and_is_deterministic ... ok
test batch_chain_matches_cpu ... ok
test cat16_white_balance ... ok
test tone_and_display ... ok
test bayer_operators_all_phases ... ok

test result: ok. 5 passed; 0 failed; 1 ignored; 0 measured; 0 filtered out; finished in 1.50s

     Running tests/output_lut.rs (/Users/rutmehta/.cache/tessera-target/LR-4-parametric-masks/debug/deps/output_lut-5a8293233012503b)

running 4 tests
test rejects_wrong_size_or_nonfinite_lut_nodes ... ok
test rejects_non_rgb_and_nonfinite_input ... ok
test resident_buffers_chain_without_host_pixel_roundtrip ... ok
test gpu_output_lut_matches_cpu_trilinear_with_halos_and_clamping ... ok

test result: ok. 4 passed; 0 failed; 0 ignored; 0 measured; 0 filtered out; finished in 0.43s

     Running tests/renderer.rs (/Users/rutmehta/.cache/tessera-target/LR-4-parametric-masks/debug/deps/renderer-af088a71409cd7c4)

running 1 test
test synthetic_renderer_and_tone_chain_transfers ... ok

test result: ok. 1 passed; 0 failed; 0 ignored; 0 measured; 0 filtered out; finished in 53.58s

     Running tests/resident.rs (/Users/rutmehta/.cache/tessera-target/LR-4-parametric-masks/debug/deps/resident-1baaa6eb0ff11c42)

running 7 tests
test bench_nef_level2_resident ... ignored, requires Metal and the Nikon NEF fixture; prints measurements, not a target guarantee
test cancelled_batch_publishes_nothing_and_does_not_submit_compute ... ok
test raw_source_cache_preserves_sensor_precision_and_accounts_f32_bytes ... ok
test fused_tone_display_matches_separate_dispatches ... ok
test resident_cache_budget_is_bounded ... ok
test partial_preview_gathers_unrequested_detail_neighbours_without_cache ... ok
test resident_graph_one_submission_and_warm_edits_without_uploads ... ok

test result: ok. 6 passed; 0 failed; 1 ignored; 0 measured; 0 filtered out; finished in 17.62s

     Running tests/resident_fusion.rs (/Users/rutmehta/.cache/tessera-target/LR-4-parametric-masks/debug/deps/resident_fusion-5299bdae987cdc81)

running 5 tests
test geometry_and_locals_keep_surface_fallback ... ok
test resident_point_chain_is_one_dispatch_and_matches_cpu ... ok
test resident_capability_matches_extended_settings_and_backend ... ok
test bayer_renderer_fuses_edits_and_reuses_resident_cache ... ok
test xtrans_renderer_fuses_edits_and_reuses_resident_cache ... ok

test result: ok. 5 passed; 0 failed; 0 ignored; 0 measured; 0 filtered out; finished in 2.81s

     Running tests/resident_large.rs (/Users/rutmehta/.cache/tessera-target/LR-4-parametric-masks/debug/deps/resident_large-24e83caed0be580f)

running 1 test
test full_nef_transaction_keeps_device_alive ... ignored, requires the full Nikon NEF fixture and Metal

test result: ok. 0 passed; 0 failed; 1 ignored; 0 measured; 0 filtered out; finished in 0.01s

     Running tests/resident_locals.rs (/Users/rutmehta/.cache/tessera-target/LR-4-parametric-masks/debug/deps/resident_locals-52f8ea24b937a6a6)

running 8 tests
test locals_24mp ... ignored, 24MP GPU/CPU regression; run explicitly
test exposure_and_independent_identity ... ok
test invalid_parameters_and_external_masks_are_rejected ... ok
test neutral_skipped_groups_and_parameter_scaling ... ok
test procedural_masks_and_composition_match_cpu ... ok
test local_point_operators_match_cpu ... ok
test local_spatial_operators_match_cpu ... ok
test complete_chain_and_tile_boundaries ... ok

test result: ok. 7 passed; 0 failed; 1 ignored; 0 measured; 0 filtered out; finished in 2.94s

     Running tests/resident_rgb_optics.rs (/Users/rutmehta/.cache/tessera-target/LR-4-parametric-masks/debug/deps/resident_rgb_optics-71e523085d763104)

running 4 tests
test unresolved_auto_and_ca_are_not_silently_identity ... ok
test unsupported_controls_and_invalid_frames_are_rejected ... ok
test resolved_ca_and_profile_gain_match_scalar_coordinates ... ok
test manual_gain_and_geometry_stay_resident_and_match_reference ... ok

test result: ok. 4 passed; 0 failed; 0 ignored; 0 measured; 0 filtered out; finished in 0.52s

     Running tests/resident_xtrans.rs (/Users/rutmehta/.cache/tessera-target/LR-4-parametric-masks/debug/deps/resident_xtrans-889101a691459926)

running 4 tests
test resident_xtrans_rejects_invalid_cfa_and_layout_before_dispatch ... ok
test resident_xtrans_highlights_match_cpu_without_intermediate_readback ... ok
test resident_xtrans_matches_cpu_at_all_tile_phases_and_preserves_known_samples ... ok
test resident_xtrans_gather_matches_cpu_at_frame_edges_and_tile_seams ... ok

test result: ok. 4 passed; 0 failed; 0 ignored; 0 measured; 0 filtered out; finished in 0.62s

     Running tests/rgb.rs (/Users/rutmehta/.cache/tessera-target/LR-4-parametric-masks/debug/deps/rgb-94ff607bc28fbdac)

running 1 test
test resident_rgb_tone_edits_match_cpu ... ok

test result: ok. 1 passed; 0 failed; 0 ignored; 0 measured; 0 filtered out; finished in 1.24s

     Running tests/smart_preview.rs (/Users/rutmehta/.cache/tessera-target/LR-4-parametric-masks/debug/deps/smart_preview-0a1f76273a62346b)

running 11 tests
test surface_checks::camera_linear_surface_matches_scalar ... ok
test surface_checks::camera_linear_half_surface_matches_scalar_edr_with_no_pixel_readback ... ok
test f32_negative_hdr_prefix_remains_finite_on_cold_warm_and_rejected_cache_paths ... ok
test unsupported_tail_locals_keep_scalar_fallback_and_export_guards ... ok
test surface_checks::coarse_proxy_sdr_and_edr_surfaces_match_scalar_without_pixel_readback ... ok
test display_linear_tiles_keep_scene_signed_hdr_until_the_display_transform ... ok
test reduced_nonsquare_guided_geometry_uses_proxy_dimensions_and_matches_scalar ... ok
test compact_scale_three_codec_reopen_keeps_captured_geometry_on_cpu ... ok
test camera_linear_matches_scalar_with_captured_ca_vignette_geometry_wb_and_cache_edits ... ok
test coarse_proxy_post_geometry_linear_reduction_matches_scalar_across_edits has been running for over 60 seconds
test surface_checks::unmapped_proxy_edits_restore_gpu_after_geometry_fallback_at_every_level has been running for over 60 seconds
test surface_checks::unmapped_proxy_edits_restore_gpu_after_geometry_fallback_at_every_level ... ok
test coarse_proxy_post_geometry_linear_reduction_matches_scalar_across_edits ... ok

test result: ok. 11 passed; 0 failed; 0 ignored; 0 measured; 0 filtered out; finished in 240.34s

     Running tests/tone_local_compute.rs (/Users/rutmehta/.cache/tessera-target/LR-4-parametric-masks/debug/deps/tone_local_compute-feaba7ffe67d458c)

running 1 test
test local_tone_uses_compute_and_matches_cpu ... ok

test result: ok. 1 passed; 0 failed; 0 ignored; 0 measured; 0 filtered out; finished in 0.54s

     Running unittests src/lib.rs (/Users/rutmehta/.cache/tessera-target/LR-4-parametric-masks/debug/deps/sidecar-09a4676d9e004684)

running 0 tests

test result: ok. 0 passed; 0 failed; 0 ignored; 0 measured; 0 filtered out; finished in 0.00s

     Running tests/develop.rs (/Users/rutmehta/.cache/tessera-target/LR-4-parametric-masks/debug/deps/develop-d9b07897417531f6)

running 5 tests
test aux_enhance_properties_become_provenance_not_edits ... ok
test lens_and_camera_profile_identity_round_trips ... ok
test adobe_pv6_fixture_maps_to_valid_recipe ... ok
test writes_every_mapped_key_and_reads_every_table_key ... ok
test native_recipe_exports_best_effort_pv6_with_companion ... ok

test result: ok. 5 passed; 0 failed; 0 ignored; 0 measured; 0 filtered out; finished in 0.06s

     Running tests/export_hash.rs (/Users/rutmehta/.cache/tessera-target/LR-4-parametric-masks/debug/deps/export_hash-1e72f20e61b70219)

running 4 tests
test unsigned_companion_is_not_trusted ... ok
test external_crs_edit_invalidates_native_revision ... ok
test stale_revision_cannot_be_reactivated_by_reexport ... ok
test reexport_refreshes_hash_and_prefix_changes_do_not_invalidate_it ... ok

test result: ok. 4 passed; 0 failed; 0 ignored; 0 measured; 0 filtered out; finished in 0.08s

     Running tests/export_policy.rs (/Users/rutmehta/.cache/tessera-target/LR-4-parametric-masks/debug/deps/export_policy-a0fead7a66e1f877)

running 8 tests
test nested_camera_and_structured_person_names_are_removed ... ok
test qualified_keywords_are_preserved_when_not_removed ... ok
test removes_person_and_location_before_writing_keyword_hierarchy ... ok
test hierarchy_switch_removes_hierarchy_without_removing_flat_keywords ... ok
test qualified_keyword_value_attributes_are_filtered_and_preserved ... ok
test hierarchy_person_names_are_collected_from_every_property ... ok
test restricted_policies_are_namespace_aware_and_preserve_contact ... ok
test qualified_person_declarations_remove_flat_keywords ... ok

test result: ok. 8 passed; 0 failed; 0 ignored; 0 measured; 0 filtered out; finished in 0.01s

     Running tests/export_resource_wrappers.rs (/Users/rutmehta/.cache/tessera-target/LR-4-parametric-masks/debug/deps/export_resource_wrappers-d88739bcba018ff8)

running 3 tests
test wrapped_people_hierarchy_removes_flat_keyword ... ok
test wrapped_person_keyword_is_removed ... ok
test wrapped_person_declaration_removes_flat_keyword ... ok

test result: ok. 3 passed; 0 failed; 0 ignored; 0 measured; 0 filtered out; finished in 0.00s

     Running tests/export_selection.rs (/Users/rutmehta/.cache/tessera-target/LR-4-parametric-masks/debug/deps/export_selection-ad9cd1b662b5444d)

running 1 test
test selection_update_preserves_language_alternatives_and_qualified_keywords ... ok

test result: ok. 1 passed; 0 failed; 0 ignored; 0 measured; 0 filtered out; finished in 0.00s

     Running tests/faces.rs (/Users/rutmehta/.cache/tessera-target/LR-4-parametric-masks/debug/deps/faces-53d5efa891a076b3)

running 6 tests
test empty_structures_accept_faces_without_losing_attributes ... ok
test alternate_prefixes_and_rdf_structs_preserve_non_face_regions ... ok
test dimensions_are_written_as_standard_mwg_structure ... ok
test normalized_faces_roundtrip_with_standard_namespaces_and_foreign_xml ... ok
test invalid_geometry_is_rejected_on_read_and_write ... ok
test person_keywords_are_opt_in_additive_and_unique ... ok

test result: ok. 6 passed; 0 failed; 0 ignored; 0 measured; 0 filtered out; finished in 0.00s

     Running tests/mapped_properties.rs (/Users/rutmehta/.cache/tessera-target/LR-4-parametric-masks/debug/deps/mapped_properties-533ab4e4ce9fb036)

running 1 test
test all_mapped_fields_round_trip ... ok

test result: ok. 1 passed; 0 failed; 0 ignored; 0 measured; 0 filtered out; finished in 18.55s

     Running tests/masks_complete.rs (/Users/rutmehta/.cache/tessera-target/LR-4-parametric-masks/debug/deps/masks_complete-736e182097e514c4)

running 15 tests
test direct_foreign_opaque_and_invalid_fail_atomically ... ok
test lr4_arbitrary_legacy_fallback_survives_native_roundtrip ... ok
test direct_foreign_radial_rdf_description_attributes ... ok
test lr4_optional_tree_and_disabled_fields_roundtrip ... ok
test direct_luminance_range ... ok
test direct_linear_all_combines_and_local_params ... ok
test direct_oklab_color_range ... ok
test direct_radial_foreign_edit_does_not_use_stale_geometry ... ok
test direct_brush_multiple_strokes_pressure_erase ... ok
test direct_radial_geometry_exact ... ok
test foreign_unsupported_source_retained_on_export ... ok
test direct_ai_all_kinds_models_and_prompts ... ok
test linear_identity_combine_overlay_exact ... ok
test lr4b_four_bounds_native_xmp_roundtrip ... ok
test pipeline_all_mask_kinds ... ok

test result: ok. 15 passed; 0 failed; 0 ignored; 0 measured; 0 filtered out; finished in 0.38s

     Running tests/native_keywords.rs (/Users/rutmehta/.cache/tessera-target/LR-4-parametric-masks/debug/deps/native_keywords-38a9c472f2c6cae9)

running 2 tests
test overlay_retains_language_alternatives_qualifiers_and_namespace_shadowing ... ok
test native_keyword_merge_preserves_qualified_xmp_and_person_filtering ... ok

test result: ok. 2 passed; 0 failed; 0 ignored; 0 measured; 0 filtered out; finished in 0.00s

     Running tests/native_review_merge.rs (/Users/rutmehta/.cache/tessera-target/LR-4-parametric-masks/debug/deps/native_review_merge-8a6f342ec41386f7)

running 1 test
test overrides_match_expanded_names_preserving_qualified_values_and_empty_overrides ... ok

test result: ok. 1 passed; 0 failed; 0 ignored; 0 measured; 0 filtered out; finished in 0.00s

     Running tests/regressions.rs (/Users/rutmehta/.cache/tessera-target/LR-4-parametric-masks/debug/deps/regressions-6d2e102ad788a8e1)

running 2 tests
test opaque_and_untranslatable_values_are_not_overwritten_by_noop_export ... ok
test exhaustive_normalized_selections_and_custom_presets ... ok

test result: ok. 2 passed; 0 failed; 0 ignored; 0 measured; 0 filtered out; finished in 0.02s

     Running tests/roundtrip.rs (/Users/rutmehta/.cache/tessera-target/LR-4-parametric-masks/debug/deps/roundtrip-a970f5e32ec41a79)

running 1 test
test recipe_atomic_roundtrip_and_schema_guard ... ok

test result: ok. 1 passed; 0 failed; 0 ignored; 0 measured; 0 filtered out; finished in 0.02s

     Running tests/schema_upgrade.rs (/Users/rutmehta/.cache/tessera-target/LR-4-parametric-masks/debug/deps/schema_upgrade-78c9e75f91cb6df7)

running 1 test
test legacy_envelope_upgrades_recipe_without_changing_sync_metadata ... ok

test result: ok. 1 passed; 0 failed; 0 ignored; 0 measured; 0 filtered out; finished in 0.00s

     Running tests/schema_v4.rs (/Users/rutmehta/.cache/tessera-target/LR-4-parametric-masks/debug/deps/schema_v4-6cdef750f4c2422c)

running 1 test
test newer_than_writable_envelope_reads_and_every_write_refuses ... ok

test result: ok. 1 passed; 0 failed; 0 ignored; 0 measured; 0 filtered out; finished in 0.00s

     Running tests/selection.rs (/Users/rutmehta/.cache/tessera-target/LR-4-parametric-masks/debug/deps/selection-4a8ac8cebfb45b2d)

running 1 test
test selection_uses_dynamic_media_flags_not_keywords ... ok

test result: ok. 1 passed; 0 failed; 0 ignored; 0 measured; 0 filtered out; finished in 0.00s

     Running tests/storage.rs (/Users/rutmehta/.cache/tessera-target/LR-4-parametric-masks/debug/deps/storage-452278a69291b6fc)

running 10 tests
test lww_uses_write_time_not_vector_sum_and_converges ... ok
test protected_store_path_survives_original_going_offline ... ok
test lightroom_owned_symlink_rejects_writes ... ok
test xmp_disk_write_is_atomic_and_readable ... ok
test protected_edits_survive_parent_rename_in_app_store ... ok

running 1 test
test lightroom_owned_destinations_reject_direct_writes ... ok
test catalog_beside_photos_and_preview_substrings_are_writable ... ok
test protected_offline_alias_survives_process_restart ... ok

test result: ok. 1 passed; 0 failed; 0 ignored; 0 measured; 9 filtered out; finished in 0.01s

test protected_offline_alias_survives_process_restart ... ok
test protected_rewrite_preserves_recipe_and_realiases_new_content ... ok

running 1 test
test protected_rewrite_does_not_redirect_another_paths_existing_recipe ... ok

test result: ok. 1 passed; 0 failed; 0 ignored; 0 measured; 9 filtered out; finished in 0.00s

test protected_rewrite_does_not_redirect_another_paths_existing_recipe ... ok

test result: ok. 10 passed; 0 failed; 0 ignored; 0 measured; 0 filtered out; finished in 0.15s

     Running tests/structures_complete.rs (/Users/rutmehta/.cache/tessera-target/LR-4-parametric-masks/debug/deps/structures_complete-684ce6db36b781c5)

running 5 tests
test codec_empty_and_legacy_lens_blur_are_disabled ... ok
test codec_foreign_structures_are_not_misrepresented ... ok
test codec_empty_legacy_alias_does_not_clear_retouch ... ok
test codec_round_trips_every_structure_independently ... ok
test nonempty_structures_round_trip_without_source_packet ... ok

test result: ok. 5 passed; 0 failed; 0 ignored; 0 measured; 0 filtered out; finished in 0.16s

     Running tests/xmp.rs (/Users/rutmehta/.cache/tessera-target/LR-4-parametric-masks/debug/deps/xmp-0a22e27eb1c29a83)

running 1 test
test metadata_edit_preserves_raw_foreign_xml_and_resolves_namespaces ... ok

test result: ok. 1 passed; 0 failed; 0 ignored; 0 measured; 0 filtered out; finished in 0.00s

     Running unittests src/lib.rs (/Users/rutmehta/.cache/tessera-target/LR-4-parametric-masks/debug/deps/tessera_ffi-55d8912c009a5718)

running 228 tests
test backend::tests::selection_requires_measured_gpu_advantage ... ok
test assist::lightroom_sidecar_restore_tests::people_history_preserves_lightroom_owned_sidecars ... ok
test catalog::tests::heic_metadata_does_not_use_raw_decoder ... ok
test develop::m2_49_geometry_tests::session_keeps_manual_transform_and_lens_controls ... ok
test develop::m2_49_blur_tests::session_keeps_requested_lens_blur_for_depth_hook ... ok
test catalog::tests::png_metadata_does_not_use_raw_decoder ... ok
test collections::tests::rendered_items_round_trip_through_the_parser ... ok
test develop::masks::lr4_tests::lr4_renderable_tree_preserves_group_and_disabled_child ... ok
test develop::masks::lr4_tests::lr4_window_coordinates_include_nested_leaves ... ok
test develop::masks::tests::ai_thumbnail_uses_its_own_scale_instead_of_the_observed_level ... ok
test develop::masks::tests::hooks_compose_ai_rasters_like_the_operator ... ok
test develop::masks::tests::lr4c_bad_nested_child_preserves_valid_sibling ... ok
test assist::persistent_people_tests::stored_ids_and_names_survive_reorder_and_reopen ... ok
test develop::masks::tests::lr4c_group_info_distinguishes_disabled_and_nested_components ... ok
test assist::persistent_people_tests::persistent_session_manual_operations_and_indexed_filters ... ok
test develop::masks::tests::oklab_matches_the_colour_range_operator ... ok
test develop::masks::tests::orientation_maps_round_trip ... ok
test develop::masks::tests::overlay_crop_follows_the_geometry_operator ... ok
test develop::masks::tests::resampling_is_centre_aligned ... ok
test develop::masks::tests::sanitizing_drops_what_cannot_render_and_clamps_the_rest ... ok
test develop::preview_qualification::decision_reuse_qualification::engine_proxy_cache_frame_qualification ... ignored, exclusive lane; explicit fixture/variant and preregistered runner
test develop::preview_qualification::engine_iosurface_matched_viewport_qualification ... ignored, exclusive Metal lane, real read-only RAW, explicit qualification route/output
test develop::preview_qualification::engine_same_engine_unchanged_proxy_reopen_baseline ... ignored, exclusive runtime lane, explicit read-only fixture and output; no cache implementation
test agent_runs::batch_admission_tests::dirty_or_active_missing_target_blocks_entire_agent_run_before_other_writes ... ok
test develop::tests::agent_steps_named_after_tools_read_as_their_controls ... ok
test develop::tests::cancelled_frames_do_not_advance_the_surface_ring ... ok
test develop::m2_49_overlay_tests::depth_overlay_is_not_saved_as_a_recipe_preview ... ok
test develop::masks::tests::completed_ai_mask_job_does_not_revive_closed_session ... ok
test develop::depth_histogram_read_only_contract_tests::engine_histogram_keeps_the_cached_model_miss_error_without_downloading ... ok
test develop::masks::tests::lr4c_brush_painting_does_not_pick_disabled_brush ... ok
test develop::tests::drag_level_adapts_to_the_frame_budget ... ok
test develop::tests::drag_level_prefers_screen_level_within_the_refresh ... ok
test develop::m2_49_session_option_tests::guided_and_depth_options_are_session_only ... ok
test develop::m2_49_depth_process_tests::depth_input_does_not_silently_substitute_native_process ... ok
test develop::tests::concurrent_closes_share_one_failed_attempt_and_later_retry ... ok
test develop::masks::tests::lr4c_luminance_picker_fully_selects_the_sampled_tone ... ok
test develop::depth_histogram_read_only_contract_tests::engine_histogram_rejects_unsupported_saved_process_with_a_populated_cache ... ok
test develop::depth_histogram_read_only_contract_tests::engine_histogram_uses_saved_pixels_without_starting_a_writer_or_publishing ... ok
test agent_runs::batch_admission_tests::coherent_agent_batch_remaps_filtered_indices_and_never_retries_missing_target ... ok
test develop::tests::group_amount_blends_the_agent_group_and_keeps_later_edits ... ok
test develop::m2_49_depth_histogram_freshness_tests::cached_histogram_does_not_bypass_current_process_validation ... ok
test agent_runs::batch_admission_tests::independent_agent_batch_keeps_missing_item_error_and_edits_available_targets ... ok
test develop::tests::masking_gate_matches_the_operator ... ok
test develop::tests::merge_patch_follows_rfc7386 ... ok
test develop::tests::new_denoise_edit_pins_fallback_but_replay_never_reselects ... ok
test develop::tests::develop_save_waits_for_destination_without_holding_catalog_mutex ... ok
test develop::tests::direct_recipe_replacement_conflicts_without_publishing_during_develop ... ok
test develop::tests::concurrent_flushes_both_report_the_same_failed_save ... ok
test develop::tests::jpeg_develop_session_renders_nonblack ... ok
test develop::tests::foreign_unknown_nested_develop_field_cannot_be_erased_by_open_editor ... ok
test develop::tests::renderable_keeps_basic_and_drops_unsupported ... ok
test develop::tests::renderable_passes_every_panel_and_sanitizes ... ok
test develop::tests::renderable_preserves_pinned_cfa_amount_for_configured_session ... ok
test develop::tests::admission_remains_exclusive_while_close_waits_after_save ... ok
test develop::tests::resident_extended_controls_do_not_start_at_heavy_proxy_level ... ok
test develop::tests::failed_develop_sidecar_repair_waits_for_each_explicit_flush ... ok
test develop::tests::legacy_rgb_disk_baseline_does_not_conflict_on_first_develop_save ... ok
test develop::tests::failed_close_retains_live_session_for_a_later_edit ... ok
test develop::tests::step_toggles_replay_history_without_the_step ... ok
test develop::tests::flush_without_new_edit_repairs_sidecars_after_recipe_write_failure ... ok
test develop::tests::surface_frame_materializes_the_captured_recipe_only_on_demand ... ok
test develop::tests::failed_editor_snapshot_and_raw_decode_release_reservation ... ok
test develop::tests::unconfigured_session_uses_automatic_noise_without_discarding_saved_denoise ... ok
test develop::tests::open_develop_editor_does_not_overwrite_foreign_disk_settings ... ok
test document::adaptive::tests::curves_follow_the_camera_and_are_straight_after_projection ... ok
test document::adaptive::tests::exif_values_parse_leading_numbers ... ok
test document::adaptive::tests::scaled_recipe_divides_geometry_uniformly ... ok
test document::adaptive::tests::size_refusal_is_the_absolute_pixel_limit ... ok
test document::adaptive::tests::the_smart_object_limit_comes_from_the_compositor_pass_limit ... ok
test document::filtering::image_cache_tests::byte_budget_evicts_oldest_without_mutating_current_result ... ok
test document::filtering::image_cache_tests::capacity_not_length_is_charged_and_overflow_is_rejected ... ok
test document::filtering::image_cache_tests::entry_cap_and_zero_budget_both_apply ... ok
test document::filtering::image_cache_tests::oversized_prefix_skips_deep_copy_and_keeps_pixels ... ok
test document::filtering::image_cache_tests::prefix_copy_is_unlocked_and_insertion_rechecks_policy ... ok
test document::filtering::image_cache_tests::replacement_is_charged_once_and_oversize_removes_old_key ... ok
test document::filtering::image_cache_tests::source_and_prefix_cache_policy_preserves_tiny_filter_pixels ... ok
test document::filtering::legacy_effect_cancellation_tests::collector_drains_and_real_failure_wins_both_arrival_orders ... ok
test document::filtering::legacy_effect_cancellation_tests::compatibility_preserves_failures_without_string_or_flag_inference ... ok
test document::filtering::legacy_effect_cancellation_tests::gated_real_engine_error_is_not_reclassified_after_cancel ... ok
test document::filtering::legacy_effect_cancellation_tests::malformed_mask_failure_survives_later_cancel ... ok
test document::filtering::legacy_effect_cancellation_tests::native_evaluator_receives_typed_legacy_effect_cancellation ... ok
test document::filtering::legacy_effect_cancellation_tests::tiny_gaussian_keeps_typed_precancel_and_fresh_success ... ok
test document::filtering::request_cancellation_tests::bake_supersession_preserves_new_owner_and_rejects_stale_key ... ok
test document::filtering::request_cancellation_tests::camera_raw_canvas_key_tracks_effective_level_and_enabled_state ... ok
test document::filtering::request_cancellation_tests::camera_raw_stage_mask_survives_detail_stripping_at_l1 ... ok
test develop::tests::save_listener_cannot_self_join_or_self_flush ... ok
test document::filtering::request_cancellation_tests::native_precancel_skips_work_and_fresh_request_survives ... ok
test document::filtering::request_cancellation_tests::preview_old_completion_cannot_clear_fresh_owner ... ok
test document::filtering::request_cancellation_tests::shutdown_cancels_both_request_channels_and_rejects_completion ... ok
test document::filtering::tests::base64_round_trips ... ok
test document::filtering::request_cancellation_tests::native_request_cancel_during_first_stage_stops_next_stage_and_publication ... ok
test document::filtering::tests::filter_json_parses_and_rejects ... ok
test document::io::copy_transaction_tests::cancellation_during_chunked_write_removes_temporary_output ... ok
test develop::tests::post_recipe_failure_advances_owner_baseline_for_newer_local_edit ... ok
test develop::tests::preexisting_unknown_nested_develop_field_is_not_silently_dropped ... ok
test document::io::copy_transaction_tests::cancelled_before_commit_preserves_destination_and_removes_temp ... ok
test document::io::copy_transaction_tests::copy_conversion_uses_the_requests_live_native_token ... ok
test document::io::destination_commit_tests::create_if_absent_conflicts_with_file_created_after_staging ... ok
test document::io::destination_commit_tests::confirmed_replace_preserves_existing_path_semantics ... ok
test develop::tests::failed_close_repairs_without_a_new_edit_and_only_then_drains_worker ... ok
test document::io::copy_transaction_tests::no_cancellation_check_after_commit_and_persist_errors_remain_errors ... ok
test document::io::display_tests::a_p3_document_hands_over_its_own_icc_bytes ... ok
test document::io::display_tests::srgb_and_untagged_documents_keep_the_srgb_canvas ... ok
test document::psd_copy::preflight_tests::recursive_snapshot_counts_match_emitted_leaves_and_enabled_stacks ... ok
test document::psd_copy::preflight_tests::unavoidable_layout_rejects_before_first_rasterization ... ok
test document::psd_copy::preflight_tests::valid_snapshot_evaluates_and_cancelled_snapshot_does_not ... ok
test document::psd_copy::tests::cancelled_first_layer_prevents_next_and_preserves_source ... ok
test document::psd_copy::tests::close_and_commit_have_explicit_ordering ... ok
test document::psd_copy::tests::close_cancels_blocked_worker_and_holds_admission_until_unwind ... ok
test develop::tests::selection_during_develop_does_not_conflict_with_edited_settings ... ok
test document::psd_copy::tests::only_typed_cancellation_maps_to_cancelled ... ok
test develop::tests::temporary_depth_histogram_session_coexists_with_editor_and_closed_editor ... ok
test document::io::destination_commit_tests::no_clobber_rejects_regular_file_dangling_symlink_and_directory ... ok
test document::psd_copy::tests::prepared_cancel_is_single_use_and_late_cleanup_preserves_replacement ... ok
test document::psd_copy::tests::genuine_failure_wins_cancel_between_work_and_finalization ... ok
test document::psd_copy::tests::running_cancel_holds_admission_until_gated_unwind ... ok
test document::io::destination_commit_tests::two_independent_stages_cannot_overwrite_each_other ... ok
test document::render::frame_cancellation_tests::cancelled_cpu_region_never_reaches_surface_or_publication ... ok
test document::render::frame_cancellation_tests::aborted_row_copy_is_cleared_and_fresh_region_fully_overwrites_it ... ok
test document::render::frame_cancellation_tests::draft_request_keeps_in_flight_frame_and_coalesces_the_next ... ok
test document::render::frame_cancellation_tests::cancelled_in_progress_attempt_records_one_drop_and_no_publication ... ok
test develop::tests::successful_close_rejects_retained_arc_mutations_and_flush ... ok
test document::render::frame_cancellation_tests::layer_notification_preserves_frame_but_stop_cancels_it ... ok
test document::render::frame_cancellation_tests::invalidation_does_not_wait_for_render_backend_lock ... ok
test document::render::frame_cancellation_tests::supersession_and_late_completion_preserve_fresh_frame_owner ... ok
test document::render::frame_cancellation_tests::final_owner_gate_records_exactly_once_and_callbacks_remain_unlocked ... ok
test document::stack::tests::the_error_names_the_actual_limit ... ok
test document::vector_shapes::tests::kurbo_layout_matches_row_major ... ok
test image_edit_admission::tests::failed_open_and_failed_operation_release_admission ... ok
test document::stack::tests::profiles_match_by_handle_or_by_bytes_up_to_the_creation_date ... ok
test image_edit_admission::tests::operations_serialize_admission_but_not_independent_images ... ok
test image_edit_admission::tests::original_and_proxy_reservations_are_mutually_exclusive ... ok
test image_edit_admission::tests::selection_is_allowed_only_without_editor_or_with_original_editor ... ok
test image_edit_admission::tests::stale_and_wrong_image_authorities_never_authorize_a_save ... ok
test image_edit_admission::tests::worker_clone_and_in_flight_guard_drain_before_readmission ... ok
test lrcat::lrcat_resume_tests::approximate_groups_count_every_photo_but_cap_examples_at_five ... ok
test document::styles::tests::schema_lists_every_kind_top_first_with_valid_defaults ... ok
test document::render::frame_cancellation_tests::invalidation_and_stop_still_cancel_the_in_flight_frame_promptly ... ok
test lrcat_fidelity::tests::ciede2000_matches_sharma_reference_pairs ... ok
test lrcat_fidelity::tests::identical_images_have_zero_delta_e_and_white_is_l100 ... ok
test develop::tests::repair_uses_current_disk_recipe_after_foreign_develop_edit ... ok
test lrcat_fidelity::tests::spread_is_even_and_bounded ... ok
test models::tests::ai_download_uses_production_target_without_research_artifacts ... ok
test lrcat_fidelity::tests::jpeg_fidelity_selects_recipe_process_version ... ok
test models::tests::model_download_checksum_failure_never_installs ... ok
test models::tests::model_download_missing_disabled_has_one_failure ... ok
test backend::tests::adobe_gpu_backend_uses_host_barriers_at_preview_level ... ok
test develop::tests::protected_develop_save_and_repair_leave_adjacent_xmp_untouched ... ok
test models::tests::model_download_local_progress_cached_ready_and_corruption ... ok
test original_write::tests::existing_proxy_editor_blocks_external_mutation_without_publishing ... ok
test original_write::tests::external_reservation_rejects_editors_and_selection_but_callbacks_can_read ... ok
test develop::tests::newer_develop_edit_does_not_hide_previous_save_failure ... ok
test original_write::tests::missing_original_and_alias_destination_failures_release_reservations ... ok
test document::render::frame_cancellation_tests::ring_replacement_and_detach_cancel_the_in_flight_frame ... ok
test document::psd_copy::tests::session_close_signals_running_copy_before_waiting_for_backend_state ... ok
test document::psd_copy::preflight_tests::rejected_operation_preserves_destination_and_drains_then_valid_copy_saves ... ok
test develop::tests::final_session_drop_on_writer_keeps_lease_until_writer_exit ... ok
test recipe_write_tests::exhausted_develop_owner_ids_fail_closed_without_wrapping ... ok
test recipe_write_tests::capture_revision_waits_for_a_participating_write ... ok
test recipe_write_tests::retained_revision_prevents_weak_key_epoch_reset_aba ... ok
test original_write::tests::dirty_offline_batch_rejects_before_creating_original_sidecars_and_releases_all_ids ... ok
test preview::tests::cancelled_preview_publishes_terminal_state_and_completion ... ok
test recipe_write_tests::same_stem_sources_share_the_existing_recipe_destination_gate ... ok
test develop::tests::second_develop_editor_cannot_replace_first_edit ... ok
test recipe_write_tests::stale_or_wrong_destination_authority_cannot_write_or_clear_new_owner ... ok
test preview::tests::completed_job_drop_does_not_fail_a_replacement_request ... ok
test smart_preview::lightroom_safety_tests::raw_sync_writer_preserves_lightroom_owned_files ... ok
test recipe_write_tests::raw_revision_includes_unknown_envelope_and_xmp_bytes_and_presence ... ok
test preview::tests::discarded_preview_publishes_terminal_state_and_completion ... ok
test smart_preview::recovery_tests::ordinary_array_deletion_is_allowed_when_old_document_is_fully_represented ... ok
test smart_preview::recovery_tests::unknown_array_member_is_rejected_without_advancing_or_erasing_journal ... ok
test recipe_write_tests::set_recipe_json_waits_for_the_same_destination_gate ... ok
test smart_preview::recovery_tests::restart_after_ack_before_cleanup_recovers_offline_and_accepts_new_edit ... ok
test original_write::entrypoint_tests::people_naming_and_historical_sidecar_undo_refuse_dirty_journal_without_losing_history ... ok
test original_write::entrypoint_tests::metadata_and_agent_entrypoints_refuse_dirty_journal_before_original_publication ... ok
test recipe_write_tests::set_recipe_json_publishes_develop_settings_to_recipe_xmp_and_index ... ok
test document::render::frame_cancellation_tests::drafts_faster_than_frame_time_keep_publishing_latest_wins ... ok
test smart_preview::tests::pinned_snapshot_has_original_suffix_and_identical_verified_bytes ... ok
test document::adaptive::tests::a_24_megapixel_recipe_solves_on_its_preview_proxy ... ok
test smart_preview::tests::local_save_keeps_legacy_envelope_schema_version ... ok
test smart_preview::tests::lr4c_local_save_journals_schema_four ... ok
test smart_preview::recovery_tests::xmp_directory_sync_failure_keeps_dirty_journal_and_replay_intent ... ok
test smart_preview_store::tests::discard_reports_directory_sync_failure_after_unlink ... ok
test smart_preview::tests::offline_edit_save_reopen_keeps_original_and_unknown_members ... ok
test recipe_write_tests::set_selection_retains_existing_xmp_develop_settings_and_description ... ok
test smart_preview_store::tests::missing_recipe_owner_and_zero_source_length_are_rejected ... ok
test smart_preview_store::tests::existing_generated_directory_is_resynced_after_create_sync_failure ... ok
test smart_preview_store::tests::current_schema_is_accepted_and_future_schema_cannot_replace_a_record ... ok
test recipe_write_tests::two_engine_writers_wait_for_the_same_destination_gate ... ok
test smart_preview::tests::absent_journal_read_does_not_create_per_photo_directories ... ok
test smart_preview::tests::sync_acknowledgement_cannot_erase_newer_or_recreated_dirty_work ... ok
test smart_preview_store::tests::adjacent_image_journals_do_not_collide_or_get_removed_together ... ok
test smart_preview_store::tests::generation_exhaustion_does_not_replace_the_record ... ok
test smart_preview_store::tests::clean_discard_and_stale_handle_preserve_newer_generation ... ok
test smart_preview_store::tests::recipe_digest_tampering_is_rejected ... ok
test smart_preview_store::tests::schema_just_above_writable_max_cannot_replace_a_record ... ok
test smart_preview_store::tests::save_reopens_with_exact_document_baseline_and_unknown_fields ... ok
test smart_preview_store::tests::symlinked_store_roots_share_the_same_process_lock ... ok
test smart_preview_store::tests::recreated_record_has_new_identity_and_alias_roots_share_lock ... ok
test smart_preview_store::tests::wrong_owner_corruption_and_dirty_discard_are_rejected_without_destroying_record ... ok
test smart_preview_store::tests::unsupported_version_and_oversized_record_are_rejected ... ok
test smart_preview::tests::dirty_local_recipe_blocks_full_quality_export_and_direct_original_write ... ok
test session::offline_library_tests::offline_library_uses_declarations_and_catalog_without_recreating_folder ... ok
test smart_preview_thumbnail::tests::pending_jobs_are_bounded_and_repeated_edit_requests_do_not_add_work ... ok
test smart_preview_thumbnail::tests::cancellation_and_drop_make_pending_terminal_and_size_bounds_fail ... ok
test smart_preview_thumbnail::tests::active_proxy_lease_allows_thumbnail_reads_and_corrupt_journal_blocks_warm_delivery ... ok
test surface::gpu_tests::calibration_surface_is_owned_and_released ... ok
test smart_preview_thumbnail::tests::completed_job_drop_does_not_clobber_reentrant_replacement_and_events_are_terminal ... ok
test smart_preview_thumbnail::tests::offline_thumbnail_renders_orientation_and_survives_new_engine_without_original ... ok
test smart_preview_thumbnail::tests::corrupt_asset_cannot_reuse_ready_cache_and_missing_store_creates_nothing ... ok
test smart_preview_thumbnail::tests::incompatible_prefix_is_rejected_without_rendering_or_original_fallback ... ok
test smart_preview_thumbnail::tests::source_identity_mismatch_is_rejected_even_for_a_well_formed_container ... ok
test smart_preview_thumbnail::tests::hdr_thumbnail_still_rejects_unsupported_proofing_without_journal_mutation ... ok
test tests::selection_survives_reopen_and_incremental_scan ... ok
test tether::tests::commands_without_session_fail_without_camera_access ... ok
test smart_preview_thumbnail::tests::replacement_incarnation_cannot_publish_old_job_even_with_equal_generation_and_recipe ... ok
test smart_preview_thumbnail::tests::saved_edit_invalidates_ready_bytes_and_changes_render ... ok
test surface::gpu_tests::resident_iosurface_roundtrip ... ok
test surface::histogram_tests::surface_histogram_matches_pixels_without_pixel_readback ... ok
test surface::histogram_tests::fused_surface_preserves_offsets_and_resets_histogram_between_frames ... ok
test tests::jpeg_preview_reopen_uses_revision_cache_without_source_work ... ok
test smart_preview_thumbnail::tests::hdr_saved_offline_recipe_keeps_policy_and_renders_sdr_thumbnail_without_mutation ... ok
test smart_preview_thumbnail::tests::symlinked_asset_journal_and_store_directories_are_rejected_before_content_read ... ok
test smart_preview_thumbnail::tests::unsafe_cache_paths_fail_without_external_writes_and_recover_without_identity_change ... ok
test lrcat::lrcat_resume_tests::report_groups_cap_paths_and_preserve_duplicate_id_notes ... ok
test lrcat::lrcat_resume_tests::approximate_translations_populate_the_report ... ok
test lrcat::lrcat_resume_tests::spool_read_failure_checkpoints_completed_sidecars ... ok
test backend::tests::calibration_measures_surface_presentation_without_pixel_readback ... ok

test result: ok. 225 passed; 0 failed; 3 ignored; 0 measured; 0 filtered out; finished in 5.96s

     Running unittests src/bin/uniffi-bindgen.rs (/Users/rutmehta/.cache/tessera-target/LR-4-parametric-masks/debug/deps/uniffi_bindgen-fb76bd9ddedd951b)

running 0 tests

test result: ok. 0 passed; 0 failed; 0 ignored; 0 measured; 0 filtered out; finished in 0.00s

     Running tests/adjustment_json.rs (/Users/rutmehta/.cache/tessera-target/LR-4-parametric-masks/debug/deps/adjustment_json-02ee37cb0b83efea)

running 3 tests
test fixture_carries_m5_32_fields_with_non_default_values ... ok
test fixture_round_trips_through_serde_and_covers_every_variant ... ok
test session_emits_the_fixture_shape_and_photoshop_names ... ok

test result: ok. 3 passed; 0 failed; 0 ignored; 0 measured; 0 filtered out; finished in 0.55s

     Running tests/api.rs (/Users/rutmehta/.cache/tessera-target/LR-4-parametric-masks/debug/deps/api-69811b08144180c5)

running 3 tests
test folder_filter_precedes_pagination_and_handles_glob_characters ... ok
test recipe_preview_and_callback_round_trip ... ok
test recipe_updates_preserve_unknown_fields_and_history ... ok

test result: ok. 3 passed; 0 failed; 0 ignored; 0 measured; 0 filtered out; finished in 0.10s

     Running tests/assist.rs (/Users/rutmehta/.cache/tessera-target/LR-4-parametric-masks/debug/deps/assist-de84a79ff83a4fdf)

running 12 tests
test indexed_medoid_resolution_does_not_choose_a_nearby_descriptor ... ok
test face_strip_people_and_per_person_eyes_filter ... ok
test people_summary_has_counts_and_the_indexed_medoid_not_the_cover ... ok
test people_undo_handles_unassigned_faces_conflicts_and_bounded_history ... ok
test people_edits_undo_and_redo_restore_identity_members_confirmations_and_names ... ok
test people_name_undo_restores_library_and_opted_in_sidecars_exactly ... ok
test people_job_reports_actual_training_sample_not_assignment_count ... ok
test automated_suggestions_confirm_as_one_undo_step_and_teach_the_learner ... ok
test analysis_writes_real_scores_the_defect_sweep_reads ... ok
test style_profile_questionnaire_persists_and_trains_on_user_edits ... ok
test scripted_agent_run_review_redo_accept_and_revert has been running for over 60 seconds
test scripted_batch_run_holds_a_burst_to_one_look has been running for over 60 seconds
test scripted_agent_run_review_redo_accept_and_revert ... ok
test scripted_batch_run_holds_a_burst_to_one_look ... ok

test result: ok. 12 passed; 0 failed; 0 ignored; 0 measured; 0 filtered out; finished in 85.19s

     Running tests/changes.rs (/Users/rutmehta/.cache/tessera-target/LR-4-parametric-masks/debug/deps/changes-56403d2f56581ecd)

running 2 tests
test feed_is_ordered_coalesced_and_announced ... ok
test tethered_frames_join_the_open_session_in_place ... ok

test result: ok. 2 passed; 0 failed; 0 ignored; 0 measured; 0 filtered out; finished in 7.39s

     Running tests/develop.rs (/Users/rutmehta/.cache/tessera-target/LR-4-parametric-masks/debug/deps/develop-2c09d888a2970be7)

running 12 tests
test bench_detail_preview ... ignored
test bench_panel_latency ... ignored
test bench_slider_latency ... ignored
test iosurface_writer_round_trips_a_known_pattern ... ok
test jpeg_opens_renders_nonblack_and_persists_edits ... ok
test as_shot_sliders_round_trip_on_every_fixture_and_single_slider_touch has been running for over 60 seconds
test edited_previews_follow_the_recipe_hash has been running for over 60 seconds
test export_batch_does_not_starve_slider_drag has been running for over 60 seconds
test panels_crop_masking_detail_and_history has been running for over 60 seconds
test process_version_is_undoable_and_persisted has been running for over 60 seconds
test session_renders_into_surfaces_and_persists_undoable_edits has been running for over 60 seconds
test slow_interactive_frames_are_not_starved has been running for over 60 seconds
test slow_interactive_frames_are_not_starved ... ok
test edited_previews_follow_the_recipe_hash ... ok
test panels_crop_masking_detail_and_history ... ok
test process_version_is_undoable_and_persisted ... ok
test session_renders_into_surfaces_and_persists_undoable_edits ... ok
test export_batch_does_not_starve_slider_drag ... FAILED
test as_shot_sliders_round_trip_on_every_fixture_and_single_slider_touch ... ok

failures:

---- export_batch_does_not_starve_slider_drag stdout ----
develop original L2 calibration [first, tone, WB] ms: CPU [33961.008875, 13237.017709, 18870.463417]; GPU [10140.779167, 2.568, 348.63675]
slider without export: render p50 4.1 ms p90 9.7 ms max 1344.0 ms
slider during export: 120 frames in 2.722917875s (0 at L2): render p50 4.4 ms p90 6.0 ms max 73.8 ms; set→frame p50 7.7 ms p90 12.2 ms max 87.5 ms; export 5 images in 43.440236625s, 0 completed during the drag

thread 'export_batch_does_not_starve_slider_drag' (57249371) panicked at crates/tessera-ffi/tests/develop.rs:1198:5:
drag stays at L2: [3, 3, 3, 3, 3, 3, 3, 3, 3, 3, 3, 3, 3, 3, 3, 3, 3, 3, 3, 3, 3, 3, 3, 3, 3, 3, 3, 3, 3, 3, 3, 3, 3, 3, 3, 3, 3, 3, 3, 3, 3, 3, 3, 3, 3, 3, 3, 3, 3, 3, 3, 3, 3, 3, 3, 3, 3, 3, 3, 3, 3, 3, 3, 3, 3, 3, 3, 3, 3, 3, 3, 3, 3, 3, 3, 3, 3, 3, 3, 3, 3, 3, 3, 3, 3, 3, 3, 3, 3, 3, 3, 3, 3, 3, 3, 3, 3, 3, 3, 3, 3, 3, 3, 3, 3, 3, 3, 3, 3, 3, 3, 3, 3, 3, 3, 3, 3, 3, 3, 3]
note: run with `RUST_BACKTRACE=1` environment variable to display a backtrace


failures:
    export_batch_does_not_starve_slider_drag

test result: FAILED. 8 passed; 1 failed; 3 ignored; 0 measured; 0 filtered out; finished in 612.60s

error: test failed, to rerun pass `-p tessera-ffi --test develop`
     Running tests/document.rs (/Users/rutmehta/.cache/tessera-target/LR-4-parametric-masks/debug/deps/document-8000c3e023743dd1)

running 12 tests
test bench_interactive_recomposite_100_layers_20mp ... ignored
test default_layer_names_are_numbered_per_kind ... ok
test undo_redo_and_checkout_restore_the_tree ... ok
test psd_opens_with_names_and_modes_and_saves_back_unknown_keys ... ok
test frames_are_coalesced_and_straight_alpha ... ok
test interactive_opacity_records_history_only_on_commit ... ok
test new_document_layers_are_flat_preorder_top_first ... ok
test merge_down_and_flatten_keep_the_composite ... ok
test tessera_doc_round_trip_and_same_path_same_session ... ok
test thumbnails_are_cached_per_revision ... ok
test export_flat_png_matches_the_cpu_composite ... ok
test open_document_from_image_is_the_developed_raw ... ok

test result: ok. 11 passed; 0 failed; 1 ignored; 0 measured; 0 filtered out; finished in 40.34s

     Running tests/document_adaptive_memory.rs (/Users/rutmehta/.cache/tessera-target/LR-4-parametric-masks/debug/deps/document_adaptive_memory-533bb8d610dac97c)

running 3 tests
test memory_of_a_pixel_apply_at_100_megapixels_f32 ... ignored
test memory_of_a_pixel_apply_at_100_megapixels_u8 ... ignored
test memory_of_a_smart_object_begin_and_apply_at_100_megapixels_u8 ... ignored

test result: ok. 0 passed; 0 failed; 3 ignored; 0 measured; 0 filtered out; finished in 0.00s

     Running tests/document_adaptive_ui.rs (/Users/rutmehta/.cache/tessera-target/LR-4-parametric-masks/debug/deps/document_adaptive_ui-2d490b2d88f621d5)

running 14 tests
test timing_on_a_12_megapixel_layer ... ignored
test timing_on_a_24_megapixel_layer ... ignored
test layers_over_the_absolute_limit_are_refused_with_a_clear_error ... ok
test unknown_ids_degrade_like_any_unknown_smart_filter ... ok
test a_full_width_horizon_on_a_real_size_photo_solves_within_tolerance ... ok
test cancel_during_a_real_size_commit_stops_the_render_without_history ... ok
test pixel_apply_is_one_node_matching_the_engine_with_exact_undo ... ok
test cancel_stale_locked_and_other_targets_never_commit ... ok
test conflicting_and_degenerate_constraints_error_with_history_unchanged ... ok
test begin_returns_a_default_recipe_and_previews_record_no_history ... ok
test psd_save_is_native_only_and_the_rasterized_copy_matches ... ok
test smart_filter_apply_re_edit_and_native_reopen_keep_params_exactly ... ok
test real_size_layers_preview_and_apply_through_the_coarse_lattice has been running for over 60 seconds
test smart_objects_over_the_smart_filter_pass_limit_are_refused_plainly has been running for over 60 seconds
test real_size_layers_preview_and_apply_through_the_coarse_lattice ... ok
test smart_objects_over_the_smart_filter_pass_limit_are_refused_plainly ... ok

test result: ok. 12 passed; 0 failed; 2 ignored; 0 measured; 0 filtered out; finished in 331.95s

     Running tests/document_camera_raw_preview.rs (/Users/rutmehta/.cache/tessera-target/LR-4-parametric-masks/debug/deps/document_camera_raw_preview-ebc5b508fb1d6637)

running 14 tests
test bench_camera_raw_24mp ... ignored
test preview_work_scales_with_the_viewport_not_the_canvas ... ok
test camera_raw_partial_amount_strips_detail_at_l1 ... ok
test engine_names_the_camera_raw_filter_and_checks_smart_filters_on_a_small_level ... ok
test detail_pane_renders_the_tile_and_matches_the_canvas ... ok
test detail_pane_matches_the_canvas_in_srgb_and_display_p3_documents ... ok
test camera_raw_disable_reenable_across_zoom_levels ... ok
test preview_matches_the_full_render_in_the_visible_region ... ok
test re_edit_detail_replaces_the_saved_smart_filter ... ok
test camera_raw_full_resolution_stack_keeps_detail_at_l2 has been running for over 60 seconds
test preview_at_100_percent_and_the_detail_pane_keep_the_detail_effects has been running for over 60 seconds
test preview_level_decides_whether_the_detail_effects_are_omitted has been running for over 60 seconds
test stacked_camera_raw_detail_follows_canvas_level has been running for over 60 seconds
test zoomed_out_preview_omits_the_detail_effects has been running for over 60 seconds
test stacked_camera_raw_detail_follows_canvas_level ... ok
test zoomed_out_preview_omits_the_detail_effects ... ok
test preview_at_100_percent_and_the_detail_pane_keep_the_detail_effects ... ok
test preview_level_decides_whether_the_detail_effects_are_omitted ... ok
test camera_raw_full_resolution_stack_keeps_detail_at_l2 ... ok

test result: ok. 13 passed; 0 failed; 1 ignored; 0 measured; 0 filtered out; finished in 99.49s

     Running tests/document_channel_paint.rs (/Users/rutmehta/.cache/tessera-target/LR-4-parametric-masks/debug/deps/document_channel_paint-bbe6306560dcc188)

running 9 tests
test unknown_channel_fails_without_a_history_node ... ok
test clone_and_heal_are_refused_on_channels ... ok
test quick_mask_enter_paint_exit_yields_the_painted_selection ... ok
test layer_locks_and_layer_kind_do_not_block_channel_paint ... ok
test selection_limits_channel_paint ... ok
test brush_paints_luminance_and_eraser_paints_toward_zero ... ok
test channel_stroke_changes_only_the_channel_in_one_undoable_node ... ok
test painted_channel_round_trips_as_tessera_doc ... ok
test painted_channel_round_trips_as_psd ... ok

test result: ok. 9 passed; 0 failed; 0 ignored; 0 measured; 0 filtered out; finished in 1.36s

     Running tests/document_channels_ui.rs (/Users/rutmehta/.cache/tessera-target/LR-4-parametric-masks/debug/deps/document_channels_ui-854e94698d7fcca4)

running 17 tests
test duplicate_names_stay_distinct_by_id ... ok
test alpha_to_spot_to_alpha_round_trip ... ok
test invalid_spot_metadata_is_rejected ... ok
test invalid_alpha_display_is_rejected_without_a_node ... ok
test stale_ids_error_cleanly ... ok
test legacy_default_display_stays_plain_alpha ... ok
test alpha_display_is_one_undoable_node ... ok
test every_channel_op_undoes_and_redoes ... ok
test tessera_doc_round_trip_keeps_alpha_display ... ok
test save_into_existing_channel_with_every_op ... ok
test load_selection_with_every_op_and_invert ... ok
test tessera_doc_round_trip_keeps_channels ... ok
test psd_round_trip_keeps_alpha_display ... ok
test thumbnails_visibility_and_revisions ... ok
test psd_round_trip_keeps_channels ... ok
test spot_channels_do_not_change_the_rgb_composite ... ok
test channel_thumbnails_survive_psd_reopen ... ok

test result: ok. 17 passed; 0 failed; 0 ignored; 0 measured; 0 filtered out; finished in 1.83s

     Running tests/document_content_aware_ui.rs (/Users/rutmehta/.cache/tessera-target/LR-4-parametric-masks/debug/deps/document_content_aware_ui-6d6db282a7c10634)

running 14 tests
test a_cancel_just_before_the_preview_shows_never_displays_it ... ok
test transparency_lock_keeps_alpha ... ok
test b5_09_remove_content_aware_fill_and_neural_still_behave ... ok
test cancel_leaves_layer_selection_and_history_unchanged ... ok
test extend_keeps_the_original_and_adds_the_copy ... ok
test mask_maps_one_to_one_at_any_zoom_and_offsets_are_integer_pixels ... ok
test locks_stale_deleted_and_missing_selection_leave_no_partial_result ... ok
test apply_is_one_undoable_step ... ok
test fractional_feather_is_applied_once_not_double_clipped ... ok
test destination_outside_the_selection_keeps_the_moved_subject_and_heals_the_source ... ok
test same_seed_repeats_and_settings_change_the_preview ... ok
test a_cancel_just_before_the_write_never_reaches_history ... ok
test cancelling_a_running_preview_discards_its_result ... ok
test smart_object_output_stores_an_explicit_frozen_mask_and_reopens ... ok

test result: ok. 14 passed; 0 failed; 0 ignored; 0 measured; 0 filtered out; finished in 0.96s

     Running tests/document_export_flat.rs (/Users/rutmehta/.cache/tessera-target/LR-4-parametric-masks/debug/deps/document_export_flat-104a3b2116be8478)

running 4 tests
test background_export_is_the_cpu_composite_with_monotonic_progress ... ok
test export_is_a_snapshot_that_outlives_edits_and_close ... ok
test cancel_mid_export_leaves_the_destination_untouched ... ok
test begin_is_cheap_and_edits_continue_during_run ... ok

test result: ok. 4 passed; 0 failed; 0 ignored; 0 measured; 0 filtered out; finished in 2.21s

     Running tests/document_filters.rs (/Users/rutmehta/.cache/tessera-target/LR-4-parametric-masks/debug/deps/document_filters-9335a72fcf0b2484)

running 13 tests
test bench_gaussian_preview_20mp ... ignored
test list_filters_is_the_grouped_catalogue_with_json_schemas ... ok
test m5_neural_missing_weights_never_commits_smart_filter ... ok
test m5_record_request_rejects_invalid_mask_without_history ... ok
test m5_retouch_cpu_patchmatch_is_destructive_and_undoable ... ok
test m5_distractions_reports_masks_and_records_one_edit ... ok
test m5_smart_retouch_renders_at_zoomed_out_level ... ok
test m5_native_smart_coordinates_and_shared_mask_survive_ffi ... ok
test apply_adjustment_uses_the_adjustment_layer_maths ... ok
test filter_detail_is_a_one_to_one_crop ... ok
test apply_filter_is_one_node_inside_the_selection_and_undoes ... ok
test preview_leaves_history_unchanged_and_renders_on_the_viewport_level ... ok
test smart_filters_render_edit_and_round_trip_through_save ... ok

test result: ok. 12 passed; 0 failed; 1 ignored; 0 measured; 0 filtered out; finished in 1.98s

     Running tests/document_fonts.rs (/Users/rutmehta/.cache/tessera-target/LR-4-parametric-masks/debug/deps/document_fonts-978b22f9cd4a750e)

running 5 tests
test a_missing_font_fails_every_path_with_the_documented_error ... ok
test styled_text_uses_the_shared_fonts_on_the_cpu_fallback ... ok
test channels_thumbnails_after_psd_reopen_and_a_missing_font ... ok
test text_renders_identically_through_every_document_compositor ... ok
test psd_composite_matches_the_viewport ... ok

test result: ok. 5 passed; 0 failed; 0 ignored; 0 measured; 0 filtered out; finished in 1.90s

     Running tests/document_gpu_filters.rs (/Users/rutmehta/.cache/tessera-target/LR-4-parametric-masks/debug/deps/document_gpu_filters-4130c80ceb2ae62a)

running 4 tests
test export_is_unchanged_by_the_gpu_route ... ok
test other_stacks_keep_the_cpu_bake ... ok
test drag_of_the_top_filter_reruns_only_that_stage ... ok
test gpu_route_matches_the_cpu_bake_within_the_operator_contract ... ok

test result: ok. 4 passed; 0 failed; 0 ignored; 0 measured; 0 filtered out; finished in 30.15s

     Running tests/document_liquify_ui.rs (/Users/rutmehta/.cache/tessera-target/LR-4-parametric-masks/debug/deps/document_liquify_ui-de51b843db61eba9)

running 15 tests
test freeze_blocks_deformation_and_thaw_restores_it ... ok
test cancel_stale_deleted_and_locked_targets_never_commit ... ok
test reconstruct_smooth_and_reset_work_against_the_original ... ok
test twirl_pucker_bloat_and_push_left_are_distinct ... ok
test forward_warp_follows_the_brush_and_matches_the_engine_render ... ok
test preview_matches_full_render_and_before_leaves_document_untouched ... ok
test selection_freezes_outside_and_clips_the_write ... ok
test apply_is_one_undoable_node_with_exact_undo_and_redo ... ok
test new_layer_and_pixel_to_smart_filter_destinations_are_one_node ... ok
test a_cancel_just_before_the_write_never_reaches_history_on_a_pixel_layer ... ok
test a_cancel_just_before_the_write_never_reaches_history_on_a_smart_object ... ok
test smart_filter_re_edit_replaces_in_place_and_round_trips ... ok
test full_resolution_output_from_a_fit_size_proxy ... ok
test cancel_during_a_full_resolution_apply_leaves_no_late_result ... ok
test brush_latency_on_a_20_megapixel_layer ... FAILED

failures:

---- brush_latency_on_a_20_megapixel_layer stdout ----
LIQUIFY 20MP (5472x3648, cell 16, proxy 1824x1216 /3): open 8930 ms; brush+preview per event median 248.7 ms, p95 349.0 ms, max 2195.3 ms (brush 7.7 ms, preview 241.4 ms median); full-res apply 3343 ms

thread 'brush_latency_on_a_20_megapixel_layer' (57447162) panicked at crates/tessera-ffi/tests/document_liquify_ui.rs:1064:5:
brush latency p95 349.0 ms
note: run with `RUST_BACKTRACE=1` environment variable to display a backtrace


failures:
    brush_latency_on_a_20_megapixel_layer

test result: FAILED. 14 passed; 1 failed; 0 ignored; 0 measured; 0 filtered out; finished in 57.74s

error: test failed, to rerun pass `-p tessera-ffi --test document_liquify_ui`
     Running tests/document_perf.rs (/Users/rutmehta/.cache/tessera-target/LR-4-parametric-masks/debug/deps/document_perf-43d7c66c98db6ce8)

running 7 tests
test b515_bench_p16_background_export ... ignored
test bench_p13_4k_viewport_l0_100_layers_20mp ... ignored
test bench_p14_mutations_during_slow_style_frames ... ignored
test bench_p16_export_flat_sync ... ignored
test bench_p16_export_parity_files ... ignored
test bench_p17_document_frames_during_photo_export ... ignored
test bench_p19_smart_filter_drag_20mp ... ignored

test result: ok. 0 passed; 0 failed; 7 ignored; 0 measured; 0 filtered out; finished in 0.00s

     Running tests/document_quick_mask.rs (/Users/rutmehta/.cache/tessera-target/LR-4-parametric-masks/debug/deps/document_quick_mask-7fc4a11131bfd5a6)

running 4 tests
test exiting_an_unknown_channel_fails_without_a_node ... ok
test entering_with_a_selection_moves_it_into_the_mask_in_one_node ... ok
test entering_without_a_selection_is_unchanged ... ok
test painting_white_outside_the_old_selection_grows_it_after_exit ... ok

test result: ok. 4 passed; 0 failed; 0 ignored; 0 measured; 0 filtered out; finished in 0.69s

     Running tests/document_restoration.rs (/Users/rutmehta/.cache/tessera-target/LR-4-parametric-masks/debug/deps/document_restoration-7d69084b11716055)

running 1 test
test restoration_missing_weights_is_atomic_on_pixels_and_smart_objects ... ok

test result: ok. 1 passed; 0 failed; 0 ignored; 0 measured; 0 filtered out; finished in 0.82s

     Running tests/document_restoration_ui.rs (/Users/rutmehta/.cache/tessera-target/LR-4-parametric-masks/debug/deps/document_restoration_ui-e90960fe5a00b112)

running 4 tests
test catalogue_lists_every_engine_neural_filter_including_photo_restoration ... ok
test drunet_model_row_names_photo_restoration ... ok
test photo_restoration_rejects_values_outside_its_range_before_anything_else ... ok
test photo_restoration_without_weights_changes_nothing_for_any_destination ... ok

test result: ok. 4 passed; 0 failed; 0 ignored; 0 measured; 0 filtered out; finished in 0.72s

     Running tests/document_retouch_ui.rs (/Users/rutmehta/.cache/tessera-target/LR-4-parametric-masks/debug/deps/document_retouch_ui-86abc1092eb19bb1)

running 9 tests
test stale_document_and_layer_ids_error_cleanly ... ok
test distraction_suggestions_are_reviewed_then_only_accepted_ones_removed ... ok
test retouch_models_are_looked_up_where_model_downloads_put_them ... ok
test missing_lama_and_neural_weights_give_the_documented_error ... ok
test stroke_mask_equals_equivalent_selection_and_removes_the_same ... ok
test auto_without_lama_uses_patchmatch_and_says_so ... ok
test patchmatch_remove_from_selection_is_deterministic_and_one_undo_step ... ok
test content_aware_fill_and_neural_destinations_are_one_node_each ... ok
test cancellation_leaves_history_unchanged ... ok

test result: ok. 9 passed; 0 failed; 0 ignored; 0 measured; 0 filtered out; finished in 3.66s

     Running tests/document_save_destination.rs (/Users/rutmehta/.cache/tessera-target/LR-4-parametric-masks/debug/deps/document_save_destination-17a56cee9d449239)

running 5 tests
test legacy_save_as_still_replaces_existing_destination ... ok
test checked_collision_keeps_destination_and_unsaved_session_then_new_name_saves ... ok
test checked_native_psd_and_psb_collisions_preserve_session_markers ... ok
test two_independent_sessions_race_same_absent_name_for_each_format ... ok
test checked_native_psd_and_psb_create_and_confirmed_replace ... ok

test result: ok. 5 passed; 0 failed; 0 ignored; 0 measured; 0 filtered out; finished in 1.73s

     Running tests/document_stack_ui.rs (/Users/rutmehta/.cache/tessera-target/LR-4-parametric-masks/debug/deps/document_stack_ui-1f7aed328b8da0c3)

running 19 tests
test stack_budget_scales_with_physical_memory_up_to_200_megapixels ... ok
test stack_budget_uses_this_macs_physical_memory ... ok
test stack_eligibility_refuses_layers_over_the_pixel_budget ... ok
test stack_options_default_like_photoshop ... ok
test photomerge_refuses_over_the_pixel_budget_from_headers_before_decoding ... ok
test invalid_stacks_error_and_change_nothing ... ok
test cancelled_photomerge_changes_nothing ... ok
test stack_eligibility_reports_root_pixel_layers ... ok
test photomerge_rejects_bad_sources_without_a_history_node ... ok
test stack_images_masks_pick_the_sharper_source ... ok
test auto_align_registers_known_offset_grows_canvas_and_undoes_once ... ok
test auto_blend_panorama_masks_sum_to_one_in_overlap_and_undo_once ... ok
test photomerge_into_layers_is_one_history_node_with_named_layers ... ok
test reposition_is_withheld_while_the_engine_misregisters_it ... ok
test photomerge_skips_conversion_when_the_unembedded_target_is_the_same_profile ... ok
test photomerge_document_takes_the_first_photos_profile_and_converts_the_rest ... ok
test photomerge_into_an_srgb_document_converts_display_p3_photos ... ok
test content_aware_fill_fills_transparent_corners_only_when_requested ... ok
test photomerge_document_is_untitled_with_n_layers_and_masks_survive_save_and_psd ... ok

test result: ok. 19 passed; 0 failed; 0 ignored; 0 measured; 0 filtered out; finished in 12.26s

     Running tests/document_styles_ui.rs (/Users/rutmehta/.cache/tessera-target/LR-4-parametric-masks/debug/deps/document_styles_ui-2e5bddd5bc4402be)

running 9 tests
test bench_styled_large_viewport_frame ... ignored
test locked_and_unstyleable_layers_refuse_edits ... ok
test interactive_drag_records_one_node_on_commit ... ok
test unrelated_properties_are_preserved ... ok
test global_light_change_invalidates_both_layers_that_use_it ... ok
test styled_documents_present_frames_on_the_default_backend ... ok
test every_effect_kind_round_trips_through_the_json_api ... ok
test tessera_doc_and_psd_round_trips_keep_styles ... ok
test copy_paste_and_clear_are_one_node_each ... ok

test result: ok. 8 passed; 0 failed; 1 ignored; 0 measured; 0 filtered out; finished in 0.82s

     Running tests/document_text_ui.rs (/Users/rutmehta/.cache/tessera-target/LR-4-parametric-masks/debug/deps/document_text_ui-fcc89bcdec1ea660)

running 20 tests
test layout_keeps_ligatures_as_one_cluster ... ok
test layout_clusters_are_utf8_offsets_on_grapheme_boundaries ... ok
test layout_bidi_reports_visual_rtl_runs_with_source_offsets ... ok
test typing_preview_latency_20mp ... ignored
test unrelated_edits_undo_and_save_flush_a_pending_text_draft ... ok
test locks_and_affine_validation_fail_without_partial_change ... ok
test text_layer_reports_caret_and_colour_limitations ... ok
test paragraph_and_box_changes_commit_the_whole_model ... ok
test edit_text_runs_rejects_invalid_ranges_stale_revisions_and_drafts ... ok
test insertion_and_deletion_across_mixed_style_runs ... ok
test interactive_add_is_provisional_until_the_final_call ... ok
test auto_named_text_layer_follows_its_first_line_until_renamed ... ok
test add_text_layer_uses_created_ids_and_bottom_first_indexes ... ok
test run_only_drafts_commit_one_splice_and_keep_untouched_runs ... ok
test cancel_and_no_op_drafts_record_nothing_and_spare_other_drafts ... ok
test native_reopen_keeps_text_editable ... ok
test typing_group_is_one_node_with_exact_undo_and_redo ... ok
test cpu_and_resident_render_text_with_the_shared_font_snapshot ... ok
test convert_to_pixels_keeps_id_masks_styles_and_undo_restores_source ... ok
test psd_reopen_keeps_mixed_runs_and_converted_layers_drop_tysh ... ok

test result: ok. 19 passed; 0 failed; 1 ignored; 0 measured; 0 filtered out; finished in 1.16s

     Running tests/document_tools.rs (/Users/rutmehta/.cache/tessera-target/LR-4-parametric-masks/debug/deps/document_tools-dc7fd5d4d17ee4c6)

running 10 tests
test bench_interactive_dabs_20mp ... ignored
test fill_clear_content_aware_and_eyedropper ... ok
test brush_stroke_is_live_then_one_undoable_node ... ok
test free_transform_preview_commit_cancel ... ok
test clone_heal_symmetry_pressure_and_sampled_tips ... ok
test stroke_frames_reach_the_viewport ... ok
test eraser_locks_selection_limit_and_mask_strokes ... ok
test marquee_lasso_and_selection_ops ... ok
test wand_quick_range_all_inverse_modify_and_channels ... ok
test subject_sky_object_refine_and_outline ... ok

test result: ok. 9 passed; 0 failed; 1 ignored; 0 measured; 0 filtered out; finished in 1.75s

     Running tests/document_transform_followups.rs (/Users/rutmehta/.cache/tessera-target/LR-4-parametric-masks/debug/deps/document_transform_followups-8dd39fdcc0466667)

running 2 tests
test b512b_previews_never_announce_rows_until_cancel_or_apply ... ok
test b512b_multi_stage_stack_rasterizes_in_parallel_without_hanging has been running for over 60 seconds
test b512b_multi_stage_stack_rasterizes_in_parallel_without_hanging ... ok

test result: ok. 2 passed; 0 failed; 0 ignored; 0 measured; 0 filtered out; finished in 119.26s

     Running tests/document_transform_ui.rs (/Users/rutmehta/.cache/tessera-target/LR-4-parametric-masks/debug/deps/document_transform_ui-c5822716e17c25b8)

running 19 tests
test b512_text_stays_live_inside_the_explicit_wrapper ... ok
test b512_locks_reject_geometry_while_color_filters_keep_their_rules ... ok
test bench_warp_drag_20mp ... ignored
test b512_stale_tokens_changed_layers_and_switching_never_mutate ... ok
test b512_unrelated_edits_drop_a_preview_without_recording_it ... ok
test b512_wrapper_keeps_source_masks_and_styles_exactly_once ... ok
test rasterized_copy_handle_precancel_retry_and_close ... ok
test b512_content_aware_amount_and_saved_channel_protection ... ok
test b512_pixel_to_smart_needs_consent_and_cancel_creates_nothing ... ok
test b512_linked_perspective_quads_share_edges_and_invalid_quads_keep_preview ... ok
test b512_child_coordinates_follow_placement_and_draft_protect_matches_mip ... ok
test b512_all_interpolation_kernels_render_and_differ ... ok
test b512_warp_presets_bend_zero_identity_and_splits_do_not_jump ... ok
test b512_apply_is_one_node_with_exact_undo_redo ... ok
test b512_reedit_keeps_neighbours_order_blending_and_enabled_state ... ok
test b512_native_reopen_keeps_stage_masks_and_source_and_psd_is_explicit ... ok
test b512_puppet_mesh_pins_rotation_and_honest_limits ... ok
test b512_metal_matches_cpu_for_every_geometric_stage ... ok
test b512_draft_proxy_previews_then_exact_commit has been running for over 60 seconds
test b512_draft_proxy_previews_then_exact_commit ... ok

test result: ok. 18 passed; 0 failed; 1 ignored; 0 measured; 0 filtered out; finished in 144.22s

     Running tests/document_vector_ui.rs (/Users/rutmehta/.cache/tessera-target/LR-4-parametric-masks/debug/deps/document_vector_ui-0fc2d15d38080ce2)

running 17 tests
test inverse_affine_hits_track_skew_and_translation ... ok
test drafts_commit_once_and_cancel_leaves_history_unchanged ... ok
test invalid_inputs_and_locks_fail_without_history ... ok
test custom_path_edits_clear_live_shape_and_persist_natively ... ok
test bounds_and_thumbnail_revisions_follow_the_source ... ok
test shape_rows_report_shape_kind_not_fill ... ok
test dash_only_stroke_hits_follow_the_dashes ... ok
test masks_stay_fixed_on_move_but_move_with_the_linked_batch ... ok
test boolean_operations_make_holes_in_one_undo_step ... ok
test anchor_splitting_handles_and_deletion ... ok
test live_primitives_regenerate_paths_in_one_node ... ok
test vector_mask_coexists_with_raster_mask ... ok
test even_odd_holes_hit_and_render_as_holes ... ok
test conversion_to_pixels_is_exact_and_undo_restores_the_source ... ok
test mask_density_feather_and_disabled_states ... ok
test psd_standard_tags_cached_pixels_and_raster_mask_fallback ... ok
test native_and_psd_reopen_keep_editable_shapes_and_masks ... ok

test result: ok. 17 passed; 0 failed; 0 ignored; 0 measured; 0 filtered out; finished in 2.01s

     Running tests/document_viewport.rs (/Users/rutmehta/.cache/tessera-target/LR-4-parametric-masks/debug/deps/document_viewport-bc2cee7dddb435d7)

running 6 tests
test save_render_undo_races_keep_history_and_surfaces_valid ... ok
test composite_thumbnails_reuse_mips_across_edits ... ok
test viewport_frames_composite_only_the_viewport_plus_halo ... ok
test frames_for_a_replaced_ring_are_dropped ... ok
test viewport_frames_equal_full_level_frames ... ok
test edits_do_not_wait_for_frames_in_flight has been running for over 60 seconds
test edits_do_not_wait_for_frames_in_flight ... ok

test result: ok. 6 passed; 0 failed; 0 ignored; 0 measured; 0 filtered out; finished in 197.41s

     Running tests/enhance.rs (/Users/rutmehta/.cache/tessera-target/LR-4-parametric-masks/debug/deps/enhance-0558222843943cef)

running 4 tests
test options_require_an_operation_and_reject_unavailable_raw_details ... ok
test missing_weights_are_an_offline_job_error_without_output ... ok
test zero_nr_publishes_bit_exact_hdr_dng_and_persistent_stack ... ok
test rotated_source_is_written_upright_with_identity_orientation ... ok

test result: ok. 4 passed; 0 failed; 0 ignored; 0 measured; 0 filtered out; finished in 0.31s

     Running tests/errors.rs (/Users/rutmehta/.cache/tessera-target/LR-4-parametric-masks/debug/deps/errors-bbd9e7705f54dcf5)

running 1 test
test invalid_inputs_do_not_mutate_sidecars ... ok

test result: ok. 1 passed; 0 failed; 0 ignored; 0 measured; 0 filtered out; finished in 0.03s

     Running tests/export.rs (/Users/rutmehta/.cache/tessera-target/LR-4-parametric-masks/debug/deps/export-198e62d2d3599e96)

running 26 tests
test print_scale_bins_only_while_the_box_stays_covered ... ok
test dng_settings_select_float_linear_export ... ok
test jpeg_xl_settings_support_lossless_depths_and_reject_false_profiles ... ok
test avif_settings_are_backward_compatible_and_validate_depth_and_speed ... ok
test sharpening_amount_json_defaults_and_roundtrip ... ok
test settings_json_is_validated_and_normalized ... ok
test protected_batch_destination_is_rejected_before_mkdir ... ok
test original_export_copies_bytes_and_is_remembered ... ok
test original_export_keeps_embedded_only_dng_edits ... ok
test presets_ship_defaults_and_persist_crud ... ok
test soft_proof_lut_flags_out_of_gamut_and_simulates_paper ... ok
test dng_embedded_original_option_roundtrips_and_exports ... ok
test workflow_previous_survives_reopen_and_uses_the_new_selection ... ok
test jpeg_xl_batch_encodes_each_depth_and_keeps_metadata_sidecar ... ok
test hdr_options_roundtrip_and_export ... ok
test workflow_failures_preserve_previous_and_earlier_preset_reports ... ok
test workflow_does_not_run_scripts_after_cancel_or_partial_failure ... ok
test workflow_script_runs_in_host_only_after_successful_export ... ok
test print_renders_fit_the_box_in_the_chosen_colour_handling ... ok
test sharpening_amount_reaches_exported_pixels_and_preset ... ok
test avif_batch_encodes_each_depth_and_keeps_metadata_sidecar ... ok
test batch_exports_resized_oriented_files_with_progress_and_status ... ok
test workflow_multiple_settings_are_preflighted_and_remembered_together ... ok
test batch_targets_cancel_and_destination_rules ... ok
test ffi_extracts_native_metadata_per_source_and_filters ... ok
test raw_export_with_the_web_preset_and_a_binned_print_render ... ok

test result: ok. 26 passed; 0 failed; 0 ignored; 0 measured; 0 filtered out; finished in 25.32s

     Running tests/export_metadata_policy.rs (/Users/rutmehta/.cache/tessera-target/LR-4-parametric-masks/debug/deps/export_metadata_policy-ddfaaff0ff7b6a7c)

running 1 test
test metadata_policy_settings_round_trip ... ok

test result: ok. 1 passed; 0 failed; 0 ignored; 0 measured; 0 filtered out; finished in 0.00s

     Running tests/fallback.rs (/Users/rutmehta/.cache/tessera-target/LR-4-parametric-masks/debug/deps/fallback-70838ce1a52e8417)

running 1 test
test missing_jpeg_returns_pending_then_callback_and_cached_bytes ... ok

test result: ok. 1 passed; 0 failed; 0 ignored; 0 measured; 0 filtered out; finished in 57.39s

     Running tests/hdr.rs (/Users/rutmehta/.cache/tessera-target/LR-4-parametric-masks/debug/deps/hdr-c602f6ffe8843e2b)

running 4 tests
test bench_edr_slider_latency ... ignored
test presentation_selects_sdr_fallback_and_caps_headroom ... ok
test float_surface_writer_keeps_values_above_one ... ok
test edr_ring_renders_headroom_and_sdr_ring_stays_bit_identical ... ok

test result: ok. 3 passed; 0 failed; 1 ignored; 0 measured; 0 filtered out; finished in 53.50s

     Running tests/library.rs (/Users/rutmehta/.cache/tessera-target/LR-4-parametric-masks/debug/deps/library-99ea41f50f44e8ab)

running 8 tests
test rule_checks_report_positions_and_items_round_trip ... ok
test facets_only_preserves_counts_without_collecting_matches ... ok
test metadata_batch_returns_the_first_individual_error ... ok
test metadata_batch_propagates_sidecar_read_errors ... ok
test metadata_batch_matches_individual_reads_in_requested_order ... ok
test faceted_search_counts_other_filters_and_locates_text_errors ... ok
test albums_groups_and_smart_albums_are_ordered_nested_and_safely_deleted ... ok
test keywords_and_iptc_persist_to_xmp_and_search ... ok

test result: ok. 8 passed; 0 failed; 0 ignored; 0 measured; 0 filtered out; finished in 0.35s

     Running tests/lr4_import_render.rs (/Users/rutmehta/.cache/tessera-target/LR-4-parametric-masks/debug/deps/lr4_import_render-46ac468341e98085)

running 5 tests
test lr4_lua_gradient_local_exposure ... ok
test lr4_lua_luminance_local_exposure ... ok
test lr4_lua_depth_local_exposure ... ok
test lr4_lua_nested_disabled_add_subtract_intersect ... ok
test lr4_lua_radial_local_exposure ... ok

test result: ok. 5 passed; 0 failed; 0 ignored; 0 measured; 0 filtered out; finished in 0.00s

     Running tests/lr4b_import_render.rs (/Users/rutmehta/.cache/tessera-target/LR-4-parametric-masks/debug/deps/lr4b_import_render-730d42c01c56d6c4)

running 1 test
test lr4b_import_cpu_four_bounds_radial_and_subtypes ... ok

test result: ok. 1 passed; 0 failed; 0 ignored; 0 measured; 0 filtered out; finished in 0.02s

     Running tests/lr4c_approximate.rs (/Users/rutmehta/.cache/tessera-target/LR-4-parametric-masks/debug/deps/lr4c_approximate-36717fd38a7ca779)

running 6 tests
test lr4c_documented_metadata_does_not_block_approximation ... ok
test lr4c_component_inversion_precedes_range_intersection ... ok
test lr4c_zero_value_paint_erases_prior_selection ... ok
test lr4c_luminance_retains_source_without_warnings ... ok
test lr4c_dab_commands_translate_to_individual_stamps_and_render ... ok
test lr4c_color_models_assume_encoded_rgb_and_render ... ok

test result: ok. 6 passed; 0 failed; 0 ignored; 0 measured; 0 filtered out; finished in 0.01s

     Running tests/lrcat.rs (/Users/rutmehta/.cache/tessera-target/LR-4-parametric-masks/debug/deps/lrcat-face81994b262705)

running 16 tests
test catalog_copy_indexes_eight_accessible_references ... ignored, requires TESSERA_LRCAT_COPY and eight accessible originals
test apply_writes_sidecars_library_and_index_and_resumes ... ok
test grouped_develop_report_entries_keep_their_image_counts ... ok
test lightroom_owned_library_destination_is_rejected_before_creation ... ok
test unedited_summary_lists_each_image ... ok
test catalog_import_indexes_only_references_but_open_folder_indexes_everything ... ok
test protected_default_library_missing_support_returns_error ... ok
test plan_relocates_maps_selection_and_marks_without_writing ... ok
test inspect_counts_and_unsupported_reasons ... ok
test read_only_report_counts_successful_writes_not_failed_candidates ... ok
test protected_edit_resolves_after_remount_and_engine_reopen ... ok
test protected_default_library_import_succeeds_without_custom_folder ... ok
test cancel_then_resume_and_existing_edits_are_kept ... ok
test lightroom_owned_photos_import_without_adjacent_files ... ok
test streaming_resume_rejects_protected_publication_symlinks ... ok
test fidelity_sample_compares_with_lightroom_previews ... ok

test result: ok. 15 passed; 0 failed; 1 ignored; 0 measured; 0 filtered out; finished in 38.12s

     Running tests/lrcat_streaming.rs (/Users/rutmehta/.cache/tessera-target/LR-4-parametric-masks/debug/deps/lrcat_streaming-f66d73e3c91a1101)

running 1 test
test ffi_streaming_memory_is_bounded ... ignored, release memory and time gate

test result: ok. 0 passed; 0 failed; 1 ignored; 0 measured; 0 filtered out; finished in 0.00s

     Running tests/lrcat_streaming_parity.rs (/Users/rutmehta/.cache/tessera-target/LR-4-parametric-masks/debug/deps/lrcat_streaming_parity-0b314934623d80c4)

running 2 tests
test ffi_retains_develop_sources_and_publishes_oversized_cells ... ok
test ffi_streaming_summary_and_bundle_match_crate ... ok

test result: ok. 2 passed; 0 failed; 0 ignored; 0 measured; 0 filtered out; finished in 3.32s

     Running tests/m532_channel_display.rs (/Users/rutmehta/.cache/tessera-target/LR-4-parametric-masks/debug/deps/m532_channel_display-3cece28334a290b4)

running 1 test
test saved_channel_display_fields_reach_session_records ... ok

test result: ok. 1 passed; 0 failed; 0 ignored; 0 measured; 0 filtered out; finished in 0.50s

     Running tests/masks.rs (/Users/rutmehta/.cache/tessera-target/LR-4-parametric-masks/debug/deps/masks-d609dcd207bca9bb)

running 4 tests
test bench_mask_latency ... ignored
test subject_mask_on_the_canon_fixture_with_cached_models ... ok
test ai_masks_segment_in_a_job_and_render_through_the_mask_cache ... ok
test gradient_brush_range_overlay_undo_and_persistence has been running for over 60 seconds
test gradient_brush_range_overlay_undo_and_persistence ... ok

test result: ok. 3 passed; 0 failed; 1 ignored; 0 measured; 0 filtered out; finished in 75.52s

     Running tests/merge.rs (/Users/rutmehta/.cache/tessera-target/LR-4-parametric-masks/debug/deps/merge-5fc6904c64f5f575)

running 7 tests
test invalid_options_ids_missing_exposure_and_overlap_are_visible ... ok
test cancel_at_publication_checkpoint_leaves_no_dng_or_catalog_row ... ok
test unstacked_merge_preserves_all_source_ids ... ok
test hdr_preview_and_job_publish_float_dng_index_stack_and_changes ... ok
test protected_merge_publishes_outside_source ... ok
test merged_dng_develop_edit_persist_preview_and_export ... ok
test panorama_and_explicit_hdr_panorama_publish_with_each_projection ... ok

test result: ok. 7 passed; 0 failed; 0 ignored; 0 measured; 0 filtered out; finished in 13.75s

     Running tests/session.rs (/Users/rutmehta/.cache/tessera-target/LR-4-parametric-masks/debug/deps/session-fbf649a27f31d52c)

running 3 tests
test query_sessions_need_an_explicit_library ... ok
test groups_navigation_and_keep_best_are_one_undo_step ... ok
test decisions_basket_status_sweep_and_safe_album_delete ... ok

test result: ok. 3 passed; 0 failed; 0 ignored; 0 measured; 0 filtered out; finished in 0.74s

     Running tests/smart_preview_workflow.rs (/Users/rutmehta/.cache/tessera-target/LR-4-parametric-masks/debug/deps/smart_preview_workflow-761f0e5d835f3f66)

running 1 test
test public_engine_offline_restart_sync_original_export_and_conflict ... ignored, requires TESSERA_SMART_PREVIEW_RAW and the exclusive native test lane

test result: ok. 0 passed; 0 failed; 1 ignored; 0 measured; 0 filtered out; finished in 0.00s

     Running tests/tether.rs (/Users/rutmehta/.cache/tessera-target/LR-4-parametric-masks/debug/deps/tether-af99efdabc47ab6b)

running 2 tests
test fake_camera_timer_drops_frames_and_bad_naming_is_rejected ... ok
test fake_camera_capture_downloads_names_indexes_and_scores ... ok

test result: ok. 2 passed; 0 failed; 0 ignored; 0 measured; 0 filtered out; finished in 7.88s

     Running tests/understanding.rs (/Users/rutmehta/.cache/tessera-target/LR-4-parametric-masks/debug/deps/understanding-aa9c0a8d007b3ff3)

running 5 tests
test jobs_cancel_and_auto_suggest_follows_the_setting ... ok
test accept_is_catalog_only_by_default_and_writes_xmp_when_opted_in ... ok
test suggestion_jobs_report_progress_cache_results_and_map_to_the_tree ... ok
test rejected_suggestions_stay_rejected_until_reanalysed ... ok
test captions_and_text_are_cached_searchable_and_keep_other_tasks ... ok

test result: ok. 5 passed; 0 failed; 0 ignored; 0 measured; 0 filtered out; finished in 3.90s

     Running unittests src/lib.rs (/Users/rutmehta/.cache/tessera-target/LR-4-parametric-masks/debug/deps/tessera_mcp-d2d5988ec2061639)

running 30 tests
test documents::paint::tests::hard_dab_covers_its_disc_and_spacing_fills_a_line ... ok
test documents::paint::tests::opacity_caps_and_soft_edges_fall_off ... ok
test documents::select::tests::real_selection_uses_selection_crate_and_validates_inputs ... ok
test preview::critic::tests::face_crop_inversion_matches_every_exif_orientation ... ok
test documents::select::tests::marquee_ellipse_and_lasso_cover_their_shapes ... ok
test documents::paint::tests::full_preset_engine_matches_seeded_stroke_without_losing_advanced_settings ... ok
test mutations::lr4c_tests::lr4c_nested_ai_refused_before_preview_access ... ok
test documents::advanced::tests::ml_requires_a_provider_and_propagates_provider_failure ... ok
test documents::advanced::tests::wand_selects_connected_or_global_colour_without_mutating_document ... ok
test documents::advanced::tests::quick_growth_and_colour_range_use_image_content ... ok
test documents::advanced::tests::schema_roundtrip_and_invalid_parameters ... ok
test documents::advanced::tests::refine_feathers_edges_and_boolean_preserves_soft_values ... ok
test schema::tests::derived_flattened_wire_type_accepts_envelope_and_rejects_unknown_fields ... ok
test documents::paint::tests::direct_tiles_match_brush_api_exactly_and_legacy_declines ... ok
test documents::advanced::tests::tagged_composite_is_converted_to_srgb_and_bad_profiles_fail ... ok
test schema::tests::people_wire_requires_explicit_name_and_confirmation ... ok
test documents::brush_presets::tests::corrupt_store_and_invalid_settings_never_replace_saved_data ... ok
test schema::tests::editable_model_schemas_and_validation_are_typed ... ok
test server::people_tests::remove_object_document_alias_has_union_schema_and_canonical_dispatch ... ok
test documents::brush_presets::tests::full_brush_persists_across_store_reopen ... ok
test preview::tests::rgb_icc_and_orientation_are_shared_by_export_preview_and_histogram ... ok
test schema::tests::document_wire_types_accept_envelope_flatten_and_reject_typos ... ok
test server::people_tests::library_request_dispatches_to_catalog_and_reports_missing_person ... ok
test documents::brush_presets::tests::abr_listing_and_import_preserve_tips_without_mutating_on_bad_input ... ok
test preview::tests::rgb_decode_is_shared_by_preview_histogram_and_final ... ok
test documents::brush_presets::tests::concurrent_handles_allocate_distinct_ids ... ok
test preview::tests::raw_steps_reuse_upstream_operator_results ... ok
test preview::tests::metrics_count_full_resolution_and_face_crop_uses_native_pixels ... ok
test preview::tests::heic_is_accepted_by_export_and_preview ... ok
test preview::tests::nondefault_histogram_clipping_does_not_saturate_at_f32_integer_limit ... ok

test result: ok. 30 passed; 0 failed; 0 ignored; 0 measured; 0 filtered out; finished in 1.68s

     Running unittests src/main.rs (/Users/rutmehta/.cache/tessera-target/LR-4-parametric-masks/debug/deps/tessera_mcp-ad4b83fabdc1b8f4)

running 0 tests

test result: ok. 0 passed; 0 failed; 0 ignored; 0 measured; 0 filtered out; finished in 0.00s

     Running tests/channels.rs (/Users/rutmehta/.cache/tessera-target/LR-4-parametric-masks/debug/deps/channels-44d94d6c5d56b076)

running 4 tests
test channel_validation_is_atomic_and_staging_is_immutable ... ok
test channel_ids_are_not_reused_on_history_branches ... ok
test recorded_channels_bind_to_newly_created_ids ... ok
test add_summary_load_edit_rename_delete_and_undo ... ok

test result: ok. 4 passed; 0 failed; 0 ignored; 0 measured; 0 filtered out; finished in 0.58s

     Running tests/console.rs (/Users/rutmehta/.cache/tessera-target/LR-4-parametric-masks/debug/deps/console-0d385e0a7a760f6e)

running 10 tests
test rejected_mutations_preserve_history_and_pixels ... ok
test scene_linear_histogram_and_noop_history_are_explicit ... ok
test dng_export_uses_the_shared_codec ... ok
test jpeg_xl_export_accepts_only_lossless_quality ... ok
test masks_crop_style_and_selection_record_one_entry_each ... ok
test compare_catalog_scores_and_export_use_engine_pixels ... ok
test avif_export_uses_the_shared_codec ... ok
test tone_is_one_persistent_agent_entry_and_histogram_tracks_render ... ok
test heic_console_describe_edit_and_export ... ok
test previews_and_linear_histograms_are_bounded_pyramid_levels ... ok

test result: ok. 10 passed; 0 failed; 0 ignored; 0 measured; 0 filtered out; finished in 2.55s

     Running tests/document_color.rs (/Users/rutmehta/.cache/tessera-target/LR-4-parametric-masks/debug/deps/document_color-81d978e940da34e0)

running 7 tests
test untagged_float_export_keeps_srgb_transfer_and_linear_alpha ... ok
test integer_document_retains_embedded_profile_and_samples ... ok
test float_document_encodes_its_profile_transfer_curve_without_changing_alpha ... ok
test flat_image_open_retains_embedded_profile_for_export ... ok
test untagged_integer_exports_embed_srgb_in_every_supported_encoding ... ok
test psd_import_captures_warnings_without_losing_preserved_records ... ok
test invalid_profile_and_unresolved_output_handle_do_not_replace_destination ... ok

test result: ok. 7 passed; 0 failed; 0 ignored; 0 measured; 0 filtered out; finished in 0.07s

     Running tests/document_filters.rs (/Users/rutmehta/.cache/tessera-target/LR-4-parametric-masks/debug/deps/document_filters-7a9af7328daab3aa)

running 4 tests
test distractions_return_masks_and_preserve_replayable_history ... ok
test retouch_operations_dispatch_and_undo_with_strict_errors ... ok
test camera_raw_evaluates_before_one_history_commit_and_checks_head ... ok
test smart_filters_are_enabled_evaluated_and_rendered_without_baking ... ok

test result: ok. 4 passed; 0 failed; 0 ignored; 0 measured; 0 filtered out; finished in 0.91s

     Running tests/document_protocol.rs (/Users/rutmehta/.cache/tessera-target/LR-4-parametric-masks/debug/deps/document_protocol-e576e4dc1eebfbc4)

running 1 test
test document_tools_history_conflicts_schemas_and_actions_over_mcp ... ok

test result: ok. 1 passed; 0 failed; 0 ignored; 0 measured; 0 filtered out; finished in 1.01s

     Running tests/documents.rs (/Users/rutmehta/.cache/tessera-target/LR-4-parametric-masks/debug/deps/documents-d6eebebfc7a27fa6)

running 7 tests
test action_files_are_validated ... ok
test failures_and_expect_head_conflicts_leave_history_untouched ... ok
test every_edit_is_one_agent_entry_with_its_action_and_rationale ... ok
test native_and_psd_exports_reopen ... ok
test transform_merge_and_selection_behave_like_their_definitions ... ok
test recorded_action_replays_identical_pixels_on_another_document ... ok
test describe_and_resident_preview ... ok

test result: ok. 7 passed; 0 failed; 0 ignored; 0 measured; 0 filtered out; finished in 1.34s

     Running tests/export_dng.rs (/Users/rutmehta/.cache/tessera-target/LR-4-parametric-masks/debug/deps/export_dng-d28bcb3910145e34)

running 1 test
test dng_mcp_embeds_original_and_publishes_schema ... ok

test result: ok. 1 passed; 0 failed; 0 ignored; 0 measured; 0 filtered out; finished in 0.06s

     Running tests/export_hdr.rs (/Users/rutmehta/.cache/tessera-target/LR-4-parametric-masks/debug/deps/export_hdr-d9fda0ad3842f333)

running 1 test
test hdr_mcp_exports_and_publishes_controls ... ok

test result: ok. 1 passed; 0 failed; 0 ignored; 0 measured; 0 filtered out; finished in 0.12s

     Running tests/export_sharpening.rs (/Users/rutmehta/.cache/tessera-target/LR-4-parametric-masks/debug/deps/export_sharpening-af1a551368d462db)

running 3 tests
test invalid_sharpening_fails_before_decoding_or_writing ... ok
test sharpening_schema_and_legacy_defaults ... ok
test sharpening_controls_reach_exported_chart_pixels ... ok

test result: ok. 3 passed; 0 failed; 0 ignored; 0 measured; 0 filtered out; finished in 8.42s

     Running tests/m532_channels.rs (/Users/rutmehta/.cache/tessera-target/LR-4-parametric-masks/debug/deps/m532_channels-c1a7720a8bf17848)

running 1 test
test channel_display_summary_paint_and_undo ... ok

test result: ok. 1 passed; 0 failed; 0 ignored; 0 measured; 0 filtered out; finished in 1.16s

     Running tests/native_metadata.rs (/Users/rutmehta/.cache/tessera-target/LR-4-parametric-masks/debug/deps/native_metadata-7d338de24b5bc2ba)

running 1 test
test mcp_native_metadata_policies_and_schema ... ok

test result: ok. 1 passed; 0 failed; 0 ignored; 0 measured; 0 filtered out; finished in 2.00s

     Running tests/people.rs (/Users/rutmehta/.cache/tessera-target/LR-4-parametric-masks/debug/deps/people-8feb950a75f22154)

running 7 tests
test library_tools_are_advertised_with_opt_in_defaults ... ok
test model_generated_string_ids_have_stable_wire_ids_across_reopen ... ok
test invalid_references_are_rejected_before_any_edits ... ok
test merged_opaque_identity_cannot_resurrect_an_old_wire_id ... ok
test confirm_merge_split_preserve_identity_contracts ... ok
test assign_descriptorless_face_and_name_without_sidecars ... ok
test write_options_export_names_and_additive_keywords ... ok

test result: ok. 7 passed; 0 failed; 0 ignored; 0 measured; 0 filtered out; finished in 0.26s

     Running tests/protocol.rs (/Users/rutmehta/.cache/tessera-target/LR-4-parametric-masks/debug/deps/protocol-df602287125954dc)

running 2 tests
test memory_initialize_list_call_bad_schema_compare_and_resources ... ok
test spawned_stdio_lists_tools_without_stdout_noise ... ok

test result: ok. 2 passed; 0 failed; 0 ignored; 0 measured; 0 filtered out; finished in 2.77s

     Running tests/text_vector.rs (/Users/rutmehta/.cache/tessera-target/LR-4-parametric-masks/debug/deps/text_vector-713c10d0cebc167f)

running 3 tests
test actions_can_reference_new_text_and_shape_layers ... ok
test editable_text_dispatch_history_summaries_and_undo ... ok
test shape_mask_conversion_and_failed_edit_are_atomic ... ok

test result: ok. 3 passed; 0 failed; 0 ignored; 0 measured; 0 filtered out; finished in 0.01s

     Running tests/wiring.rs (/Users/rutmehta/.cache/tessera-target/LR-4-parametric-masks/debug/deps/wiring-6b31fef8749027c9)

running 2 tests
test executor_pixels_equal_direct_brush ... ok
test saved_selection_follows_undo_redo ... ok

test result: ok. 2 passed; 0 failed; 0 ignored; 0 measured; 0 filtered out; finished in 0.02s

   Doc-tests engine_api

running 0 tests

test result: ok. 0 passed; 0 failed; 0 ignored; 0 measured; 0 filtered out; finished in 0.00s

   Doc-tests import_lrcat

running 0 tests

test result: ok. 0 passed; 0 failed; 0 ignored; 0 measured; 0 filtered out; finished in 0.00s

   Doc-tests merge

running 0 tests

test result: ok. 0 passed; 0 failed; 0 ignored; 0 measured; 0 filtered out; finished in 0.00s

   Doc-tests pipeline_cpu

running 0 tests

test result: ok. 0 passed; 0 failed; 0 ignored; 0 measured; 0 filtered out; finished in 0.00s

   Doc-tests pipeline_gpu

running 0 tests

test result: ok. 0 passed; 0 failed; 0 ignored; 0 measured; 0 filtered out; finished in 0.00s

   Doc-tests sidecar

running 0 tests

test result: ok. 0 passed; 0 failed; 0 ignored; 0 measured; 0 filtered out; finished in 0.00s

   Doc-tests tessera_ffi

running 0 tests

test result: ok. 0 passed; 0 failed; 0 ignored; 0 measured; 0 filtered out; finished in 0.00s

   Doc-tests tessera_mcp

running 0 tests

test result: ok. 0 passed; 0 failed; 0 ignored; 0 measured; 0 filtered out; finished in 0.00s

error: 2 targets failed:
    `-p tessera-ffi --test develop`
    `-p tessera-ffi --test document_liquify_ui`
