warning: libraw-ffi@0.1.0: vendor/LibRaw/LibRaw-0.22.2/src/write/file_write.cpp:78:3: warning: 'sprintf' is deprecated: This function is provided for compatibility reasons only.  Due to security concerns inherent in the design of sprintf(3), it is highly recommended that you use snprintf(3) instead. [-Wdeprecated-declarations]
warning: libraw-ffi@0.1.0:    78 |   sprintf(th->date, "%04d:%02d:%02d %02d:%02d:%02d", t->tm_year + 1900,
warning: libraw-ffi@0.1.0:       |   ^
warning: libraw-ffi@0.1.0: /Applications/Xcode.app/Contents/Developer/Platforms/MacOSX.platform/Developer/SDKs/MacOSX.sdk/usr/include/_stdio.h:278:1: note: 'sprintf' has been explicitly marked deprecated here
warning: libraw-ffi@0.1.0:   278 | __deprecated_msg("This function is provided for compatibility reasons only.  Due to security concerns inherent in the design of sprintf(3), it is highly recommended that you use snprintf(3) instead.")
warning: libraw-ffi@0.1.0:       | ^
warning: libraw-ffi@0.1.0: /Applications/Xcode.app/Contents/Developer/Platforms/MacOSX.platform/Developer/SDKs/MacOSX.sdk/usr/include/sys/cdefs.h:227:48: note: expanded from macro '__deprecated_msg'
warning: libraw-ffi@0.1.0:   227 |         #define __deprecated_msg(_msg) __attribute__((__deprecated__(_msg)))
warning: libraw-ffi@0.1.0:       |                                                       ^
warning: libraw-ffi@0.1.0: 1 warning generated.
warning: libraw-ffi@0.1.0: vendor/LibRaw/LibRaw-0.22.2/src/decompressors/losslessjpeg.cpp:24:9: warning: 'ZERO' macro redefined [-Wmacro-redefined]
warning: libraw-ffi@0.1.0:    24 | #define ZERO(a) do { memset(a,0,sizeof(a));} while(0)
warning: libraw-ffi@0.1.0:       |         ^
warning: libraw-ffi@0.1.0: vendor/LibRaw/LibRaw-0.22.2/src/decompressors/../../internal/libraw_cxx_defs.h:117:9: note: previous definition is here
warning: libraw-ffi@0.1.0:   117 | #define ZERO(a) memset(&a, 0, sizeof(a))
warning: libraw-ffi@0.1.0:       |         ^
warning: libraw-ffi@0.1.0: vendor/LibRaw/LibRaw-0.22.2/src/decompressors/losslessjpeg.cpp:375:17: warning: comparison of integers of different signs: 'int' and 'uint32_t' (aka 'unsigned int') [-Wsign-compare]
warning: libraw-ffi@0.1.0:   375 |           if (h >= tsize)
warning: libraw-ffi@0.1.0:       |               ~ ^  ~~~~~
warning: libraw-ffi@0.1.0: 2 warnings generated.
warning: libraw-ffi@0.1.0: vendor/LibRaw/LibRaw-0.22.2/src/libraw_datastream.cpp:138:48: warning: unused parameter 'jpegdata' [-Wunused-parameter]
warning: libraw-ffi@0.1.0:   138 | int LibRaw_abstract_datastream::jpeg_src(void *jpegdata)
warning: libraw-ffi@0.1.0:       |                                                ^
warning: libraw-ffi@0.1.0: vendor/LibRaw/LibRaw-0.22.2/src/libraw_datastream.cpp:452:46: warning: unused parameter 'jpegdata' [-Wunused-parameter]
warning: libraw-ffi@0.1.0:   452 | int LibRaw_buffer_datastream::jpeg_src(void *jpegdata)
warning: libraw-ffi@0.1.0:       |                                              ^
warning: libraw-ffi@0.1.0: 2 warnings generated.
warning: libraw-ffi@0.1.0: vendor/LibRaw/LibRaw-0.22.2/src/integration/dngsdk_glue.cpp:527:33: warning: unused parameter 'p' [-Wunused-parameter]
warning: libraw-ffi@0.1.0:   527 | void LibRaw::set_dng_host(void *p)
warning: libraw-ffi@0.1.0:       |                                 ^
warning: libraw-ffi@0.1.0: 1 warning generated.
warning: libraw-ffi@0.1.0: vendor/LibRaw/LibRaw-0.22.2/src/utils/open.cpp:476:11: warning: unused variable 'foveon_count' [-Wunused-const-variable]
warning: libraw-ffi@0.1.0:   476 | const int foveon_count = sizeof(foveon_data) / sizeof(foveon_data[0]);
warning: libraw-ffi@0.1.0:       |           ^~~~~~~~~~~~
warning: libraw-ffi@0.1.0: 1 warning generated.
warning: libraw-ffi@0.1.0: vendor/LibRaw/LibRaw-0.22.2/src/utils/thumb_utils.cpp:35:41: warning: comparison of integers of different signs: 'INT64' (aka 'long long') and 'unsigned long long' [-Wsign-compare]
warning: libraw-ffi@0.1.0:    35 |   if(INT64(T.theight) * INT64(T.twidth) > 1024ULL * 1024ULL * LIBRAW_MAX_THUMBNAIL_MB)
warning: libraw-ffi@0.1.0:       |      ~~~~~~~~~~~~~~~~~~~~~~~~~~~~~~~~~~ ^ ~~~~~~~~~~~~~~~~~~~~~~~~~~~~~~~~~~~~~~~~~~~
warning: libraw-ffi@0.1.0: vendor/LibRaw/LibRaw-0.22.2/src/utils/thumb_utils.cpp:38:42: warning: comparison of integers of different signs: 'INT64' (aka 'long long') and 'unsigned long long' [-Wsign-compare]
warning: libraw-ffi@0.1.0:    38 |   if (INT64(T.theight) * INT64(T.twidth) < 64ULL)
warning: libraw-ffi@0.1.0:       |       ~~~~~~~~~~~~~~~~~~~~~~~~~~~~~~~~~~ ^ ~~~~~
warning: libraw-ffi@0.1.0: 2 warnings generated.
warning: libraw-ffi@0.1.0: vendor/LibRaw/LibRaw-0.22.2/src/postprocessing/postprocessing_utils_dcrdefs.cpp:65:5: warning: 'sprintf' is deprecated: This function is provided for compatibility reasons only.  Due to security concerns inherent in the design of sprintf(3), it is highly recommended that you use snprintf(3) instead. [-Wdeprecated-declarations]
warning: libraw-ffi@0.1.0:    65 |     sprintf(prof_desc.data(), "%s gamma %g toe slope %g", name[output_color - 1], floor(1000. / gamm[0] + .5) / 1000.,
warning: libraw-ffi@0.1.0:       |     ^
warning: libraw-ffi@0.1.0: /Applications/Xcode.app/Contents/Developer/Platforms/MacOSX.platform/Developer/SDKs/MacOSX.sdk/usr/include/_stdio.h:278:1: note: 'sprintf' has been explicitly marked deprecated here
warning: libraw-ffi@0.1.0:   278 | __deprecated_msg("This function is provided for compatibility reasons only.  Due to security concerns inherent in the design of sprintf(3), it is highly recommended that you use snprintf(3) instead.")
warning: libraw-ffi@0.1.0:       | ^
warning: libraw-ffi@0.1.0: /Applications/Xcode.app/Contents/Developer/Platforms/MacOSX.platform/Developer/SDKs/MacOSX.sdk/usr/include/sys/cdefs.h:227:48: note: expanded from macro '__deprecated_msg'
warning: libraw-ffi@0.1.0:   227 |         #define __deprecated_msg(_msg) __attribute__((__deprecated__(_msg)))
warning: libraw-ffi@0.1.0:       |                                                       ^
warning: libraw-ffi@0.1.0: 1 warning generated.
warning: libraw-ffi@0.1.0: vendor/LibRaw/LibRaw-0.22.2/src/postprocessing/mem_image.cpp:43:24: warning: comparison of integers of different signs: 'INT64' (aka 'long long') and 'unsigned long long' [-Wsign-compare]
warning: libraw-ffi@0.1.0:    43 |   if (INT64(T.tlength) > 1024ULL * 1024ULL * LIBRAW_MAX_THUMBNAIL_MB)
warning: libraw-ffi@0.1.0:       |       ~~~~~~~~~~~~~~~~ ^ ~~~~~~~~~~~~~~~~~~~~~~~~~~~~~~~~~~~~~~~~~~~
warning: libraw-ffi@0.1.0: 1 warning generated.
warning: libraw-ffi@0.1.0: vendor/LibRaw/LibRaw-0.22.2/src/decoders/unpack_thumb.cpp:225:9: warning: comparison of integers of different signs: 'INT64' (aka 'long long') and 'unsigned long long' [-Wsign-compare]
warning: libraw-ffi@0.1.0:   225 |         THUMB_SIZE_CHECKWH(T.twidth, T.theight);
warning: libraw-ffi@0.1.0:       |         ^~~~~~~~~~~~~~~~~~~~~~~~~~~~~~~~~~~~~~~
warning: libraw-ffi@0.1.0: vendor/LibRaw/LibRaw-0.22.2/src/decoders/unpack_thumb.cpp:70:27: note: expanded from macro 'THUMB_SIZE_CHECKWH'
warning: libraw-ffi@0.1.0:    70 |     if (INT64(W)*INT64(H) > 1024ULL * 1024ULL * LIBRAW_MAX_THUMBNAIL_MB) return LIBRAW_UNSUPPORTED_THUMBNAIL; \
warning: libraw-ffi@0.1.0:       |         ~~~~~~~~~~~~~~~~~ ^ ~~~~~~~~~~~~~~~~~~~~~~~~~~~~~~~~~~~~~~~~~~~
warning: libraw-ffi@0.1.0: vendor/LibRaw/LibRaw-0.22.2/src/decoders/unpack_thumb.cpp:225:9: warning: comparison of integers of different signs: 'INT64' (aka 'long long') and 'unsigned long long' [-Wsign-compare]
warning: libraw-ffi@0.1.0:   225 |         THUMB_SIZE_CHECKWH(T.twidth, T.theight);
warning: libraw-ffi@0.1.0:       |         ^~~~~~~~~~~~~~~~~~~~~~~~~~~~~~~~~~~~~~~
warning: libraw-ffi@0.1.0: vendor/LibRaw/LibRaw-0.22.2/src/decoders/unpack_thumb.cpp:71:27: note: expanded from macro 'THUMB_SIZE_CHECKWH'
warning: libraw-ffi@0.1.0:    71 |     if (INT64(W)*INT64(H) < 64ULL)        return LIBRAW_NO_THUMBNAIL; \
warning: libraw-ffi@0.1.0:       |         ~~~~~~~~~~~~~~~~~ ^ ~~~~~
warning: libraw-ffi@0.1.0: vendor/LibRaw/LibRaw-0.22.2/src/decoders/unpack_thumb.cpp:266:9: warning: comparison of integers of different signs: 'INT64' (aka 'long long') and 'unsigned long long' [-Wsign-compare]
warning: libraw-ffi@0.1.0:   266 |         THUMB_SIZE_CHECKWH(T.twidth, T.theight);
warning: libraw-ffi@0.1.0:       |         ^~~~~~~~~~~~~~~~~~~~~~~~~~~~~~~~~~~~~~~
warning: libraw-ffi@0.1.0: vendor/LibRaw/LibRaw-0.22.2/src/decoders/unpack_thumb.cpp:70:27: note: expanded from macro 'THUMB_SIZE_CHECKWH'
warning: libraw-ffi@0.1.0:    70 |     if (INT64(W)*INT64(H) > 1024ULL * 1024ULL * LIBRAW_MAX_THUMBNAIL_MB) return LIBRAW_UNSUPPORTED_THUMBNAIL; \
warning: libraw-ffi@0.1.0:       |         ~~~~~~~~~~~~~~~~~ ^ ~~~~~~~~~~~~~~~~~~~~~~~~~~~~~~~~~~~~~~~~~~~
warning: libraw-ffi@0.1.0: vendor/LibRaw/LibRaw-0.22.2/src/decoders/unpack_thumb.cpp:266:9: warning: comparison of integers of different signs: 'INT64' (aka 'long long') and 'unsigned long long' [-Wsign-compare]
warning: libraw-ffi@0.1.0:   266 |         THUMB_SIZE_CHECKWH(T.twidth, T.theight);
warning: libraw-ffi@0.1.0:       |         ^~~~~~~~~~~~~~~~~~~~~~~~~~~~~~~~~~~~~~~
warning: libraw-ffi@0.1.0: vendor/LibRaw/LibRaw-0.22.2/src/decoders/unpack_thumb.cpp:71:27: note: expanded from macro 'THUMB_SIZE_CHECKWH'
warning: libraw-ffi@0.1.0:    71 |     if (INT64(W)*INT64(H) < 64ULL)        return LIBRAW_NO_THUMBNAIL; \
warning: libraw-ffi@0.1.0:       |         ~~~~~~~~~~~~~~~~~ ^ ~~~~~
warning: libraw-ffi@0.1.0: vendor/LibRaw/LibRaw-0.22.2/src/decoders/unpack_thumb.cpp:298:9: warning: comparison of integers of different signs: 'INT64' (aka 'long long') and 'unsigned long long' [-Wsign-compare]
warning: libraw-ffi@0.1.0:   298 |         THUMB_SIZE_CHECKWH(T.twidth, T.theight);
warning: libraw-ffi@0.1.0:       |         ^~~~~~~~~~~~~~~~~~~~~~~~~~~~~~~~~~~~~~~
warning: libraw-ffi@0.1.0: vendor/LibRaw/LibRaw-0.22.2/src/decoders/unpack_thumb.cpp:70:27: note: expanded from macro 'THUMB_SIZE_CHECKWH'
warning: libraw-ffi@0.1.0:    70 |     if (INT64(W)*INT64(H) > 1024ULL * 1024ULL * LIBRAW_MAX_THUMBNAIL_MB) return LIBRAW_UNSUPPORTED_THUMBNAIL; \
warning: libraw-ffi@0.1.0:       |         ~~~~~~~~~~~~~~~~~ ^ ~~~~~~~~~~~~~~~~~~~~~~~~~~~~~~~~~~~~~~~~~~~
warning: libraw-ffi@0.1.0: vendor/LibRaw/LibRaw-0.22.2/src/decoders/unpack_thumb.cpp:298:9: warning: comparison of integers of different signs: 'INT64' (aka 'long long') and 'unsigned long long' [-Wsign-compare]
warning: libraw-ffi@0.1.0:   298 |         THUMB_SIZE_CHECKWH(T.twidth, T.theight);
warning: libraw-ffi@0.1.0:       |         ^~~~~~~~~~~~~~~~~~~~~~~~~~~~~~~~~~~~~~~
warning: libraw-ffi@0.1.0: vendor/LibRaw/LibRaw-0.22.2/src/decoders/unpack_thumb.cpp:71:27: note: expanded from macro 'THUMB_SIZE_CHECKWH'
warning: libraw-ffi@0.1.0:    71 |     if (INT64(W)*INT64(H) < 64ULL)        return LIBRAW_NO_THUMBNAIL; \
warning: libraw-ffi@0.1.0:       |         ~~~~~~~~~~~~~~~~~ ^ ~~~~~
warning: libraw-ffi@0.1.0: vendor/LibRaw/LibRaw-0.22.2/src/decoders/unpack_thumb.cpp:383:3: warning: comparison of integers of different signs: 'INT64' (aka 'long long') and 'unsigned long long' [-Wsign-compare]
warning: libraw-ffi@0.1.0:   383 |                 THUMB_SIZE_CHECKWH(T.twidth, (INT64(T.theight)*INT64(o_bps)));
warning: libraw-ffi@0.1.0:       |                 ^~~~~~~~~~~~~~~~~~~~~~~~~~~~~~~~~~~~~~~~~~~~~~~~~~~~~~~~~~~~~
warning: libraw-ffi@0.1.0: vendor/LibRaw/LibRaw-0.22.2/src/decoders/unpack_thumb.cpp:70:27: note: expanded from macro 'THUMB_SIZE_CHECKWH'
warning: libraw-ffi@0.1.0:    70 |     if (INT64(W)*INT64(H) > 1024ULL * 1024ULL * LIBRAW_MAX_THUMBNAIL_MB) return LIBRAW_UNSUPPORTED_THUMBNAIL; \
warning: libraw-ffi@0.1.0:       |         ~~~~~~~~~~~~~~~~~ ^ ~~~~~~~~~~~~~~~~~~~~~~~~~~~~~~~~~~~~~~~~~~~
warning: libraw-ffi@0.1.0: vendor/LibRaw/LibRaw-0.22.2/src/decoders/unpack_thumb.cpp:383:3: warning: comparison of integers of different signs: 'INT64' (aka 'long long') and 'unsigned long long' [-Wsign-compare]
warning: libraw-ffi@0.1.0:   383 |                 THUMB_SIZE_CHECKWH(T.twidth, (INT64(T.theight)*INT64(o_bps)));
warning: libraw-ffi@0.1.0:       |                 ^~~~~~~~~~~~~~~~~~~~~~~~~~~~~~~~~~~~~~~~~~~~~~~~~~~~~~~~~~~~~
warning: libraw-ffi@0.1.0: vendor/LibRaw/LibRaw-0.22.2/src/decoders/unpack_thumb.cpp:71:27: note: expanded from macro 'THUMB_SIZE_CHECKWH'
warning: libraw-ffi@0.1.0:    71 |     if (INT64(W)*INT64(H) < 64ULL)        return LIBRAW_NO_THUMBNAIL; \
warning: libraw-ffi@0.1.0:       |         ~~~~~~~~~~~~~~~~~ ^ ~~~~~
warning: libraw-ffi@0.1.0: 8 warnings generated.
warning: libraw-ffi@0.1.0: vendor/LibRaw/LibRaw-0.22.2/src/decoders/decoders_libraw.cpp:894:2: warning: definition of implicit copy assignment operator for 'p1_row_info_t' is deprecated because it has a user-provided copy constructor [-Wdeprecated-copy-with-user-provided-copy]
warning: libraw-ffi@0.1.0:   894 |         p1_row_info_t(const p1_row_info_t& q): row(q.row),offset(q.offset){}
warning: libraw-ffi@0.1.0:       |         ^
warning: libraw-ffi@0.1.0: /Applications/Xcode.app/Contents/Developer/Platforms/MacOSX.platform/Developer/SDKs/MacOSX.sdk/usr/include/c++/v1/__algorithm/sift_down.h:61:14: note: in implicit copy assignment operator for 'p1_row_info_t' first required here
warning: libraw-ffi@0.1.0:    61 |     *__start = _Ops::__iter_move(__child_i);
warning: libraw-ffi@0.1.0:       |              ^
warning: libraw-ffi@0.1.0: /Applications/Xcode.app/Contents/Developer/Platforms/MacOSX.platform/Developer/SDKs/MacOSX.sdk/usr/include/c++/v1/__algorithm/make_heap.h:39:12: note: in instantiation of function template specialization 'std::__sift_down<std::_ClassicAlgPolicy, std::__less<void, void> &, p1_row_info_t *>' requested here
warning: libraw-ffi@0.1.0:    39 |       std::__sift_down<_AlgPolicy>(__first, __comp_ref, __n, __first + __start);
warning: libraw-ffi@0.1.0:       |            ^
warning: libraw-ffi@0.1.0: /Applications/Xcode.app/Contents/Developer/Platforms/MacOSX.platform/Developer/SDKs/MacOSX.sdk/usr/include/c++/v1/__algorithm/partial_sort.h:41:8: note: in instantiation of function template specialization 'std::__make_heap<std::_ClassicAlgPolicy, std::__less<void, void> &, p1_row_info_t *>' requested here
warning: libraw-ffi@0.1.0:    41 |   std::__make_heap<_AlgPolicy>(__first, __middle, __comp);
warning: libraw-ffi@0.1.0:       |        ^
warning: libraw-ffi@0.1.0: /Applications/Xcode.app/Contents/Developer/Platforms/MacOSX.platform/Developer/SDKs/MacOSX.sdk/usr/include/c++/v1/__algorithm/partial_sort.h:65:12: note: in instantiation of function template specialization 'std::__partial_sort_impl<std::_ClassicAlgPolicy, std::__less<void, void> &, p1_row_info_t *, p1_row_info_t *>' requested here
warning: libraw-ffi@0.1.0:    65 |       std::__partial_sort_impl<_AlgPolicy>(__first, __middle, __last, static_cast<__comp_ref_type<_Compare> >(__comp));
warning: libraw-ffi@0.1.0:       |            ^
warning: libraw-ffi@0.1.0: /Applications/Xcode.app/Contents/Developer/Platforms/MacOSX.platform/Developer/SDKs/MacOSX.sdk/usr/include/c++/v1/__algorithm/sort.h:934:10: note: in instantiation of function template specialization 'std::__partial_sort<std::_ClassicAlgPolicy, std::__less<void, void>, p1_row_info_t *, p1_row_info_t *>' requested here
warning: libraw-ffi@0.1.0:   934 |     std::__partial_sort<_AlgPolicy>(
warning: libraw-ffi@0.1.0:       |          ^
warning: libraw-ffi@0.1.0: /Applications/Xcode.app/Contents/Developer/Platforms/MacOSX.platform/Developer/SDKs/MacOSX.sdk/usr/include/c++/v1/__algorithm/sort.h:945:8: note: in instantiation of function template specialization 'std::__sort_impl<std::_ClassicAlgPolicy, std::__wrap_iter<p1_row_info_t *>, std::__less<void, void>>' requested here
warning: libraw-ffi@0.1.0:   945 |   std::__sort_impl<_ClassicAlgPolicy>(std::move(__first), std::move(__last), __comp);
warning: libraw-ffi@0.1.0:       |        ^
warning: libraw-ffi@0.1.0: /Applications/Xcode.app/Contents/Developer/Platforms/MacOSX.platform/Developer/SDKs/MacOSX.sdk/usr/include/c++/v1/__algorithm/sort.h:951:8: note: in instantiation of function template specialization 'std::sort<std::__wrap_iter<p1_row_info_t *>, std::__less<void, void>>' requested here
warning: libraw-ffi@0.1.0:   951 |   std::sort(__first, __last, __less<>());
warning: libraw-ffi@0.1.0:       |        ^
warning: libraw-ffi@0.1.0: vendor/LibRaw/LibRaw-0.22.2/src/decoders/decoders_libraw.cpp:911:7: note: in instantiation of function template specialization 'std::sort<std::__wrap_iter<p1_row_info_t *>>' requested here
warning: libraw-ffi@0.1.0:   911 |         std::sort(stripes.begin(), stripes.end());
warning: libraw-ffi@0.1.0:       |              ^
warning: libraw-ffi@0.1.0: 1 warning generated.
warning: libraw-ffi@0.1.0: vendor/LibRaw/LibRaw-0.22.2/src/decoders/olympus14.cpp:242:30: warning: comparison of integers of different signs: 'uint32_t' (aka 'unsigned int') and 'const int32_t' (aka 'const int') [-Wsign-compare]
warning: libraw-ffi@0.1.0:   242 |                 for (uint32_t col = 0; col < raw_width; col++)
warning: libraw-ffi@0.1.0:       |                                        ~~~ ^ ~~~~~~~~~
warning: libraw-ffi@0.1.0: 1 warning generated.
warning: libraw-ffi@0.1.0: vendor/LibRaw/LibRaw-0.22.2/src/decoders/load_mfbacks.cpp:534:45: warning: comparison of integers of different signs: 'int' and 'unsigned int' [-Wsign-compare]
warning: libraw-ffi@0.1.0:   534 |                         if (j == 0 || j == head[1] || k < 1 || k >= w0+w1)
warning: libraw-ffi@0.1.0:       |                                                                ~ ^  ~~~~~
warning: libraw-ffi@0.1.0: vendor/LibRaw/LibRaw-0.22.2/src/decoders/load_mfbacks.cpp:541:10: warning: comparison of integers of different signs: 'int' and 'unsigned int' [-Wsign-compare]
warning: libraw-ffi@0.1.0:   541 |                         if (k < w0 + w1)
warning: libraw-ffi@0.1.0:       |                             ~ ^ ~~~~~~~
warning: libraw-ffi@0.1.0: vendor/LibRaw/LibRaw-0.22.2/src/decoders/fp_dng.cpp:361:21: warning: comparison of integers of different signs: 'int' and 'size_type' (aka 'unsigned long') [-Wsign-compare]
warning: libraw-ffi@0.1.0:   361 |   for (int i = 1; i < tiles.tBytes.size(); i++)
warning: libraw-ffi@0.1.0:       |                   ~ ^ ~~~~~~~~~~~~~~~~~~~
warning: libraw-ffi@0.1.0: vendor/LibRaw/LibRaw-0.22.2/src/decoders/fp_dng.cpp:528:31: warning: comparison of integers of different signs: 'unsigned long long' and 'long long' [-Wsign-compare]
warning: libraw-ffi@0.1.0:   528 |   if (pixcnt * sizeof(ushort) > INT64(imgdata.rawparams.max_raw_memory_mb) * 1024LL * 1024LL)
warning: libraw-ffi@0.1.0:       |       ~~~~~~~~~~~~~~~~~~~~~~~ ^ ~~~~~~~~~~~~~~~~~~~~~~~~~~~~~~~~~~~~~~~~~~~~~~~~~~~~~~~~~~~~
warning: libraw-ffi@0.1.0: vendor/LibRaw/LibRaw-0.22.2/src/decoders/fp_dng.cpp:560:24: warning: comparison of integers of different signs: 'size_t' (aka 'unsigned long') and 'INT64' (aka 'long long') [-Wsign-compare]
warning: libraw-ffi@0.1.0:   560 |   for (size_t i = 0; i < pixcnt; ++i)
warning: libraw-ffi@0.1.0:       |                      ~ ^ ~~~~~~
warning: libraw-ffi@0.1.0: 2 warnings generated.
warning: libraw-ffi@0.1.0: 3 warnings generated.
warning: libraw-ffi@0.1.0: vendor/LibRaw/LibRaw-0.22.2/src/decoders/decoders_dcraw.cpp:545:14: warning: variable 'jhigh' set but not used [-Wunused-but-set-variable]
warning: libraw-ffi@0.1.0:   545 |   int jwide, jhigh, jrow, jcol, val, jidx, i, j, row = 0, col = 0;
warning: libraw-ffi@0.1.0:       |              ^
warning: libraw-ffi@0.1.0: 1 warning generated.
warning: libraw-ffi@0.1.0: vendor/LibRaw/LibRaw-0.22.2/src/metadata/identify.cpp:280:73: warning: missing field 'offset' initializer [-Wmissing-field-initializers]
warning: libraw-ffi@0.1.0:   280 |           { 786432,   1024,  768, 0, 0,  0, 0,  0, 0x94, 0, 0, "AVT", "F-080C" },
warning: libraw-ffi@0.1.0:       |                                                                                ^
warning: libraw-ffi@0.1.0: vendor/LibRaw/LibRaw-0.22.2/src/metadata/identify.cpp:281:73: warning: missing field 'offset' initializer [-Wmissing-field-initializers]
warning: libraw-ffi@0.1.0:   281 |           { 1447680,  1392, 1040, 0, 0,  0, 0,  0, 0x94, 0, 0, "AVT", "F-145C" },
warning: libraw-ffi@0.1.0:       |                                                                                ^
warning: libraw-ffi@0.1.0: vendor/LibRaw/LibRaw-0.22.2/src/metadata/identify.cpp:282:73: warning: missing field 'offset' initializer [-Wmissing-field-initializers]
warning: libraw-ffi@0.1.0:   282 |           { 1920000,  1600, 1200, 0, 0,  0, 0,  0, 0x94, 0, 0, "AVT", "F-201C" },
warning: libraw-ffi@0.1.0:       |                                                                                ^
warning: libraw-ffi@0.1.0: vendor/LibRaw/LibRaw-0.22.2/src/metadata/identify.cpp:283:73: warning: missing field 'offset' initializer [-Wmissing-field-initializers]
warning: libraw-ffi@0.1.0:   283 |           { 5067304,  2588, 1958, 0, 0,  0, 0,  0, 0x94, 0, 0, "AVT", "F-510C" },
warning: libraw-ffi@0.1.0:       |                                                                                ^
warning: libraw-ffi@0.1.0: vendor/LibRaw/LibRaw-0.22.2/src/metadata/identify.cpp:285:73: warning: missing field 'offset' initializer [-Wmissing-field-initializers]
warning: libraw-ffi@0.1.0:   285 |           { 10134608, 2588, 1958, 0, 0,  0, 0,  9, 0x94, 0, 0, "AVT", "F-510C" },
warning: libraw-ffi@0.1.0:       |                                                                                ^
warning: libraw-ffi@0.1.0: vendor/LibRaw/LibRaw-0.22.2/src/metadata/identify.cpp:287:73: warning: missing field 'offset' initializer [-Wmissing-field-initializers]
warning: libraw-ffi@0.1.0:   287 |           { 16157136, 3272, 2469, 0, 0,  0, 0,  9, 0x94, 0, 0, "AVT", "F-810C" },
warning: libraw-ffi@0.1.0:       |                                                                                ^
warning: libraw-ffi@0.1.0: vendor/LibRaw/LibRaw-0.22.2/src/metadata/identify.cpp:288:80: warning: missing field 'offset' initializer [-Wmissing-field-initializers]
warning: libraw-ffi@0.1.0:   288 |           { 3995136,  1632, 1224, 0, 0,  0, 0,  8, 0x61, 0, 1, "AgfaPhoto", "DC-833m" },
warning: libraw-ffi@0.1.0:       |                                                                                       ^
warning: libraw-ffi@0.1.0: vendor/LibRaw/LibRaw-0.22.2/src/metadata/identify.cpp:289:80: warning: missing field 'offset' initializer [-Wmissing-field-initializers]
warning: libraw-ffi@0.1.0:   289 |           { 15980544, 3264, 2448, 0, 0,  0, 0,  8, 0x61, 0, 1, "AgfaPhoto", "DC-833m" },
warning: libraw-ffi@0.1.0:       |                                                                                       ^
warning: libraw-ffi@0.1.0: vendor/LibRaw/LibRaw-0.22.2/src/metadata/identify.cpp:290:76: warning: missing field 'offset' initializer [-Wmissing-field-initializers]
warning: libraw-ffi@0.1.0:   290 |           { 9631728,  2532, 1902, 0, 0,  0, 0, 96, 0x61, 0, 0, "Alcatel", "5035D" },
warning: libraw-ffi@0.1.0:       |                                                                                   ^
warning: libraw-ffi@0.1.0: vendor/LibRaw/LibRaw-0.22.2/src/metadata/identify.cpp:291:77: warning: missing field 'offset' initializer [-Wmissing-field-initializers]
warning: libraw-ffi@0.1.0:   291 |           { 31850496, 4608, 3456, 0, 0,  0, 0,  0, 0x94, 0, 0, "GITUP", "GIT2 4:3" },
warning: libraw-ffi@0.1.0:       |                                                                                    ^
warning: libraw-ffi@0.1.0: vendor/LibRaw/LibRaw-0.22.2/src/metadata/identify.cpp:292:78: warning: missing field 'offset' initializer [-Wmissing-field-initializers]
warning: libraw-ffi@0.1.0:   292 |           { 23887872, 4608, 2592, 0, 0,  0, 0,  0, 0x94, 0, 0, "GITUP", "GIT2 16:9" },
warning: libraw-ffi@0.1.0:       |                                                                                     ^
warning: libraw-ffi@0.1.0: vendor/LibRaw/LibRaw-0.22.2/src/metadata/identify.cpp:293:78: warning: missing field 'offset' initializer [-Wmissing-field-initializers]
warning: libraw-ffi@0.1.0:   293 |           { 32257024, 4624, 3488, 8, 2, 16, 2,  0, 0x94, 0, 0, "GITUP", "GIT2P 4:3" },
warning: libraw-ffi@0.1.0:       |                                                                                     ^
warning: libraw-ffi@0.1.0: vendor/LibRaw/LibRaw-0.22.2/src/metadata/identify.cpp:294:79: warning: missing field 'offset' initializer [-Wmissing-field-initializers]
warning: libraw-ffi@0.1.0:   294 |           { 24192768, 4624, 2616, 8, 2, 16, 2,  0, 0x94, 0, 0, "GITUP", "GIT2P 16:9" },
warning: libraw-ffi@0.1.0:       |                                                                                      ^
warning: libraw-ffi@0.1.0: vendor/LibRaw/LibRaw-0.22.2/src/metadata/identify.cpp:295:79: warning: missing field 'offset' initializer [-Wmissing-field-initializers]
warning: libraw-ffi@0.1.0:   295 |           { 18016000, 4000, 2252, 0, 0,  0, 0,  0, 0x94, 0, 0, "GITUP", "G3DUO 16:9" },
warning: libraw-ffi@0.1.0:       |                                                                                      ^
warning: libraw-ffi@0.1.0: vendor/LibRaw/LibRaw-0.22.2/src/metadata/identify.cpp:302:74: warning: missing field 'offset' initializer [-Wmissing-field-initializers]
warning: libraw-ffi@0.1.0:   302 |           {  1540857, 2688, 1520,   0, 0, 0, 0,  1, 0x61, 0, 0, "Samsung", "S3" },
warning: libraw-ffi@0.1.0:       |                                                                                 ^
warning: libraw-ffi@0.1.0: vendor/LibRaw/LibRaw-0.22.2/src/metadata/identify.cpp:303:78: warning: missing field 'offset' initializer [-Wmissing-field-initializers]
warning: libraw-ffi@0.1.0:   303 |           {  2658304, 1212, 1096,   0, 0, 0, 0,  1, 0x16, 0, 0, "LG", "G3FrontMipi" },
warning: libraw-ffi@0.1.0:       |                                                                                     ^
warning: libraw-ffi@0.1.0: vendor/LibRaw/LibRaw-0.22.2/src/metadata/identify.cpp:304:78: warning: missing field 'offset' initializer [-Wmissing-field-initializers]
warning: libraw-ffi@0.1.0:   304 |           {  2842624, 1296, 1096,   0, 0, 0, 0,  1, 0x16, 0, 0, "LG", "G3FrontQCOM" },
warning: libraw-ffi@0.1.0:       |                                                                                     ^
warning: libraw-ffi@0.1.0: vendor/LibRaw/LibRaw-0.22.2/src/metadata/identify.cpp:305:79: warning: missing field 'offset' initializer [-Wmissing-field-initializers]
warning: libraw-ffi@0.1.0:   305 |           {  2969600, 1976, 1200,   0, 0, 0, 0,  1, 0x16, 0, 0, "Xiaomi", "MI3wMipi" },
warning: libraw-ffi@0.1.0:       |                                                                                      ^
warning: libraw-ffi@0.1.0: vendor/LibRaw/LibRaw-0.22.2/src/metadata/identify.cpp:306:79: warning: missing field 'offset' initializer [-Wmissing-field-initializers]
warning: libraw-ffi@0.1.0:   306 |           {  3170304, 1976, 1200,   0, 0, 0, 0,  1, 0x16, 0, 0, "Xiaomi", "MI3wQCOM" },
warning: libraw-ffi@0.1.0:       |                                                                                      ^
warning: libraw-ffi@0.1.0: vendor/LibRaw/LibRaw-0.22.2/src/metadata/identify.cpp:307:82: warning: missing field 'offset' initializer [-Wmissing-field-initializers]
warning: libraw-ffi@0.1.0:   307 |           {  3763584, 1584, 1184,   0, 0, 0, 0, 96, 0x61, 0, 0, "I_Mobile", "I_StyleQ6" },
warning: libraw-ffi@0.1.0:       |                                                                                         ^
warning: libraw-ffi@0.1.0: vendor/LibRaw/LibRaw-0.22.2/src/metadata/identify.cpp:308:84: warning: missing field 'offset' initializer [-Wmissing-field-initializers]
warning: libraw-ffi@0.1.0:   308 |           {  5107712, 2688, 1520,   0, 0, 0, 0,  1, 0x61, 0, 0, "OmniVisi", "UltraPixel1" },
warning: libraw-ffi@0.1.0:       |                                                                                           ^
warning: libraw-ffi@0.1.0: vendor/LibRaw/LibRaw-0.22.2/src/metadata/identify.cpp:309:84: warning: missing field 'offset' initializer [-Wmissing-field-initializers]
warning: libraw-ffi@0.1.0:   309 |           {  5382640, 2688, 1520,   0, 0, 0, 0,  1, 0x61, 0, 0, "OmniVisi", "UltraPixel2" },
warning: libraw-ffi@0.1.0:       |                                                                                           ^
warning: libraw-ffi@0.1.0: vendor/LibRaw/LibRaw-0.22.2/src/metadata/identify.cpp:310:77: warning: missing field 'offset' initializer [-Wmissing-field-initializers]
warning: libraw-ffi@0.1.0:   310 |           {  5664912, 2688, 1520,   0, 0, 0, 0,  1, 0x61, 0, 0, "OmniVisi", "4688" },
warning: libraw-ffi@0.1.0:       |                                                                                    ^
warning: libraw-ffi@0.1.0: vendor/LibRaw/LibRaw-0.22.2/src/metadata/identify.cpp:311:77: warning: missing field 'offset' initializer [-Wmissing-field-initializers]
warning: libraw-ffi@0.1.0:   311 |           {  5664912, 2688, 1520,   0, 0, 0, 0,  1, 0x61, 0, 0, "OmniVisi", "4688" },
warning: libraw-ffi@0.1.0:       |                                                                                    ^
warning: libraw-ffi@0.1.0: vendor/LibRaw/LibRaw-0.22.2/src/metadata/identify.cpp:312:77: warning: missing field 'offset' initializer [-Wmissing-field-initializers]
warning: libraw-ffi@0.1.0:   312 |           {  5364240, 2688, 1520,   0, 0, 0, 0,  1, 0x61, 0, 0, "OmniVisi", "4688" },
warning: libraw-ffi@0.1.0:       |                                                                                    ^
warning: libraw-ffi@0.1.0: vendor/LibRaw/LibRaw-0.22.2/src/metadata/identify.cpp:313:79: warning: missing field 'offset' initializer [-Wmissing-field-initializers]
warning: libraw-ffi@0.1.0:   313 |           {  6299648, 2592, 1944,   0, 0, 0, 0,  1, 0x16, 0, 0, "OmniVisi", "OV5648" },
warning: libraw-ffi@0.1.0:       |                                                                                      ^
warning: libraw-ffi@0.1.0: vendor/LibRaw/LibRaw-0.22.2/src/metadata/identify.cpp:314:80: warning: missing field 'offset' initializer [-Wmissing-field-initializers]
warning: libraw-ffi@0.1.0:   314 |           {  6721536, 2592, 1944,   0, 0, 0, 0,  0, 0x16, 0, 0, "OmniVisi", "OV56482" },
warning: libraw-ffi@0.1.0:       |                                                                                       ^
warning: libraw-ffi@0.1.0: vendor/LibRaw/LibRaw-0.22.2/src/metadata/identify.cpp:315:73: warning: missing field 'offset' initializer [-Wmissing-field-initializers]
warning: libraw-ffi@0.1.0:   315 |           {  6746112, 2592, 1944,   0, 0, 0, 0,  0, 0x16, 0, 0, "HTC", "OneSV" },
warning: libraw-ffi@0.1.0:       |                                                                                ^
warning: libraw-ffi@0.1.0: vendor/LibRaw/LibRaw-0.22.2/src/metadata/identify.cpp:316:72: warning: missing field 'offset' initializer [-Wmissing-field-initializers]
warning: libraw-ffi@0.1.0:   316 |           {  9631728, 2532, 1902,   0, 0, 0, 0, 96, 0x61, 0, 0, "Sony", "5mp" },
warning: libraw-ffi@0.1.0:       |                                                                               ^
warning: libraw-ffi@0.1.0: vendor/LibRaw/LibRaw-0.22.2/src/metadata/identify.cpp:317:78: warning: missing field 'offset' initializer [-Wmissing-field-initializers]
warning: libraw-ffi@0.1.0:   317 |           {  9830400, 2560, 1920,   0, 0, 0, 0, 96, 0x61, 0, 0, "NGM", "ForwardArt" },
warning: libraw-ffi@0.1.0:       |                                                                                     ^
warning: libraw-ffi@0.1.0: vendor/LibRaw/LibRaw-0.22.2/src/metadata/identify.cpp:318:84: warning: missing field 'offset' initializer [-Wmissing-field-initializers]
warning: libraw-ffi@0.1.0:   318 |           { 10186752, 3264, 2448,   0, 0, 0, 0,  1, 0x94, 0, 0, "Sony", "IMX219-mipi 8mp" },
warning: libraw-ffi@0.1.0:       |                                                                                           ^
warning: libraw-ffi@0.1.0: vendor/LibRaw/LibRaw-0.22.2/src/metadata/identify.cpp:319:72: warning: missing field 'offset' initializer [-Wmissing-field-initializers]
warning: libraw-ffi@0.1.0:   319 |           { 10223360, 2608, 1944,   0, 0, 0, 0, 96, 0x16, 0, 0, "Sony", "IMX" },
warning: libraw-ffi@0.1.0:       |                                                                               ^
warning: libraw-ffi@0.1.0: vendor/LibRaw/LibRaw-0.22.2/src/metadata/identify.cpp:320:82: warning: missing field 'offset' initializer [-Wmissing-field-initializers]
warning: libraw-ffi@0.1.0:   320 |           { 10782464, 3282, 2448,   0, 0, 0, 0,  0, 0x16, 0, 0, "HTC", "MyTouch4GSlide" },
warning: libraw-ffi@0.1.0:       |                                                                                         ^
warning: libraw-ffi@0.1.0: vendor/LibRaw/LibRaw-0.22.2/src/metadata/identify.cpp:321:72: warning: missing field 'offset' initializer [-Wmissing-field-initializers]
warning: libraw-ffi@0.1.0:   321 |           { 10788864, 3282, 2448,   0, 0, 0, 0,  0, 0x16, 0, 0, "Xperia", "L" },
warning: libraw-ffi@0.1.0:       |                                                                               ^
warning: libraw-ffi@0.1.0: vendor/LibRaw/LibRaw-0.22.2/src/metadata/identify.cpp:322:80: warning: missing field 'offset' initializer [-Wmissing-field-initializers]
warning: libraw-ffi@0.1.0:   322 |           { 15967488, 3264, 2446,   0, 0, 0, 0, 96, 0x16, 0, 0, "OmniVison", "OV8850" },
warning: libraw-ffi@0.1.0:       |                                                                                       ^
warning: libraw-ffi@0.1.0: vendor/LibRaw/LibRaw-0.22.2/src/metadata/identify.cpp:323:74: warning: missing field 'offset' initializer [-Wmissing-field-initializers]
warning: libraw-ffi@0.1.0:   323 |           { 16224256, 4208, 3082,   0, 0, 0, 0,  1, 0x16, 0, 0, "LG", "G3MipiL" },
warning: libraw-ffi@0.1.0:       |                                                                                 ^
warning: libraw-ffi@0.1.0: vendor/LibRaw/LibRaw-0.22.2/src/metadata/identify.cpp:324:76: warning: missing field 'offset' initializer [-Wmissing-field-initializers]
warning: libraw-ffi@0.1.0:   324 |           { 16424960, 4208, 3120,   0, 0, 0, 0,  1, 0x16, 0, 0, "IMX135", "MipiL" },
warning: libraw-ffi@0.1.0:       |                                                                                   ^
warning: libraw-ffi@0.1.0: vendor/LibRaw/LibRaw-0.22.2/src/metadata/identify.cpp:325:74: warning: missing field 'offset' initializer [-Wmissing-field-initializers]
warning: libraw-ffi@0.1.0:   325 |           { 17326080, 4164, 3120,   0, 0, 0, 0,  1, 0x16, 0, 0, "LG", "G3LQCom" },
warning: libraw-ffi@0.1.0:       |                                                                                 ^
warning: libraw-ffi@0.1.0: vendor/LibRaw/LibRaw-0.22.2/src/metadata/identify.cpp:326:80: warning: missing field 'offset' initializer [-Wmissing-field-initializers]
warning: libraw-ffi@0.1.0:   326 |           { 17522688, 4212, 3120,   0, 0, 0, 0,  0, 0x16, 0, 0, "Sony", "IMX135-QCOM" },
warning: libraw-ffi@0.1.0:       |                                                                                       ^
warning: libraw-ffi@0.1.0: vendor/LibRaw/LibRaw-0.22.2/src/metadata/identify.cpp:327:76: warning: missing field 'offset' initializer [-Wmissing-field-initializers]
warning: libraw-ffi@0.1.0:   327 |           { 19906560, 4608, 3456,   0, 0, 0, 0,  1, 0x16, 0, 0, "Gione", "E7mipi" },
warning: libraw-ffi@0.1.0:       |                                                                                   ^
warning: libraw-ffi@0.1.0: vendor/LibRaw/LibRaw-0.22.2/src/metadata/identify.cpp:328:69: warning: missing field 'offset' initializer [-Wmissing-field-initializers]
warning: libraw-ffi@0.1.0:   328 |           { 19976192, 5312, 2988,   0, 0, 0, 0,  1, 0x16, 0, 0, "LG", "G4" },
warning: libraw-ffi@0.1.0:       |                                                                            ^
warning: libraw-ffi@0.1.0: vendor/LibRaw/LibRaw-0.22.2/src/metadata/identify.cpp:329:84: warning: missing field 'offset' initializer [-Wmissing-field-initializers]
warning: libraw-ffi@0.1.0:   329 |           { 20389888, 4632, 3480,   0, 0, 0, 0,  1, 0x16, 0, 0, "Xiaomi", "RedmiNote3Pro" },
warning: libraw-ffi@0.1.0:       |                                                                                           ^
warning: libraw-ffi@0.1.0: vendor/LibRaw/LibRaw-0.22.2/src/metadata/identify.cpp:330:85: warning: missing field 'offset' initializer [-Wmissing-field-initializers]
warning: libraw-ffi@0.1.0:   330 |           { 20500480, 4656, 3496,   0, 0, 0, 0,  1, 0x94, 0, 0, "Sony", "IMX298-mipi 16mp" },
warning: libraw-ffi@0.1.0:       |                                                                                            ^
warning: libraw-ffi@0.1.0: vendor/LibRaw/LibRaw-0.22.2/src/metadata/identify.cpp:331:76: warning: missing field 'offset' initializer [-Wmissing-field-initializers]
warning: libraw-ffi@0.1.0:   331 |           { 21233664, 4608, 3456,   0, 0, 0, 0,  1, 0x16, 0, 0, "Gione", "E7qcom" },
warning: libraw-ffi@0.1.0:       |                                                                                   ^
warning: libraw-ffi@0.1.0: vendor/LibRaw/LibRaw-0.22.2/src/metadata/identify.cpp:332:72: warning: missing field 'offset' initializer [-Wmissing-field-initializers]
warning: libraw-ffi@0.1.0:   332 |           { 26023936, 4192, 3104,   0, 0, 0, 0, 96, 0x94, 0, 0, "THL", "5000" },
warning: libraw-ffi@0.1.0:       |                                                                               ^
warning: libraw-ffi@0.1.0: vendor/LibRaw/LibRaw-0.22.2/src/metadata/identify.cpp:333:75: warning: missing field 'offset' initializer [-Wmissing-field-initializers]
warning: libraw-ffi@0.1.0:   333 |           { 26257920, 4208, 3120,   0, 0, 0, 0, 96, 0x94, 0, 0, "Sony", "IMX214" },
warning: libraw-ffi@0.1.0:       |                                                                                  ^
warning: libraw-ffi@0.1.0: vendor/LibRaw/LibRaw-0.22.2/src/metadata/identify.cpp:334:72: warning: missing field 'offset' initializer [-Wmissing-field-initializers]
warning: libraw-ffi@0.1.0:   334 |           { 26357760, 4224, 3120,   0, 0, 0, 0, 96, 0x61, 0, 0, "OV", "13860" },
warning: libraw-ffi@0.1.0:       |                                                                               ^
warning: libraw-ffi@0.1.0: vendor/LibRaw/LibRaw-0.22.2/src/metadata/identify.cpp:335:73: warning: missing field 'offset' initializer [-Wmissing-field-initializers]
warning: libraw-ffi@0.1.0:   335 |           { 41312256, 5248, 3936,   0, 0, 0, 0, 96, 0x61, 0, 0, "Meizu", "MX4" },
warning: libraw-ffi@0.1.0:       |                                                                                ^
warning: libraw-ffi@0.1.0: vendor/LibRaw/LibRaw-0.22.2/src/metadata/identify.cpp:336:75: warning: missing field 'offset' initializer [-Wmissing-field-initializers]
warning: libraw-ffi@0.1.0:   336 |           { 42923008, 5344, 4016,   0, 0, 0, 0, 96, 0x61, 0, 0, "Sony", "IMX230" },
warning: libraw-ffi@0.1.0:       |                                                                                  ^
warning: libraw-ffi@0.1.0: vendor/LibRaw/LibRaw-0.22.2/src/metadata/identify.cpp:340:87: warning: missing field 'offset' initializer [-Wmissing-field-initializers]
warning: libraw-ffi@0.1.0:   340 |           {  6553440, 2664, 1968,   4,  4, 44,  4, 40, 0x94, 0, 2, "Canon", "PowerShot A460" }, // chdk hack
warning: libraw-ffi@0.1.0:       |                                                                                              ^
warning: libraw-ffi@0.1.0: vendor/LibRaw/LibRaw-0.22.2/src/metadata/identify.cpp:341:87: warning: missing field 'offset' initializer [-Wmissing-field-initializers]
warning: libraw-ffi@0.1.0:   341 |           {  9243240, 3152, 2346,  12,  7, 44, 13, 40, 0x49, 0, 2, "Canon", "PowerShot A470" }, // chdk hack
warning: libraw-ffi@0.1.0:       |                                                                                              ^
warning: libraw-ffi@0.1.0: vendor/LibRaw/LibRaw-0.22.2/src/metadata/identify.cpp:342:87: warning: missing field 'offset' initializer [-Wmissing-field-initializers]
warning: libraw-ffi@0.1.0:   342 |           {  6653280, 2672, 1992,  10,  6, 42,  2, 40, 0x94, 0, 2, "Canon", "PowerShot A530" }, // chdk hack
warning: libraw-ffi@0.1.0:       |                                                                                              ^
warning: libraw-ffi@0.1.0: vendor/LibRaw/LibRaw-0.22.2/src/metadata/identify.cpp:343:87: warning: missing field 'offset' initializer [-Wmissing-field-initializers]
warning: libraw-ffi@0.1.0:   343 |           {  6573120, 2672, 1968,  12,  8, 44,  0, 40, 0x94, 0, 2, "Canon", "PowerShot A610" }, // chdk hack
warning: libraw-ffi@0.1.0:       |                                                                                              ^
warning: libraw-ffi@0.1.0: vendor/LibRaw/LibRaw-0.22.2/src/metadata/identify.cpp:344:87: warning: missing field 'offset' initializer [-Wmissing-field-initializers]
warning: libraw-ffi@0.1.0:   344 |           {  9219600, 3152, 2340,  36, 12,  4,  0, 40, 0x94, 0, 2, "Canon", "PowerShot A620" }, // chdk hack
warning: libraw-ffi@0.1.0:       |                                                                                              ^
warning: libraw-ffi@0.1.0: vendor/LibRaw/LibRaw-0.22.2/src/metadata/identify.cpp:345:87: warning: missing field 'offset' initializer [-Wmissing-field-initializers]
warning: libraw-ffi@0.1.0:   345 |           { 10383120, 3344, 2484,  12,  6, 44,  6, 40, 0x94, 0, 2, "Canon", "PowerShot A630" }, // chdk hack
warning: libraw-ffi@0.1.0:       |                                                                                              ^
warning: libraw-ffi@0.1.0: vendor/LibRaw/LibRaw-0.22.2/src/metadata/identify.cpp:346:87: warning: missing field 'offset' initializer [-Wmissing-field-initializers]
warning: libraw-ffi@0.1.0:   346 |           { 12945240, 3736, 2772,  12,  6, 52,  6, 40, 0x94, 0, 2, "Canon", "PowerShot A640" }, // chdk hack
warning: libraw-ffi@0.1.0:       |                                                                                              ^
warning: libraw-ffi@0.1.0: vendor/LibRaw/LibRaw-0.22.2/src/metadata/identify.cpp:347:90: warning: missing field 'offset' initializer [-Wmissing-field-initializers]
warning: libraw-ffi@0.1.0:   347 |           { 15636240, 4104, 3048,  48, 12, 24, 12, 40, 0x94, 0, 2, "Canon", "PowerShot A650 IS" }, // chdk hack
warning: libraw-ffi@0.1.0:       |                                                                                                 ^
warning: libraw-ffi@0.1.0: vendor/LibRaw/LibRaw-0.22.2/src/metadata/identify.cpp:348:90: warning: missing field 'offset' initializer [-Wmissing-field-initializers]
warning: libraw-ffi@0.1.0:   348 |           { 10341600, 3336, 2480,   6,  5, 32,  3, 40, 0x94, 0, 2, "Canon", "PowerShot A720 IS" }, // chdk hack
warning: libraw-ffi@0.1.0:       |                                                                                                 ^
warning: libraw-ffi@0.1.0: vendor/LibRaw/LibRaw-0.22.2/src/metadata/identify.cpp:349:91: warning: missing field 'offset' initializer [-Wmissing-field-initializers]
warning: libraw-ffi@0.1.0:   349 |           { 24724224, 4704, 3504,   8, 16, 56,  8, 40, 0x49, 0, 2, "Canon", "PowerShot A3300 IS" }, // chdk hack
warning: libraw-ffi@0.1.0:       |                                                                                                  ^
warning: libraw-ffi@0.1.0: vendor/LibRaw/LibRaw-0.22.2/src/metadata/identify.cpp:350:86: warning: missing field 'offset' initializer [-Wmissing-field-initializers]
warning: libraw-ffi@0.1.0:   350 |           { 18763488, 4104, 3048,  10, 22, 82, 22,  8, 0x49, 0, 0, "Canon", "PowerShot D10" }, // ? chdk hack ?
warning: libraw-ffi@0.1.0:       |                                                                                             ^
warning: libraw-ffi@0.1.0: vendor/LibRaw/LibRaw-0.22.2/src/metadata/identify.cpp:351:88: warning: missing field 'offset' initializer [-Wmissing-field-initializers]
warning: libraw-ffi@0.1.0:   351 |           { 19493760, 4160, 3124, 104, 12,  8, 66, 40, 0x49, 0, 2,  "Canon", "PowerShot S100" }, // chdk hack CRW
warning: libraw-ffi@0.1.0:       |                                                                                               ^
warning: libraw-ffi@0.1.0: vendor/LibRaw/LibRaw-0.22.2/src/metadata/identify.cpp:352:88: warning: missing field 'offset' initializer [-Wmissing-field-initializers]
warning: libraw-ffi@0.1.0:   352 |           {  7710960, 2888, 2136,  44,  8,  4,  0, 40, 0x94, 0, 2, "Canon", "PowerShot S3 IS" }, // chdk hack
warning: libraw-ffi@0.1.0:       |                                                                                               ^
warning: libraw-ffi@0.1.0: vendor/LibRaw/LibRaw-0.22.2/src/metadata/identify.cpp:353:88: warning: missing field 'offset' initializer [-Wmissing-field-initializers]
warning: libraw-ffi@0.1.0:   353 |           {  5298000, 2400, 1766,  12, 12, 44,  2, 40, 0x94, 0, 2, "Canon", "PowerShot SD300" }, // chdk hack
warning: libraw-ffi@0.1.0:       |                                                                                               ^
warning: libraw-ffi@0.1.0: vendor/LibRaw/LibRaw-0.22.2/src/metadata/identify.cpp:354:90: warning: missing field 'offset' initializer [-Wmissing-field-initializers]
warning: libraw-ffi@0.1.0:   354 |           { 18653760, 4080, 3048,  24, 12, 24, 12, 40, 0x94, 0, 2, "Canon", "PowerShot SX20 IS" }, // chdk hack
warning: libraw-ffi@0.1.0:       |                                                                                                 ^
warning: libraw-ffi@0.1.0: vendor/LibRaw/LibRaw-0.22.2/src/metadata/identify.cpp:355:90: warning: missing field 'offset' initializer [-Wmissing-field-initializers]
warning: libraw-ffi@0.1.0:   355 |           { 21936096, 4464, 3276,  25, 10, 73, 12, 40, 0x16, 0, 2, "Canon", "PowerShot SX30 IS" }, // chdk hack
warning: libraw-ffi@0.1.0:       |                                                                                                 ^
warning: libraw-ffi@0.1.0: vendor/LibRaw/LibRaw-0.22.2/src/metadata/identify.cpp:356:90: warning: missing field 'offset' initializer [-Wmissing-field-initializers]
warning: libraw-ffi@0.1.0:   356 |           { 19167840, 4176, 3060,  96, 16,  8,  0, 40, 0x94, 0, 2, "Canon", "PowerShot SX40 HS" }, // chdk hack CR2
warning: libraw-ffi@0.1.0:       |                                                                                                 ^
warning: libraw-ffi@0.1.0: vendor/LibRaw/LibRaw-0.22.2/src/metadata/identify.cpp:357:91: warning: missing field 'offset' initializer [-Wmissing-field-initializers]
warning: libraw-ffi@0.1.0:   357 |           { 15467760, 3720, 2772,   6, 12, 30,  0, 40, 0x94, 0, 2, "Canon", "PowerShot SX110 IS" }, // chdk hack
warning: libraw-ffi@0.1.0:       |                                                                                                  ^
warning: libraw-ffi@0.1.0: vendor/LibRaw/LibRaw-0.22.2/src/metadata/identify.cpp:358:91: warning: missing field 'offset' initializer [-Wmissing-field-initializers]
warning: libraw-ffi@0.1.0:   358 |           { 15534576, 3728, 2778,  12,  9, 44,  9, 40, 0x94, 0, 2, "Canon", "PowerShot SX120 IS" }, // chdk hack
warning: libraw-ffi@0.1.0:       |                                                                                                  ^
warning: libraw-ffi@0.1.0: vendor/LibRaw/LibRaw-0.22.2/src/metadata/identify.cpp:359:91: warning: missing field 'offset' initializer [-Wmissing-field-initializers]
warning: libraw-ffi@0.1.0:   359 |           { 19131120, 4168, 3060,  92, 16,  4,  1, 40, 0x94, 0, 2, "Canon", "PowerShot SX220 HS" }, // chdk hack
warning: libraw-ffi@0.1.0:       |                                                                                                  ^
warning: libraw-ffi@0.1.0: vendor/LibRaw/LibRaw-0.22.2/src/metadata/identify.cpp:360:91: warning: missing field 'offset' initializer [-Wmissing-field-initializers]
warning: libraw-ffi@0.1.0:   360 |           { 31663200, 5344, 3950,  96, 18,  0,  0, 40, 0x94, 0, 2, "Canon", "PowerShot SX710 HS" }, // chdk hack
warning: libraw-ffi@0.1.0:       |                                                                                                  ^
warning: libraw-ffi@0.1.0: vendor/LibRaw/LibRaw-0.22.2/src/metadata/identify.cpp:361:81: warning: missing field 'offset' initializer [-Wmissing-field-initializers]
warning: libraw-ffi@0.1.0:   361 |           { 30858240, 5248, 3920,   8, 16, 56, 16, 40, 0x94, 0, 2, "Canon", "IXUS 160" }, // chdk hack
warning: libraw-ffi@0.1.0:       |                                                                                        ^
warning: libraw-ffi@0.1.0: vendor/LibRaw/LibRaw-0.22.2/src/metadata/identify.cpp:362:82: warning: missing field 'offset' initializer [-Wmissing-field-initializers]
warning: libraw-ffi@0.1.0:   362 |           {  1976352, 1632, 1211,   0,  2,  0,  1,  0, 0x94, 0, 1, "Casio", "QV-2000UX" },
warning: libraw-ffi@0.1.0:       |                                                                                         ^
warning: libraw-ffi@0.1.0: vendor/LibRaw/LibRaw-0.22.2/src/metadata/identify.cpp:363:82: warning: missing field 'offset' initializer [-Wmissing-field-initializers]
warning: libraw-ffi@0.1.0:   363 |           {  3217760, 2080, 1547,   0,  0, 10,  1,  0, 0x94, 0, 1, "Casio", "QV-3*00EX" },
warning: libraw-ffi@0.1.0:       |                                                                                         ^
warning: libraw-ffi@0.1.0: vendor/LibRaw/LibRaw-0.22.2/src/metadata/identify.cpp:364:80: warning: missing field 'offset' initializer [-Wmissing-field-initializers]
warning: libraw-ffi@0.1.0:   364 |           {  6218368, 2585, 1924,   0,  0,  9,  0,  0, 0x94, 0, 1, "Casio", "QV-5700" },
warning: libraw-ffi@0.1.0:       |                                                                                       ^
warning: libraw-ffi@0.1.0: vendor/LibRaw/LibRaw-0.22.2/src/metadata/identify.cpp:365:79: warning: missing field 'offset' initializer [-Wmissing-field-initializers]
warning: libraw-ffi@0.1.0:   365 |           {  7816704, 2867, 2181,   0,  0, 34, 36,  0, 0x16, 0, 1, "Casio", "EX-Z60" },
warning: libraw-ffi@0.1.0:       |                                                                                      ^
warning: libraw-ffi@0.1.0: vendor/LibRaw/LibRaw-0.22.2/src/metadata/identify.cpp:366:80: warning: missing field 'offset' initializer [-Wmissing-field-initializers]
warning: libraw-ffi@0.1.0:   366 |           {  2937856, 1621, 1208,   0,  0,  1,  0,  0, 0x94, 7, 13, "Casio", "EX-S20" },
warning: libraw-ffi@0.1.0:       |                                                                                       ^
warning: libraw-ffi@0.1.0: vendor/LibRaw/LibRaw-0.22.2/src/metadata/identify.cpp:367:80: warning: missing field 'offset' initializer [-Wmissing-field-initializers]
warning: libraw-ffi@0.1.0:   367 |           {  4948608, 2090, 1578,   0,  0, 32, 34,  0, 0x94, 7, 1, "Casio", "EX-S100" },
warning: libraw-ffi@0.1.0:       |                                                                                       ^
warning: libraw-ffi@0.1.0: vendor/LibRaw/LibRaw-0.22.2/src/metadata/identify.cpp:368:79: warning: missing field 'offset' initializer [-Wmissing-field-initializers]
warning: libraw-ffi@0.1.0:   368 |           {  6054400, 2346, 1720,   2,  0, 32,  0,  0, 0x94, 7, 1, "Casio", "QV-R41" },
warning: libraw-ffi@0.1.0:       |                                                                                      ^
warning: libraw-ffi@0.1.0: vendor/LibRaw/LibRaw-0.22.2/src/metadata/identify.cpp:369:80: warning: missing field 'offset' initializer [-Wmissing-field-initializers]
warning: libraw-ffi@0.1.0:   369 |           {  7426656, 2568, 1928,   0,  0,  0,  0,  0, 0x94, 0, 1, "Casio", "EX-P505" },
warning: libraw-ffi@0.1.0:       |                                                                                       ^
warning: libraw-ffi@0.1.0: vendor/LibRaw/LibRaw-0.22.2/src/metadata/identify.cpp:370:79: warning: missing field 'offset' initializer [-Wmissing-field-initializers]
warning: libraw-ffi@0.1.0:   370 |           {  7530816, 2602, 1929,   0,  0, 22,  0,  0, 0x94, 7, 1, "Casio", "QV-R51" },
warning: libraw-ffi@0.1.0:       |                                                                                      ^
warning: libraw-ffi@0.1.0: vendor/LibRaw/LibRaw-0.22.2/src/metadata/identify.cpp:371:79: warning: missing field 'offset' initializer [-Wmissing-field-initializers]
warning: libraw-ffi@0.1.0:   371 |           {  7542528, 2602, 1932,   0,  0, 32,  0,  0, 0x94, 7, 1, "Casio", "EX-Z50" },
warning: libraw-ffi@0.1.0:       |                                                                                      ^
warning: libraw-ffi@0.1.0: vendor/LibRaw/LibRaw-0.22.2/src/metadata/identify.cpp:372:80: warning: missing field 'offset' initializer [-Wmissing-field-initializers]
warning: libraw-ffi@0.1.0:   372 |           {  7562048, 2602, 1937,   0,  0, 25,  0,  0, 0x16, 7, 1, "Casio", "EX-Z500" },
warning: libraw-ffi@0.1.0:       |                                                                                       ^
warning: libraw-ffi@0.1.0: vendor/LibRaw/LibRaw-0.22.2/src/metadata/identify.cpp:373:79: warning: missing field 'offset' initializer [-Wmissing-field-initializers]
warning: libraw-ffi@0.1.0:   373 |           {  7753344, 2602, 1986,   0,  0, 32, 26,  0, 0x94, 7, 1, "Casio", "EX-Z55" },
warning: libraw-ffi@0.1.0:       |                                                                                      ^
warning: libraw-ffi@0.1.0: vendor/LibRaw/LibRaw-0.22.2/src/metadata/identify.cpp:374:80: warning: missing field 'offset' initializer [-Wmissing-field-initializers]
warning: libraw-ffi@0.1.0:   374 |           {  9313536, 2858, 2172,   0,  0, 14, 30,  0, 0x94, 7, 1, "Casio", "EX-P600" },
warning: libraw-ffi@0.1.0:       |                                                                                       ^
warning: libraw-ffi@0.1.0: vendor/LibRaw/LibRaw-0.22.2/src/metadata/identify.cpp:375:80: warning: missing field 'offset' initializer [-Wmissing-field-initializers]
warning: libraw-ffi@0.1.0:   375 |           { 10834368, 3114, 2319,   0,  0, 27,  0,  0, 0x94, 0, 1, "Casio", "EX-Z750" },
warning: libraw-ffi@0.1.0:       |                                                                                       ^
warning: libraw-ffi@0.1.0: vendor/LibRaw/LibRaw-0.22.2/src/metadata/identify.cpp:376:79: warning: missing field 'offset' initializer [-Wmissing-field-initializers]
warning: libraw-ffi@0.1.0:   376 |           { 10843712, 3114, 2321,   0,  0, 25,  0,  0, 0x94, 0, 1, "Casio", "EX-Z75" },
warning: libraw-ffi@0.1.0:       |                                                                                      ^
warning: libraw-ffi@0.1.0: vendor/LibRaw/LibRaw-0.22.2/src/metadata/identify.cpp:377:80: warning: missing field 'offset' initializer [-Wmissing-field-initializers]
warning: libraw-ffi@0.1.0:   377 |           { 10979200, 3114, 2350,   0,  0, 32, 32,  0, 0x94, 7, 1, "Casio", "EX-P700" },
warning: libraw-ffi@0.1.0:       |                                                                                       ^
warning: libraw-ffi@0.1.0: vendor/LibRaw/LibRaw-0.22.2/src/metadata/identify.cpp:378:80: warning: missing field 'offset' initializer [-Wmissing-field-initializers]
warning: libraw-ffi@0.1.0:   378 |           { 12310144, 3285, 2498,   0,  0,  6, 30,  0, 0x94, 0, 1, "Casio", "EX-Z850" },
warning: libraw-ffi@0.1.0:       |                                                                                       ^
warning: libraw-ffi@0.1.0: vendor/LibRaw/LibRaw-0.22.2/src/metadata/identify.cpp:379:78: warning: missing field 'offset' initializer [-Wmissing-field-initializers]
warning: libraw-ffi@0.1.0:   379 |           { 12489984, 3328, 2502,   0,  0, 47, 35,  0, 0x94, 0, 1, "Casio", "EX-Z8" },
warning: libraw-ffi@0.1.0:       |                                                                                     ^
warning: libraw-ffi@0.1.0: vendor/LibRaw/LibRaw-0.22.2/src/metadata/identify.cpp:380:81: warning: missing field 'offset' initializer [-Wmissing-field-initializers]
warning: libraw-ffi@0.1.0:   380 |           { 15499264, 3754, 2752,   0,  0, 82,  0,  0, 0x94, 0, 1, "Casio", "EX-Z1050" },
warning: libraw-ffi@0.1.0:       |                                                                                        ^
warning: libraw-ffi@0.1.0: vendor/LibRaw/LibRaw-0.22.2/src/metadata/identify.cpp:381:81: warning: missing field 'offset' initializer [-Wmissing-field-initializers]
warning: libraw-ffi@0.1.0:   381 |           { 18702336, 4096, 3044,   0,  0, 24,  0, 80, 0x94, 7, 1, "Casio", "EX-ZR100" },
warning: libraw-ffi@0.1.0:       |                                                                                        ^
warning: libraw-ffi@0.1.0: vendor/LibRaw/LibRaw-0.22.2/src/metadata/identify.cpp:382:80: warning: missing field 'offset' initializer [-Wmissing-field-initializers]
warning: libraw-ffi@0.1.0:   382 |           {  7684000, 2260, 1700,   0,  0,  0,  0, 13, 0x94, 0, 1, "Casio", "QV-4000" },
warning: libraw-ffi@0.1.0:       |                                                                                       ^
warning: libraw-ffi@0.1.0: vendor/LibRaw/LibRaw-0.22.2/src/metadata/identify.cpp:383:86: warning: missing field 'offset' initializer [-Wmissing-field-initializers]
warning: libraw-ffi@0.1.0:   383 |           {   787456, 1024,  769,   0,  1,  0,  0,  0, 0x49, 0, 0, "Creative", "PC-CAM 600" },
warning: libraw-ffi@0.1.0:       |                                                                                             ^
warning: libraw-ffi@0.1.0: vendor/LibRaw/LibRaw-0.22.2/src/metadata/identify.cpp:384:67: warning: missing field 't_model' initializer [-Wmissing-field-initializers]
warning: libraw-ffi@0.1.0:   384 |           { 28829184, 4384, 3288,   0,  0,  0,  0, 36, 0x61, 0, 0, "DJI" },
warning: libraw-ffi@0.1.0:       |                                                                          ^
warning: libraw-ffi@0.1.0: vendor/LibRaw/LibRaw-0.22.2/src/metadata/identify.cpp:385:70: warning: missing field 't_model' initializer [-Wmissing-field-initializers]
warning: libraw-ffi@0.1.0:   385 |           { 15151104, 4608, 3288,   0,  0,  0,  0,  0, 0x94, 0, 0, "Matrix" },
warning: libraw-ffi@0.1.0:       |                                                                             ^
warning: libraw-ffi@0.1.0: vendor/LibRaw/LibRaw-0.22.2/src/metadata/identify.cpp:386:79: warning: missing field 'offset' initializer [-Wmissing-field-initializers]
warning: libraw-ffi@0.1.0:   386 |           {  3840000, 1600, 1200,   0,  0,  0,  0, 65, 0x49, 0, 0, "Foculus", "531C" },
warning: libraw-ffi@0.1.0:       |                                                                                      ^
warning: libraw-ffi@0.1.0: vendor/LibRaw/LibRaw-0.22.2/src/metadata/identify.cpp:387:71: warning: missing field 't_model' initializer [-Wmissing-field-initializers]
warning: libraw-ffi@0.1.0:   387 |           {   307200,  640,  480,   0,  0,  0,  0,  0, 0x94, 0, 0, "Generic" },
warning: libraw-ffi@0.1.0:       |                                                                              ^
warning: libraw-ffi@0.1.0: vendor/LibRaw/LibRaw-0.22.2/src/metadata/identify.cpp:388:77: warning: missing field 'offset' initializer [-Wmissing-field-initializers]
warning: libraw-ffi@0.1.0:   388 |           {    62464,  256,  244,   1,  1,  6,  1,  0, 0x8d, 0, 0, "Kodak", "DC20" },
warning: libraw-ffi@0.1.0:       |                                                                                    ^
warning: libraw-ffi@0.1.0: vendor/LibRaw/LibRaw-0.22.2/src/metadata/identify.cpp:389:77: warning: missing field 'offset' initializer [-Wmissing-field-initializers]
warning: libraw-ffi@0.1.0:   389 |           {   124928,  512,  244,   1,  1, 10,  1,  0, 0x8d, 0, 0, "Kodak", "DC20" },
warning: libraw-ffi@0.1.0:       |                                                                                    ^
warning: libraw-ffi@0.1.0: vendor/LibRaw/LibRaw-0.22.2/src/metadata/identify.cpp:390:79: warning: missing field 'offset' initializer [-Wmissing-field-initializers]
warning: libraw-ffi@0.1.0:   390 |           {  1652736, 1536, 1076,   0, 52,  0,  0,  0, 0x61, 0, 0, "Kodak", "DCS200" },
warning: libraw-ffi@0.1.0:       |                                                                                      ^
warning: libraw-ffi@0.1.0: vendor/LibRaw/LibRaw-0.22.2/src/metadata/identify.cpp:391:77: warning: missing field 'offset' initializer [-Wmissing-field-initializers]
warning: libraw-ffi@0.1.0:   391 |           {  4159302, 2338, 1779,   1, 33,  1,  2,  0, 0x94, 0, 0, "Kodak", "C330" },
warning: libraw-ffi@0.1.0:       |                                                                                    ^
warning: libraw-ffi@0.1.0: vendor/LibRaw/LibRaw-0.22.2/src/metadata/identify.cpp:393:77: warning: missing field 'offset' initializer [-Wmissing-field-initializers]
warning: libraw-ffi@0.1.0:   393 |           {  2247168, 1232,  912,   0,  0, 16,  0,  0, 0x00, 0, 0, "Kodak", "C330" },
warning: libraw-ffi@0.1.0:       |                                                                                    ^
warning: libraw-ffi@0.1.0: vendor/LibRaw/LibRaw-0.22.2/src/metadata/identify.cpp:394:77: warning: missing field 'offset' initializer [-Wmissing-field-initializers]
warning: libraw-ffi@0.1.0:   394 |           {  3370752, 1232,  912,   0,  0, 16,  0,  0, 0x00, 0, 0, "Kodak", "C330" },
warning: libraw-ffi@0.1.0:       |                                                                                    ^
warning: libraw-ffi@0.1.0: vendor/LibRaw/LibRaw-0.22.2/src/metadata/identify.cpp:395:77: warning: missing field 'offset' initializer [-Wmissing-field-initializers]
warning: libraw-ffi@0.1.0:   395 |           {  6163328, 2864, 2152,   0,  0,  0,  0,  0, 0x94, 0, 0, "Kodak", "C603" },
warning: libraw-ffi@0.1.0:       |                                                                                    ^
warning: libraw-ffi@0.1.0: vendor/LibRaw/LibRaw-0.22.2/src/metadata/identify.cpp:397:77: warning: missing field 'offset' initializer [-Wmissing-field-initializers]
warning: libraw-ffi@0.1.0:   397 |           {   460800,  640,  480,   0,  0,  0,  0,  0, 0x00, 0, 0, "Kodak", "C603" },
warning: libraw-ffi@0.1.0:       |                                                                                    ^
warning: libraw-ffi@0.1.0: vendor/LibRaw/LibRaw-0.22.2/src/metadata/identify.cpp:398:77: warning: missing field 'offset' initializer [-Wmissing-field-initializers]
warning: libraw-ffi@0.1.0:   398 |           {  9116448, 2848, 2134,   0,  0,  0,  0,  0, 0x00, 0, 0, "Kodak", "C603" },
warning: libraw-ffi@0.1.0:       |                                                                                    ^
warning: libraw-ffi@0.1.0: vendor/LibRaw/LibRaw-0.22.2/src/metadata/identify.cpp:399:77: warning: missing field 'offset' initializer [-Wmissing-field-initializers]
warning: libraw-ffi@0.1.0:   399 |           { 12241200, 4040, 3030,   2,  0,  0, 13,  0, 0x49, 0, 0, "Kodak", "12MP" },
warning: libraw-ffi@0.1.0:       |                                                                                    ^
warning: libraw-ffi@0.1.0: vendor/LibRaw/LibRaw-0.22.2/src/metadata/identify.cpp:401:77: warning: missing field 'offset' initializer [-Wmissing-field-initializers]
warning: libraw-ffi@0.1.0:   401 |           { 18000000, 4000, 3000,   0,  0,  0,  0,  0, 0x00, 0, 0, "Kodak", "12MP" },
warning: libraw-ffi@0.1.0:       |                                                                                    ^
warning: libraw-ffi@0.1.0: vendor/LibRaw/LibRaw-0.22.2/src/metadata/identify.cpp:402:81: warning: missing field 'offset' initializer [-Wmissing-field-initializers]
warning: libraw-ffi@0.1.0:   402 |           {   614400,  640,  480,   0,  3,  0,  0, 64, 0x94, 0, 0, "Kodak", "KAI-0340" },
warning: libraw-ffi@0.1.0:       |                                                                                        ^
warning: libraw-ffi@0.1.0: vendor/LibRaw/LibRaw-0.22.2/src/metadata/identify.cpp:403:78: warning: missing field 'offset' initializer [-Wmissing-field-initializers]
warning: libraw-ffi@0.1.0:   403 |           { 15360000, 3200, 2400,   0,  0,  0,  0, 96, 0x16, 0, 0, "Lenovo", "A820" },
warning: libraw-ffi@0.1.0:       |                                                                                     ^
warning: libraw-ffi@0.1.0: vendor/LibRaw/LibRaw-0.22.2/src/metadata/identify.cpp:406:77: warning: missing field 'offset' initializer [-Wmissing-field-initializers]
warning: libraw-ffi@0.1.0:   406 |           {  1581060, 1305,  969,   0,  0, 18,  6,  6, 0x1e, 4, 1, "Nikon", "E900" }, // "diag raw" hack
warning: libraw-ffi@0.1.0:       |                                                                                    ^
warning: libraw-ffi@0.1.0: vendor/LibRaw/LibRaw-0.22.2/src/metadata/identify.cpp:407:77: warning: missing field 'offset' initializer [-Wmissing-field-initializers]
warning: libraw-ffi@0.1.0:   407 |           {  2465792, 1638, 1204,   0,  0, 22,  1,  6, 0x4b, 5, 1, "Nikon", "E950" }, // "diag raw" hack; possibly also Nikon E700, E800, E775;
warning: libraw-ffi@0.1.0:       |                                                                                    ^
warning: libraw-ffi@0.1.0: vendor/LibRaw/LibRaw-0.22.2/src/metadata/identify.cpp:409:78: warning: missing field 'offset' initializer [-Wmissing-field-initializers]
warning: libraw-ffi@0.1.0:   409 |           {  2940928, 1616, 1213,   0,  0,  0,  7, 30, 0x94, 0, 1, "Nikon", "E2100" }, // "diag raw" hack; also Nikon E2500
warning: libraw-ffi@0.1.0:       |                                                                                     ^
warning: libraw-ffi@0.1.0: vendor/LibRaw/LibRaw-0.22.2/src/metadata/identify.cpp:410:77: warning: missing field 'offset' initializer [-Wmissing-field-initializers]
warning: libraw-ffi@0.1.0:   410 |           {  4771840, 2064, 1541,   0,  0,  0,  1,  6, 0xe1, 0, 1, "Nikon", "E990" }, // "diag raw" hack; possibly also Nikon E880, E885, E995;
warning: libraw-ffi@0.1.0:       |                                                                                    ^
warning: libraw-ffi@0.1.0: vendor/LibRaw/LibRaw-0.22.2/src/metadata/identify.cpp:412:78: warning: missing field 'offset' initializer [-Wmissing-field-initializers]
warning: libraw-ffi@0.1.0:   412 |           {  4775936, 2064, 1542,   0,  0,  0,  0, 30, 0x94, 0, 1, "Nikon", "E3700" }, // "diag raw" hack; Nikon E3100, E3200, E3500;
warning: libraw-ffi@0.1.0:       |                                                                                     ^
warning: libraw-ffi@0.1.0: vendor/LibRaw/LibRaw-0.22.2/src/metadata/identify.cpp:414:78: warning: missing field 'offset' initializer [-Wmissing-field-initializers]
warning: libraw-ffi@0.1.0:   414 |           {  5865472, 2288, 1709,   0,  0,  0,  1,  6, 0xb4, 0, 1, "Nikon", "E4500" }, // "diag raw" hack; possibly also Olympus C-4040Z
warning: libraw-ffi@0.1.0:       |                                                                                     ^
warning: libraw-ffi@0.1.0: vendor/LibRaw/LibRaw-0.22.2/src/metadata/identify.cpp:415:78: warning: missing field 'offset' initializer [-Wmissing-field-initializers]
warning: libraw-ffi@0.1.0:   415 |           {  5869568, 2288, 1710,   0,  0,  0,  0,  6, 0x16, 0, 1, "Nikon", "E4300" }, // "diag raw" hack; also Minolta "DiMAGE Z2"
warning: libraw-ffi@0.1.0:       |                                                                                     ^
warning: libraw-ffi@0.1.0: vendor/LibRaw/LibRaw-0.22.2/src/metadata/identify.cpp:416:78: warning: missing field 'offset' initializer [-Wmissing-field-initializers]
warning: libraw-ffi@0.1.0:   416 |           {  7438336, 2576, 1925,   0,  0,  0,  1,  6, 0xb4, 0, 1, "Nikon", "E5000" }, // also Nikon E5700
warning: libraw-ffi@0.1.0:       |                                                                                     ^
warning: libraw-ffi@0.1.0: vendor/LibRaw/LibRaw-0.22.2/src/metadata/identify.cpp:417:83: warning: missing field 'offset' initializer [-Wmissing-field-initializers]
warning: libraw-ffi@0.1.0:   417 |           {  8998912, 2832, 2118,   0,  0,  0,  0, 30, 0x94, 7, 1, "Nikon", "COOLPIX S6" }, // "diag raw" hack
warning: libraw-ffi@0.1.0:       |                                                                                          ^
warning: libraw-ffi@0.1.0: vendor/LibRaw/LibRaw-0.22.2/src/metadata/identify.cpp:418:82: warning: missing field 'offset' initializer [-Wmissing-field-initializers]
warning: libraw-ffi@0.1.0:   418 |           {  5939200, 2304, 1718,   0,  0,  0,  0, 30, 0x16, 0, 0, "Olympus", "C-770UZ" }, // possibly also Olympus C-4100Z, C-765UZ
warning: libraw-ffi@0.1.0:       |                                                                                         ^
warning: libraw-ffi@0.1.0: vendor/LibRaw/LibRaw-0.22.2/src/metadata/identify.cpp:419:87: warning: missing field 'offset' initializer [-Wmissing-field-initializers]
warning: libraw-ffi@0.1.0:   419 |           {  3178560, 2064, 1540,   0,  0,  0,  0,  0, 0x94, 0, 1, "Pentax", "Optio S V1.01" },
warning: libraw-ffi@0.1.0:       |                                                                                              ^
warning: libraw-ffi@0.1.0: vendor/LibRaw/LibRaw-0.22.2/src/metadata/identify.cpp:420:81: warning: missing field 'offset' initializer [-Wmissing-field-initializers]
warning: libraw-ffi@0.1.0:   420 |           {  4841984, 2090, 1544,   0,  0, 22,  0,  0, 0x94, 7, 1, "Pentax", "Optio S" },
warning: libraw-ffi@0.1.0:       |                                                                                        ^
warning: libraw-ffi@0.1.0: vendor/LibRaw/LibRaw-0.22.2/src/metadata/identify.cpp:421:82: warning: missing field 'offset' initializer [-Wmissing-field-initializers]
warning: libraw-ffi@0.1.0:   421 |           {  6114240, 2346, 1737,   0,  0, 22,  0,  0, 0x94, 7, 1, "Pentax", "Optio S4" },
warning: libraw-ffi@0.1.0:       |                                                                                         ^
warning: libraw-ffi@0.1.0: vendor/LibRaw/LibRaw-0.22.2/src/metadata/identify.cpp:422:84: warning: missing field 'offset' initializer [-Wmissing-field-initializers]
warning: libraw-ffi@0.1.0:   422 |           { 10702848, 3072, 2322,   0,  0,  0, 21, 30, 0x94, 0, 1, "Pentax", "Optio 750Z" },
warning: libraw-ffi@0.1.0:       |                                                                                           ^
warning: libraw-ffi@0.1.0: vendor/LibRaw/LibRaw-0.22.2/src/metadata/identify.cpp:423:81: warning: missing field 'offset' initializer [-Wmissing-field-initializers]
warning: libraw-ffi@0.1.0:   423 |           {  4147200, 1920, 1080,   0,  0,  0,  0,  0, 0x49, 0, 0, "Photron", "BC2-HD" },
warning: libraw-ffi@0.1.0:       |                                                                                        ^
warning: libraw-ffi@0.1.0: vendor/LibRaw/LibRaw-0.22.2/src/metadata/identify.cpp:425:80: warning: missing field 'offset' initializer [-Wmissing-field-initializers]
warning: libraw-ffi@0.1.0:   425 |           { 13248000, 2208, 3000,   0,  0,  0,  0, 13, 0x61, 0, 0, "Pixelink", "A782" },
warning: libraw-ffi@0.1.0:       |                                                                                       ^
warning: libraw-ffi@0.1.0: vendor/LibRaw/LibRaw-0.22.2/src/metadata/identify.cpp:426:83: warning: missing field 'offset' initializer [-Wmissing-field-initializers]
warning: libraw-ffi@0.1.0:   426 |           {  6291456, 2048, 1536,   0,  0,  0,  0, 96, 0x61, 0, 0, "RoverShot", "3320AF" },
warning: libraw-ffi@0.1.0:       |                                                                                          ^
warning: libraw-ffi@0.1.0: vendor/LibRaw/LibRaw-0.22.2/src/metadata/identify.cpp:427:86: warning: missing field 'offset' initializer [-Wmissing-field-initializers]
warning: libraw-ffi@0.1.0:   427 |           {   311696,  644,  484,   0,  0,  0,  0,  0, 0x16, 0, 8, "ST Micro", "STV680 VGA" },
warning: libraw-ffi@0.1.0:       |                                                                                             ^
warning: libraw-ffi@0.1.0: vendor/LibRaw/LibRaw-0.22.2/src/metadata/identify.cpp:428:78: warning: missing field 'offset' initializer [-Wmissing-field-initializers]
warning: libraw-ffi@0.1.0:   428 |           { 16098048, 3288, 2448,   0,  0, 24,  0,  9, 0x94, 0, 1, "Samsung", "S85" }, // hack
warning: libraw-ffi@0.1.0:       |                                                                                     ^
warning: libraw-ffi@0.1.0: vendor/LibRaw/LibRaw-0.22.2/src/metadata/identify.cpp:429:78: warning: missing field 'offset' initializer [-Wmissing-field-initializers]
warning: libraw-ffi@0.1.0:   429 |           { 16215552, 3312, 2448,   0,  0, 48,  0,  9, 0x94, 0, 1, "Samsung", "S85" }, // hack
warning: libraw-ffi@0.1.0:       |                                                                                     ^
warning: libraw-ffi@0.1.0: vendor/LibRaw/LibRaw-0.22.2/src/metadata/identify.cpp:430:80: warning: missing field 'offset' initializer [-Wmissing-field-initializers]
warning: libraw-ffi@0.1.0:   430 |           { 20487168, 3648, 2808,   0,  0,  0,  0, 13, 0x94, 5, 1, "Samsung", "WB550" },
warning: libraw-ffi@0.1.0:       |                                                                                       ^
warning: libraw-ffi@0.1.0: vendor/LibRaw/LibRaw-0.22.2/src/metadata/identify.cpp:431:80: warning: missing field 'offset' initializer [-Wmissing-field-initializers]
warning: libraw-ffi@0.1.0:   431 |           { 24000000, 4000, 3000,   0,  0,  0,  0, 13, 0x94, 5, 1, "Samsung", "WB550" },
warning: libraw-ffi@0.1.0:       |                                                                                       ^
warning: libraw-ffi@0.1.0: vendor/LibRaw/LibRaw-0.22.2/src/metadata/identify.cpp:435:83: warning: missing field 'offset' initializer [-Wmissing-field-initializers]
warning: libraw-ffi@0.1.0:   435 |           {  1409024, 1376, 1024,   0,  0,  1,  0,  0, 0x49, 0, 0, "Sony", "XCD-SX910CR" },
warning: libraw-ffi@0.1.0:       |                                                                                          ^
warning: libraw-ffi@0.1.0: vendor/LibRaw/LibRaw-0.22.2/src/metadata/identify.cpp:436:83: warning: missing field 'offset' initializer [-Wmissing-field-initializers]
warning: libraw-ffi@0.1.0:   436 |           {  2818048, 1376, 1024,   0,  0,  1,  0, 97, 0x49, 0, 0, "Sony", "XCD-SX910CR" },
warning: libraw-ffi@0.1.0:       |                                                                                          ^
warning: libraw-ffi@0.1.0: vendor/LibRaw/LibRaw-0.22.2/src/metadata/identify.cpp:1124:5: warning: 'sprintf' is deprecated: This function is provided for compatibility reasons only.  Due to security concerns inherent in the design of sprintf(3), it is highly recommended that you use snprintf(3) instead. [-Wdeprecated-declarations]
warning: libraw-ffi@0.1.0:  1124 |     sprintf(model, "%dx%d", width, height);
warning: libraw-ffi@0.1.0:       |     ^
warning: libraw-ffi@0.1.0: /Applications/Xcode.app/Contents/Developer/Platforms/MacOSX.platform/Developer/SDKs/MacOSX.sdk/usr/include/_stdio.h:278:1: note: 'sprintf' has been explicitly marked deprecated here
warning: libraw-ffi@0.1.0:   278 | __deprecated_msg("This function is provided for compatibility reasons only.  Due to security concerns inherent in the design of sprintf(3), it is highly recommended that you use snprintf(3) instead.")
warning: libraw-ffi@0.1.0:       | ^
warning: libraw-ffi@0.1.0: /Applications/Xcode.app/Contents/Developer/Platforms/MacOSX.platform/Developer/SDKs/MacOSX.sdk/usr/include/sys/cdefs.h:227:48: note: expanded from macro '__deprecated_msg'
warning: libraw-ffi@0.1.0:   227 |         #define __deprecated_msg(_msg) __attribute__((__deprecated__(_msg)))
warning: libraw-ffi@0.1.0:       |                                                       ^
warning: libraw-ffi@0.1.0: vendor/LibRaw/LibRaw-0.22.2/src/metadata/identify.cpp:2292:5: warning: comparison of integers of different signs: 'int' and 'unsigned int' [-Wsign-compare]
warning: libraw-ffi@0.1.0:  2292 |                                 FORC(MIN(cblack[4] * cblack[5], LIBRAW_CBLACK_SIZE - 6)) cblack[c] *= 4;
warning: libraw-ffi@0.1.0:       |                                 ^~~~~~~~~~~~~~~~~~~~~~~~~~~~~~~~~~~~~~~~~~~~~~~~~~~~~~~~
warning: libraw-ffi@0.1.0: vendor/LibRaw/LibRaw-0.22.2/internal/defines.h:94:33: note: expanded from macro 'FORC'
warning: libraw-ffi@0.1.0:    94 | #define FORC(cnt) for (c = 0; c < cnt; c++)
warning: libraw-ffi@0.1.0:       |                               ~ ^ ~~~
warning: libraw-ffi@0.1.0: 136 warnings generated.
warning: libraw-ffi@0.1.0: vendor/LibRaw/LibRaw-0.22.2/src/metadata/sony.cpp:785:5: warning: 'sprintf' is deprecated: This function is provided for compatibility reasons only.  Due to security concerns inherent in the design of sprintf(3), it is highly recommended that you use snprintf(3) instead. [-Wdeprecated-declarations]
warning: libraw-ffi@0.1.0:   785 |     sprintf(imgdata.shootinginfo.InternalBodySerial, "%06llx",
warning: libraw-ffi@0.1.0:       |     ^
warning: libraw-ffi@0.1.0: /Applications/Xcode.app/Contents/Developer/Platforms/MacOSX.platform/Developer/SDKs/MacOSX.sdk/usr/include/_stdio.h:278:1: note: 'sprintf' has been explicitly marked deprecated here
warning: libraw-ffi@0.1.0:   278 | __deprecated_msg("This function is provided for compatibility reasons only.  Due to security concerns inherent in the design of sprintf(3), it is highly recommended that you use snprintf(3) instead.")
warning: libraw-ffi@0.1.0:       | ^
warning: libraw-ffi@0.1.0: /Applications/Xcode.app/Contents/Developer/Platforms/MacOSX.platform/Developer/SDKs/MacOSX.sdk/usr/include/sys/cdefs.h:227:48: note: expanded from macro '__deprecated_msg'
warning: libraw-ffi@0.1.0:   227 |         #define __deprecated_msg(_msg) __attribute__((__deprecated__(_msg)))
warning: libraw-ffi@0.1.0:       |                                                       ^
warning: libraw-ffi@0.1.0: vendor/LibRaw/LibRaw-0.22.2/src/metadata/sony.cpp:797:5: warning: 'sprintf' is deprecated: This function is provided for compatibility reasons only.  Due to security concerns inherent in the design of sprintf(3), it is highly recommended that you use snprintf(3) instead. [-Wdeprecated-declarations]
warning: libraw-ffi@0.1.0:   797 |     sprintf(imgdata.shootinginfo.InternalBodySerial, "%06llx",
warning: libraw-ffi@0.1.0:       |     ^
warning: libraw-ffi@0.1.0: /Applications/Xcode.app/Contents/Developer/Platforms/MacOSX.platform/Developer/SDKs/MacOSX.sdk/usr/include/_stdio.h:278:1: note: 'sprintf' has been explicitly marked deprecated here
warning: libraw-ffi@0.1.0:   278 | __deprecated_msg("This function is provided for compatibility reasons only.  Due to security concerns inherent in the design of sprintf(3), it is highly recommended that you use snprintf(3) instead.")
warning: libraw-ffi@0.1.0:       | ^
warning: libraw-ffi@0.1.0: /Applications/Xcode.app/Contents/Developer/Platforms/MacOSX.platform/Developer/SDKs/MacOSX.sdk/usr/include/sys/cdefs.h:227:48: note: expanded from macro '__deprecated_msg'
warning: libraw-ffi@0.1.0:   227 |         #define __deprecated_msg(_msg) __attribute__((__deprecated__(_msg)))
warning: libraw-ffi@0.1.0:       |                                                       ^
warning: libraw-ffi@0.1.0: vendor/LibRaw/LibRaw-0.22.2/src/metadata/sony.cpp:810:7: warning: 'sprintf' is deprecated: This function is provided for compatibility reasons only.  Due to security concerns inherent in the design of sprintf(3), it is highly recommended that you use snprintf(3) instead. [-Wdeprecated-declarations]
warning: libraw-ffi@0.1.0:   810 |       sprintf(imgdata.shootinginfo.InternalBodySerial, "%04x",
warning: libraw-ffi@0.1.0:       |       ^
warning: libraw-ffi@0.1.0: /Applications/Xcode.app/Contents/Developer/Platforms/MacOSX.platform/Developer/SDKs/MacOSX.sdk/usr/include/_stdio.h:278:1: note: 'sprintf' has been explicitly marked deprecated here
warning: libraw-ffi@0.1.0:   278 | __deprecated_msg("This function is provided for compatibility reasons only.  Due to security concerns inherent in the design of sprintf(3), it is highly recommended that you use snprintf(3) instead.")
warning: libraw-ffi@0.1.0:       | ^
warning: libraw-ffi@0.1.0: /Applications/Xcode.app/Contents/Developer/Platforms/MacOSX.platform/Developer/SDKs/MacOSX.sdk/usr/include/sys/cdefs.h:227:48: note: expanded from macro '__deprecated_msg'
warning: libraw-ffi@0.1.0:   227 |         #define __deprecated_msg(_msg) __attribute__((__deprecated__(_msg)))
warning: libraw-ffi@0.1.0:       |                                                       ^
warning: libraw-ffi@0.1.0: vendor/LibRaw/LibRaw-0.22.2/src/metadata/sony.cpp:820:7: warning: 'sprintf' is deprecated: This function is provided for compatibility reasons only.  Due to security concerns inherent in the design of sprintf(3), it is highly recommended that you use snprintf(3) instead. [-Wdeprecated-declarations]
warning: libraw-ffi@0.1.0:   820 |       sprintf(imgdata.shootinginfo.InternalBodySerial, "%05llx",
warning: libraw-ffi@0.1.0:       |       ^
warning: libraw-ffi@0.1.0: /Applications/Xcode.app/Contents/Developer/Platforms/MacOSX.platform/Developer/SDKs/MacOSX.sdk/usr/include/_stdio.h:278:1: note: 'sprintf' has been explicitly marked deprecated here
warning: libraw-ffi@0.1.0:   278 | __deprecated_msg("This function is provided for compatibility reasons only.  Due to security concerns inherent in the design of sprintf(3), it is highly recommended that you use snprintf(3) instead.")
warning: libraw-ffi@0.1.0:       | ^
warning: libraw-ffi@0.1.0: /Applications/Xcode.app/Contents/Developer/Platforms/MacOSX.platform/Developer/SDKs/MacOSX.sdk/usr/include/sys/cdefs.h:227:48: note: expanded from macro '__deprecated_msg'
warning: libraw-ffi@0.1.0:   227 |         #define __deprecated_msg(_msg) __attribute__((__deprecated__(_msg)))
warning: libraw-ffi@0.1.0:       |                                                       ^
warning: libraw-ffi@0.1.0: vendor/LibRaw/LibRaw-0.22.2/src/metadata/sony.cpp:2339:20: warning: comparison of integers of different signs: 'int' and 'unsigned int' [-Wsign-compare]
warning: libraw-ffi@0.1.0:  2339 |           if (ioffset + 3 >= len)
warning: libraw-ffi@0.1.0:       |               ~~~~~~~~~~~ ^  ~~~
warning: libraw-ffi@0.1.0: 5 warnings generated.
warning: libraw-ffi@0.1.0: vendor/LibRaw/LibRaw-0.22.2/src/metadata/ciff.cpp:264:9: warning: 'sprintf' is deprecated: This function is provided for compatibility reasons only.  Due to security concerns inherent in the design of sprintf(3), it is highly recommended that you use snprintf(3) instead. [-Wdeprecated-declarations]
warning: libraw-ffi@0.1.0:   264 |         sprintf(imgdata.shootinginfo.BodySerial, "%d", len);
warning: libraw-ffi@0.1.0:       |         ^
warning: libraw-ffi@0.1.0: /Applications/Xcode.app/Contents/Developer/Platforms/MacOSX.platform/Developer/SDKs/MacOSX.sdk/usr/include/_stdio.h:278:1: note: 'sprintf' has been explicitly marked deprecated here
warning: libraw-ffi@0.1.0:   278 | __deprecated_msg("This function is provided for compatibility reasons only.  Due to security concerns inherent in the design of sprintf(3), it is highly recommended that you use snprintf(3) instead.")
warning: libraw-ffi@0.1.0:       | ^
warning: libraw-ffi@0.1.0: /Applications/Xcode.app/Contents/Developer/Platforms/MacOSX.platform/Developer/SDKs/MacOSX.sdk/usr/include/sys/cdefs.h:227:48: note: expanded from macro '__deprecated_msg'
warning: libraw-ffi@0.1.0:   227 |         #define __deprecated_msg(_msg) __attribute__((__deprecated__(_msg)))
warning: libraw-ffi@0.1.0:       |                                                       ^
warning: libraw-ffi@0.1.0: vendor/LibRaw/LibRaw-0.22.2/src/metadata/ciff.cpp:266:9: warning: 'sprintf' is deprecated: This function is provided for compatibility reasons only.  Due to security concerns inherent in the design of sprintf(3), it is highly recommended that you use snprintf(3) instead. [-Wdeprecated-declarations]
warning: libraw-ffi@0.1.0:   266 |         sprintf(imgdata.shootinginfo.BodySerial, "%0x-%05d", len >> 16,
warning: libraw-ffi@0.1.0:       |         ^
warning: libraw-ffi@0.1.0: /Applications/Xcode.app/Contents/Developer/Platforms/MacOSX.platform/Developer/SDKs/MacOSX.sdk/usr/include/_stdio.h:278:1: note: 'sprintf' has been explicitly marked deprecated here
warning: libraw-ffi@0.1.0:   278 | __deprecated_msg("This function is provided for compatibility reasons only.  Due to security concerns inherent in the design of sprintf(3), it is highly recommended that you use snprintf(3) instead.")
warning: libraw-ffi@0.1.0:       | ^
warning: libraw-ffi@0.1.0: /Applications/Xcode.app/Contents/Developer/Platforms/MacOSX.platform/Developer/SDKs/MacOSX.sdk/usr/include/sys/cdefs.h:227:48: note: expanded from macro '__deprecated_msg'
warning: libraw-ffi@0.1.0:   227 |         #define __deprecated_msg(_msg) __attribute__((__deprecated__(_msg)))
warning: libraw-ffi@0.1.0:       |                                                       ^
warning: libraw-ffi@0.1.0: 2 warnings generated.
warning: libraw-ffi@0.1.0: vendor/LibRaw/LibRaw-0.22.2/src/metadata/nikon.cpp:525:11: warning: 'sprintf' is deprecated: This function is provided for compatibility reasons only.  Due to security concerns inherent in the design of sprintf(3), it is highly recommended that you use snprintf(3) instead. [-Wdeprecated-declarations]
warning: libraw-ffi@0.1.0:   525 |           sprintf(imgdata.shootinginfo.BodySerial, "%d", serial);
warning: libraw-ffi@0.1.0:       |           ^
warning: libraw-ffi@0.1.0: /Applications/Xcode.app/Contents/Developer/Platforms/MacOSX.platform/Developer/SDKs/MacOSX.sdk/usr/include/_stdio.h:278:1: note: 'sprintf' has been explicitly marked deprecated here
warning: libraw-ffi@0.1.0:   278 | __deprecated_msg("This function is provided for compatibility reasons only.  Due to security concerns inherent in the design of sprintf(3), it is highly recommended that you use snprintf(3) instead.")
warning: libraw-ffi@0.1.0:       | ^
warning: libraw-ffi@0.1.0: /Applications/Xcode.app/Contents/Developer/Platforms/MacOSX.platform/Developer/SDKs/MacOSX.sdk/usr/include/sys/cdefs.h:227:48: note: expanded from macro '__deprecated_msg'
warning: libraw-ffi@0.1.0:   227 |         #define __deprecated_msg(_msg) __attribute__((__deprecated__(_msg)))
warning: libraw-ffi@0.1.0:       |                                                       ^
warning: libraw-ffi@0.1.0: 1 warning generated.
warning: libraw-ffi@0.1.0: vendor/LibRaw/LibRaw-0.22.2/src/metadata/pentax.cpp:493:5: warning: 'sprintf' is deprecated: This function is provided for compatibility reasons only.  Due to security concerns inherent in the design of sprintf(3), it is highly recommended that you use snprintf(3) instead. [-Wdeprecated-declarations]
warning: libraw-ffi@0.1.0:   493 |     sprintf(imgdata.shootinginfo.InternalBodySerial, "%d", get4());
warning: libraw-ffi@0.1.0:       |     ^
warning: libraw-ffi@0.1.0: /Applications/Xcode.app/Contents/Developer/Platforms/MacOSX.platform/Developer/SDKs/MacOSX.sdk/usr/include/_stdio.h:278:1: note: 'sprintf' has been explicitly marked deprecated here
warning: libraw-ffi@0.1.0:   278 | __deprecated_msg("This function is provided for compatibility reasons only.  Due to security concerns inherent in the design of sprintf(3), it is highly recommended that you use snprintf(3) instead.")
warning: libraw-ffi@0.1.0:       | ^
warning: libraw-ffi@0.1.0: /Applications/Xcode.app/Contents/Developer/Platforms/MacOSX.platform/Developer/SDKs/MacOSX.sdk/usr/include/sys/cdefs.h:227:48: note: expanded from macro '__deprecated_msg'
warning: libraw-ffi@0.1.0:   227 |         #define __deprecated_msg(_msg) __attribute__((__deprecated__(_msg)))
warning: libraw-ffi@0.1.0:       |                                                       ^
warning: libraw-ffi@0.1.0: vendor/LibRaw/LibRaw-0.22.2/src/metadata/pentax.cpp:553:9: warning: 'sprintf' is deprecated: This function is provided for compatibility reasons only.  Due to security concerns inherent in the design of sprintf(3), it is highly recommended that you use snprintf(3) instead. [-Wdeprecated-declarations]
warning: libraw-ffi@0.1.0:   553 |         sprintf(imgdata.shootinginfo.BodySerial, "%8s", buffer + 8);
warning: libraw-ffi@0.1.0:       |         ^
warning: libraw-ffi@0.1.0: /Applications/Xcode.app/Contents/Developer/Platforms/MacOSX.platform/Developer/SDKs/MacOSX.sdk/usr/include/_stdio.h:278:1: note: 'sprintf' has been explicitly marked deprecated here
warning: libraw-ffi@0.1.0:   278 | __deprecated_msg("This function is provided for compatibility reasons only.  Due to security concerns inherent in the design of sprintf(3), it is highly recommended that you use snprintf(3) instead.")
warning: libraw-ffi@0.1.0:       | ^
warning: libraw-ffi@0.1.0: /Applications/Xcode.app/Contents/Developer/Platforms/MacOSX.platform/Developer/SDKs/MacOSX.sdk/usr/include/sys/cdefs.h:227:48: note: expanded from macro '__deprecated_msg'
warning: libraw-ffi@0.1.0:   227 |         #define __deprecated_msg(_msg) __attribute__((__deprecated__(_msg)))
warning: libraw-ffi@0.1.0:       |                                                       ^
warning: libraw-ffi@0.1.0: vendor/LibRaw/LibRaw-0.22.2/src/metadata/pentax.cpp:556:7: warning: 'sprintf' is deprecated: This function is provided for compatibility reasons only.  Due to security concerns inherent in the design of sprintf(3), it is highly recommended that you use snprintf(3) instead. [-Wdeprecated-declarations]
warning: libraw-ffi@0.1.0:   556 |       sprintf(imgdata.shootinginfo.InternalBodySerial, "%8s", buffer);
warning: libraw-ffi@0.1.0:       |       ^
warning: libraw-ffi@0.1.0: /Applications/Xcode.app/Contents/Developer/Platforms/MacOSX.platform/Developer/SDKs/MacOSX.sdk/usr/include/_stdio.h:278:1: note: 'sprintf' has been explicitly marked deprecated here
warning: libraw-ffi@0.1.0:   278 | __deprecated_msg("This function is provided for compatibility reasons only.  Due to security concerns inherent in the design of sprintf(3), it is highly recommended that you use snprintf(3) instead.")
warning: libraw-ffi@0.1.0:       | ^
warning: libraw-ffi@0.1.0: /Applications/Xcode.app/Contents/Developer/Platforms/MacOSX.platform/Developer/SDKs/MacOSX.sdk/usr/include/sys/cdefs.h:227:48: note: expanded from macro '__deprecated_msg'
warning: libraw-ffi@0.1.0:   227 |         #define __deprecated_msg(_msg) __attribute__((__deprecated__(_msg)))
warning: libraw-ffi@0.1.0:       |                                                       ^
warning: libraw-ffi@0.1.0: vendor/LibRaw/LibRaw-0.22.2/src/metadata/pentax.cpp:560:7: warning: 'sprintf' is deprecated: This function is provided for compatibility reasons only.  Due to security concerns inherent in the design of sprintf(3), it is highly recommended that you use snprintf(3) instead. [-Wdeprecated-declarations]
warning: libraw-ffi@0.1.0:   560 |       sprintf(imgdata.shootinginfo.BodySerial, "%02x%02x%02x%02x", buffer[4],
warning: libraw-ffi@0.1.0:       |       ^
warning: libraw-ffi@0.1.0: /Applications/Xcode.app/Contents/Developer/Platforms/MacOSX.platform/Developer/SDKs/MacOSX.sdk/usr/include/_stdio.h:278:1: note: 'sprintf' has been explicitly marked deprecated here
warning: libraw-ffi@0.1.0:   278 | __deprecated_msg("This function is provided for compatibility reasons only.  Due to security concerns inherent in the design of sprintf(3), it is highly recommended that you use snprintf(3) instead.")
warning: libraw-ffi@0.1.0:       | ^
warning: libraw-ffi@0.1.0: /Applications/Xcode.app/Contents/Developer/Platforms/MacOSX.platform/Developer/SDKs/MacOSX.sdk/usr/include/sys/cdefs.h:227:48: note: expanded from macro '__deprecated_msg'
warning: libraw-ffi@0.1.0:   227 |         #define __deprecated_msg(_msg) __attribute__((__deprecated__(_msg)))
warning: libraw-ffi@0.1.0:       |                                                       ^
warning: libraw-ffi@0.1.0: vendor/LibRaw/LibRaw-0.22.2/src/metadata/pentax.cpp:562:7: warning: 'sprintf' is deprecated: This function is provided for compatibility reasons only.  Due to security concerns inherent in the design of sprintf(3), it is highly recommended that you use snprintf(3) instead. [-Wdeprecated-declarations]
warning: libraw-ffi@0.1.0:   562 |       sprintf(imgdata.shootinginfo.InternalBodySerial, "%02x%02x%02x%02x",
warning: libraw-ffi@0.1.0:       |       ^
warning: libraw-ffi@0.1.0: /Applications/Xcode.app/Contents/Developer/Platforms/MacOSX.platform/Developer/SDKs/MacOSX.sdk/usr/include/_stdio.h:278:1: note: 'sprintf' has been explicitly marked deprecated here
warning: libraw-ffi@0.1.0:   278 | __deprecated_msg("This function is provided for compatibility reasons only.  Due to security concerns inherent in the design of sprintf(3), it is highly recommended that you use snprintf(3) instead.")
warning: libraw-ffi@0.1.0:       | ^
warning: libraw-ffi@0.1.0: /Applications/Xcode.app/Contents/Developer/Platforms/MacOSX.platform/Developer/SDKs/MacOSX.sdk/usr/include/sys/cdefs.h:227:48: note: expanded from macro '__deprecated_msg'
warning: libraw-ffi@0.1.0:   227 |         #define __deprecated_msg(_msg) __attribute__((__deprecated__(_msg)))
warning: libraw-ffi@0.1.0:       |                                                       ^
warning: libraw-ffi@0.1.0: vendor/LibRaw/LibRaw-0.22.2/src/metadata/normalize_model.cpp:552:130: warning: suspicious concatenation of string literals in an array initialization; did you mean to separate the elements with a comma? [-Wstring-concatenation]
warning: libraw-ffi@0.1.0:   552 |     "@DC-ZS200", "DC-ZS220", "DC-TZ200", "DC-TZ202", "DC-TZ220", "DC-TZ200D", "DC-TZ202D", "DC-TZ220D", "DC-ZS200D", "DC-ZS220D" "DC-TX2", "C-Lux", "CAM-DC25",
warning: libraw-ffi@0.1.0:       |                                                                                                                                  ^
warning: libraw-ffi@0.1.0:       |                                                                                                                                 ,
warning: libraw-ffi@0.1.0: vendor/LibRaw/LibRaw-0.22.2/src/metadata/normalize_model.cpp:552:118: note: place parentheses around the string literal to silence warning
warning: libraw-ffi@0.1.0:   552 |     "@DC-ZS200", "DC-ZS220", "DC-TZ200", "DC-TZ202", "DC-TZ220", "DC-TZ200D", "DC-TZ202D", "DC-TZ220D", "DC-ZS200D", "DC-ZS220D" "DC-TX2", "C-Lux", "CAM-DC25",
warning: libraw-ffi@0.1.0:       |                                                                                                                      ^
warning: libraw-ffi@0.1.0: 5 warnings generated.
warning: libraw-ffi@0.1.0: 1 warning generated.
warning: libraw-ffi@0.1.0: vendor/LibRaw/LibRaw-0.22.2/src/metadata/canon.cpp:864:5: warning: 'sprintf' is deprecated: This function is provided for compatibility reasons only.  Due to security concerns inherent in the design of sprintf(3), it is highly recommended that you use snprintf(3) instead. [-Wdeprecated-declarations]
warning: libraw-ffi@0.1.0:   864 |     sprintf(imgdata.shootinginfo.BodySerial, "%d", tS);
warning: libraw-ffi@0.1.0:       |     ^
warning: libraw-ffi@0.1.0: /Applications/Xcode.app/Contents/Developer/Platforms/MacOSX.platform/Developer/SDKs/MacOSX.sdk/usr/include/_stdio.h:278:1: note: 'sprintf' has been explicitly marked deprecated here
warning: libraw-ffi@0.1.0:   278 | __deprecated_msg("This function is provided for compatibility reasons only.  Due to security concerns inherent in the design of sprintf(3), it is highly recommended that you use snprintf(3) instead.")
warning: libraw-ffi@0.1.0:       | ^
warning: libraw-ffi@0.1.0: /Applications/Xcode.app/Contents/Developer/Platforms/MacOSX.platform/Developer/SDKs/MacOSX.sdk/usr/include/sys/cdefs.h:227:48: note: expanded from macro '__deprecated_msg'
warning: libraw-ffi@0.1.0:   227 |         #define __deprecated_msg(_msg) __attribute__((__deprecated__(_msg)))
warning: libraw-ffi@0.1.0:       |                                                       ^
warning: libraw-ffi@0.1.0: vendor/LibRaw/LibRaw-0.22.2/src/metadata/tiff.cpp:1029:7: warning: 'sprintf' is deprecated: This function is provided for compatibility reasons only.  Due to security concerns inherent in the design of sprintf(3), it is highly recommended that you use snprintf(3) instead. [-Wdeprecated-declarations]
warning: libraw-ffi@0.1.0:  1029 |       sprintf(model, "Ixpress %d-Mp", c);
warning: libraw-ffi@0.1.0:       |       ^
warning: libraw-ffi@0.1.0: /Applications/Xcode.app/Contents/Developer/Platforms/MacOSX.platform/Developer/SDKs/MacOSX.sdk/usr/include/_stdio.h:278:1: note: 'sprintf' has been explicitly marked deprecated here
warning: libraw-ffi@0.1.0:   278 | __deprecated_msg("This function is provided for compatibility reasons only.  Due to security concerns inherent in the design of sprintf(3), it is highly recommended that you use snprintf(3) instead.")
warning: libraw-ffi@0.1.0:       | ^
warning: libraw-ffi@0.1.0: /Applications/Xcode.app/Contents/Developer/Platforms/MacOSX.platform/Developer/SDKs/MacOSX.sdk/usr/include/sys/cdefs.h:227:48: note: expanded from macro '__deprecated_msg'
warning: libraw-ffi@0.1.0:   227 |         #define __deprecated_msg(_msg) __attribute__((__deprecated__(_msg)))
warning: libraw-ffi@0.1.0:       |                                                       ^
warning: libraw-ffi@0.1.0: vendor/LibRaw/LibRaw-0.22.2/src/metadata/tiff.cpp:1230:13: warning: comparison of integers of different signs: 'int' and 'unsigned int' [-Wsign-compare]
warning: libraw-ffi@0.1.0:  1230 |                                         if (fj > libraw_internal_data.unpacker_data.lenRAFData - 3)
warning: libraw-ffi@0.1.0:       |                                             ~~ ^ ~~~~~~~~~~~~~~~~~~~~~~~~~~~~~~~~~~~~~~~~~~~~~~~~~
warning: libraw-ffi@0.1.0: vendor/LibRaw/LibRaw-0.22.2/src/metadata/tiff.cpp:1239:15: warning: comparison of integers of different signs: 'int' and 'unsigned int' [-Wsign-compare]
warning: libraw-ffi@0.1.0:  1239 |                                                 && ofst < libraw_internal_data.unpacker_data.lenRAFData - 3;
warning: libraw-ffi@0.1.0:       |                                                    ~~~~ ^ ~~~~~~~~~~~~~~~~~~~~~~~~~~~~~~~~~~~~~~~~~~~~~~~~~
warning: libraw-ffi@0.1.0: vendor/LibRaw/LibRaw-0.22.2/src/metadata/tiff.cpp:1635:17: warning: comparison of integers of different signs: 'int' and 'unsigned int' [-Wsign-compare]
warning: libraw-ffi@0.1.0:  1635 |                                   if (items == SR2SubIFDLength)
warning: libraw-ffi@0.1.0:       |                                       ~~~~~ ^  ~~~~~~~~~~~~~~~
warning: libraw-ffi@0.1.0: vendor/LibRaw/LibRaw-0.22.2/src/metadata/tiff.cpp:1748:12: warning: comparison of integers of different signs: 'int' and 'unsigned int' [-Wsign-compare]
warning: libraw-ffi@0.1.0:  1748 |         if (items == sony_length)
warning: libraw-ffi@0.1.0:       |             ~~~~~ ^  ~~~~~~~~~~~
warning: libraw-ffi@0.1.0: 1 warning generated.
warning: libraw-ffi@0.1.0: vendor/LibRaw/LibRaw-0.22.2/src/metadata/tiff.cpp:2005:4: warning: misleading indentation; statement is not part of the previous 'if' [-Wmisleading-indentation]
warning: libraw-ffi@0.1.0:  2005 |           if (!strncasecmp(make, "Sony", 4) && tiff_ifd[i].bps == 8 && tiff_ifd[i].phint == 6 && tiff_ifd[i].comp == 7 &&
warning: libraw-ffi@0.1.0:       |           ^
warning: libraw-ffi@0.1.0: vendor/LibRaw/LibRaw-0.22.2/src/metadata/tiff.cpp:2002:7: note: previous statement is here
warning: libraw-ffi@0.1.0:  2002 |       if (tiff_ifd[i].phint == 2 && tiff_ifd[i].extrasamples > 0 && tiff_ifd[i].samples > 3)
warning: libraw-ffi@0.1.0:       |       ^
warning: libraw-ffi@0.1.0: vendor/LibRaw/LibRaw-0.22.2/src/metadata/misc_parsers.cpp:123:3: warning: 'sprintf' is deprecated: This function is provided for compatibility reasons only.  Due to security concerns inherent in the design of sprintf(3), it is highly recommended that you use snprintf(3) instead. [-Wdeprecated-declarations]
warning: libraw-ffi@0.1.0:   123 |   sprintf(model, "%d", get4());
warning: libraw-ffi@0.1.0:       |   ^
warning: libraw-ffi@0.1.0: /Applications/Xcode.app/Contents/Developer/Platforms/MacOSX.platform/Developer/SDKs/MacOSX.sdk/usr/include/_stdio.h:278:1: note: 'sprintf' has been explicitly marked deprecated here
warning: libraw-ffi@0.1.0:   278 | __deprecated_msg("This function is provided for compatibility reasons only.  Due to security concerns inherent in the design of sprintf(3), it is highly recommended that you use snprintf(3) instead.")
warning: libraw-ffi@0.1.0:       | ^
warning: libraw-ffi@0.1.0: /Applications/Xcode.app/Contents/Developer/Platforms/MacOSX.platform/Developer/SDKs/MacOSX.sdk/usr/include/sys/cdefs.h:227:48: note: expanded from macro '__deprecated_msg'
warning: libraw-ffi@0.1.0:   227 |         #define __deprecated_msg(_msg) __attribute__((__deprecated__(_msg)))
warning: libraw-ffi@0.1.0:       |                                                       ^
warning: libraw-ffi@0.1.0: vendor/LibRaw/LibRaw-0.22.2/src/metadata/misc_parsers.cpp:209:3: warning: 'sprintf' is deprecated: This function is provided for compatibility reasons only.  Due to security concerns inherent in the design of sprintf(3), it is highly recommended that you use snprintf(3) instead. [-Wdeprecated-declarations]
warning: libraw-ffi@0.1.0:   209 |   sprintf(model, "v%d %dx%d", ver, width, height);
warning: libraw-ffi@0.1.0:       |   ^
warning: libraw-ffi@0.1.0: /Applications/Xcode.app/Contents/Developer/Platforms/MacOSX.platform/Developer/SDKs/MacOSX.sdk/usr/include/_stdio.h:278:1: note: 'sprintf' has been explicitly marked deprecated here
warning: libraw-ffi@0.1.0:   278 | __deprecated_msg("This function is provided for compatibility reasons only.  Due to security concerns inherent in the design of sprintf(3), it is highly recommended that you use snprintf(3) instead.")
warning: libraw-ffi@0.1.0:       | ^
warning: libraw-ffi@0.1.0: /Applications/Xcode.app/Contents/Developer/Platforms/MacOSX.platform/Developer/SDKs/MacOSX.sdk/usr/include/sys/cdefs.h:227:48: note: expanded from macro '__deprecated_msg'
warning: libraw-ffi@0.1.0:   227 |         #define __deprecated_msg(_msg) __attribute__((__deprecated__(_msg)))
warning: libraw-ffi@0.1.0:       |                                                       ^
warning: libraw-ffi@0.1.0: 2 warnings generated.
warning: libraw-ffi@0.1.0: 6 warnings generated.
   Compiling pipeline-cpu v0.1.0 (/Users/rutmehta/Developer/tessera/.worktrees/M2-09b/crates/pipeline-cpu)
   Compiling pipeline-adobe v0.1.0 (/Users/rutmehta/Developer/tessera/.worktrees/M2-09b/crates/pipeline-adobe)
   Compiling image-core v0.1.0 (/Users/rutmehta/Developer/tessera/.worktrees/M2-09b/crates/image-core)
   Compiling pipeline-gpu v0.1.0 (/Users/rutmehta/Developer/tessera/.worktrees/M2-09b/crates/pipeline-gpu)
    Finished `release` profile [optimized] target(s) in 11.84s
     Running unittests src/lib.rs (/Users/rutmehta/.cache/tessera-target/M2-09b/release/deps/lens-09c94a7c2901de11)

running 4 tests
test opcodes::tests::rectilinear_preserves_planes_and_center ... ok
test opcodes::tests::vignette_and_malformed ... ok
test opcodes::tests::warp_three_planes_and_invalid_values ... ok
test opcodes::tests::gain_map_is_parsed_not_skipped ... ok

test result: ok. 4 passed; 0 failed; 0 ignored; 0 measured; 0 filtered out; finished in 0.00s

     Running tests/ca.rs (/Users/rutmehta/.cache/tessera-target/M2-09b/release/deps/ca-d412cc9f1652e946)

running 1 test
test estimate_channel_radial_alignment ... ok

test result: ok. 1 passed; 0 failed; 0 ignored; 0 measured; 0 filtered out; finished in 0.02s

     Running tests/calibration.rs (/Users/rutmehta/.cache/tessera-target/M2-09b/release/deps/calibration-18b3a35e43ad0d99)

running 1 test
test recover_radial_straightness ... ok

test result: ok. 1 passed; 0 failed; 0 ignored; 0 measured; 0 filtered out; finished in 0.00s

     Running tests/camera_matching.rs (/Users/rutmehta/.cache/tessera-target/M2-09b/release/deps/camera_matching-e726a229b0e090c6)

running 4 tests
test old_user_profile_without_camera_still_loads ... ok
test lens_only_lookup_does_not_choose_a_camera_specific_profile ... ok
test ambiguous_lens_makers_require_explicit_selection ... ok
test lcp_retains_camera_identity_separately_from_lens_maker ... ok

test result: ok. 4 passed; 0 failed; 0 ignored; 0 measured; 0 filtered out; finished in 0.00s

     Running tests/core.rs (/Users/rutmehta/.cache/tessera-target/M2-09b/release/deps/core-751599bf2c370acc)

running 1 test
test brown_round_trip ... ok

test result: ok. 1 passed; 0 failed; 0 ignored; 0 measured; 0 filtered out; finished in 0.00s

     Running tests/data_pack.rs (/Users/rutmehta/.cache/tessera-target/M2-09b/release/deps/data_pack-07ea0e113516edb6)

running 11 tests
test downloads_pinned_upstream_pack ... ignored, explicit upstream network smoke test; ordinary tests are synthetic and offline
test builtin_manifest_pins_verified_upstream_and_attribution ... ok
test rejects_invalid_manifest_before_io ... ok
test accepts_git_archive_global_comment_header ... ok
test integrity_is_checked_before_publish_and_on_every_cache_hit ... ok
test unsupported_lenses_are_reported_without_losing_supported_neighbors ... ok
test bounds_xml_depth_and_calibration_expansion ... ok
test resolves_into_app_lens_cache_and_reuses_offline ... ok
test validates_archive_before_atomic_publish ... ok
test rejects_unsafe_archive_paths_and_links ... ok
test bounds_compressed_and_expanded_input ... ok

test result: ok. 10 passed; 0 failed; 1 ignored; 0 measured; 0 filtered out; finished in 0.05s

     Running tests/degenerate.rs (/Users/rutmehta/.cache/tessera-target/M2-09b/release/deps/degenerate-3e435b2c307664d4)

running 2 tests
test full_requires_two_valid_vanishing_families ... ok
test malformed_and_nonfinite_are_rejected ... ok

test result: ok. 2 passed; 0 failed; 0 ignored; 0 measured; 0 filtered out; finished in 0.00s

     Running tests/end_to_end.rs (/Users/rutmehta/.cache/tessera-target/M2-09b/release/deps/end_to_end-39b831453852a085)

running 1 test
test image_edges_recover_barrel_distortion ... ok

test result: ok. 1 passed; 0 failed; 0 ignored; 0 measured; 0 filtered out; finished in 0.02s

     Running tests/image_lines.rs (/Users/rutmehta/.cache/tessera-target/M2-09b/release/deps/image_lines-e59d3e9bddd3f927)

running 1 test
test detect_edges_not_flat_field ... ok

test result: ok. 1 passed; 0 failed; 0 ignored; 0 measured; 0 filtered out; finished in 0.00s

     Running tests/lcp.rs (/Users/rutmehta/.cache/tessera-target/M2-09b/release/deps/lcp-24ec865d8e28e156)

running 1 test
test lcp_nested_samples_and_ca ... ok

test result: ok. 1 passed; 0 failed; 0 ignored; 0 measured; 0 filtered out; finished in 0.00s

     Running tests/lcp_li.rs (/Users/rutmehta/.cache/tessera-target/M2-09b/release/deps/lcp_li-70ad1d344368e31f)

running 1 test
test lcp_rdf_li_property_elements ... ok

test result: ok. 1 passed; 0 failed; 0 ignored; 0 measured; 0 filtered out; finished in 0.00s

     Running tests/lensfun_models.rs (/Users/rutmehta/.cache/tessera-target/M2-09b/release/deps/lensfun_models-2ed297e71663df4f)

running 2 tests
test lensfun_ptlens_ca_vignette_samples ... ok
test independent_calibration_grids_preserve_measured_focal_lengths ... ok

test result: ok. 2 passed; 0 failed; 0 ignored; 0 measured; 0 filtered out; finished in 0.00s

     Running tests/normalization.rs (/Users/rutmehta/.cache/tessera-target/M2-09b/release/deps/normalization-b7886e9ccec9f898)

running 1 test
test lcp_focal_coordinate_units ... ok

test result: ok. 1 passed; 0 failed; 0 ignored; 0 measured; 0 filtered out; finished in 0.00s

     Running tests/profiles.rs (/Users/rutmehta/.cache/tessera-target/M2-09b/release/deps/profiles-f247f72d02d86dc4)

running 1 test
test lensfun_load_sample_match_save ... ok

test result: ok. 1 passed; 0 failed; 0 ignored; 0 measured; 0 filtered out; finished in 0.00s

     Running tests/sampling.rs (/Users/rutmehta/.cache/tessera-target/M2-09b/release/deps/sampling-37daed019e2b9708)

running 1 test
test sample_clamps_outside_domain_and_rejects_bad_data ... ok

test result: ok. 1 passed; 0 failed; 0 ignored; 0 measured; 0 filtered out; finished in 0.00s

     Running tests/upright.rs (/Users/rutmehta/.cache/tessera-target/M2-09b/release/deps/upright-4cf961339ad22739)

running 1 test
test robust_full_upright_and_guides ... ok

test result: ok. 1 passed; 0 failed; 0 ignored; 0 measured; 0 filtered out; finished in 0.00s

     Running tests/vignette.rs (/Users/rutmehta/.cache/tessera-target/M2-09b/release/deps/vignette-1417c0371cd92920)

running 1 test
test fit_smooth_radial_illumination ... ok

test result: ok. 1 passed; 0 failed; 0 ignored; 0 measured; 0 filtered out; finished in 0.00s

     Running unittests src/lib.rs (/Users/rutmehta/.cache/tessera-target/M2-09b/release/deps/pipeline_cpu-b23ade1d67ea3fb4)

running 50 tests
test color_detail::tests::active_detail_requires_real_halo_without_partial_write ... ok
test color_detail::tests::eight_hsl_bands_change_their_centers_smoothly ... ok
test color_detail::tests::grading_wheels_balance_and_blending_are_effective ... ok
test color_detail::tests::chroma_nr_smooths_opponents_preserving_linear_luminance ... ok
test color_detail::tests::detail_subsettings_are_independent_and_halo_is_bounded ... ok
test color_detail::tests::hsl_windows_partition_and_wrap_and_lightness_is_independent ... ok
test color_detail::tests::defaults_apply_sharpening_and_keep_halos ... ok
test color_detail::tests::invalid_inputs_and_unsupported_controls_are_rejected_atomically ... ok
test color_detail::tests::luminance_nr_reduces_noise_with_sharpening_disabled ... ok
test color_detail::tests::saturation_minus_100_removes_chroma ... ok
test color_detail::tests::detail_is_partition_invariant_and_keeps_input_halo ... ok
test color_detail::tests::signed_hdr_roundtrip_and_neutral_bit_patterns ... ok
test color_detail::tests::vibrance_boosts_muted_colors_and_protects_skin ... ok
test display::hdr_tests::headroom_extends_highlights_and_keeps_mid_grey ... ok
test display::hdr_tests::unit_headroom_is_the_sdr_curve_without_encoding ... ok
test embedded_lens::tests::gain_map_bilinear_origin_pitch_and_area ... ok
test embedded_lens::tests::file_order_warp_then_vignette_is_not_reversed ... ok
test embedded_lens::tests::invalid_stage_plane_range_fails_closed ... ok
test color_detail::tests::sharpening_controls_boost_and_mask_texture ... ok
test embedded_lens::tests::list1_warp_preserves_all_bayer_phases_and_xtrans_phases ... ok
test geometry_effects::tests::effects_default_is_exact_and_shares_storage ... ok
test geometry_effects::tests::effects_errors_are_atomic_and_extremes_finite ... ok
test geometry_effects::tests::geometry_identity_and_integer_crop ... ok
test geometry_effects::tests::geometry_and_lab_extreme_samples_stay_finite ... ok
test geometry_effects::tests::lanczos_uses_scalar_f32_rounding ... ok
test geometry_effects::tests::rotation_constant_center_and_black_corners ... ok
test geometry_effects::tests::straighten_fractional_crop_and_validation ... ok
test optics::tests::defringe_hue_ranges_wrap_and_full_circle ... ok
test optics::tests::independent_defringe_is_in_lateral_pass ... ok
test geometry_effects::tests::effects_global_coordinates_match_halos_and_levels ... ok
test tone_extra::tests::airlight_rejects_isolated_hdr_outlier ... ok
test tone_extra::tests::channel_and_luminance_curves_have_distinct_semantics ... ok
test tone_extra::tests::clarity_changes_midscale_but_preserves_constant_rgb ... ok
test tone_extra::tests::dehaze_removes_or_adds_haze_and_protects_white_scene ... ok
test tone_extra::tests::finite_extremes_and_subnormal_knots_stay_bounded ... ok
test tone_extra::tests::invalid_parameters_reject_before_mutation ... ok
test tone_extra::tests::log_axis_is_scalar_single_precision ... ok
test tone_extra::tests::luminance_curve_can_lift_absolute_black ... ok
test tone_extra::tests::master_curve_lifts_and_preserves_hdr ... ok
test tone_extra::tests::negative_presence_reduces_contrast_and_extremes_remain_finite ... ok
test tone_extra::tests::neutral_is_bit_exact_and_keeps_shared_storage ... ok
test tone_extra::tests::parametric_regions_lift_on_log_axis_and_are_monotone ... ok
test geometry_effects::composed_map_tests::one_lookup_per_channel_combines_crop_transform_and_lens ... ok
test tone_extra::tests::spline_is_monotone_including_flat_and_steep_segments ... ok
test tone_extra::tests::texture_changes_fine_contrast_without_step_ringing ... ok
test tone_extra::tests::whole_image_uses_global_statistics_beyond_tile_extent ... ok
test geometry_effects::tests::vignette_styles_controls_and_grain_are_active ... ok
test tone_extra::tests::presence_halo_matches_overlapping_reference ... ok
test render::tests::parallel_detail_is_bit_exact_across_tiles_and_edges ... ok
test lens_resolve::tests::sparse_sensor_analysis_matches_whole_frame ... ok

test result: ok. 50 passed; 0 failed; 0 ignored; 0 measured; 0 filtered out; finished in 0.86s

     Running tests/denoise.rs (/Users/rutmehta/.cache/tessera-target/M2-09b/release/deps/denoise-e39b209f71ad758f)

running 4 tests
test neural_zero_is_supported_without_a_runtime ... ok
test unsupported_settings_fail_even_at_zero ... ok
test colour_residual_preserves_hdr_and_out_of_gamut ... ok
test off_and_zero_skip_colour_transform_and_runtime_exactly ... ok

test result: ok. 4 passed; 0 failed; 0 ignored; 0 measured; 0 filtered out; finished in 0.00s

     Running tests/depth_render.rs (/Users/rutmehta/.cache/tessera-target/M2-09b/release/deps/depth_render-1e069cc247ca200b)

running 1 test
test supplied_depth_reaches_local_depth_masks ... ok

test result: ok. 1 passed; 0 failed; 0 ignored; 0 measured; 0 filtered out; finished in 0.00s

     Running tests/detail_defaults.rs (/Users/rutmehta/.cache/tessera-target/M2-09b/release/deps/detail_defaults-0e52ce3a75f6700d)

running 1 test
test default_detail_is_active_continuous_and_applied_once ... ok

test result: ok. 1 passed; 0 failed; 0 ignored; 0 measured; 0 filtered out; finished in 0.00s

     Running tests/display_float.rs (/Users/rutmehta/.cache/tessera-target/M2-09b/release/deps/display_float-95d3c5e858e14ad3)

running 1 test
test float_display_preserves_sub_byte_detail_and_matches_legacy_quantization ... ok

test result: ok. 1 passed; 0 failed; 0 ignored; 0 measured; 0 filtered out; finished in 0.00s

     Running tests/golden.rs (/Users/rutmehta/.cache/tessera-target/M2-09b/release/deps/golden-9439f27a5047ed55)

running 1 test
test raw_fixture_goldens ... ok

test result: ok. 1 passed; 0 failed; 0 ignored; 0 measured; 0 filtered out; finished in 11.31s

     Running tests/invariants.rs (/Users/rutmehta/.cache/tessera-target/M2-09b/release/deps/invariants-a9e7ce0e654f626f)

running 6 tests
test positive_tint_moves_output_toward_magenta ... ok
test bayer_mhc_all_kernel_taps_match_paper ... ok
test neutral_tone_is_bit_exact_and_copy_on_write ... ok
test xtrans_mean_uses_global_phase_across_tile_boundaries ... ok
test unsupported_algorithms_are_not_silently_accepted ... ok
test tone_extremes_remain_finite_and_monotone ... ok

test result: ok. 6 passed; 0 failed; 0 ignored; 0 measured; 0 filtered out; finished in 0.01s

     Running tests/lens_blur.rs (/Users/rutmehta/.cache/tessera-target/M2-09b/release/deps/lens_blur-6b77ac77a179bfa0)

running 9 tests
test invalid_inputs_are_rejected_even_when_off ... ok
test nearer_layers_composite_over_farther_layers ... ok
test disabled_blur_preserves_signed_zero_and_hdr_bits ... ok
test boost_increases_only_out_of_focus_highlights_and_cat_eye_is_explicitly_reserved ... ok
test inclusive_focus_boundaries_tiny_images_and_cross_tile_support ... ok
test two_planes_keep_focus_exact_and_reduce_background_contrast ... ok
test aperture_shapes_have_distinct_normalized_impulse_footprints ... ok
test normalized_layers_do_not_darken_edges_or_bleed_sharp_foreground_into_background ... ok
test depth_render_runs_blur_before_effects_geometry_and_downsample ... ok

test result: ok. 9 passed; 0 failed; 0 ignored; 0 measured; 0 filtered out; finished in 0.04s

     Running tests/lens_embedded.rs (/Users/rutmehta/.cache/tessera-target/M2-09b/release/deps/lens_embedded-70cffa5035e35c2a)

running 10 tests
test all_stages_are_accepted_but_malformed_embedded_errors ... ok
test unknown_required_opcode_is_not_silently_ignored ... ok
test auto_database_matching_and_manual_fallback ... ok
test database_resolves_third_party_lens_for_the_actual_camera ... ok
test required_bad_pixel_operations_are_deliberately_ignored ... ok
test embedded_has_priority_and_applies_gain ... ok
test three_plane_embedded_warp_does_not_average_ca ... ok
test staged_gain_maps_apply_once_with_embedded_priority ... ok
test gain_map_stage_changes_channel_mixing_and_cfa_phase ... ok
test resolved_embedded_keeps_manual_ca ... ok

test result: ok. 10 passed; 0 failed; 0 ignored; 0 measured; 0 filtered out; finished in 0.00s

     Running tests/lens_fixtures.rs (/Users/rutmehta/.cache/tessera-target/M2-09b/release/deps/lens_fixtures-38214eec2acc43f4)

running 1 test
test five_actual_raws_auto_lens_and_upright_are_finite ... ignored, full-resolution five-camera acceptance: cargo test --release -p pipeline-cpu --test lens_fixtures -- --ignored --nocapture

test result: ok. 0 passed; 0 failed; 1 ignored; 0 measured; 0 filtered out; finished in 0.00s

     Running tests/lens_m2.rs (/Users/rutmehta/.cache/tessera-target/M2-09b/release/deps/lens_m2-7d9323a9a97e311a)

running 4 tests
test defringe_hue_band_changes_edge_but_not_flat_colour ... ok
test geometry_combines_manual_lens_and_transform ... ok
test manual_vignette_runs_before_tone_and_off_is_exact ... ok
test guided_upright_and_manual_transform_compose ... ok

test result: ok. 4 passed; 0 failed; 0 ignored; 0 measured; 0 filtered out; finished in 0.01s

     Running tests/lens_profiles.rs (/Users/rutmehta/.cache/tessera-target/M2-09b/release/deps/lens_profiles-9f39b6ab2d74a803)

running 5 tests
test supplied_profile_beats_image_and_none_bypasses_it ... ok
test profile_render_applies_vignette_and_channel_maps ... ok
test zero_profile_strengths_are_bit_exact_to_off ... ok
test auto_calibration_recovers_synthetic_radial_falloff ... ok
test postdemosaic_auto_ca_reduces_channel_edge_error ... ok

test result: ok. 5 passed; 0 failed; 0 ignored; 0 measured; 0 filtered out; finished in 0.04s

     Running tests/lens_stages.rs (/Users/rutmehta/.cache/tessera-target/M2-09b/release/deps/lens_stages-2b744f24f9f07b9f)

running 2 tests
test list2_aligns_camera_planes_before_matrix_and_nonlinear_tone ... ok
test exact_profile_ca_precedes_bayer_demosaic_and_channel_mixing ... ok

test result: ok. 2 passed; 0 failed; 0 ignored; 0 measured; 0 filtered out; finished in 0.00s

     Running tests/locals.rs (/Users/rutmehta/.cache/tessera-target/M2-09b/release/deps/locals-48e03272f8082719)

running 2 tests
test local_exposure_only_doubles_selected_linear_pixels ... ok
test every_local_slider_changes_a_textured_colour_image ... ok

test result: ok. 2 passed; 0 failed; 0 ignored; 0 measured; 0 filtered out; finished in 0.00s

     Running tests/locals_invariants.rs (/Users/rutmehta/.cache/tessera-target/M2-09b/release/deps/locals_invariants-e5c0942ebe027ae3)

running 4 tests
test invalid_controls_and_blend_layouts_reject ... ok
test moire_is_a_documented_neutral_placeholder ... ok
test amount_scales_ev_not_alpha_and_disabled_groups_are_identity ... ok
test signed_hue_is_scaled_before_wrapping ... ok

test result: ok. 4 passed; 0 failed; 0 ignored; 0 measured; 0 filtered out; finished in 0.00s

     Running tests/m2.rs (/Users/rutmehta/.cache/tessera-target/M2-09b/release/deps/m2-4c9745033c7decb5)

running 1 test
test m2_render_controls_and_crop_are_wired ... ok

test result: ok. 1 passed; 0 failed; 0 ignored; 0 measured; 0 filtered out; finished in 0.01s

     Running tests/manual_ca.rs (/Users/rutmehta/.cache/tessera-target/M2-09b/release/deps/manual_ca-262d569d8581a67c)

running 3 tests
test manual_ca_maps_crs_keys_independently ... ok
test nonfinite_manual_ca_rejected ... ok
test independent_manual_ca_works_without_auto_ca_or_profile ... ok

test result: ok. 3 passed; 0 failed; 0 ignored; 0 measured; 0 filtered out; finished in 0.00s

     Running tests/masks.rs (/Users/rutmehta/.cache/tessera-target/M2-09b/release/deps/masks-e8da694de9aadba7)

running 17 tests
test color_range_oklab_distance_and_smoothness ... ok
test brush_interpolates_path_in_pixel_metric ... ok
test brush_stamps_accumulate_pressure_and_erase ... ok
test brush_zero_pressure_flow_and_erase_paths ... ok
test composition_and_inversion ... ok
test depth_feather_and_hdr_luminance_are_not_clipped ... ok
test diagonal_gradient_clamps_and_is_level_relative ... ok
test empty_group_never_selects_even_if_inverted ... ok
test guided_refinement_smooths_flat_guide_but_preserves_edges ... ok
test guided_two_dimensional_flat_reference_and_large_radius ... ok
test linear_centres_and_empty ... ok
test luminance_and_depth_ranges ... ok
test radial_feather_and_rotation ... ok
test rejects_invalid_options_and_geometry ... ok
test rejects_nonfinite_rgb_inserted_by_tile ... ok
test rejects_unsafe_brush_and_all_unsupported_ai ... ok
test stamp_budget_is_checked_before_rasterising ... ok

test result: ok. 17 passed; 0 failed; 0 ignored; 0 measured; 0 filtered out; finished in 0.00s

     Running tests/mosaic.rs (/Users/rutmehta/.cache/tessera-target/M2-09b/release/deps/mosaic-2692342e3537274a)

running 3 tests
test both_algorithms_preserve_flat_colours_all_bayer_phases ... ok
test mhc_impulse_has_paper_gradient_coefficients ... ok
test clipping_and_channel_propagation_are_distinct ... ok

test result: ok. 3 passed; 0 failed; 0 ignored; 0 measured; 0 filtered out; finished in 0.00s

     Running tests/opcode_fixtures.rs (/Users/rutmehta/.cache/tessera-target/M2-09b/release/deps/opcode_fixtures-b074a57606139e2a)

running 1 test
test real_opcode_fixtures_when_available ... ok

test result: ok. 1 passed; 0 failed; 0 ignored; 0 measured; 0 filtered out; finished in 0.01s

     Running tests/operators.rs (/Users/rutmehta/.cache/tessera-target/M2-09b/release/deps/operators-f4c6d772fd579b2b)

running 2 tests
test exposure_doubles_linear_before_display ... ok
test profile_then_cat16_neutralises_grey ... ok

test result: ok. 2 passed; 0 failed; 0 ignored; 0 measured; 0 filtered out; finished in 0.00s

     Running tests/output.rs (/Users/rutmehta/.cache/tessera-target/M2-09b/release/deps/output-4181291d07d027cb)

running 3 tests
test output_gamut_mapping_bounds_saturated_pixels_and_keeps_warnings ... ok
test managed_render_uses_selected_target_without_srgb_intermediate ... ok
test proof_handle_is_checked_and_shared_proof_transform_is_used ... ok

test result: ok. 3 passed; 0 failed; 0 ignored; 0 measured; 0 filtered out; finished in 0.01s

     Running tests/render.rs (/Users/rutmehta/.cache/tessera-target/M2-09b/release/deps/render-0a32e93fe73ea55d)

running 2 tests
test rgb_render_handles_edge_tiles_and_is_deterministic ... ok
test sigmoid_is_black_anchored_monotone_and_pivoted ... ok

test result: ok. 2 passed; 0 failed; 0 ignored; 0 measured; 0 filtered out; finished in 0.01s

     Running tests/white_balance_v2.rs (/Users/rutmehta/.cache/tessera-target/M2-09b/release/deps/white_balance_v2-1ae07d85804b400d)

running 3 tests
test tint_is_perpendicular_duv_with_full_slider_range ... ok
test camera_calibration_preserves_known_illuminant_chromaticity ... ok
test fixture_as_shot_roundtrip_and_slider_directions ... ok

test result: ok. 3 passed; 0 failed; 0 ignored; 0 measured; 0 filtered out; finished in 0.67s

     Running unittests src/lib.rs (/Users/rutmehta/.cache/tessera-target/M2-09b/release/deps/pipeline_gpu-161dc013090bf66d)

running 15 tests
test fused::tests::constants_cache_reuses_equal_keys_and_invalidates_edits ... ok
test resident::tests::single_pass_preserves_dispatch_and_clear_order ... ignored, requires Metal; checks >4096 dispatches and ordered clear in one pass
test tone_local::tests::shared_means_benchmark ... ignored, manual wall-clock benchmark; includes allocation, upload and readback
test fused::tests::grading_directions_are_prepared_once_per_parameter_set ... ok
test resident::tests::lru_packed_alignment_replacement_and_oversize ... ok
test tone_local_compute_tests::local_means_use_cooperative_workgroup_storage ... ok
test resident::tests::resample_dispatch_covers_only_intersecting_blocks ... ok
test tone_local::tests::in_place_percentiles_match_sort_for_repeated_selections ... ok
test resident::tests::resident_shaders_validate_without_a_device ... ok
test tone_local::tests::dependent_dispatches_wait_for_one_readback_pass ... ok
test tone_local_compute_tests::local_pipelines_are_reused_and_device_scoped ... ok
test tone_local_compute_tests::isolated_local_tone_preserves_contracts ... ok
test tone_local::tests::presence_reuses_moments_and_skips_inactive_scale ... ok
test tone_local::tests::shared_means_match_ordered_global_reference ... ok
test tone_local_compute_tests::isolated_local_tone_matches_cpu ... ok

test result: ok. 13 passed; 0 failed; 2 ignored; 0 measured; 0 filtered out; finished in 0.10s

     Running tests/detail_compute.rs (/Users/rutmehta/.cache/tessera-target/M2-09b/release/deps/detail_compute-e8fc34424d845f06)

running 6 tests
test isolated_validation_matches_cpu_before_any_write ... ok
test isolated_neutral_signed_zero_bits_and_explicit_disable ... ok
test detail_public_route_submits_compute ... ok
test isolated_partition_invariance_with_real_neighbors ... ok
test isolated_signed_hdr_smooth_noise_and_control_endpoints ... ok
test isolated_detail_matches_reference_and_preserves_halo ... ok

test result: ok. 6 passed; 0 failed; 0 ignored; 0 measured; 0 filtered out; finished in 0.06s

     Running tests/edges.rs (/Users/rutmehta/.cache/tessera-target/M2-09b/release/deps/edges-ac84e98122215574)

running 3 tests
test invalid_layout_parameters_and_chain_fail_without_submission ... ok
test empty_and_cancelled_batches_do_not_submit ... ok
test black_clipped_and_exposure_extremes ... ok

test result: ok. 3 passed; 0 failed; 0 ignored; 0 measured; 0 filtered out; finished in 0.07s

     Running tests/effects_compute.rs (/Users/rutmehta/.cache/tessera-target/M2-09b/release/deps/effects_compute-ffd5cdd0328d5161)

running 6 tests
test isolated_validation_matches_cpu ... ok
test isolated_hash_exact_u64_pairs ... ok
test isolated_seams_are_bit_exact ... ok
test public_effects_executes_compute ... ok
test isolated_extremes_finite_and_clamped_controls ... ok
test isolated_styles_signed_hdr_crop_halos_levels_and_neutral ... ok

test result: ok. 6 passed; 0 failed; 0 ignored; 0 measured; 0 filtered out; finished in 0.20s

     Running tests/export_float.rs (/Users/rutmehta/.cache/tessera-target/M2-09b/release/deps/export_float-8ce7df069f966a50)

running 2 tests
test resident_export_is_float_and_reads_once ... ok
test export_retires_uploads_without_intermediate_readback ... ok

test result: ok. 2 passed; 0 failed; 0 ignored; 0 measured; 0 filtered out; finished in 0.34s

     Running tests/fixtures.rs (/Users/rutmehta/.cache/tessera-target/M2-09b/release/deps/fixtures-fccb4e78534828b7)

running 6 tests
test bench_full_level2_m2_chain_gpu_vs_cpu ... ignored
test bench_full_level2_tone_only_gpu_vs_cpu ... ignored
test color_difference::tests::negatives_are_clamped_in_xyz_not_rgb ... ok
test color_difference::tests::raw_linear_neutrals_and_identity ... ok
test color_difference::tests::sharma_reference_vectors_in_both_directions ... ok
test fixture_level3_tolerance_per_operator_and_output ... ok

test result: ok. 4 passed; 0 failed; 2 ignored; 0 measured; 0 filtered out; finished in 2.50s

     Running tests/fusion_compute.rs (/Users/rutmehta/.cache/tessera-target/M2-09b/release/deps/fusion_compute-2553f792bf1a9961)

running 3 tests
test fusion_validation_and_cancellation_do_not_submit ... ok
test tone_curves_color_effects_share_one_transfer ... ok
test fused_output_levels_crop_styles_display_and_edits_match_cpu ... ok

test result: ok. 3 passed; 0 failed; 0 ignored; 0 measured; 0 filtered out; finished in 0.05s

     Running tests/geometry_compute.rs (/Users/rutmehta/.cache/tessera-target/M2-09b/release/deps/geometry_compute-605a659906adc1f3)

running 4 tests
test isolated_geometry_identity_validation_and_extremes ... ok
test active_geometry_submits_once_and_matches_reference ... ok
test extended_geometry_falls_back_without_gpu_transfers ... ok
test isolated_geometry_matches_cpu ... ok

test result: ok. 4 passed; 0 failed; 0 ignored; 0 measured; 0 filtered out; finished in 0.07s

     Running tests/hdr_surface.rs (/Users/rutmehta/.cache/tessera-target/M2-09b/release/deps/hdr_surface-91707d37264f5987)

running 4 tests
test surface_format_must_match_output ... ok
test edr_surface_keeps_values_above_sdr_white_without_pixel_readback ... ok
test edr_tiles_match_cpu_reference_and_unit_headroom_is_sdr_linear ... ok
test sdr_output_is_bit_identical_to_pre_edr_fingerprints ... ok

test result: ok. 4 passed; 0 failed; 0 ignored; 0 measured; 0 filtered out; finished in 0.10s

     Running tests/interactive_performance.rs (/Users/rutmehta/.cache/tessera-target/M2-09b/release/deps/interactive_performance-7dff2fd0ec409221)

running 1 test
test bench_interactive_per_operator ... ignored, requires real RAW fixtures and Metal; prints interactive frame times

test result: ok. 0 passed; 0 failed; 1 ignored; 0 measured; 0 filtered out; finished in 0.00s

     Running tests/lateral_ca_batch.rs (/Users/rutmehta/.cache/tessera-target/M2-09b/release/deps/lateral_ca_batch-f1cb9e76e289f603)

running 5 tests
test host_ca_declines_all_staged_opcodes_before_gpu_work ... ok
test host_batch_rejects_missing_dependencies_and_cancelled_work ... ok
test host_demosaic_ca_batches_sensor_neighbours_with_one_readback ... ok
test managed_exports_decline_staged_opcodes_even_with_a_supplied_plan ... ok
test resident_bands_keep_ca_in_sensor_frame_before_crop_and_readback ... ok

test result: ok. 5 passed; 0 failed; 0 ignored; 0 measured; 0 filtered out; finished in 0.17s

     Running tests/level_mode.rs (/Users/rutmehta/.cache/tessera-target/M2-09b/release/deps/level_mode-f15f93cd5a093112)

running 4 tests
test warm_point_edits_are_one_fused_level_pass ... ok
test level_zero_detail_edits_do_not_redecode ... ok
test whole_level_matches_per_tile_resident_path_bitwise ... ok
test whole_level_detail_and_effects_match_cpu ... ok

test result: ok. 4 passed; 0 failed; 0 ignored; 0 measured; 0 filtered out; finished in 0.99s

     Running tests/local_tone_resident.rs (/Users/rutmehta/.cache/tessera-target/M2-09b/release/deps/local_tone_resident-64de5e49a2af9c7a)

running 7 tests
test bench_level_barrier ... ignored
test default_previews_are_exact ... ok
test dehaze_statistics_are_reused_only_for_the_same_input ... ok
test preview_approximation_is_bounded_on_synthetic_scenes ... ok
test exact_resident_local_tone_matches_cpu_per_operator ... ok
test preview_approximation_is_bounded_on_real_fixtures ... ok
test level_zero_resident_presence_matches_cpu_renderer ... ok

test result: ok. 6 passed; 0 failed; 1 ignored; 0 measured; 0 filtered out; finished in 2.56s

     Running tests/locals_compute.rs (/Users/rutmehta/.cache/tessera-target/M2-09b/release/deps/locals_compute-cc18646c017ff2b7)

running 3 tests
test local_blend_computes_on_gpu_with_linear_tolerance ... ok
test local_recipe_falls_back_from_resident_surface_and_matches_cpu ... ok
test oversized_local_blend_uses_cpu_instead_of_invalid_dispatch ... ok

test result: ok. 3 passed; 0 failed; 0 ignored; 0 measured; 0 filtered out; finished in 0.05s

     Running tests/m2.rs (/Users/rutmehta/.cache/tessera-target/M2-09b/release/deps/m2-bd352050b1223252)

running 3 tests
test curves_execute_on_gpu_for_tiles_and_images ... ok
test color_black_and_signed_neutrals_stay_finite ... ok
test color_controls_use_compute_and_match_reference ... ok

test result: ok. 3 passed; 0 failed; 0 ignored; 0 measured; 0 filtered out; finished in 0.04s

     Running tests/m2_fallback.rs (/Users/rutmehta/.cache/tessera-target/M2-09b/release/deps/m2_fallback-4be5301ac1ea4612)

running 2 tests
test curve_color_validation_and_neutral_bits ... ok
test m2_tiles_and_image_barriers_match_cpu ... ok

test result: ok. 2 passed; 0 failed; 0 ignored; 0 measured; 0 filtered out; finished in 0.05s

     Running tests/managed_output.rs (/Users/rutmehta/.cache/tessera-target/M2-09b/release/deps/managed_output-545c7ab4b13cd93e)

running 3 tests
test typed_lut_rejects_inconsistent_dimensions ... ok
test icc_lut_matches_cpu_sampling_and_direct_transform ... ok
test renderer_managed_output_bypasses_legacy_display_and_reuses_scene_cache ... ok

test result: ok. 3 passed; 0 failed; 0 ignored; 0 measured; 0 filtered out; finished in 0.09s

     Running tests/managed_policy.rs (/Users/rutmehta/.cache/tessera-target/M2-09b/release/deps/managed_policy-bf4e47202ca6ad0b)

running 2 tests
test managed_output_rejects_oversized_layout_without_panicking ... ok
test managed_gpu_matches_cpu_tone_gamut_and_proof_policy ... ok

test result: ok. 2 passed; 0 failed; 0 ignored; 0 measured; 0 filtered out; finished in 0.41s

     Running tests/managed_printer.rs (/Users/rutmehta/.cache/tessera-target/M2-09b/release/deps/managed_printer-acbc73758c8910c8)

running 1 test
test synthetic_printer_gpu_warns_and_simulates_paper_against_cpu ... ok

test result: ok. 1 passed; 0 failed; 0 ignored; 0 measured; 0 filtered out; finished in 0.09s

     Running tests/managed_resident.rs (/Users/rutmehta/.cache/tessera-target/M2-09b/release/deps/managed_resident-faf0aa8a1a17e25f)

running 1 test
test resident_managed_display_matches_cpu_across_proof_and_gamut_modes ... ok

test result: ok. 1 passed; 0 failed; 0 ignored; 0 measured; 0 filtered out; finished in 0.16s

     Running tests/managed_surface.rs (/Users/rutmehta/.cache/tessera-target/M2-09b/release/deps/managed_surface-238a46a5eabf57f4)

running 1 test
test proof_surface_matches_tile_output_without_pixel_readback ... ok

test result: ok. 1 passed; 0 failed; 0 ignored; 0 measured; 0 filtered out; finished in 0.07s

     Running tests/operator_performance.rs (/Users/rutmehta/.cache/tessera-target/M2-09b/release/deps/operator_performance-f8d495e6ee321e00)

running 1 test
test bench_nef_per_operator_l2_l0 ... ignored, requires a real NEF, Metal, and potentially several minutes at full L0

test result: ok. 0 passed; 0 failed; 1 ignored; 0 measured; 0 filtered out; finished in 0.00s

     Running tests/operators.rs (/Users/rutmehta/.cache/tessera-target/M2-09b/release/deps/operators-e6a357a111bc0988)

running 5 tests
test matrix_matches_cpu_and_is_deterministic ... ok
test batch_chain_matches_cpu ... ok
test cat16_white_balance ... ok
test tone_and_display ... ok
test bayer_operators_all_phases ... ok

test result: ok. 5 passed; 0 failed; 0 ignored; 0 measured; 0 filtered out; finished in 0.15s

     Running tests/output_lut.rs (/Users/rutmehta/.cache/tessera-target/M2-09b/release/deps/output_lut-e74b8c1b828b3b12)

running 4 tests
test rejects_wrong_size_or_nonfinite_lut_nodes ... ok
test rejects_non_rgb_and_nonfinite_input ... ok
test resident_buffers_chain_without_host_pixel_roundtrip ... ok
test gpu_output_lut_matches_cpu_trilinear_with_halos_and_clamping ... ok

test result: ok. 4 passed; 0 failed; 0 ignored; 0 measured; 0 filtered out; finished in 0.03s

     Running tests/renderer.rs (/Users/rutmehta/.cache/tessera-target/M2-09b/release/deps/renderer-f5eb5966120ff052)

running 1 test
test synthetic_renderer_and_tone_chain_transfers ... ok

test result: ok. 1 passed; 0 failed; 0 ignored; 0 measured; 0 filtered out; finished in 0.75s

     Running tests/resident.rs (/Users/rutmehta/.cache/tessera-target/M2-09b/release/deps/resident-be82334a136b1f72)

running 7 tests
test bench_nef_level2_resident ... ignored, requires Metal and the Nikon NEF fixture; prints measurements, not a target guarantee
test cancelled_batch_publishes_nothing_and_does_not_submit_compute ... ok
test raw_source_cache_preserves_sensor_precision_and_accounts_f32_bytes ... ok
test resident_cache_budget_is_bounded ... ok
test fused_tone_display_matches_separate_dispatches ... ok
test partial_preview_gathers_unrequested_detail_neighbours_without_cache ... ok
test resident_graph_one_submission_and_warm_edits_without_uploads ... ok

test result: ok. 6 passed; 0 failed; 1 ignored; 0 measured; 0 filtered out; finished in 0.52s

     Running tests/resident_fusion.rs (/Users/rutmehta/.cache/tessera-target/M2-09b/release/deps/resident_fusion-12644b9999c42ed0)

running 5 tests
test resident_capability_matches_extended_settings_and_backend ... ok
test geometry_and_locals_keep_surface_fallback ... ok
test resident_point_chain_is_one_dispatch_and_matches_cpu ... ok
test bayer_renderer_fuses_edits_and_reuses_resident_cache ... ok
test xtrans_renderer_fuses_edits_and_reuses_resident_cache ... ok

test result: ok. 5 passed; 0 failed; 0 ignored; 0 measured; 0 filtered out; finished in 0.07s

     Running tests/resident_large.rs (/Users/rutmehta/.cache/tessera-target/M2-09b/release/deps/resident_large-c0717f5f15a3ebd4)

running 1 test
test full_nef_transaction_keeps_device_alive ... ignored, requires the full Nikon NEF fixture and Metal

test result: ok. 0 passed; 0 failed; 1 ignored; 0 measured; 0 filtered out; finished in 0.00s

     Running tests/resident_xtrans.rs (/Users/rutmehta/.cache/tessera-target/M2-09b/release/deps/resident_xtrans-d18f13abb543a481)

running 4 tests
test resident_xtrans_rejects_invalid_cfa_and_layout_before_dispatch ... ok
test resident_xtrans_highlights_match_cpu_without_intermediate_readback ... ok
test resident_xtrans_matches_cpu_at_all_tile_phases_and_preserves_known_samples ... ok
test resident_xtrans_gather_matches_cpu_at_frame_edges_and_tile_seams ... ok

test result: ok. 4 passed; 0 failed; 0 ignored; 0 measured; 0 filtered out; finished in 0.05s

     Running tests/tone_local_compute.rs (/Users/rutmehta/.cache/tessera-target/M2-09b/release/deps/tone_local_compute-7f250addb10497e6)

running 1 test
test local_tone_uses_compute_and_matches_cpu ... ok

test result: ok. 1 passed; 0 failed; 0 ignored; 0 measured; 0 filtered out; finished in 0.06s

     Running unittests src/lib.rs (/Users/rutmehta/.cache/tessera-target/M2-09b/release/deps/raw_decode-36c8cafd4447919d)

running 15 tests
test correction_opcode_tests::tests::rectilinear_preserves_planes_and_center ... ok
test correction_opcode_tests::tests::vignette_and_malformed ... ok
test fixture_tests::metadata_preserves_opcode_payloads ... ok
test correction_opcode_tests::tests::warp_three_planes_and_invalid_values ... ok
test dng::tests::traverses_subifds_without_merging_image_lists ... ok
test dng::tests::extracts_three_lists_in_both_endian_tiffs ... ok
test correction_opcode_tests::tests::gain_map_is_parsed_not_skipped ... ok
test tests::from_linear_validates_and_wraps_samples ... ok
test tests::malformed_planes_and_unsupported_layouts_are_errors ... ok
test tests::normalization_preserves_headroom_and_channel_black ... ok
test tests::xtrans_uses_full_six_by_six_pattern ... ok
test dng::tests::rejects_malformed_tiff_without_partial_results ... ok
test tests::edge_tiles_are_single_plane_zero_halo_level_zero ... ok
test fixture_tests::missing_source_returns_engine_error ... ok
test fixture_tests::fixtures_decode ... ok

test result: ok. 15 passed; 0 failed; 0 ignored; 0 measured; 0 filtered out; finished in 0.74s

   Doc-tests lens

running 0 tests

test result: ok. 0 passed; 0 failed; 0 ignored; 0 measured; 0 filtered out; finished in 0.00s

   Doc-tests pipeline_cpu

running 0 tests

test result: ok. 0 passed; 0 failed; 0 ignored; 0 measured; 0 filtered out; finished in 0.00s

   Doc-tests pipeline_gpu

running 0 tests

test result: ok. 0 passed; 0 failed; 0 ignored; 0 measured; 0 filtered out; finished in 0.00s

   Doc-tests raw_decode

running 0 tests

test result: ok. 0 passed; 0 failed; 0 ignored; 0 measured; 0 filtered out; finished in 0.00s

warning: libraw-ffi@0.1.0: vendor/LibRaw/LibRaw-0.22.2/src/write/file_write.cpp:78:3: warning: 'sprintf' is deprecated: This function is provided for compatibility reasons only.  Due to security concerns inherent in the design of sprintf(3), it is highly recommended that you use snprintf(3) instead. [-Wdeprecated-declarations]
warning: libraw-ffi@0.1.0:    78 |   sprintf(th->date, "%04d:%02d:%02d %02d:%02d:%02d", t->tm_year + 1900,
warning: libraw-ffi@0.1.0:       |   ^
warning: libraw-ffi@0.1.0: /Applications/Xcode.app/Contents/Developer/Platforms/MacOSX.platform/Developer/SDKs/MacOSX.sdk/usr/include/_stdio.h:278:1: note: 'sprintf' has been explicitly marked deprecated here
warning: libraw-ffi@0.1.0:   278 | __deprecated_msg("This function is provided for compatibility reasons only.  Due to security concerns inherent in the design of sprintf(3), it is highly recommended that you use snprintf(3) instead.")
warning: libraw-ffi@0.1.0:       | ^
warning: libraw-ffi@0.1.0: /Applications/Xcode.app/Contents/Developer/Platforms/MacOSX.platform/Developer/SDKs/MacOSX.sdk/usr/include/sys/cdefs.h:227:48: note: expanded from macro '__deprecated_msg'
warning: libraw-ffi@0.1.0:   227 |         #define __deprecated_msg(_msg) __attribute__((__deprecated__(_msg)))
warning: libraw-ffi@0.1.0:       |                                                       ^
warning: libraw-ffi@0.1.0: 1 warning generated.
warning: libraw-ffi@0.1.0: vendor/LibRaw/LibRaw-0.22.2/src/decompressors/losslessjpeg.cpp:24:9: warning: 'ZERO' macro redefined [-Wmacro-redefined]
warning: libraw-ffi@0.1.0:    24 | #define ZERO(a) do { memset(a,0,sizeof(a));} while(0)
warning: libraw-ffi@0.1.0:       |         ^
warning: libraw-ffi@0.1.0: vendor/LibRaw/LibRaw-0.22.2/src/decompressors/../../internal/libraw_cxx_defs.h:117:9: note: previous definition is here
warning: libraw-ffi@0.1.0:   117 | #define ZERO(a) memset(&a, 0, sizeof(a))
warning: libraw-ffi@0.1.0:       |         ^
warning: libraw-ffi@0.1.0: vendor/LibRaw/LibRaw-0.22.2/src/decompressors/losslessjpeg.cpp:375:17: warning: comparison of integers of different signs: 'int' and 'uint32_t' (aka 'unsigned int') [-Wsign-compare]
warning: libraw-ffi@0.1.0:   375 |           if (h >= tsize)
warning: libraw-ffi@0.1.0:       |               ~ ^  ~~~~~
warning: libraw-ffi@0.1.0: vendor/LibRaw/LibRaw-0.22.2/src/libraw_datastream.cpp:138:48: warning: unused parameter 'jpegdata' [-Wunused-parameter]
warning: libraw-ffi@0.1.0:   138 | int LibRaw_abstract_datastream::jpeg_src(void *jpegdata)
warning: libraw-ffi@0.1.0:       |                                                ^
warning: libraw-ffi@0.1.0: vendor/LibRaw/LibRaw-0.22.2/src/libraw_datastream.cpp:452:46: warning: unused parameter 'jpegdata' [-Wunused-parameter]
warning: libraw-ffi@0.1.0:   452 | int LibRaw_buffer_datastream::jpeg_src(void *jpegdata)
warning: libraw-ffi@0.1.0:       |                                              ^
warning: libraw-ffi@0.1.0: 2 warnings generated.
warning: libraw-ffi@0.1.0: 2 warnings generated.
warning: libraw-ffi@0.1.0: vendor/LibRaw/LibRaw-0.22.2/src/integration/dngsdk_glue.cpp:527:33: warning: unused parameter 'p' [-Wunused-parameter]
warning: libraw-ffi@0.1.0:   527 | void LibRaw::set_dng_host(void *p)
warning: libraw-ffi@0.1.0:       |                                 ^
warning: libraw-ffi@0.1.0: 1 warning generated.
warning: libraw-ffi@0.1.0: vendor/LibRaw/LibRaw-0.22.2/src/utils/open.cpp:476:11: warning: unused variable 'foveon_count' [-Wunused-const-variable]
warning: libraw-ffi@0.1.0:   476 | const int foveon_count = sizeof(foveon_data) / sizeof(foveon_data[0]);
warning: libraw-ffi@0.1.0:       |           ^~~~~~~~~~~~
warning: libraw-ffi@0.1.0: 1 warning generated.
warning: libraw-ffi@0.1.0: vendor/LibRaw/LibRaw-0.22.2/src/utils/thumb_utils.cpp:35:41: warning: comparison of integers of different signs: 'INT64' (aka 'long long') and 'unsigned long long' [-Wsign-compare]
warning: libraw-ffi@0.1.0:    35 |   if(INT64(T.theight) * INT64(T.twidth) > 1024ULL * 1024ULL * LIBRAW_MAX_THUMBNAIL_MB)
warning: libraw-ffi@0.1.0:       |      ~~~~~~~~~~~~~~~~~~~~~~~~~~~~~~~~~~ ^ ~~~~~~~~~~~~~~~~~~~~~~~~~~~~~~~~~~~~~~~~~~~
warning: libraw-ffi@0.1.0: vendor/LibRaw/LibRaw-0.22.2/src/utils/thumb_utils.cpp:38:42: warning: comparison of integers of different signs: 'INT64' (aka 'long long') and 'unsigned long long' [-Wsign-compare]
warning: libraw-ffi@0.1.0:    38 |   if (INT64(T.theight) * INT64(T.twidth) < 64ULL)
warning: libraw-ffi@0.1.0:       |       ~~~~~~~~~~~~~~~~~~~~~~~~~~~~~~~~~~ ^ ~~~~~
warning: libraw-ffi@0.1.0: 2 warnings generated.
warning: libraw-ffi@0.1.0: vendor/LibRaw/LibRaw-0.22.2/src/postprocessing/postprocessing_utils_dcrdefs.cpp:65:5: warning: 'sprintf' is deprecated: This function is provided for compatibility reasons only.  Due to security concerns inherent in the design of sprintf(3), it is highly recommended that you use snprintf(3) instead. [-Wdeprecated-declarations]
warning: libraw-ffi@0.1.0:    65 |     sprintf(prof_desc.data(), "%s gamma %g toe slope %g", name[output_color - 1], floor(1000. / gamm[0] + .5) / 1000.,
warning: libraw-ffi@0.1.0:       |     ^
warning: libraw-ffi@0.1.0: /Applications/Xcode.app/Contents/Developer/Platforms/MacOSX.platform/Developer/SDKs/MacOSX.sdk/usr/include/_stdio.h:278:1: note: 'sprintf' has been explicitly marked deprecated here
warning: libraw-ffi@0.1.0:   278 | __deprecated_msg("This function is provided for compatibility reasons only.  Due to security concerns inherent in the design of sprintf(3), it is highly recommended that you use snprintf(3) instead.")
warning: libraw-ffi@0.1.0:       | ^
warning: libraw-ffi@0.1.0: /Applications/Xcode.app/Contents/Developer/Platforms/MacOSX.platform/Developer/SDKs/MacOSX.sdk/usr/include/sys/cdefs.h:227:48: note: expanded from macro '__deprecated_msg'
warning: libraw-ffi@0.1.0:   227 |         #define __deprecated_msg(_msg) __attribute__((__deprecated__(_msg)))
warning: libraw-ffi@0.1.0:       |                                                       ^
warning: libraw-ffi@0.1.0: 1 warning generated.
warning: libraw-ffi@0.1.0: vendor/LibRaw/LibRaw-0.22.2/src/postprocessing/mem_image.cpp:43:24: warning: comparison of integers of different signs: 'INT64' (aka 'long long') and 'unsigned long long' [-Wsign-compare]
warning: libraw-ffi@0.1.0:    43 |   if (INT64(T.tlength) > 1024ULL * 1024ULL * LIBRAW_MAX_THUMBNAIL_MB)
warning: libraw-ffi@0.1.0:       |       ~~~~~~~~~~~~~~~~ ^ ~~~~~~~~~~~~~~~~~~~~~~~~~~~~~~~~~~~~~~~~~~~
warning: libraw-ffi@0.1.0: 1 warning generated.
warning: libraw-ffi@0.1.0: vendor/LibRaw/LibRaw-0.22.2/src/decoders/unpack_thumb.cpp:225:9: warning: comparison of integers of different signs: 'INT64' (aka 'long long') and 'unsigned long long' [-Wsign-compare]
warning: libraw-ffi@0.1.0:   225 |         THUMB_SIZE_CHECKWH(T.twidth, T.theight);
warning: libraw-ffi@0.1.0:       |         ^~~~~~~~~~~~~~~~~~~~~~~~~~~~~~~~~~~~~~~
warning: libraw-ffi@0.1.0: vendor/LibRaw/LibRaw-0.22.2/src/decoders/unpack_thumb.cpp:70:27: note: expanded from macro 'THUMB_SIZE_CHECKWH'
warning: libraw-ffi@0.1.0:    70 |     if (INT64(W)*INT64(H) > 1024ULL * 1024ULL * LIBRAW_MAX_THUMBNAIL_MB) return LIBRAW_UNSUPPORTED_THUMBNAIL; \
warning: libraw-ffi@0.1.0:       |         ~~~~~~~~~~~~~~~~~ ^ ~~~~~~~~~~~~~~~~~~~~~~~~~~~~~~~~~~~~~~~~~~~
warning: libraw-ffi@0.1.0: vendor/LibRaw/LibRaw-0.22.2/src/decoders/unpack_thumb.cpp:225:9: warning: comparison of integers of different signs: 'INT64' (aka 'long long') and 'unsigned long long' [-Wsign-compare]
warning: libraw-ffi@0.1.0:   225 |         THUMB_SIZE_CHECKWH(T.twidth, T.theight);
warning: libraw-ffi@0.1.0:       |         ^~~~~~~~~~~~~~~~~~~~~~~~~~~~~~~~~~~~~~~
warning: libraw-ffi@0.1.0: vendor/LibRaw/LibRaw-0.22.2/src/decoders/unpack_thumb.cpp:71:27: note: expanded from macro 'THUMB_SIZE_CHECKWH'
warning: libraw-ffi@0.1.0:    71 |     if (INT64(W)*INT64(H) < 64ULL)        return LIBRAW_NO_THUMBNAIL; \
warning: libraw-ffi@0.1.0:       |         ~~~~~~~~~~~~~~~~~ ^ ~~~~~
warning: libraw-ffi@0.1.0: vendor/LibRaw/LibRaw-0.22.2/src/decoders/unpack_thumb.cpp:266:9: warning: comparison of integers of different signs: 'INT64' (aka 'long long') and 'unsigned long long' [-Wsign-compare]
warning: libraw-ffi@0.1.0:   266 |         THUMB_SIZE_CHECKWH(T.twidth, T.theight);
warning: libraw-ffi@0.1.0:       |         ^~~~~~~~~~~~~~~~~~~~~~~~~~~~~~~~~~~~~~~
warning: libraw-ffi@0.1.0: vendor/LibRaw/LibRaw-0.22.2/src/decoders/unpack_thumb.cpp:70:27: note: expanded from macro 'THUMB_SIZE_CHECKWH'
warning: libraw-ffi@0.1.0:    70 |     if (INT64(W)*INT64(H) > 1024ULL * 1024ULL * LIBRAW_MAX_THUMBNAIL_MB) return LIBRAW_UNSUPPORTED_THUMBNAIL; \
warning: libraw-ffi@0.1.0:       |         ~~~~~~~~~~~~~~~~~ ^ ~~~~~~~~~~~~~~~~~~~~~~~~~~~~~~~~~~~~~~~~~~~
warning: libraw-ffi@0.1.0: vendor/LibRaw/LibRaw-0.22.2/src/decoders/unpack_thumb.cpp:266:9: warning: comparison of integers of different signs: 'INT64' (aka 'long long') and 'unsigned long long' [-Wsign-compare]
warning: libraw-ffi@0.1.0:   266 |         THUMB_SIZE_CHECKWH(T.twidth, T.theight);
warning: libraw-ffi@0.1.0:       |         ^~~~~~~~~~~~~~~~~~~~~~~~~~~~~~~~~~~~~~~
warning: libraw-ffi@0.1.0: vendor/LibRaw/LibRaw-0.22.2/src/decoders/unpack_thumb.cpp:71:27: note: expanded from macro 'THUMB_SIZE_CHECKWH'
warning: libraw-ffi@0.1.0:    71 |     if (INT64(W)*INT64(H) < 64ULL)        return LIBRAW_NO_THUMBNAIL; \
warning: libraw-ffi@0.1.0:       |         ~~~~~~~~~~~~~~~~~ ^ ~~~~~
warning: libraw-ffi@0.1.0: vendor/LibRaw/LibRaw-0.22.2/src/decoders/unpack_thumb.cpp:298:9: warning: comparison of integers of different signs: 'INT64' (aka 'long long') and 'unsigned long long' [-Wsign-compare]
warning: libraw-ffi@0.1.0:   298 |         THUMB_SIZE_CHECKWH(T.twidth, T.theight);
warning: libraw-ffi@0.1.0:       |         ^~~~~~~~~~~~~~~~~~~~~~~~~~~~~~~~~~~~~~~
warning: libraw-ffi@0.1.0: vendor/LibRaw/LibRaw-0.22.2/src/decoders/unpack_thumb.cpp:70:27: note: expanded from macro 'THUMB_SIZE_CHECKWH'
warning: libraw-ffi@0.1.0:    70 |     if (INT64(W)*INT64(H) > 1024ULL * 1024ULL * LIBRAW_MAX_THUMBNAIL_MB) return LIBRAW_UNSUPPORTED_THUMBNAIL; \
warning: libraw-ffi@0.1.0:       |         ~~~~~~~~~~~~~~~~~ ^ ~~~~~~~~~~~~~~~~~~~~~~~~~~~~~~~~~~~~~~~~~~~
warning: libraw-ffi@0.1.0: vendor/LibRaw/LibRaw-0.22.2/src/decoders/unpack_thumb.cpp:298:9: warning: comparison of integers of different signs: 'INT64' (aka 'long long') and 'unsigned long long' [-Wsign-compare]
warning: libraw-ffi@0.1.0:   298 |         THUMB_SIZE_CHECKWH(T.twidth, T.theight);
warning: libraw-ffi@0.1.0:       |         ^~~~~~~~~~~~~~~~~~~~~~~~~~~~~~~~~~~~~~~
warning: libraw-ffi@0.1.0: vendor/LibRaw/LibRaw-0.22.2/src/decoders/unpack_thumb.cpp:71:27: note: expanded from macro 'THUMB_SIZE_CHECKWH'
warning: libraw-ffi@0.1.0:    71 |     if (INT64(W)*INT64(H) < 64ULL)        return LIBRAW_NO_THUMBNAIL; \
warning: libraw-ffi@0.1.0:       |         ~~~~~~~~~~~~~~~~~ ^ ~~~~~
warning: libraw-ffi@0.1.0: vendor/LibRaw/LibRaw-0.22.2/src/decoders/unpack_thumb.cpp:383:3: warning: comparison of integers of different signs: 'INT64' (aka 'long long') and 'unsigned long long' [-Wsign-compare]
warning: libraw-ffi@0.1.0:   383 |                 THUMB_SIZE_CHECKWH(T.twidth, (INT64(T.theight)*INT64(o_bps)));
warning: libraw-ffi@0.1.0:       |                 ^~~~~~~~~~~~~~~~~~~~~~~~~~~~~~~~~~~~~~~~~~~~~~~~~~~~~~~~~~~~~
warning: libraw-ffi@0.1.0: vendor/LibRaw/LibRaw-0.22.2/src/decoders/unpack_thumb.cpp:70:27: note: expanded from macro 'THUMB_SIZE_CHECKWH'
warning: libraw-ffi@0.1.0:    70 |     if (INT64(W)*INT64(H) > 1024ULL * 1024ULL * LIBRAW_MAX_THUMBNAIL_MB) return LIBRAW_UNSUPPORTED_THUMBNAIL; \
warning: libraw-ffi@0.1.0:       |         ~~~~~~~~~~~~~~~~~ ^ ~~~~~~~~~~~~~~~~~~~~~~~~~~~~~~~~~~~~~~~~~~~
warning: libraw-ffi@0.1.0: vendor/LibRaw/LibRaw-0.22.2/src/decoders/unpack_thumb.cpp:383:3: warning: comparison of integers of different signs: 'INT64' (aka 'long long') and 'unsigned long long' [-Wsign-compare]
warning: libraw-ffi@0.1.0:   383 |                 THUMB_SIZE_CHECKWH(T.twidth, (INT64(T.theight)*INT64(o_bps)));
warning: libraw-ffi@0.1.0:       |                 ^~~~~~~~~~~~~~~~~~~~~~~~~~~~~~~~~~~~~~~~~~~~~~~~~~~~~~~~~~~~~
warning: libraw-ffi@0.1.0: vendor/LibRaw/LibRaw-0.22.2/src/decoders/unpack_thumb.cpp:71:27: note: expanded from macro 'THUMB_SIZE_CHECKWH'
warning: libraw-ffi@0.1.0:    71 |     if (INT64(W)*INT64(H) < 64ULL)        return LIBRAW_NO_THUMBNAIL; \
warning: libraw-ffi@0.1.0:       |         ~~~~~~~~~~~~~~~~~ ^ ~~~~~
warning: libraw-ffi@0.1.0: 8 warnings generated.
warning: libraw-ffi@0.1.0: vendor/LibRaw/LibRaw-0.22.2/src/decoders/decoders_libraw.cpp:894:2: warning: definition of implicit copy assignment operator for 'p1_row_info_t' is deprecated because it has a user-provided copy constructor [-Wdeprecated-copy-with-user-provided-copy]
warning: libraw-ffi@0.1.0:   894 |         p1_row_info_t(const p1_row_info_t& q): row(q.row),offset(q.offset){}
warning: libraw-ffi@0.1.0:       |         ^
warning: libraw-ffi@0.1.0: /Applications/Xcode.app/Contents/Developer/Platforms/MacOSX.platform/Developer/SDKs/MacOSX.sdk/usr/include/c++/v1/__algorithm/sift_down.h:61:14: note: in implicit copy assignment operator for 'p1_row_info_t' first required here
warning: libraw-ffi@0.1.0:    61 |     *__start = _Ops::__iter_move(__child_i);
warning: libraw-ffi@0.1.0:       |              ^
warning: libraw-ffi@0.1.0: /Applications/Xcode.app/Contents/Developer/Platforms/MacOSX.platform/Developer/SDKs/MacOSX.sdk/usr/include/c++/v1/__algorithm/make_heap.h:39:12: note: in instantiation of function template specialization 'std::__sift_down<std::_ClassicAlgPolicy, std::__less<void, void> &, p1_row_info_t *>' requested here
warning: libraw-ffi@0.1.0:    39 |       std::__sift_down<_AlgPolicy>(__first, __comp_ref, __n, __first + __start);
warning: libraw-ffi@0.1.0:       |            ^
warning: libraw-ffi@0.1.0: /Applications/Xcode.app/Contents/Developer/Platforms/MacOSX.platform/Developer/SDKs/MacOSX.sdk/usr/include/c++/v1/__algorithm/partial_sort.h:41:8: note: in instantiation of function template specialization 'std::__make_heap<std::_ClassicAlgPolicy, std::__less<void, void> &, p1_row_info_t *>' requested here
warning: libraw-ffi@0.1.0:    41 |   std::__make_heap<_AlgPolicy>(__first, __middle, __comp);
warning: libraw-ffi@0.1.0:       |        ^
warning: libraw-ffi@0.1.0: /Applications/Xcode.app/Contents/Developer/Platforms/MacOSX.platform/Developer/SDKs/MacOSX.sdk/usr/include/c++/v1/__algorithm/partial_sort.h:65:12: note: in instantiation of function template specialization 'std::__partial_sort_impl<std::_ClassicAlgPolicy, std::__less<void, void> &, p1_row_info_t *, p1_row_info_t *>' requested here
warning: libraw-ffi@0.1.0:    65 |       std::__partial_sort_impl<_AlgPolicy>(__first, __middle, __last, static_cast<__comp_ref_type<_Compare> >(__comp));
warning: libraw-ffi@0.1.0:       |            ^
warning: libraw-ffi@0.1.0: /Applications/Xcode.app/Contents/Developer/Platforms/MacOSX.platform/Developer/SDKs/MacOSX.sdk/usr/include/c++/v1/__algorithm/sort.h:934:10: note: in instantiation of function template specialization 'std::__partial_sort<std::_ClassicAlgPolicy, std::__less<void, void>, p1_row_info_t *, p1_row_info_t *>' requested here
warning: libraw-ffi@0.1.0:   934 |     std::__partial_sort<_AlgPolicy>(
warning: libraw-ffi@0.1.0:       |          ^
warning: libraw-ffi@0.1.0: /Applications/Xcode.app/Contents/Developer/Platforms/MacOSX.platform/Developer/SDKs/MacOSX.sdk/usr/include/c++/v1/__algorithm/sort.h:945:8: note: in instantiation of function template specialization 'std::__sort_impl<std::_ClassicAlgPolicy, std::__wrap_iter<p1_row_info_t *>, std::__less<void, void>>' requested here
warning: libraw-ffi@0.1.0:   945 |   std::__sort_impl<_ClassicAlgPolicy>(std::move(__first), std::move(__last), __comp);
warning: libraw-ffi@0.1.0:       |        ^
warning: libraw-ffi@0.1.0: /Applications/Xcode.app/Contents/Developer/Platforms/MacOSX.platform/Developer/SDKs/MacOSX.sdk/usr/include/c++/v1/__algorithm/sort.h:951:8: note: in instantiation of function template specialization 'std::sort<std::__wrap_iter<p1_row_info_t *>, std::__less<void, void>>' requested here
warning: libraw-ffi@0.1.0:   951 |   std::sort(__first, __last, __less<>());
warning: libraw-ffi@0.1.0:       |        ^
warning: libraw-ffi@0.1.0: vendor/LibRaw/LibRaw-0.22.2/src/decoders/decoders_libraw.cpp:911:7: note: in instantiation of function template specialization 'std::sort<std::__wrap_iter<p1_row_info_t *>>' requested here
warning: libraw-ffi@0.1.0:   911 |         std::sort(stripes.begin(), stripes.end());
warning: libraw-ffi@0.1.0:       |              ^
warning: libraw-ffi@0.1.0: 1 warning generated.
warning: libraw-ffi@0.1.0: vendor/LibRaw/LibRaw-0.22.2/src/decoders/olympus14.cpp:242:30: warning: comparison of integers of different signs: 'uint32_t' (aka 'unsigned int') and 'const int32_t' (aka 'const int') [-Wsign-compare]
warning: libraw-ffi@0.1.0:   242 |                 for (uint32_t col = 0; col < raw_width; col++)
warning: libraw-ffi@0.1.0:       |                                        ~~~ ^ ~~~~~~~~~
warning: libraw-ffi@0.1.0: 1 warning generated.
warning: libraw-ffi@0.1.0: vendor/LibRaw/LibRaw-0.22.2/src/decoders/load_mfbacks.cpp:534:45: warning: comparison of integers of different signs: 'int' and 'unsigned int' [-Wsign-compare]
warning: libraw-ffi@0.1.0:   534 |                         if (j == 0 || j == head[1] || k < 1 || k >= w0+w1)
warning: libraw-ffi@0.1.0:       |                                                                ~ ^  ~~~~~
warning: libraw-ffi@0.1.0: vendor/LibRaw/LibRaw-0.22.2/src/decoders/load_mfbacks.cpp:541:10: warning: comparison of integers of different signs: 'int' and 'unsigned int' [-Wsign-compare]
warning: libraw-ffi@0.1.0:   541 |                         if (k < w0 + w1)
warning: libraw-ffi@0.1.0:       |                             ~ ^ ~~~~~~~
warning: libraw-ffi@0.1.0: vendor/LibRaw/LibRaw-0.22.2/src/decoders/fp_dng.cpp:361:21: warning: comparison of integers of different signs: 'int' and 'size_type' (aka 'unsigned long') [-Wsign-compare]
warning: libraw-ffi@0.1.0:   361 |   for (int i = 1; i < tiles.tBytes.size(); i++)
warning: libraw-ffi@0.1.0:       |                   ~ ^ ~~~~~~~~~~~~~~~~~~~
warning: libraw-ffi@0.1.0: vendor/LibRaw/LibRaw-0.22.2/src/decoders/fp_dng.cpp:528:31: warning: comparison of integers of different signs: 'unsigned long long' and 'long long' [-Wsign-compare]
warning: libraw-ffi@0.1.0:   528 |   if (pixcnt * sizeof(ushort) > INT64(imgdata.rawparams.max_raw_memory_mb) * 1024LL * 1024LL)
warning: libraw-ffi@0.1.0:       |       ~~~~~~~~~~~~~~~~~~~~~~~ ^ ~~~~~~~~~~~~~~~~~~~~~~~~~~~~~~~~~~~~~~~~~~~~~~~~~~~~~~~~~~~~
warning: libraw-ffi@0.1.0: vendor/LibRaw/LibRaw-0.22.2/src/decoders/fp_dng.cpp:560:24: warning: comparison of integers of different signs: 'size_t' (aka 'unsigned long') and 'INT64' (aka 'long long') [-Wsign-compare]
warning: libraw-ffi@0.1.0:   560 |   for (size_t i = 0; i < pixcnt; ++i)
warning: libraw-ffi@0.1.0:       |                      ~ ^ ~~~~~~
warning: libraw-ffi@0.1.0: 2 warnings generated.
warning: libraw-ffi@0.1.0: 3 warnings generated.
warning: libraw-ffi@0.1.0: vendor/LibRaw/LibRaw-0.22.2/src/decoders/decoders_dcraw.cpp:545:14: warning: variable 'jhigh' set but not used [-Wunused-but-set-variable]
warning: libraw-ffi@0.1.0:   545 |   int jwide, jhigh, jrow, jcol, val, jidx, i, j, row = 0, col = 0;
warning: libraw-ffi@0.1.0:       |              ^
warning: libraw-ffi@0.1.0: 1 warning generated.
warning: libraw-ffi@0.1.0: vendor/LibRaw/LibRaw-0.22.2/src/metadata/identify.cpp:280:73: warning: missing field 'offset' initializer [-Wmissing-field-initializers]
warning: libraw-ffi@0.1.0:   280 |           { 786432,   1024,  768, 0, 0,  0, 0,  0, 0x94, 0, 0, "AVT", "F-080C" },
warning: libraw-ffi@0.1.0:       |                                                                                ^
warning: libraw-ffi@0.1.0: vendor/LibRaw/LibRaw-0.22.2/src/metadata/identify.cpp:281:73: warning: missing field 'offset' initializer [-Wmissing-field-initializers]
warning: libraw-ffi@0.1.0:   281 |           { 1447680,  1392, 1040, 0, 0,  0, 0,  0, 0x94, 0, 0, "AVT", "F-145C" },
warning: libraw-ffi@0.1.0:       |                                                                                ^
warning: libraw-ffi@0.1.0: vendor/LibRaw/LibRaw-0.22.2/src/metadata/identify.cpp:282:73: warning: missing field 'offset' initializer [-Wmissing-field-initializers]
warning: libraw-ffi@0.1.0:   282 |           { 1920000,  1600, 1200, 0, 0,  0, 0,  0, 0x94, 0, 0, "AVT", "F-201C" },
warning: libraw-ffi@0.1.0:       |                                                                                ^
warning: libraw-ffi@0.1.0: vendor/LibRaw/LibRaw-0.22.2/src/metadata/identify.cpp:283:73: warning: missing field 'offset' initializer [-Wmissing-field-initializers]
warning: libraw-ffi@0.1.0:   283 |           { 5067304,  2588, 1958, 0, 0,  0, 0,  0, 0x94, 0, 0, "AVT", "F-510C" },
warning: libraw-ffi@0.1.0:       |                                                                                ^
warning: libraw-ffi@0.1.0: vendor/LibRaw/LibRaw-0.22.2/src/metadata/identify.cpp:285:73: warning: missing field 'offset' initializer [-Wmissing-field-initializers]
warning: libraw-ffi@0.1.0:   285 |           { 10134608, 2588, 1958, 0, 0,  0, 0,  9, 0x94, 0, 0, "AVT", "F-510C" },
warning: libraw-ffi@0.1.0:       |                                                                                ^
warning: libraw-ffi@0.1.0: vendor/LibRaw/LibRaw-0.22.2/src/metadata/identify.cpp:287:73: warning: missing field 'offset' initializer [-Wmissing-field-initializers]
warning: libraw-ffi@0.1.0:   287 |           { 16157136, 3272, 2469, 0, 0,  0, 0,  9, 0x94, 0, 0, "AVT", "F-810C" },
warning: libraw-ffi@0.1.0:       |                                                                                ^
warning: libraw-ffi@0.1.0: vendor/LibRaw/LibRaw-0.22.2/src/metadata/identify.cpp:288:80: warning: missing field 'offset' initializer [-Wmissing-field-initializers]
warning: libraw-ffi@0.1.0:   288 |           { 3995136,  1632, 1224, 0, 0,  0, 0,  8, 0x61, 0, 1, "AgfaPhoto", "DC-833m" },
warning: libraw-ffi@0.1.0:       |                                                                                       ^
warning: libraw-ffi@0.1.0: vendor/LibRaw/LibRaw-0.22.2/src/metadata/identify.cpp:289:80: warning: missing field 'offset' initializer [-Wmissing-field-initializers]
warning: libraw-ffi@0.1.0:   289 |           { 15980544, 3264, 2448, 0, 0,  0, 0,  8, 0x61, 0, 1, "AgfaPhoto", "DC-833m" },
warning: libraw-ffi@0.1.0:       |                                                                                       ^
warning: libraw-ffi@0.1.0: vendor/LibRaw/LibRaw-0.22.2/src/metadata/identify.cpp:290:76: warning: missing field 'offset' initializer [-Wmissing-field-initializers]
warning: libraw-ffi@0.1.0:   290 |           { 9631728,  2532, 1902, 0, 0,  0, 0, 96, 0x61, 0, 0, "Alcatel", "5035D" },
warning: libraw-ffi@0.1.0:       |                                                                                   ^
warning: libraw-ffi@0.1.0: vendor/LibRaw/LibRaw-0.22.2/src/metadata/identify.cpp:291:77: warning: missing field 'offset' initializer [-Wmissing-field-initializers]
warning: libraw-ffi@0.1.0:   291 |           { 31850496, 4608, 3456, 0, 0,  0, 0,  0, 0x94, 0, 0, "GITUP", "GIT2 4:3" },
warning: libraw-ffi@0.1.0:       |                                                                                    ^
warning: libraw-ffi@0.1.0: vendor/LibRaw/LibRaw-0.22.2/src/metadata/identify.cpp:292:78: warning: missing field 'offset' initializer [-Wmissing-field-initializers]
warning: libraw-ffi@0.1.0:   292 |           { 23887872, 4608, 2592, 0, 0,  0, 0,  0, 0x94, 0, 0, "GITUP", "GIT2 16:9" },
warning: libraw-ffi@0.1.0:       |                                                                                     ^
warning: libraw-ffi@0.1.0: vendor/LibRaw/LibRaw-0.22.2/src/metadata/identify.cpp:293:78: warning: missing field 'offset' initializer [-Wmissing-field-initializers]
warning: libraw-ffi@0.1.0:   293 |           { 32257024, 4624, 3488, 8, 2, 16, 2,  0, 0x94, 0, 0, "GITUP", "GIT2P 4:3" },
warning: libraw-ffi@0.1.0:       |                                                                                     ^
warning: libraw-ffi@0.1.0: vendor/LibRaw/LibRaw-0.22.2/src/metadata/identify.cpp:294:79: warning: missing field 'offset' initializer [-Wmissing-field-initializers]
warning: libraw-ffi@0.1.0:   294 |           { 24192768, 4624, 2616, 8, 2, 16, 2,  0, 0x94, 0, 0, "GITUP", "GIT2P 16:9" },
warning: libraw-ffi@0.1.0:       |                                                                                      ^
warning: libraw-ffi@0.1.0: vendor/LibRaw/LibRaw-0.22.2/src/metadata/identify.cpp:295:79: warning: missing field 'offset' initializer [-Wmissing-field-initializers]
warning: libraw-ffi@0.1.0:   295 |           { 18016000, 4000, 2252, 0, 0,  0, 0,  0, 0x94, 0, 0, "GITUP", "G3DUO 16:9" },
warning: libraw-ffi@0.1.0:       |                                                                                      ^
warning: libraw-ffi@0.1.0: vendor/LibRaw/LibRaw-0.22.2/src/metadata/identify.cpp:302:74: warning: missing field 'offset' initializer [-Wmissing-field-initializers]
warning: libraw-ffi@0.1.0:   302 |           {  1540857, 2688, 1520,   0, 0, 0, 0,  1, 0x61, 0, 0, "Samsung", "S3" },
warning: libraw-ffi@0.1.0:       |                                                                                 ^
warning: libraw-ffi@0.1.0: vendor/LibRaw/LibRaw-0.22.2/src/metadata/identify.cpp:303:78: warning: missing field 'offset' initializer [-Wmissing-field-initializers]
warning: libraw-ffi@0.1.0:   303 |           {  2658304, 1212, 1096,   0, 0, 0, 0,  1, 0x16, 0, 0, "LG", "G3FrontMipi" },
warning: libraw-ffi@0.1.0:       |                                                                                     ^
warning: libraw-ffi@0.1.0: vendor/LibRaw/LibRaw-0.22.2/src/metadata/identify.cpp:304:78: warning: missing field 'offset' initializer [-Wmissing-field-initializers]
warning: libraw-ffi@0.1.0:   304 |           {  2842624, 1296, 1096,   0, 0, 0, 0,  1, 0x16, 0, 0, "LG", "G3FrontQCOM" },
warning: libraw-ffi@0.1.0:       |                                                                                     ^
warning: libraw-ffi@0.1.0: vendor/LibRaw/LibRaw-0.22.2/src/metadata/identify.cpp:305:79: warning: missing field 'offset' initializer [-Wmissing-field-initializers]
warning: libraw-ffi@0.1.0:   305 |           {  2969600, 1976, 1200,   0, 0, 0, 0,  1, 0x16, 0, 0, "Xiaomi", "MI3wMipi" },
warning: libraw-ffi@0.1.0:       |                                                                                      ^
warning: libraw-ffi@0.1.0: vendor/LibRaw/LibRaw-0.22.2/src/metadata/identify.cpp:306:79: warning: missing field 'offset' initializer [-Wmissing-field-initializers]
warning: libraw-ffi@0.1.0:   306 |           {  3170304, 1976, 1200,   0, 0, 0, 0,  1, 0x16, 0, 0, "Xiaomi", "MI3wQCOM" },
warning: libraw-ffi@0.1.0:       |                                                                                      ^
warning: libraw-ffi@0.1.0: vendor/LibRaw/LibRaw-0.22.2/src/metadata/identify.cpp:307:82: warning: missing field 'offset' initializer [-Wmissing-field-initializers]
warning: libraw-ffi@0.1.0:   307 |           {  3763584, 1584, 1184,   0, 0, 0, 0, 96, 0x61, 0, 0, "I_Mobile", "I_StyleQ6" },
warning: libraw-ffi@0.1.0:       |                                                                                         ^
warning: libraw-ffi@0.1.0: vendor/LibRaw/LibRaw-0.22.2/src/metadata/identify.cpp:308:84: warning: missing field 'offset' initializer [-Wmissing-field-initializers]
warning: libraw-ffi@0.1.0:   308 |           {  5107712, 2688, 1520,   0, 0, 0, 0,  1, 0x61, 0, 0, "OmniVisi", "UltraPixel1" },
warning: libraw-ffi@0.1.0:       |                                                                                           ^
warning: libraw-ffi@0.1.0: vendor/LibRaw/LibRaw-0.22.2/src/metadata/identify.cpp:309:84: warning: missing field 'offset' initializer [-Wmissing-field-initializers]
warning: libraw-ffi@0.1.0:   309 |           {  5382640, 2688, 1520,   0, 0, 0, 0,  1, 0x61, 0, 0, "OmniVisi", "UltraPixel2" },
warning: libraw-ffi@0.1.0:       |                                                                                           ^
warning: libraw-ffi@0.1.0: vendor/LibRaw/LibRaw-0.22.2/src/metadata/identify.cpp:310:77: warning: missing field 'offset' initializer [-Wmissing-field-initializers]
warning: libraw-ffi@0.1.0:   310 |           {  5664912, 2688, 1520,   0, 0, 0, 0,  1, 0x61, 0, 0, "OmniVisi", "4688" },
warning: libraw-ffi@0.1.0:       |                                                                                    ^
warning: libraw-ffi@0.1.0: vendor/LibRaw/LibRaw-0.22.2/src/metadata/identify.cpp:311:77: warning: missing field 'offset' initializer [-Wmissing-field-initializers]
warning: libraw-ffi@0.1.0:   311 |           {  5664912, 2688, 1520,   0, 0, 0, 0,  1, 0x61, 0, 0, "OmniVisi", "4688" },
warning: libraw-ffi@0.1.0:       |                                                                                    ^
warning: libraw-ffi@0.1.0: vendor/LibRaw/LibRaw-0.22.2/src/metadata/identify.cpp:312:77: warning: missing field 'offset' initializer [-Wmissing-field-initializers]
warning: libraw-ffi@0.1.0:   312 |           {  5364240, 2688, 1520,   0, 0, 0, 0,  1, 0x61, 0, 0, "OmniVisi", "4688" },
warning: libraw-ffi@0.1.0:       |                                                                                    ^
warning: libraw-ffi@0.1.0: vendor/LibRaw/LibRaw-0.22.2/src/metadata/identify.cpp:313:79: warning: missing field 'offset' initializer [-Wmissing-field-initializers]
warning: libraw-ffi@0.1.0:   313 |           {  6299648, 2592, 1944,   0, 0, 0, 0,  1, 0x16, 0, 0, "OmniVisi", "OV5648" },
warning: libraw-ffi@0.1.0:       |                                                                                      ^
warning: libraw-ffi@0.1.0: vendor/LibRaw/LibRaw-0.22.2/src/metadata/identify.cpp:314:80: warning: missing field 'offset' initializer [-Wmissing-field-initializers]
warning: libraw-ffi@0.1.0:   314 |           {  6721536, 2592, 1944,   0, 0, 0, 0,  0, 0x16, 0, 0, "OmniVisi", "OV56482" },
warning: libraw-ffi@0.1.0:       |                                                                                       ^
warning: libraw-ffi@0.1.0: vendor/LibRaw/LibRaw-0.22.2/src/metadata/identify.cpp:315:73: warning: missing field 'offset' initializer [-Wmissing-field-initializers]
warning: libraw-ffi@0.1.0:   315 |           {  6746112, 2592, 1944,   0, 0, 0, 0,  0, 0x16, 0, 0, "HTC", "OneSV" },
warning: libraw-ffi@0.1.0:       |                                                                                ^
warning: libraw-ffi@0.1.0: vendor/LibRaw/LibRaw-0.22.2/src/metadata/identify.cpp:316:72: warning: missing field 'offset' initializer [-Wmissing-field-initializers]
warning: libraw-ffi@0.1.0:   316 |           {  9631728, 2532, 1902,   0, 0, 0, 0, 96, 0x61, 0, 0, "Sony", "5mp" },
warning: libraw-ffi@0.1.0:       |                                                                               ^
warning: libraw-ffi@0.1.0: vendor/LibRaw/LibRaw-0.22.2/src/metadata/identify.cpp:317:78: warning: missing field 'offset' initializer [-Wmissing-field-initializers]
warning: libraw-ffi@0.1.0:   317 |           {  9830400, 2560, 1920,   0, 0, 0, 0, 96, 0x61, 0, 0, "NGM", "ForwardArt" },
warning: libraw-ffi@0.1.0:       |                                                                                     ^
warning: libraw-ffi@0.1.0: vendor/LibRaw/LibRaw-0.22.2/src/metadata/identify.cpp:318:84: warning: missing field 'offset' initializer [-Wmissing-field-initializers]
warning: libraw-ffi@0.1.0:   318 |           { 10186752, 3264, 2448,   0, 0, 0, 0,  1, 0x94, 0, 0, "Sony", "IMX219-mipi 8mp" },
warning: libraw-ffi@0.1.0:       |                                                                                           ^
warning: libraw-ffi@0.1.0: vendor/LibRaw/LibRaw-0.22.2/src/metadata/identify.cpp:319:72: warning: missing field 'offset' initializer [-Wmissing-field-initializers]
warning: libraw-ffi@0.1.0:   319 |           { 10223360, 2608, 1944,   0, 0, 0, 0, 96, 0x16, 0, 0, "Sony", "IMX" },
warning: libraw-ffi@0.1.0:       |                                                                               ^
warning: libraw-ffi@0.1.0: vendor/LibRaw/LibRaw-0.22.2/src/metadata/identify.cpp:320:82: warning: missing field 'offset' initializer [-Wmissing-field-initializers]
warning: libraw-ffi@0.1.0:   320 |           { 10782464, 3282, 2448,   0, 0, 0, 0,  0, 0x16, 0, 0, "HTC", "MyTouch4GSlide" },
warning: libraw-ffi@0.1.0:       |                                                                                         ^
warning: libraw-ffi@0.1.0: vendor/LibRaw/LibRaw-0.22.2/src/metadata/identify.cpp:321:72: warning: missing field 'offset' initializer [-Wmissing-field-initializers]
warning: libraw-ffi@0.1.0:   321 |           { 10788864, 3282, 2448,   0, 0, 0, 0,  0, 0x16, 0, 0, "Xperia", "L" },
warning: libraw-ffi@0.1.0:       |                                                                               ^
warning: libraw-ffi@0.1.0: vendor/LibRaw/LibRaw-0.22.2/src/metadata/identify.cpp:322:80: warning: missing field 'offset' initializer [-Wmissing-field-initializers]
warning: libraw-ffi@0.1.0:   322 |           { 15967488, 3264, 2446,   0, 0, 0, 0, 96, 0x16, 0, 0, "OmniVison", "OV8850" },
warning: libraw-ffi@0.1.0:       |                                                                                       ^
warning: libraw-ffi@0.1.0: vendor/LibRaw/LibRaw-0.22.2/src/metadata/identify.cpp:323:74: warning: missing field 'offset' initializer [-Wmissing-field-initializers]
warning: libraw-ffi@0.1.0:   323 |           { 16224256, 4208, 3082,   0, 0, 0, 0,  1, 0x16, 0, 0, "LG", "G3MipiL" },
warning: libraw-ffi@0.1.0:       |                                                                                 ^
warning: libraw-ffi@0.1.0: vendor/LibRaw/LibRaw-0.22.2/src/metadata/identify.cpp:324:76: warning: missing field 'offset' initializer [-Wmissing-field-initializers]
warning: libraw-ffi@0.1.0:   324 |           { 16424960, 4208, 3120,   0, 0, 0, 0,  1, 0x16, 0, 0, "IMX135", "MipiL" },
warning: libraw-ffi@0.1.0:       |                                                                                   ^
warning: libraw-ffi@0.1.0: vendor/LibRaw/LibRaw-0.22.2/src/metadata/identify.cpp:325:74: warning: missing field 'offset' initializer [-Wmissing-field-initializers]
warning: libraw-ffi@0.1.0:   325 |           { 17326080, 4164, 3120,   0, 0, 0, 0,  1, 0x16, 0, 0, "LG", "G3LQCom" },
warning: libraw-ffi@0.1.0:       |                                                                                 ^
warning: libraw-ffi@0.1.0: vendor/LibRaw/LibRaw-0.22.2/src/metadata/identify.cpp:326:80: warning: missing field 'offset' initializer [-Wmissing-field-initializers]
warning: libraw-ffi@0.1.0:   326 |           { 17522688, 4212, 3120,   0, 0, 0, 0,  0, 0x16, 0, 0, "Sony", "IMX135-QCOM" },
warning: libraw-ffi@0.1.0:       |                                                                                       ^
warning: libraw-ffi@0.1.0: vendor/LibRaw/LibRaw-0.22.2/src/metadata/identify.cpp:327:76: warning: missing field 'offset' initializer [-Wmissing-field-initializers]
warning: libraw-ffi@0.1.0:   327 |           { 19906560, 4608, 3456,   0, 0, 0, 0,  1, 0x16, 0, 0, "Gione", "E7mipi" },
warning: libraw-ffi@0.1.0:       |                                                                                   ^
warning: libraw-ffi@0.1.0: vendor/LibRaw/LibRaw-0.22.2/src/metadata/identify.cpp:328:69: warning: missing field 'offset' initializer [-Wmissing-field-initializers]
warning: libraw-ffi@0.1.0:   328 |           { 19976192, 5312, 2988,   0, 0, 0, 0,  1, 0x16, 0, 0, "LG", "G4" },
warning: libraw-ffi@0.1.0:       |                                                                            ^
warning: libraw-ffi@0.1.0: vendor/LibRaw/LibRaw-0.22.2/src/metadata/identify.cpp:329:84: warning: missing field 'offset' initializer [-Wmissing-field-initializers]
warning: libraw-ffi@0.1.0:   329 |           { 20389888, 4632, 3480,   0, 0, 0, 0,  1, 0x16, 0, 0, "Xiaomi", "RedmiNote3Pro" },
warning: libraw-ffi@0.1.0:       |                                                                                           ^
warning: libraw-ffi@0.1.0: vendor/LibRaw/LibRaw-0.22.2/src/metadata/identify.cpp:330:85: warning: missing field 'offset' initializer [-Wmissing-field-initializers]
warning: libraw-ffi@0.1.0:   330 |           { 20500480, 4656, 3496,   0, 0, 0, 0,  1, 0x94, 0, 0, "Sony", "IMX298-mipi 16mp" },
warning: libraw-ffi@0.1.0:       |                                                                                            ^
warning: libraw-ffi@0.1.0: vendor/LibRaw/LibRaw-0.22.2/src/metadata/identify.cpp:331:76: warning: missing field 'offset' initializer [-Wmissing-field-initializers]
warning: libraw-ffi@0.1.0:   331 |           { 21233664, 4608, 3456,   0, 0, 0, 0,  1, 0x16, 0, 0, "Gione", "E7qcom" },
warning: libraw-ffi@0.1.0:       |                                                                                   ^
warning: libraw-ffi@0.1.0: vendor/LibRaw/LibRaw-0.22.2/src/metadata/identify.cpp:332:72: warning: missing field 'offset' initializer [-Wmissing-field-initializers]
warning: libraw-ffi@0.1.0:   332 |           { 26023936, 4192, 3104,   0, 0, 0, 0, 96, 0x94, 0, 0, "THL", "5000" },
warning: libraw-ffi@0.1.0:       |                                                                               ^
warning: libraw-ffi@0.1.0: vendor/LibRaw/LibRaw-0.22.2/src/metadata/identify.cpp:333:75: warning: missing field 'offset' initializer [-Wmissing-field-initializers]
warning: libraw-ffi@0.1.0:   333 |           { 26257920, 4208, 3120,   0, 0, 0, 0, 96, 0x94, 0, 0, "Sony", "IMX214" },
warning: libraw-ffi@0.1.0:       |                                                                                  ^
warning: libraw-ffi@0.1.0: vendor/LibRaw/LibRaw-0.22.2/src/metadata/identify.cpp:334:72: warning: missing field 'offset' initializer [-Wmissing-field-initializers]
warning: libraw-ffi@0.1.0:   334 |           { 26357760, 4224, 3120,   0, 0, 0, 0, 96, 0x61, 0, 0, "OV", "13860" },
warning: libraw-ffi@0.1.0:       |                                                                               ^
warning: libraw-ffi@0.1.0: vendor/LibRaw/LibRaw-0.22.2/src/metadata/identify.cpp:335:73: warning: missing field 'offset' initializer [-Wmissing-field-initializers]
warning: libraw-ffi@0.1.0:   335 |           { 41312256, 5248, 3936,   0, 0, 0, 0, 96, 0x61, 0, 0, "Meizu", "MX4" },
warning: libraw-ffi@0.1.0:       |                                                                                ^
warning: libraw-ffi@0.1.0: vendor/LibRaw/LibRaw-0.22.2/src/metadata/identify.cpp:336:75: warning: missing field 'offset' initializer [-Wmissing-field-initializers]
warning: libraw-ffi@0.1.0:   336 |           { 42923008, 5344, 4016,   0, 0, 0, 0, 96, 0x61, 0, 0, "Sony", "IMX230" },
warning: libraw-ffi@0.1.0:       |                                                                                  ^
warning: libraw-ffi@0.1.0: vendor/LibRaw/LibRaw-0.22.2/src/metadata/identify.cpp:340:87: warning: missing field 'offset' initializer [-Wmissing-field-initializers]
warning: libraw-ffi@0.1.0:   340 |           {  6553440, 2664, 1968,   4,  4, 44,  4, 40, 0x94, 0, 2, "Canon", "PowerShot A460" }, // chdk hack
warning: libraw-ffi@0.1.0:       |                                                                                              ^
warning: libraw-ffi@0.1.0: vendor/LibRaw/LibRaw-0.22.2/src/metadata/identify.cpp:341:87: warning: missing field 'offset' initializer [-Wmissing-field-initializers]
warning: libraw-ffi@0.1.0:   341 |           {  9243240, 3152, 2346,  12,  7, 44, 13, 40, 0x49, 0, 2, "Canon", "PowerShot A470" }, // chdk hack
warning: libraw-ffi@0.1.0:       |                                                                                              ^
warning: libraw-ffi@0.1.0: vendor/LibRaw/LibRaw-0.22.2/src/metadata/identify.cpp:342:87: warning: missing field 'offset' initializer [-Wmissing-field-initializers]
warning: libraw-ffi@0.1.0:   342 |           {  6653280, 2672, 1992,  10,  6, 42,  2, 40, 0x94, 0, 2, "Canon", "PowerShot A530" }, // chdk hack
warning: libraw-ffi@0.1.0:       |                                                                                              ^
warning: libraw-ffi@0.1.0: vendor/LibRaw/LibRaw-0.22.2/src/metadata/identify.cpp:343:87: warning: missing field 'offset' initializer [-Wmissing-field-initializers]
warning: libraw-ffi@0.1.0:   343 |           {  6573120, 2672, 1968,  12,  8, 44,  0, 40, 0x94, 0, 2, "Canon", "PowerShot A610" }, // chdk hack
warning: libraw-ffi@0.1.0:       |                                                                                              ^
warning: libraw-ffi@0.1.0: vendor/LibRaw/LibRaw-0.22.2/src/metadata/identify.cpp:344:87: warning: missing field 'offset' initializer [-Wmissing-field-initializers]
warning: libraw-ffi@0.1.0:   344 |           {  9219600, 3152, 2340,  36, 12,  4,  0, 40, 0x94, 0, 2, "Canon", "PowerShot A620" }, // chdk hack
warning: libraw-ffi@0.1.0:       |                                                                                              ^
warning: libraw-ffi@0.1.0: vendor/LibRaw/LibRaw-0.22.2/src/metadata/identify.cpp:345:87: warning: missing field 'offset' initializer [-Wmissing-field-initializers]
warning: libraw-ffi@0.1.0:   345 |           { 10383120, 3344, 2484,  12,  6, 44,  6, 40, 0x94, 0, 2, "Canon", "PowerShot A630" }, // chdk hack
warning: libraw-ffi@0.1.0:       |                                                                                              ^
warning: libraw-ffi@0.1.0: vendor/LibRaw/LibRaw-0.22.2/src/metadata/identify.cpp:346:87: warning: missing field 'offset' initializer [-Wmissing-field-initializers]
warning: libraw-ffi@0.1.0:   346 |           { 12945240, 3736, 2772,  12,  6, 52,  6, 40, 0x94, 0, 2, "Canon", "PowerShot A640" }, // chdk hack
warning: libraw-ffi@0.1.0:       |                                                                                              ^
warning: libraw-ffi@0.1.0: vendor/LibRaw/LibRaw-0.22.2/src/metadata/identify.cpp:347:90: warning: missing field 'offset' initializer [-Wmissing-field-initializers]
warning: libraw-ffi@0.1.0:   347 |           { 15636240, 4104, 3048,  48, 12, 24, 12, 40, 0x94, 0, 2, "Canon", "PowerShot A650 IS" }, // chdk hack
warning: libraw-ffi@0.1.0:       |                                                                                                 ^
warning: libraw-ffi@0.1.0: vendor/LibRaw/LibRaw-0.22.2/src/metadata/identify.cpp:348:90: warning: missing field 'offset' initializer [-Wmissing-field-initializers]
warning: libraw-ffi@0.1.0:   348 |           { 10341600, 3336, 2480,   6,  5, 32,  3, 40, 0x94, 0, 2, "Canon", "PowerShot A720 IS" }, // chdk hack
warning: libraw-ffi@0.1.0:       |                                                                                                 ^
warning: libraw-ffi@0.1.0: vendor/LibRaw/LibRaw-0.22.2/src/metadata/identify.cpp:349:91: warning: missing field 'offset' initializer [-Wmissing-field-initializers]
warning: libraw-ffi@0.1.0:   349 |           { 24724224, 4704, 3504,   8, 16, 56,  8, 40, 0x49, 0, 2, "Canon", "PowerShot A3300 IS" }, // chdk hack
warning: libraw-ffi@0.1.0:       |                                                                                                  ^
warning: libraw-ffi@0.1.0: vendor/LibRaw/LibRaw-0.22.2/src/metadata/identify.cpp:350:86: warning: missing field 'offset' initializer [-Wmissing-field-initializers]
warning: libraw-ffi@0.1.0:   350 |           { 18763488, 4104, 3048,  10, 22, 82, 22,  8, 0x49, 0, 0, "Canon", "PowerShot D10" }, // ? chdk hack ?
warning: libraw-ffi@0.1.0:       |                                                                                             ^
warning: libraw-ffi@0.1.0: vendor/LibRaw/LibRaw-0.22.2/src/metadata/identify.cpp:351:88: warning: missing field 'offset' initializer [-Wmissing-field-initializers]
warning: libraw-ffi@0.1.0:   351 |           { 19493760, 4160, 3124, 104, 12,  8, 66, 40, 0x49, 0, 2,  "Canon", "PowerShot S100" }, // chdk hack CRW
warning: libraw-ffi@0.1.0:       |                                                                                               ^
warning: libraw-ffi@0.1.0: vendor/LibRaw/LibRaw-0.22.2/src/metadata/identify.cpp:352:88: warning: missing field 'offset' initializer [-Wmissing-field-initializers]
warning: libraw-ffi@0.1.0:   352 |           {  7710960, 2888, 2136,  44,  8,  4,  0, 40, 0x94, 0, 2, "Canon", "PowerShot S3 IS" }, // chdk hack
warning: libraw-ffi@0.1.0:       |                                                                                               ^
warning: libraw-ffi@0.1.0: vendor/LibRaw/LibRaw-0.22.2/src/metadata/identify.cpp:353:88: warning: missing field 'offset' initializer [-Wmissing-field-initializers]
warning: libraw-ffi@0.1.0:   353 |           {  5298000, 2400, 1766,  12, 12, 44,  2, 40, 0x94, 0, 2, "Canon", "PowerShot SD300" }, // chdk hack
warning: libraw-ffi@0.1.0:       |                                                                                               ^
warning: libraw-ffi@0.1.0: vendor/LibRaw/LibRaw-0.22.2/src/metadata/identify.cpp:354:90: warning: missing field 'offset' initializer [-Wmissing-field-initializers]
warning: libraw-ffi@0.1.0:   354 |           { 18653760, 4080, 3048,  24, 12, 24, 12, 40, 0x94, 0, 2, "Canon", "PowerShot SX20 IS" }, // chdk hack
warning: libraw-ffi@0.1.0:       |                                                                                                 ^
warning: libraw-ffi@0.1.0: vendor/LibRaw/LibRaw-0.22.2/src/metadata/identify.cpp:355:90: warning: missing field 'offset' initializer [-Wmissing-field-initializers]
warning: libraw-ffi@0.1.0:   355 |           { 21936096, 4464, 3276,  25, 10, 73, 12, 40, 0x16, 0, 2, "Canon", "PowerShot SX30 IS" }, // chdk hack
warning: libraw-ffi@0.1.0:       |                                                                                                 ^
warning: libraw-ffi@0.1.0: vendor/LibRaw/LibRaw-0.22.2/src/metadata/identify.cpp:356:90: warning: missing field 'offset' initializer [-Wmissing-field-initializers]
warning: libraw-ffi@0.1.0:   356 |           { 19167840, 4176, 3060,  96, 16,  8,  0, 40, 0x94, 0, 2, "Canon", "PowerShot SX40 HS" }, // chdk hack CR2
warning: libraw-ffi@0.1.0:       |                                                                                                 ^
warning: libraw-ffi@0.1.0: vendor/LibRaw/LibRaw-0.22.2/src/metadata/identify.cpp:357:91: warning: missing field 'offset' initializer [-Wmissing-field-initializers]
warning: libraw-ffi@0.1.0:   357 |           { 15467760, 3720, 2772,   6, 12, 30,  0, 40, 0x94, 0, 2, "Canon", "PowerShot SX110 IS" }, // chdk hack
warning: libraw-ffi@0.1.0:       |                                                                                                  ^
warning: libraw-ffi@0.1.0: vendor/LibRaw/LibRaw-0.22.2/src/metadata/identify.cpp:358:91: warning: missing field 'offset' initializer [-Wmissing-field-initializers]
warning: libraw-ffi@0.1.0:   358 |           { 15534576, 3728, 2778,  12,  9, 44,  9, 40, 0x94, 0, 2, "Canon", "PowerShot SX120 IS" }, // chdk hack
warning: libraw-ffi@0.1.0:       |                                                                                                  ^
warning: libraw-ffi@0.1.0: vendor/LibRaw/LibRaw-0.22.2/src/metadata/identify.cpp:359:91: warning: missing field 'offset' initializer [-Wmissing-field-initializers]
warning: libraw-ffi@0.1.0:   359 |           { 19131120, 4168, 3060,  92, 16,  4,  1, 40, 0x94, 0, 2, "Canon", "PowerShot SX220 HS" }, // chdk hack
warning: libraw-ffi@0.1.0:       |                                                                                                  ^
warning: libraw-ffi@0.1.0: vendor/LibRaw/LibRaw-0.22.2/src/metadata/identify.cpp:360:91: warning: missing field 'offset' initializer [-Wmissing-field-initializers]
warning: libraw-ffi@0.1.0:   360 |           { 31663200, 5344, 3950,  96, 18,  0,  0, 40, 0x94, 0, 2, "Canon", "PowerShot SX710 HS" }, // chdk hack
warning: libraw-ffi@0.1.0:       |                                                                                                  ^
warning: libraw-ffi@0.1.0: vendor/LibRaw/LibRaw-0.22.2/src/metadata/identify.cpp:361:81: warning: missing field 'offset' initializer [-Wmissing-field-initializers]
warning: libraw-ffi@0.1.0:   361 |           { 30858240, 5248, 3920,   8, 16, 56, 16, 40, 0x94, 0, 2, "Canon", "IXUS 160" }, // chdk hack
warning: libraw-ffi@0.1.0:       |                                                                                        ^
warning: libraw-ffi@0.1.0: vendor/LibRaw/LibRaw-0.22.2/src/metadata/identify.cpp:362:82: warning: missing field 'offset' initializer [-Wmissing-field-initializers]
warning: libraw-ffi@0.1.0:   362 |           {  1976352, 1632, 1211,   0,  2,  0,  1,  0, 0x94, 0, 1, "Casio", "QV-2000UX" },
warning: libraw-ffi@0.1.0:       |                                                                                         ^
warning: libraw-ffi@0.1.0: vendor/LibRaw/LibRaw-0.22.2/src/metadata/identify.cpp:363:82: warning: missing field 'offset' initializer [-Wmissing-field-initializers]
warning: libraw-ffi@0.1.0:   363 |           {  3217760, 2080, 1547,   0,  0, 10,  1,  0, 0x94, 0, 1, "Casio", "QV-3*00EX" },
warning: libraw-ffi@0.1.0:       |                                                                                         ^
warning: libraw-ffi@0.1.0: vendor/LibRaw/LibRaw-0.22.2/src/metadata/identify.cpp:364:80: warning: missing field 'offset' initializer [-Wmissing-field-initializers]
warning: libraw-ffi@0.1.0:   364 |           {  6218368, 2585, 1924,   0,  0,  9,  0,  0, 0x94, 0, 1, "Casio", "QV-5700" },
warning: libraw-ffi@0.1.0:       |                                                                                       ^
warning: libraw-ffi@0.1.0: vendor/LibRaw/LibRaw-0.22.2/src/metadata/identify.cpp:365:79: warning: missing field 'offset' initializer [-Wmissing-field-initializers]
warning: libraw-ffi@0.1.0:   365 |           {  7816704, 2867, 2181,   0,  0, 34, 36,  0, 0x16, 0, 1, "Casio", "EX-Z60" },
warning: libraw-ffi@0.1.0:       |                                                                                      ^
warning: libraw-ffi@0.1.0: vendor/LibRaw/LibRaw-0.22.2/src/metadata/identify.cpp:366:80: warning: missing field 'offset' initializer [-Wmissing-field-initializers]
warning: libraw-ffi@0.1.0:   366 |           {  2937856, 1621, 1208,   0,  0,  1,  0,  0, 0x94, 7, 13, "Casio", "EX-S20" },
warning: libraw-ffi@0.1.0:       |                                                                                       ^
warning: libraw-ffi@0.1.0: vendor/LibRaw/LibRaw-0.22.2/src/metadata/identify.cpp:367:80: warning: missing field 'offset' initializer [-Wmissing-field-initializers]
warning: libraw-ffi@0.1.0:   367 |           {  4948608, 2090, 1578,   0,  0, 32, 34,  0, 0x94, 7, 1, "Casio", "EX-S100" },
warning: libraw-ffi@0.1.0:       |                                                                                       ^
warning: libraw-ffi@0.1.0: vendor/LibRaw/LibRaw-0.22.2/src/metadata/identify.cpp:368:79: warning: missing field 'offset' initializer [-Wmissing-field-initializers]
warning: libraw-ffi@0.1.0:   368 |           {  6054400, 2346, 1720,   2,  0, 32,  0,  0, 0x94, 7, 1, "Casio", "QV-R41" },
warning: libraw-ffi@0.1.0:       |                                                                                      ^
warning: libraw-ffi@0.1.0: vendor/LibRaw/LibRaw-0.22.2/src/metadata/identify.cpp:369:80: warning: missing field 'offset' initializer [-Wmissing-field-initializers]
warning: libraw-ffi@0.1.0:   369 |           {  7426656, 2568, 1928,   0,  0,  0,  0,  0, 0x94, 0, 1, "Casio", "EX-P505" },
warning: libraw-ffi@0.1.0:       |                                                                                       ^
warning: libraw-ffi@0.1.0: vendor/LibRaw/LibRaw-0.22.2/src/metadata/identify.cpp:370:79: warning: missing field 'offset' initializer [-Wmissing-field-initializers]
warning: libraw-ffi@0.1.0:   370 |           {  7530816, 2602, 1929,   0,  0, 22,  0,  0, 0x94, 7, 1, "Casio", "QV-R51" },
warning: libraw-ffi@0.1.0:       |                                                                                      ^
warning: libraw-ffi@0.1.0: vendor/LibRaw/LibRaw-0.22.2/src/metadata/identify.cpp:371:79: warning: missing field 'offset' initializer [-Wmissing-field-initializers]
warning: libraw-ffi@0.1.0:   371 |           {  7542528, 2602, 1932,   0,  0, 32,  0,  0, 0x94, 7, 1, "Casio", "EX-Z50" },
warning: libraw-ffi@0.1.0:       |                                                                                      ^
warning: libraw-ffi@0.1.0: vendor/LibRaw/LibRaw-0.22.2/src/metadata/identify.cpp:372:80: warning: missing field 'offset' initializer [-Wmissing-field-initializers]
warning: libraw-ffi@0.1.0:   372 |           {  7562048, 2602, 1937,   0,  0, 25,  0,  0, 0x16, 7, 1, "Casio", "EX-Z500" },
warning: libraw-ffi@0.1.0:       |                                                                                       ^
warning: libraw-ffi@0.1.0: vendor/LibRaw/LibRaw-0.22.2/src/metadata/identify.cpp:373:79: warning: missing field 'offset' initializer [-Wmissing-field-initializers]
warning: libraw-ffi@0.1.0:   373 |           {  7753344, 2602, 1986,   0,  0, 32, 26,  0, 0x94, 7, 1, "Casio", "EX-Z55" },
warning: libraw-ffi@0.1.0:       |                                                                                      ^
warning: libraw-ffi@0.1.0: vendor/LibRaw/LibRaw-0.22.2/src/metadata/identify.cpp:374:80: warning: missing field 'offset' initializer [-Wmissing-field-initializers]
warning: libraw-ffi@0.1.0:   374 |           {  9313536, 2858, 2172,   0,  0, 14, 30,  0, 0x94, 7, 1, "Casio", "EX-P600" },
warning: libraw-ffi@0.1.0:       |                                                                                       ^
warning: libraw-ffi@0.1.0: vendor/LibRaw/LibRaw-0.22.2/src/metadata/identify.cpp:375:80: warning: missing field 'offset' initializer [-Wmissing-field-initializers]
warning: libraw-ffi@0.1.0:   375 |           { 10834368, 3114, 2319,   0,  0, 27,  0,  0, 0x94, 0, 1, "Casio", "EX-Z750" },
warning: libraw-ffi@0.1.0:       |                                                                                       ^
warning: libraw-ffi@0.1.0: vendor/LibRaw/LibRaw-0.22.2/src/metadata/identify.cpp:376:79: warning: missing field 'offset' initializer [-Wmissing-field-initializers]
warning: libraw-ffi@0.1.0:   376 |           { 10843712, 3114, 2321,   0,  0, 25,  0,  0, 0x94, 0, 1, "Casio", "EX-Z75" },
warning: libraw-ffi@0.1.0:       |                                                                                      ^
warning: libraw-ffi@0.1.0: vendor/LibRaw/LibRaw-0.22.2/src/metadata/identify.cpp:377:80: warning: missing field 'offset' initializer [-Wmissing-field-initializers]
warning: libraw-ffi@0.1.0:   377 |           { 10979200, 3114, 2350,   0,  0, 32, 32,  0, 0x94, 7, 1, "Casio", "EX-P700" },
warning: libraw-ffi@0.1.0:       |                                                                                       ^
warning: libraw-ffi@0.1.0: vendor/LibRaw/LibRaw-0.22.2/src/metadata/identify.cpp:378:80: warning: missing field 'offset' initializer [-Wmissing-field-initializers]
warning: libraw-ffi@0.1.0:   378 |           { 12310144, 3285, 2498,   0,  0,  6, 30,  0, 0x94, 0, 1, "Casio", "EX-Z850" },
warning: libraw-ffi@0.1.0:       |                                                                                       ^
warning: libraw-ffi@0.1.0: vendor/LibRaw/LibRaw-0.22.2/src/metadata/identify.cpp:379:78: warning: missing field 'offset' initializer [-Wmissing-field-initializers]
warning: libraw-ffi@0.1.0:   379 |           { 12489984, 3328, 2502,   0,  0, 47, 35,  0, 0x94, 0, 1, "Casio", "EX-Z8" },
warning: libraw-ffi@0.1.0:       |                                                                                     ^
warning: libraw-ffi@0.1.0: vendor/LibRaw/LibRaw-0.22.2/src/metadata/identify.cpp:380:81: warning: missing field 'offset' initializer [-Wmissing-field-initializers]
warning: libraw-ffi@0.1.0:   380 |           { 15499264, 3754, 2752,   0,  0, 82,  0,  0, 0x94, 0, 1, "Casio", "EX-Z1050" },
warning: libraw-ffi@0.1.0:       |                                                                                        ^
warning: libraw-ffi@0.1.0: vendor/LibRaw/LibRaw-0.22.2/src/metadata/identify.cpp:381:81: warning: missing field 'offset' initializer [-Wmissing-field-initializers]
warning: libraw-ffi@0.1.0:   381 |           { 18702336, 4096, 3044,   0,  0, 24,  0, 80, 0x94, 7, 1, "Casio", "EX-ZR100" },
warning: libraw-ffi@0.1.0:       |                                                                                        ^
warning: libraw-ffi@0.1.0: vendor/LibRaw/LibRaw-0.22.2/src/metadata/identify.cpp:382:80: warning: missing field 'offset' initializer [-Wmissing-field-initializers]
warning: libraw-ffi@0.1.0:   382 |           {  7684000, 2260, 1700,   0,  0,  0,  0, 13, 0x94, 0, 1, "Casio", "QV-4000" },
warning: libraw-ffi@0.1.0:       |                                                                                       ^
warning: libraw-ffi@0.1.0: vendor/LibRaw/LibRaw-0.22.2/src/metadata/identify.cpp:383:86: warning: missing field 'offset' initializer [-Wmissing-field-initializers]
warning: libraw-ffi@0.1.0:   383 |           {   787456, 1024,  769,   0,  1,  0,  0,  0, 0x49, 0, 0, "Creative", "PC-CAM 600" },
warning: libraw-ffi@0.1.0:       |                                                                                             ^
warning: libraw-ffi@0.1.0: vendor/LibRaw/LibRaw-0.22.2/src/metadata/identify.cpp:384:67: warning: missing field 't_model' initializer [-Wmissing-field-initializers]
warning: libraw-ffi@0.1.0:   384 |           { 28829184, 4384, 3288,   0,  0,  0,  0, 36, 0x61, 0, 0, "DJI" },
warning: libraw-ffi@0.1.0:       |                                                                          ^
warning: libraw-ffi@0.1.0: vendor/LibRaw/LibRaw-0.22.2/src/metadata/identify.cpp:385:70: warning: missing field 't_model' initializer [-Wmissing-field-initializers]
warning: libraw-ffi@0.1.0:   385 |           { 15151104, 4608, 3288,   0,  0,  0,  0,  0, 0x94, 0, 0, "Matrix" },
warning: libraw-ffi@0.1.0:       |                                                                             ^
warning: libraw-ffi@0.1.0: vendor/LibRaw/LibRaw-0.22.2/src/metadata/identify.cpp:386:79: warning: missing field 'offset' initializer [-Wmissing-field-initializers]
warning: libraw-ffi@0.1.0:   386 |           {  3840000, 1600, 1200,   0,  0,  0,  0, 65, 0x49, 0, 0, "Foculus", "531C" },
warning: libraw-ffi@0.1.0:       |                                                                                      ^
warning: libraw-ffi@0.1.0: vendor/LibRaw/LibRaw-0.22.2/src/metadata/identify.cpp:387:71: warning: missing field 't_model' initializer [-Wmissing-field-initializers]
warning: libraw-ffi@0.1.0:   387 |           {   307200,  640,  480,   0,  0,  0,  0,  0, 0x94, 0, 0, "Generic" },
warning: libraw-ffi@0.1.0:       |                                                                              ^
warning: libraw-ffi@0.1.0: vendor/LibRaw/LibRaw-0.22.2/src/metadata/identify.cpp:388:77: warning: missing field 'offset' initializer [-Wmissing-field-initializers]
warning: libraw-ffi@0.1.0:   388 |           {    62464,  256,  244,   1,  1,  6,  1,  0, 0x8d, 0, 0, "Kodak", "DC20" },
warning: libraw-ffi@0.1.0:       |                                                                                    ^
warning: libraw-ffi@0.1.0: vendor/LibRaw/LibRaw-0.22.2/src/metadata/identify.cpp:389:77: warning: missing field 'offset' initializer [-Wmissing-field-initializers]
warning: libraw-ffi@0.1.0:   389 |           {   124928,  512,  244,   1,  1, 10,  1,  0, 0x8d, 0, 0, "Kodak", "DC20" },
warning: libraw-ffi@0.1.0:       |                                                                                    ^
warning: libraw-ffi@0.1.0: vendor/LibRaw/LibRaw-0.22.2/src/metadata/identify.cpp:390:79: warning: missing field 'offset' initializer [-Wmissing-field-initializers]
warning: libraw-ffi@0.1.0:   390 |           {  1652736, 1536, 1076,   0, 52,  0,  0,  0, 0x61, 0, 0, "Kodak", "DCS200" },
warning: libraw-ffi@0.1.0:       |                                                                                      ^
warning: libraw-ffi@0.1.0: vendor/LibRaw/LibRaw-0.22.2/src/metadata/identify.cpp:391:77: warning: missing field 'offset' initializer [-Wmissing-field-initializers]
warning: libraw-ffi@0.1.0:   391 |           {  4159302, 2338, 1779,   1, 33,  1,  2,  0, 0x94, 0, 0, "Kodak", "C330" },
warning: libraw-ffi@0.1.0:       |                                                                                    ^
warning: libraw-ffi@0.1.0: vendor/LibRaw/LibRaw-0.22.2/src/metadata/identify.cpp:393:77: warning: missing field 'offset' initializer [-Wmissing-field-initializers]
warning: libraw-ffi@0.1.0:   393 |           {  2247168, 1232,  912,   0,  0, 16,  0,  0, 0x00, 0, 0, "Kodak", "C330" },
warning: libraw-ffi@0.1.0:       |                                                                                    ^
warning: libraw-ffi@0.1.0: vendor/LibRaw/LibRaw-0.22.2/src/metadata/identify.cpp:394:77: warning: missing field 'offset' initializer [-Wmissing-field-initializers]
warning: libraw-ffi@0.1.0:   394 |           {  3370752, 1232,  912,   0,  0, 16,  0,  0, 0x00, 0, 0, "Kodak", "C330" },
warning: libraw-ffi@0.1.0:       |                                                                                    ^
warning: libraw-ffi@0.1.0: vendor/LibRaw/LibRaw-0.22.2/src/metadata/identify.cpp:395:77: warning: missing field 'offset' initializer [-Wmissing-field-initializers]
warning: libraw-ffi@0.1.0:   395 |           {  6163328, 2864, 2152,   0,  0,  0,  0,  0, 0x94, 0, 0, "Kodak", "C603" },
warning: libraw-ffi@0.1.0:       |                                                                                    ^
warning: libraw-ffi@0.1.0: vendor/LibRaw/LibRaw-0.22.2/src/metadata/identify.cpp:397:77: warning: missing field 'offset' initializer [-Wmissing-field-initializers]
warning: libraw-ffi@0.1.0:   397 |           {   460800,  640,  480,   0,  0,  0,  0,  0, 0x00, 0, 0, "Kodak", "C603" },
warning: libraw-ffi@0.1.0:       |                                                                                    ^
warning: libraw-ffi@0.1.0: vendor/LibRaw/LibRaw-0.22.2/src/metadata/identify.cpp:398:77: warning: missing field 'offset' initializer [-Wmissing-field-initializers]
warning: libraw-ffi@0.1.0:   398 |           {  9116448, 2848, 2134,   0,  0,  0,  0,  0, 0x00, 0, 0, "Kodak", "C603" },
warning: libraw-ffi@0.1.0:       |                                                                                    ^
warning: libraw-ffi@0.1.0: vendor/LibRaw/LibRaw-0.22.2/src/metadata/identify.cpp:399:77: warning: missing field 'offset' initializer [-Wmissing-field-initializers]
warning: libraw-ffi@0.1.0:   399 |           { 12241200, 4040, 3030,   2,  0,  0, 13,  0, 0x49, 0, 0, "Kodak", "12MP" },
warning: libraw-ffi@0.1.0:       |                                                                                    ^
warning: libraw-ffi@0.1.0: vendor/LibRaw/LibRaw-0.22.2/src/metadata/identify.cpp:401:77: warning: missing field 'offset' initializer [-Wmissing-field-initializers]
warning: libraw-ffi@0.1.0:   401 |           { 18000000, 4000, 3000,   0,  0,  0,  0,  0, 0x00, 0, 0, "Kodak", "12MP" },
warning: libraw-ffi@0.1.0:       |                                                                                    ^
warning: libraw-ffi@0.1.0: vendor/LibRaw/LibRaw-0.22.2/src/metadata/identify.cpp:402:81: warning: missing field 'offset' initializer [-Wmissing-field-initializers]
warning: libraw-ffi@0.1.0:   402 |           {   614400,  640,  480,   0,  3,  0,  0, 64, 0x94, 0, 0, "Kodak", "KAI-0340" },
warning: libraw-ffi@0.1.0:       |                                                                                        ^
warning: libraw-ffi@0.1.0: vendor/LibRaw/LibRaw-0.22.2/src/metadata/identify.cpp:403:78: warning: missing field 'offset' initializer [-Wmissing-field-initializers]
warning: libraw-ffi@0.1.0:   403 |           { 15360000, 3200, 2400,   0,  0,  0,  0, 96, 0x16, 0, 0, "Lenovo", "A820" },
warning: libraw-ffi@0.1.0:       |                                                                                     ^
warning: libraw-ffi@0.1.0: vendor/LibRaw/LibRaw-0.22.2/src/metadata/identify.cpp:406:77: warning: missing field 'offset' initializer [-Wmissing-field-initializers]
warning: libraw-ffi@0.1.0:   406 |           {  1581060, 1305,  969,   0,  0, 18,  6,  6, 0x1e, 4, 1, "Nikon", "E900" }, // "diag raw" hack
warning: libraw-ffi@0.1.0:       |                                                                                    ^
warning: libraw-ffi@0.1.0: vendor/LibRaw/LibRaw-0.22.2/src/metadata/identify.cpp:407:77: warning: missing field 'offset' initializer [-Wmissing-field-initializers]
warning: libraw-ffi@0.1.0:   407 |           {  2465792, 1638, 1204,   0,  0, 22,  1,  6, 0x4b, 5, 1, "Nikon", "E950" }, // "diag raw" hack; possibly also Nikon E700, E800, E775;
warning: libraw-ffi@0.1.0:       |                                                                                    ^
warning: libraw-ffi@0.1.0: vendor/LibRaw/LibRaw-0.22.2/src/metadata/identify.cpp:409:78: warning: missing field 'offset' initializer [-Wmissing-field-initializers]
warning: libraw-ffi@0.1.0:   409 |           {  2940928, 1616, 1213,   0,  0,  0,  7, 30, 0x94, 0, 1, "Nikon", "E2100" }, // "diag raw" hack; also Nikon E2500
warning: libraw-ffi@0.1.0:       |                                                                                     ^
warning: libraw-ffi@0.1.0: vendor/LibRaw/LibRaw-0.22.2/src/metadata/identify.cpp:410:77: warning: missing field 'offset' initializer [-Wmissing-field-initializers]
warning: libraw-ffi@0.1.0:   410 |           {  4771840, 2064, 1541,   0,  0,  0,  1,  6, 0xe1, 0, 1, "Nikon", "E990" }, // "diag raw" hack; possibly also Nikon E880, E885, E995;
warning: libraw-ffi@0.1.0:       |                                                                                    ^
warning: libraw-ffi@0.1.0: vendor/LibRaw/LibRaw-0.22.2/src/metadata/identify.cpp:412:78: warning: missing field 'offset' initializer [-Wmissing-field-initializers]
warning: libraw-ffi@0.1.0:   412 |           {  4775936, 2064, 1542,   0,  0,  0,  0, 30, 0x94, 0, 1, "Nikon", "E3700" }, // "diag raw" hack; Nikon E3100, E3200, E3500;
warning: libraw-ffi@0.1.0:       |                                                                                     ^
warning: libraw-ffi@0.1.0: vendor/LibRaw/LibRaw-0.22.2/src/metadata/identify.cpp:414:78: warning: missing field 'offset' initializer [-Wmissing-field-initializers]
warning: libraw-ffi@0.1.0:   414 |           {  5865472, 2288, 1709,   0,  0,  0,  1,  6, 0xb4, 0, 1, "Nikon", "E4500" }, // "diag raw" hack; possibly also Olympus C-4040Z
warning: libraw-ffi@0.1.0:       |                                                                                     ^
warning: libraw-ffi@0.1.0: vendor/LibRaw/LibRaw-0.22.2/src/metadata/identify.cpp:415:78: warning: missing field 'offset' initializer [-Wmissing-field-initializers]
warning: libraw-ffi@0.1.0:   415 |           {  5869568, 2288, 1710,   0,  0,  0,  0,  6, 0x16, 0, 1, "Nikon", "E4300" }, // "diag raw" hack; also Minolta "DiMAGE Z2"
warning: libraw-ffi@0.1.0:       |                                                                                     ^
warning: libraw-ffi@0.1.0: vendor/LibRaw/LibRaw-0.22.2/src/metadata/identify.cpp:416:78: warning: missing field 'offset' initializer [-Wmissing-field-initializers]
warning: libraw-ffi@0.1.0:   416 |           {  7438336, 2576, 1925,   0,  0,  0,  1,  6, 0xb4, 0, 1, "Nikon", "E5000" }, // also Nikon E5700
warning: libraw-ffi@0.1.0:       |                                                                                     ^
warning: libraw-ffi@0.1.0: vendor/LibRaw/LibRaw-0.22.2/src/metadata/identify.cpp:417:83: warning: missing field 'offset' initializer [-Wmissing-field-initializers]
warning: libraw-ffi@0.1.0:   417 |           {  8998912, 2832, 2118,   0,  0,  0,  0, 30, 0x94, 7, 1, "Nikon", "COOLPIX S6" }, // "diag raw" hack
warning: libraw-ffi@0.1.0:       |                                                                                          ^
warning: libraw-ffi@0.1.0: vendor/LibRaw/LibRaw-0.22.2/src/metadata/identify.cpp:418:82: warning: missing field 'offset' initializer [-Wmissing-field-initializers]
warning: libraw-ffi@0.1.0:   418 |           {  5939200, 2304, 1718,   0,  0,  0,  0, 30, 0x16, 0, 0, "Olympus", "C-770UZ" }, // possibly also Olympus C-4100Z, C-765UZ
warning: libraw-ffi@0.1.0:       |                                                                                         ^
warning: libraw-ffi@0.1.0: vendor/LibRaw/LibRaw-0.22.2/src/metadata/identify.cpp:419:87: warning: missing field 'offset' initializer [-Wmissing-field-initializers]
warning: libraw-ffi@0.1.0:   419 |           {  3178560, 2064, 1540,   0,  0,  0,  0,  0, 0x94, 0, 1, "Pentax", "Optio S V1.01" },
warning: libraw-ffi@0.1.0:       |                                                                                              ^
warning: libraw-ffi@0.1.0: vendor/LibRaw/LibRaw-0.22.2/src/metadata/identify.cpp:420:81: warning: missing field 'offset' initializer [-Wmissing-field-initializers]
warning: libraw-ffi@0.1.0:   420 |           {  4841984, 2090, 1544,   0,  0, 22,  0,  0, 0x94, 7, 1, "Pentax", "Optio S" },
warning: libraw-ffi@0.1.0:       |                                                                                        ^
warning: libraw-ffi@0.1.0: vendor/LibRaw/LibRaw-0.22.2/src/metadata/identify.cpp:421:82: warning: missing field 'offset' initializer [-Wmissing-field-initializers]
warning: libraw-ffi@0.1.0:   421 |           {  6114240, 2346, 1737,   0,  0, 22,  0,  0, 0x94, 7, 1, "Pentax", "Optio S4" },
warning: libraw-ffi@0.1.0:       |                                                                                         ^
warning: libraw-ffi@0.1.0: vendor/LibRaw/LibRaw-0.22.2/src/metadata/identify.cpp:422:84: warning: missing field 'offset' initializer [-Wmissing-field-initializers]
warning: libraw-ffi@0.1.0:   422 |           { 10702848, 3072, 2322,   0,  0,  0, 21, 30, 0x94, 0, 1, "Pentax", "Optio 750Z" },
warning: libraw-ffi@0.1.0:       |                                                                                           ^
warning: libraw-ffi@0.1.0: vendor/LibRaw/LibRaw-0.22.2/src/metadata/identify.cpp:423:81: warning: missing field 'offset' initializer [-Wmissing-field-initializers]
warning: libraw-ffi@0.1.0:   423 |           {  4147200, 1920, 1080,   0,  0,  0,  0,  0, 0x49, 0, 0, "Photron", "BC2-HD" },
warning: libraw-ffi@0.1.0:       |                                                                                        ^
warning: libraw-ffi@0.1.0: vendor/LibRaw/LibRaw-0.22.2/src/metadata/identify.cpp:425:80: warning: missing field 'offset' initializer [-Wmissing-field-initializers]
warning: libraw-ffi@0.1.0:   425 |           { 13248000, 2208, 3000,   0,  0,  0,  0, 13, 0x61, 0, 0, "Pixelink", "A782" },
warning: libraw-ffi@0.1.0:       |                                                                                       ^
warning: libraw-ffi@0.1.0: vendor/LibRaw/LibRaw-0.22.2/src/metadata/identify.cpp:426:83: warning: missing field 'offset' initializer [-Wmissing-field-initializers]
warning: libraw-ffi@0.1.0:   426 |           {  6291456, 2048, 1536,   0,  0,  0,  0, 96, 0x61, 0, 0, "RoverShot", "3320AF" },
warning: libraw-ffi@0.1.0:       |                                                                                          ^
warning: libraw-ffi@0.1.0: vendor/LibRaw/LibRaw-0.22.2/src/metadata/identify.cpp:427:86: warning: missing field 'offset' initializer [-Wmissing-field-initializers]
warning: libraw-ffi@0.1.0:   427 |           {   311696,  644,  484,   0,  0,  0,  0,  0, 0x16, 0, 8, "ST Micro", "STV680 VGA" },
warning: libraw-ffi@0.1.0:       |                                                                                             ^
warning: libraw-ffi@0.1.0: vendor/LibRaw/LibRaw-0.22.2/src/metadata/identify.cpp:428:78: warning: missing field 'offset' initializer [-Wmissing-field-initializers]
warning: libraw-ffi@0.1.0:   428 |           { 16098048, 3288, 2448,   0,  0, 24,  0,  9, 0x94, 0, 1, "Samsung", "S85" }, // hack
warning: libraw-ffi@0.1.0:       |                                                                                     ^
warning: libraw-ffi@0.1.0: vendor/LibRaw/LibRaw-0.22.2/src/metadata/identify.cpp:429:78: warning: missing field 'offset' initializer [-Wmissing-field-initializers]
warning: libraw-ffi@0.1.0:   429 |           { 16215552, 3312, 2448,   0,  0, 48,  0,  9, 0x94, 0, 1, "Samsung", "S85" }, // hack
warning: libraw-ffi@0.1.0:       |                                                                                     ^
warning: libraw-ffi@0.1.0: vendor/LibRaw/LibRaw-0.22.2/src/metadata/identify.cpp:430:80: warning: missing field 'offset' initializer [-Wmissing-field-initializers]
warning: libraw-ffi@0.1.0:   430 |           { 20487168, 3648, 2808,   0,  0,  0,  0, 13, 0x94, 5, 1, "Samsung", "WB550" },
warning: libraw-ffi@0.1.0:       |                                                                                       ^
warning: libraw-ffi@0.1.0: vendor/LibRaw/LibRaw-0.22.2/src/metadata/identify.cpp:431:80: warning: missing field 'offset' initializer [-Wmissing-field-initializers]
warning: libraw-ffi@0.1.0:   431 |           { 24000000, 4000, 3000,   0,  0,  0,  0, 13, 0x94, 5, 1, "Samsung", "WB550" },
warning: libraw-ffi@0.1.0:       |                                                                                       ^
warning: libraw-ffi@0.1.0: vendor/LibRaw/LibRaw-0.22.2/src/metadata/identify.cpp:435:83: warning: missing field 'offset' initializer [-Wmissing-field-initializers]
warning: libraw-ffi@0.1.0:   435 |           {  1409024, 1376, 1024,   0,  0,  1,  0,  0, 0x49, 0, 0, "Sony", "XCD-SX910CR" },
warning: libraw-ffi@0.1.0:       |                                                                                          ^
warning: libraw-ffi@0.1.0: vendor/LibRaw/LibRaw-0.22.2/src/metadata/identify.cpp:436:83: warning: missing field 'offset' initializer [-Wmissing-field-initializers]
warning: libraw-ffi@0.1.0:   436 |           {  2818048, 1376, 1024,   0,  0,  1,  0, 97, 0x49, 0, 0, "Sony", "XCD-SX910CR" },
warning: libraw-ffi@0.1.0:       |                                                                                          ^
warning: libraw-ffi@0.1.0: vendor/LibRaw/LibRaw-0.22.2/src/metadata/identify.cpp:1124:5: warning: 'sprintf' is deprecated: This function is provided for compatibility reasons only.  Due to security concerns inherent in the design of sprintf(3), it is highly recommended that you use snprintf(3) instead. [-Wdeprecated-declarations]
warning: libraw-ffi@0.1.0:  1124 |     sprintf(model, "%dx%d", width, height);
warning: libraw-ffi@0.1.0:       |     ^
warning: libraw-ffi@0.1.0: /Applications/Xcode.app/Contents/Developer/Platforms/MacOSX.platform/Developer/SDKs/MacOSX.sdk/usr/include/_stdio.h:278:1: note: 'sprintf' has been explicitly marked deprecated here
warning: libraw-ffi@0.1.0:   278 | __deprecated_msg("This function is provided for compatibility reasons only.  Due to security concerns inherent in the design of sprintf(3), it is highly recommended that you use snprintf(3) instead.")
warning: libraw-ffi@0.1.0:       | ^
warning: libraw-ffi@0.1.0: /Applications/Xcode.app/Contents/Developer/Platforms/MacOSX.platform/Developer/SDKs/MacOSX.sdk/usr/include/sys/cdefs.h:227:48: note: expanded from macro '__deprecated_msg'
warning: libraw-ffi@0.1.0:   227 |         #define __deprecated_msg(_msg) __attribute__((__deprecated__(_msg)))
warning: libraw-ffi@0.1.0:       |                                                       ^
warning: libraw-ffi@0.1.0: vendor/LibRaw/LibRaw-0.22.2/src/metadata/identify.cpp:2292:5: warning: comparison of integers of different signs: 'int' and 'unsigned int' [-Wsign-compare]
warning: libraw-ffi@0.1.0:  2292 |                                 FORC(MIN(cblack[4] * cblack[5], LIBRAW_CBLACK_SIZE - 6)) cblack[c] *= 4;
warning: libraw-ffi@0.1.0:       |                                 ^~~~~~~~~~~~~~~~~~~~~~~~~~~~~~~~~~~~~~~~~~~~~~~~~~~~~~~~
warning: libraw-ffi@0.1.0: vendor/LibRaw/LibRaw-0.22.2/internal/defines.h:94:33: note: expanded from macro 'FORC'
warning: libraw-ffi@0.1.0:    94 | #define FORC(cnt) for (c = 0; c < cnt; c++)
warning: libraw-ffi@0.1.0:       |                               ~ ^ ~~~
warning: libraw-ffi@0.1.0: vendor/LibRaw/LibRaw-0.22.2/src/metadata/sony.cpp:785:5: warning: 'sprintf' is deprecated: This function is provided for compatibility reasons only.  Due to security concerns inherent in the design of sprintf(3), it is highly recommended that you use snprintf(3) instead. [-Wdeprecated-declarations]
warning: libraw-ffi@0.1.0:   785 |     sprintf(imgdata.shootinginfo.InternalBodySerial, "%06llx",
warning: libraw-ffi@0.1.0:       |     ^
warning: libraw-ffi@0.1.0: /Applications/Xcode.app/Contents/Developer/Platforms/MacOSX.platform/Developer/SDKs/MacOSX.sdk/usr/include/_stdio.h:278:1: note: 'sprintf' has been explicitly marked deprecated here
warning: libraw-ffi@0.1.0:   278 | __deprecated_msg("This function is provided for compatibility reasons only.  Due to security concerns inherent in the design of sprintf(3), it is highly recommended that you use snprintf(3) instead.")
warning: libraw-ffi@0.1.0:       | ^
warning: libraw-ffi@0.1.0: /Applications/Xcode.app/Contents/Developer/Platforms/MacOSX.platform/Developer/SDKs/MacOSX.sdk/usr/include/sys/cdefs.h:227:48: note: expanded from macro '__deprecated_msg'
warning: libraw-ffi@0.1.0:   227 |         #define __deprecated_msg(_msg) __attribute__((__deprecated__(_msg)))
warning: libraw-ffi@0.1.0:       |                                                       ^
warning: libraw-ffi@0.1.0: vendor/LibRaw/LibRaw-0.22.2/src/metadata/sony.cpp:797:5: warning: 'sprintf' is deprecated: This function is provided for compatibility reasons only.  Due to security concerns inherent in the design of sprintf(3), it is highly recommended that you use snprintf(3) instead. [-Wdeprecated-declarations]
warning: libraw-ffi@0.1.0:   797 |     sprintf(imgdata.shootinginfo.InternalBodySerial, "%06llx",
warning: libraw-ffi@0.1.0:       |     ^
warning: libraw-ffi@0.1.0: /Applications/Xcode.app/Contents/Developer/Platforms/MacOSX.platform/Developer/SDKs/MacOSX.sdk/usr/include/_stdio.h:278:1: note: 'sprintf' has been explicitly marked deprecated here
warning: libraw-ffi@0.1.0:   278 | __deprecated_msg("This function is provided for compatibility reasons only.  Due to security concerns inherent in the design of sprintf(3), it is highly recommended that you use snprintf(3) instead.")
warning: libraw-ffi@0.1.0:       | ^
warning: libraw-ffi@0.1.0: /Applications/Xcode.app/Contents/Developer/Platforms/MacOSX.platform/Developer/SDKs/MacOSX.sdk/usr/include/sys/cdefs.h:227:48: note: expanded from macro '__deprecated_msg'
warning: libraw-ffi@0.1.0:   227 |         #define __deprecated_msg(_msg) __attribute__((__deprecated__(_msg)))
warning: libraw-ffi@0.1.0:       |                                                       ^
warning: libraw-ffi@0.1.0: vendor/LibRaw/LibRaw-0.22.2/src/metadata/sony.cpp:810:7: warning: 'sprintf' is deprecated: This function is provided for compatibility reasons only.  Due to security concerns inherent in the design of sprintf(3), it is highly recommended that you use snprintf(3) instead. [-Wdeprecated-declarations]
warning: libraw-ffi@0.1.0:   810 |       sprintf(imgdata.shootinginfo.InternalBodySerial, "%04x",
warning: libraw-ffi@0.1.0:       |       ^
warning: libraw-ffi@0.1.0: /Applications/Xcode.app/Contents/Developer/Platforms/MacOSX.platform/Developer/SDKs/MacOSX.sdk/usr/include/_stdio.h:278:1: note: 'sprintf' has been explicitly marked deprecated here
warning: libraw-ffi@0.1.0:   278 | __deprecated_msg("This function is provided for compatibility reasons only.  Due to security concerns inherent in the design of sprintf(3), it is highly recommended that you use snprintf(3) instead.")
warning: libraw-ffi@0.1.0:       | ^
warning: libraw-ffi@0.1.0: /Applications/Xcode.app/Contents/Developer/Platforms/MacOSX.platform/Developer/SDKs/MacOSX.sdk/usr/include/sys/cdefs.h:227:48: note: expanded from macro '__deprecated_msg'
warning: libraw-ffi@0.1.0:   227 |         #define __deprecated_msg(_msg) __attribute__((__deprecated__(_msg)))
warning: libraw-ffi@0.1.0:       |                                                       ^
warning: libraw-ffi@0.1.0: vendor/LibRaw/LibRaw-0.22.2/src/metadata/sony.cpp:820:7: warning: 'sprintf' is deprecated: This function is provided for compatibility reasons only.  Due to security concerns inherent in the design of sprintf(3), it is highly recommended that you use snprintf(3) instead. [-Wdeprecated-declarations]
warning: libraw-ffi@0.1.0:   820 |       sprintf(imgdata.shootinginfo.InternalBodySerial, "%05llx",
warning: libraw-ffi@0.1.0:       |       ^
warning: libraw-ffi@0.1.0: /Applications/Xcode.app/Contents/Developer/Platforms/MacOSX.platform/Developer/SDKs/MacOSX.sdk/usr/include/_stdio.h:278:1: note: 'sprintf' has been explicitly marked deprecated here
warning: libraw-ffi@0.1.0:   278 | __deprecated_msg("This function is provided for compatibility reasons only.  Due to security concerns inherent in the design of sprintf(3), it is highly recommended that you use snprintf(3) instead.")
warning: libraw-ffi@0.1.0:       | ^
warning: libraw-ffi@0.1.0: /Applications/Xcode.app/Contents/Developer/Platforms/MacOSX.platform/Developer/SDKs/MacOSX.sdk/usr/include/sys/cdefs.h:227:48: note: expanded from macro '__deprecated_msg'
warning: libraw-ffi@0.1.0:   227 |         #define __deprecated_msg(_msg) __attribute__((__deprecated__(_msg)))
warning: libraw-ffi@0.1.0:       |                                                       ^
warning: libraw-ffi@0.1.0: vendor/LibRaw/LibRaw-0.22.2/src/metadata/sony.cpp:2339:20: warning: comparison of integers of different signs: 'int' and 'unsigned int' [-Wsign-compare]
warning: libraw-ffi@0.1.0:  2339 |           if (ioffset + 3 >= len)
warning: libraw-ffi@0.1.0:       |               ~~~~~~~~~~~ ^  ~~~
warning: libraw-ffi@0.1.0: 5 warnings generated.
warning: libraw-ffi@0.1.0: vendor/LibRaw/LibRaw-0.22.2/src/metadata/ciff.cpp:264:9: warning: 'sprintf' is deprecated: This function is provided for compatibility reasons only.  Due to security concerns inherent in the design of sprintf(3), it is highly recommended that you use snprintf(3) instead. [-Wdeprecated-declarations]
warning: libraw-ffi@0.1.0:   264 |         sprintf(imgdata.shootinginfo.BodySerial, "%d", len);
warning: libraw-ffi@0.1.0:       |         ^
warning: libraw-ffi@0.1.0: /Applications/Xcode.app/Contents/Developer/Platforms/MacOSX.platform/Developer/SDKs/MacOSX.sdk/usr/include/_stdio.h:278:1: note: 'sprintf' has been explicitly marked deprecated here
warning: libraw-ffi@0.1.0:   278 | __deprecated_msg("This function is provided for compatibility reasons only.  Due to security concerns inherent in the design of sprintf(3), it is highly recommended that you use snprintf(3) instead.")
warning: libraw-ffi@0.1.0:       | ^
warning: libraw-ffi@0.1.0: /Applications/Xcode.app/Contents/Developer/Platforms/MacOSX.platform/Developer/SDKs/MacOSX.sdk/usr/include/sys/cdefs.h:227:48: note: expanded from macro '__deprecated_msg'
warning: libraw-ffi@0.1.0:   227 |         #define __deprecated_msg(_msg) __attribute__((__deprecated__(_msg)))
warning: libraw-ffi@0.1.0:       |                                                       ^
warning: libraw-ffi@0.1.0: vendor/LibRaw/LibRaw-0.22.2/src/metadata/ciff.cpp:266:9: warning: 'sprintf' is deprecated: This function is provided for compatibility reasons only.  Due to security concerns inherent in the design of sprintf(3), it is highly recommended that you use snprintf(3) instead. [-Wdeprecated-declarations]
warning: libraw-ffi@0.1.0:   266 |         sprintf(imgdata.shootinginfo.BodySerial, "%0x-%05d", len >> 16,
warning: libraw-ffi@0.1.0:       |         ^
warning: libraw-ffi@0.1.0: /Applications/Xcode.app/Contents/Developer/Platforms/MacOSX.platform/Developer/SDKs/MacOSX.sdk/usr/include/_stdio.h:278:1: note: 'sprintf' has been explicitly marked deprecated here
warning: libraw-ffi@0.1.0:   278 | __deprecated_msg("This function is provided for compatibility reasons only.  Due to security concerns inherent in the design of sprintf(3), it is highly recommended that you use snprintf(3) instead.")
warning: libraw-ffi@0.1.0:       | ^
warning: libraw-ffi@0.1.0: /Applications/Xcode.app/Contents/Developer/Platforms/MacOSX.platform/Developer/SDKs/MacOSX.sdk/usr/include/sys/cdefs.h:227:48: note: expanded from macro '__deprecated_msg'
warning: libraw-ffi@0.1.0:   227 |         #define __deprecated_msg(_msg) __attribute__((__deprecated__(_msg)))
warning: libraw-ffi@0.1.0:       |                                                       ^
warning: libraw-ffi@0.1.0: 2 warnings generated.
warning: libraw-ffi@0.1.0: 136 warnings generated.
warning: libraw-ffi@0.1.0: vendor/LibRaw/LibRaw-0.22.2/src/metadata/nikon.cpp:525:11: warning: 'sprintf' is deprecated: This function is provided for compatibility reasons only.  Due to security concerns inherent in the design of sprintf(3), it is highly recommended that you use snprintf(3) instead. [-Wdeprecated-declarations]
warning: libraw-ffi@0.1.0:   525 |           sprintf(imgdata.shootinginfo.BodySerial, "%d", serial);
warning: libraw-ffi@0.1.0:       |           ^
warning: libraw-ffi@0.1.0: /Applications/Xcode.app/Contents/Developer/Platforms/MacOSX.platform/Developer/SDKs/MacOSX.sdk/usr/include/_stdio.h:278:1: note: 'sprintf' has been explicitly marked deprecated here
warning: libraw-ffi@0.1.0:   278 | __deprecated_msg("This function is provided for compatibility reasons only.  Due to security concerns inherent in the design of sprintf(3), it is highly recommended that you use snprintf(3) instead.")
warning: libraw-ffi@0.1.0:       | ^
warning: libraw-ffi@0.1.0: /Applications/Xcode.app/Contents/Developer/Platforms/MacOSX.platform/Developer/SDKs/MacOSX.sdk/usr/include/sys/cdefs.h:227:48: note: expanded from macro '__deprecated_msg'
warning: libraw-ffi@0.1.0:   227 |         #define __deprecated_msg(_msg) __attribute__((__deprecated__(_msg)))
warning: libraw-ffi@0.1.0:       |                                                       ^
warning: libraw-ffi@0.1.0: 1 warning generated.
warning: libraw-ffi@0.1.0: vendor/LibRaw/LibRaw-0.22.2/src/metadata/pentax.cpp:493:5: warning: 'sprintf' is deprecated: This function is provided for compatibility reasons only.  Due to security concerns inherent in the design of sprintf(3), it is highly recommended that you use snprintf(3) instead. [-Wdeprecated-declarations]
warning: libraw-ffi@0.1.0:   493 |     sprintf(imgdata.shootinginfo.InternalBodySerial, "%d", get4());
warning: libraw-ffi@0.1.0:       |     ^
warning: libraw-ffi@0.1.0: /Applications/Xcode.app/Contents/Developer/Platforms/MacOSX.platform/Developer/SDKs/MacOSX.sdk/usr/include/_stdio.h:278:1: note: 'sprintf' has been explicitly marked deprecated here
warning: libraw-ffi@0.1.0:   278 | __deprecated_msg("This function is provided for compatibility reasons only.  Due to security concerns inherent in the design of sprintf(3), it is highly recommended that you use snprintf(3) instead.")
warning: libraw-ffi@0.1.0:       | ^
warning: libraw-ffi@0.1.0: /Applications/Xcode.app/Contents/Developer/Platforms/MacOSX.platform/Developer/SDKs/MacOSX.sdk/usr/include/sys/cdefs.h:227:48: note: expanded from macro '__deprecated_msg'
warning: libraw-ffi@0.1.0:   227 |         #define __deprecated_msg(_msg) __attribute__((__deprecated__(_msg)))
warning: libraw-ffi@0.1.0:       |                                                       ^
warning: libraw-ffi@0.1.0: vendor/LibRaw/LibRaw-0.22.2/src/metadata/pentax.cpp:553:9: warning: 'sprintf' is deprecated: This function is provided for compatibility reasons only.  Due to security concerns inherent in the design of sprintf(3), it is highly recommended that you use snprintf(3) instead. [-Wdeprecated-declarations]
warning: libraw-ffi@0.1.0:   553 |         sprintf(imgdata.shootinginfo.BodySerial, "%8s", buffer + 8);
warning: libraw-ffi@0.1.0:       |         ^
warning: libraw-ffi@0.1.0: /Applications/Xcode.app/Contents/Developer/Platforms/MacOSX.platform/Developer/SDKs/MacOSX.sdk/usr/include/_stdio.h:278:1: note: 'sprintf' has been explicitly marked deprecated here
warning: libraw-ffi@0.1.0:   278 | __deprecated_msg("This function is provided for compatibility reasons only.  Due to security concerns inherent in the design of sprintf(3), it is highly recommended that you use snprintf(3) instead.")
warning: libraw-ffi@0.1.0:       | ^
warning: libraw-ffi@0.1.0: /Applications/Xcode.app/Contents/Developer/Platforms/MacOSX.platform/Developer/SDKs/MacOSX.sdk/usr/include/sys/cdefs.h:227:48: note: expanded from macro '__deprecated_msg'
warning: libraw-ffi@0.1.0:   227 |         #define __deprecated_msg(_msg) __attribute__((__deprecated__(_msg)))
warning: libraw-ffi@0.1.0:       |                                                       ^
warning: libraw-ffi@0.1.0: vendor/LibRaw/LibRaw-0.22.2/src/metadata/pentax.cpp:556:7: warning: 'sprintf' is deprecated: This function is provided for compatibility reasons only.  Due to security concerns inherent in the design of sprintf(3), it is highly recommended that you use snprintf(3) instead. [-Wdeprecated-declarations]
warning: libraw-ffi@0.1.0:   556 |       sprintf(imgdata.shootinginfo.InternalBodySerial, "%8s", buffer);
warning: libraw-ffi@0.1.0:       |       ^
warning: libraw-ffi@0.1.0: /Applications/Xcode.app/Contents/Developer/Platforms/MacOSX.platform/Developer/SDKs/MacOSX.sdk/usr/include/_stdio.h:278:1: note: 'sprintf' has been explicitly marked deprecated here
warning: libraw-ffi@0.1.0:   278 | __deprecated_msg("This function is provided for compatibility reasons only.  Due to security concerns inherent in the design of sprintf(3), it is highly recommended that you use snprintf(3) instead.")
warning: libraw-ffi@0.1.0:       | ^
warning: libraw-ffi@0.1.0: /Applications/Xcode.app/Contents/Developer/Platforms/MacOSX.platform/Developer/SDKs/MacOSX.sdk/usr/include/sys/cdefs.h:227:48: note: expanded from macro '__deprecated_msg'
warning: libraw-ffi@0.1.0:   227 |         #define __deprecated_msg(_msg) __attribute__((__deprecated__(_msg)))
warning: libraw-ffi@0.1.0:       |                                                       ^
warning: libraw-ffi@0.1.0: vendor/LibRaw/LibRaw-0.22.2/src/metadata/pentax.cpp:560:7: warning: 'sprintf' is deprecated: This function is provided for compatibility reasons only.  Due to security concerns inherent in the design of sprintf(3), it is highly recommended that you use snprintf(3) instead. [-Wdeprecated-declarations]
warning: libraw-ffi@0.1.0:   560 |       sprintf(imgdata.shootinginfo.BodySerial, "%02x%02x%02x%02x", buffer[4],
warning: libraw-ffi@0.1.0:       |       ^
warning: libraw-ffi@0.1.0: /Applications/Xcode.app/Contents/Developer/Platforms/MacOSX.platform/Developer/SDKs/MacOSX.sdk/usr/include/_stdio.h:278:1: note: 'sprintf' has been explicitly marked deprecated here
warning: libraw-ffi@0.1.0:   278 | __deprecated_msg("This function is provided for compatibility reasons only.  Due to security concerns inherent in the design of sprintf(3), it is highly recommended that you use snprintf(3) instead.")
warning: libraw-ffi@0.1.0:       | ^
warning: libraw-ffi@0.1.0: /Applications/Xcode.app/Contents/Developer/Platforms/MacOSX.platform/Developer/SDKs/MacOSX.sdk/usr/include/sys/cdefs.h:227:48: note: expanded from macro '__deprecated_msg'
warning: libraw-ffi@0.1.0:   227 |         #define __deprecated_msg(_msg) __attribute__((__deprecated__(_msg)))
warning: libraw-ffi@0.1.0:       |                                                       ^
warning: libraw-ffi@0.1.0: vendor/LibRaw/LibRaw-0.22.2/src/metadata/pentax.cpp:562:7: warning: 'sprintf' is deprecated: This function is provided for compatibility reasons only.  Due to security concerns inherent in the design of sprintf(3), it is highly recommended that you use snprintf(3) instead. [-Wdeprecated-declarations]
warning: libraw-ffi@0.1.0:   562 |       sprintf(imgdata.shootinginfo.InternalBodySerial, "%02x%02x%02x%02x",
warning: libraw-ffi@0.1.0:       |       ^
warning: libraw-ffi@0.1.0: /Applications/Xcode.app/Contents/Developer/Platforms/MacOSX.platform/Developer/SDKs/MacOSX.sdk/usr/include/_stdio.h:278:1: note: 'sprintf' has been explicitly marked deprecated here
warning: libraw-ffi@0.1.0:   278 | __deprecated_msg("This function is provided for compatibility reasons only.  Due to security concerns inherent in the design of sprintf(3), it is highly recommended that you use snprintf(3) instead.")
warning: libraw-ffi@0.1.0:       | ^
warning: libraw-ffi@0.1.0: /Applications/Xcode.app/Contents/Developer/Platforms/MacOSX.platform/Developer/SDKs/MacOSX.sdk/usr/include/sys/cdefs.h:227:48: note: expanded from macro '__deprecated_msg'
warning: libraw-ffi@0.1.0:   227 |         #define __deprecated_msg(_msg) __attribute__((__deprecated__(_msg)))
warning: libraw-ffi@0.1.0:       |                                                       ^
warning: libraw-ffi@0.1.0: 5 warnings generated.
warning: libraw-ffi@0.1.0: vendor/LibRaw/LibRaw-0.22.2/src/metadata/normalize_model.cpp:552:130: warning: suspicious concatenation of string literals in an array initialization; did you mean to separate the elements with a comma? [-Wstring-concatenation]
warning: libraw-ffi@0.1.0:   552 |     "@DC-ZS200", "DC-ZS220", "DC-TZ200", "DC-TZ202", "DC-TZ220", "DC-TZ200D", "DC-TZ202D", "DC-TZ220D", "DC-ZS200D", "DC-ZS220D" "DC-TX2", "C-Lux", "CAM-DC25",
warning: libraw-ffi@0.1.0:       |                                                                                                                                  ^
warning: libraw-ffi@0.1.0:       |                                                                                                                                 ,
warning: libraw-ffi@0.1.0: vendor/LibRaw/LibRaw-0.22.2/src/metadata/normalize_model.cpp:552:118: note: place parentheses around the string literal to silence warning
warning: libraw-ffi@0.1.0:   552 |     "@DC-ZS200", "DC-ZS220", "DC-TZ200", "DC-TZ202", "DC-TZ220", "DC-TZ200D", "DC-TZ202D", "DC-TZ220D", "DC-ZS200D", "DC-ZS220D" "DC-TX2", "C-Lux", "CAM-DC25",
warning: libraw-ffi@0.1.0:       |                                                                                                                      ^
warning: libraw-ffi@0.1.0: 1 warning generated.
warning: libraw-ffi@0.1.0: vendor/LibRaw/LibRaw-0.22.2/src/metadata/canon.cpp:864:5: warning: 'sprintf' is deprecated: This function is provided for compatibility reasons only.  Due to security concerns inherent in the design of sprintf(3), it is highly recommended that you use snprintf(3) instead. [-Wdeprecated-declarations]
warning: libraw-ffi@0.1.0:   864 |     sprintf(imgdata.shootinginfo.BodySerial, "%d", tS);
warning: libraw-ffi@0.1.0:       |     ^
warning: libraw-ffi@0.1.0: /Applications/Xcode.app/Contents/Developer/Platforms/MacOSX.platform/Developer/SDKs/MacOSX.sdk/usr/include/_stdio.h:278:1: note: 'sprintf' has been explicitly marked deprecated here
warning: libraw-ffi@0.1.0:   278 | __deprecated_msg("This function is provided for compatibility reasons only.  Due to security concerns inherent in the design of sprintf(3), it is highly recommended that you use snprintf(3) instead.")
warning: libraw-ffi@0.1.0:       | ^
warning: libraw-ffi@0.1.0: /Applications/Xcode.app/Contents/Developer/Platforms/MacOSX.platform/Developer/SDKs/MacOSX.sdk/usr/include/sys/cdefs.h:227:48: note: expanded from macro '__deprecated_msg'
warning: libraw-ffi@0.1.0:   227 |         #define __deprecated_msg(_msg) __attribute__((__deprecated__(_msg)))
warning: libraw-ffi@0.1.0:       |                                                       ^
warning: libraw-ffi@0.1.0: 1 warning generated.
warning: libraw-ffi@0.1.0: vendor/LibRaw/LibRaw-0.22.2/src/metadata/tiff.cpp:1029:7: warning: 'sprintf' is deprecated: This function is provided for compatibility reasons only.  Due to security concerns inherent in the design of sprintf(3), it is highly recommended that you use snprintf(3) instead. [-Wdeprecated-declarations]
warning: libraw-ffi@0.1.0:  1029 |       sprintf(model, "Ixpress %d-Mp", c);
warning: libraw-ffi@0.1.0:       |       ^
warning: libraw-ffi@0.1.0: /Applications/Xcode.app/Contents/Developer/Platforms/MacOSX.platform/Developer/SDKs/MacOSX.sdk/usr/include/_stdio.h:278:1: note: 'sprintf' has been explicitly marked deprecated here
warning: libraw-ffi@0.1.0:   278 | __deprecated_msg("This function is provided for compatibility reasons only.  Due to security concerns inherent in the design of sprintf(3), it is highly recommended that you use snprintf(3) instead.")
warning: libraw-ffi@0.1.0:       | ^
warning: libraw-ffi@0.1.0: /Applications/Xcode.app/Contents/Developer/Platforms/MacOSX.platform/Developer/SDKs/MacOSX.sdk/usr/include/sys/cdefs.h:227:48: note: expanded from macro '__deprecated_msg'
warning: libraw-ffi@0.1.0:   227 |         #define __deprecated_msg(_msg) __attribute__((__deprecated__(_msg)))
warning: libraw-ffi@0.1.0:       |                                                       ^
warning: libraw-ffi@0.1.0: vendor/LibRaw/LibRaw-0.22.2/src/metadata/tiff.cpp:1230:13: warning: comparison of integers of different signs: 'int' and 'unsigned int' [-Wsign-compare]
warning: libraw-ffi@0.1.0:  1230 |                                         if (fj > libraw_internal_data.unpacker_data.lenRAFData - 3)
warning: libraw-ffi@0.1.0:       |                                             ~~ ^ ~~~~~~~~~~~~~~~~~~~~~~~~~~~~~~~~~~~~~~~~~~~~~~~~~
warning: libraw-ffi@0.1.0: vendor/LibRaw/LibRaw-0.22.2/src/metadata/tiff.cpp:1239:15: warning: comparison of integers of different signs: 'int' and 'unsigned int' [-Wsign-compare]
warning: libraw-ffi@0.1.0:  1239 |                                                 && ofst < libraw_internal_data.unpacker_data.lenRAFData - 3;
warning: libraw-ffi@0.1.0:       |                                                    ~~~~ ^ ~~~~~~~~~~~~~~~~~~~~~~~~~~~~~~~~~~~~~~~~~~~~~~~~~
warning: libraw-ffi@0.1.0: vendor/LibRaw/LibRaw-0.22.2/src/metadata/tiff.cpp:1635:17: warning: comparison of integers of different signs: 'int' and 'unsigned int' [-Wsign-compare]
warning: libraw-ffi@0.1.0:  1635 |                                   if (items == SR2SubIFDLength)
warning: libraw-ffi@0.1.0:       |                                       ~~~~~ ^  ~~~~~~~~~~~~~~~
warning: libraw-ffi@0.1.0: vendor/LibRaw/LibRaw-0.22.2/src/metadata/tiff.cpp:1748:12: warning: comparison of integers of different signs: 'int' and 'unsigned int' [-Wsign-compare]
warning: libraw-ffi@0.1.0:  1748 |         if (items == sony_length)
warning: libraw-ffi@0.1.0:       |             ~~~~~ ^  ~~~~~~~~~~~
warning: libraw-ffi@0.1.0: vendor/LibRaw/LibRaw-0.22.2/src/metadata/tiff.cpp:2005:4: warning: misleading indentation; statement is not part of the previous 'if' [-Wmisleading-indentation]
warning: libraw-ffi@0.1.0:  2005 |           if (!strncasecmp(make, "Sony", 4) && tiff_ifd[i].bps == 8 && tiff_ifd[i].phint == 6 && tiff_ifd[i].comp == 7 &&
warning: libraw-ffi@0.1.0:       |           ^
warning: libraw-ffi@0.1.0: vendor/LibRaw/LibRaw-0.22.2/src/metadata/tiff.cpp:2002:7: note: previous statement is here
warning: libraw-ffi@0.1.0:  2002 |       if (tiff_ifd[i].phint == 2 && tiff_ifd[i].extrasamples > 0 && tiff_ifd[i].samples > 3)
warning: libraw-ffi@0.1.0:       |       ^
warning: libraw-ffi@0.1.0: 6 warnings generated.
warning: libraw-ffi@0.1.0: vendor/LibRaw/LibRaw-0.22.2/src/metadata/misc_parsers.cpp:123:3: warning: 'sprintf' is deprecated: This function is provided for compatibility reasons only.  Due to security concerns inherent in the design of sprintf(3), it is highly recommended that you use snprintf(3) instead. [-Wdeprecated-declarations]
warning: libraw-ffi@0.1.0:   123 |   sprintf(model, "%d", get4());
warning: libraw-ffi@0.1.0:       |   ^
warning: libraw-ffi@0.1.0: /Applications/Xcode.app/Contents/Developer/Platforms/MacOSX.platform/Developer/SDKs/MacOSX.sdk/usr/include/_stdio.h:278:1: note: 'sprintf' has been explicitly marked deprecated here
warning: libraw-ffi@0.1.0:   278 | __deprecated_msg("This function is provided for compatibility reasons only.  Due to security concerns inherent in the design of sprintf(3), it is highly recommended that you use snprintf(3) instead.")
warning: libraw-ffi@0.1.0:       | ^
warning: libraw-ffi@0.1.0: /Applications/Xcode.app/Contents/Developer/Platforms/MacOSX.platform/Developer/SDKs/MacOSX.sdk/usr/include/sys/cdefs.h:227:48: note: expanded from macro '__deprecated_msg'
warning: libraw-ffi@0.1.0:   227 |         #define __deprecated_msg(_msg) __attribute__((__deprecated__(_msg)))
warning: libraw-ffi@0.1.0:       |                                                       ^
warning: libraw-ffi@0.1.0: vendor/LibRaw/LibRaw-0.22.2/src/metadata/misc_parsers.cpp:209:3: warning: 'sprintf' is deprecated: This function is provided for compatibility reasons only.  Due to security concerns inherent in the design of sprintf(3), it is highly recommended that you use snprintf(3) instead. [-Wdeprecated-declarations]
warning: libraw-ffi@0.1.0:   209 |   sprintf(model, "v%d %dx%d", ver, width, height);
warning: libraw-ffi@0.1.0:       |   ^
warning: libraw-ffi@0.1.0: /Applications/Xcode.app/Contents/Developer/Platforms/MacOSX.platform/Developer/SDKs/MacOSX.sdk/usr/include/_stdio.h:278:1: note: 'sprintf' has been explicitly marked deprecated here
warning: libraw-ffi@0.1.0:   278 | __deprecated_msg("This function is provided for compatibility reasons only.  Due to security concerns inherent in the design of sprintf(3), it is highly recommended that you use snprintf(3) instead.")
warning: libraw-ffi@0.1.0:       | ^
warning: libraw-ffi@0.1.0: /Applications/Xcode.app/Contents/Developer/Platforms/MacOSX.platform/Developer/SDKs/MacOSX.sdk/usr/include/sys/cdefs.h:227:48: note: expanded from macro '__deprecated_msg'
warning: libraw-ffi@0.1.0:   227 |         #define __deprecated_msg(_msg) __attribute__((__deprecated__(_msg)))
warning: libraw-ffi@0.1.0:       |                                                       ^
warning: libraw-ffi@0.1.0: 2 warnings generated.
    Checking pipeline-cpu v0.1.0 (/Users/rutmehta/Developer/tessera/.worktrees/M2-09b/crates/pipeline-cpu)
    Checking pipeline-adobe v0.1.0 (/Users/rutmehta/Developer/tessera/.worktrees/M2-09b/crates/pipeline-adobe)
    Checking image-core v0.1.0 (/Users/rutmehta/Developer/tessera/.worktrees/M2-09b/crates/image-core)
    Checking pipeline-gpu v0.1.0 (/Users/rutmehta/Developer/tessera/.worktrees/M2-09b/crates/pipeline-gpu)
    Finished `dev` profile [unoptimized + debuginfo] target(s) in 2.29s
