[0/1] Planning build
Building for production...
[0/8] Write sources
[3/8] Write swift-version--58304C5D6DBC2206.txt
[5/9] Compiling TesseraFFI TesseraFFI.swift
[6/10] Compiling TesseraCore AppDefaultsIsolation.swift
/Users/rutmehta/.codex/worktrees/export-integration/tessera/apps/mac/Sources/TesseraCore/Document/StubDocumentBackend.swift:860:30: warning: reference to captured var 'step' in concurrently-executing code [#SendableClosureCaptures]
 858 |         DispatchQueue.concurrentPerform(iterations: bands) { band in
 859 |             for r in (rows * band / bands)..<(rows * (band + 1) / bands) {
 860 |                 let ty = r * step
     |                              `- warning: reference to captured var 'step' in concurrently-executing code [#SendableClosureCaptures]
 861 |                 let cy = (Float(y0 + ty) + 0.5 * Float(step)) * scale
 862 |                 var tx = 0

/Users/rutmehta/.codex/worktrees/export-integration/tessera/apps/mac/Sources/TesseraCore/Document/StubDocumentBackend.swift:861:56: warning: reference to captured var 'step' in concurrently-executing code [#SendableClosureCaptures]
 859 |             for r in (rows * band / bands)..<(rows * (band + 1) / bands) {
 860 |                 let ty = r * step
 861 |                 let cy = (Float(y0 + ty) + 0.5 * Float(step)) * scale
     |                                                        `- warning: reference to captured var 'step' in concurrently-executing code [#SendableClosureCaptures]
 862 |                 var tx = 0
 863 |                 while tx < rw {

/Users/rutmehta/.codex/worktrees/export-integration/tessera/apps/mac/Sources/TesseraCore/Document/StubDocumentBackend.swift:864:71: warning: reference to captured var 'step' in concurrently-executing code [#SendableClosureCaptures]
 862 |                 var tx = 0
 863 |                 while tx < rw {
 864 |                     let c = comp.sample((Float(x0 + tx) + 0.5 * Float(step)) * scale, cy)
     |                                                                       `- warning: reference to captured var 'step' in concurrently-executing code [#SendableClosureCaptures]
 865 |                     for dy in 0..<min(step, rh - ty) {
 866 |                         let line = bytes + (ty + dy) * stride

/Users/rutmehta/.codex/worktrees/export-integration/tessera/apps/mac/Sources/TesseraCore/Document/StubDocumentBackend.swift:865:39: warning: reference to captured var 'step' in concurrently-executing code [#SendableClosureCaptures]
 863 |                 while tx < rw {
 864 |                     let c = comp.sample((Float(x0 + tx) + 0.5 * Float(step)) * scale, cy)
 865 |                     for dy in 0..<min(step, rh - ty) {
     |                                       `- warning: reference to captured var 'step' in concurrently-executing code [#SendableClosureCaptures]
 866 |                         let line = bytes + (ty + dy) * stride
 867 |                         for dx in 0..<min(step, rw - tx) { Self.store(c, line + (tx + dx) * 4) }

/Users/rutmehta/.codex/worktrees/export-integration/tessera/apps/mac/Sources/TesseraCore/Document/StubDocumentBackend.swift:867:43: warning: reference to captured var 'step' in concurrently-executing code [#SendableClosureCaptures]
 865 |                     for dy in 0..<min(step, rh - ty) {
 866 |                         let line = bytes + (ty + dy) * stride
 867 |                         for dx in 0..<min(step, rw - tx) { Self.store(c, line + (tx + dx) * 4) }
     |                                           `- warning: reference to captured var 'step' in concurrently-executing code [#SendableClosureCaptures]
 868 |                     }
 869 |                     tx += step

/Users/rutmehta/.codex/worktrees/export-integration/tessera/apps/mac/Sources/TesseraCore/Document/StubDocumentBackend.swift:869:27: warning: reference to captured var 'step' in concurrently-executing code [#SendableClosureCaptures]
 867 |                         for dx in 0..<min(step, rw - tx) { Self.store(c, line + (tx + dx) * 4) }
 868 |                     }
 869 |                     tx += step
     |                           `- warning: reference to captured var 'step' in concurrently-executing code [#SendableClosureCaptures]
 870 |                 }
 871 |             }

[#SendableClosureCaptures]: <https://docs.swift.org/compiler/documentation/diagnostics/sendable-closure-captures>
[7/11] Compiling Tessera AISettingsView.swift
/Users/rutmehta/.codex/worktrees/export-integration/tessera/apps/mac/Sources/Tessera/Document/AdjustmentEditors.swift:55:55: warning: passing non-Sendable parameter 'change' to function expecting a '@Sendable' closure
 52 |     }
 53 | 
 54 |     private func checkbox(_ title: String, _ on: Bool, _ key: String, _ change: @escaping (Bool) -> Void) -> some View {
    |                                                                         `- note: parameter 'change' is implicitly non-Sendable
 55 |         Toggle(title, isOn: Binding(get: { on }, set: change))
    |                                                       `- warning: passing non-Sendable parameter 'change' to function expecting a '@Sendable' closure
 56 |             .toggleStyle(.checkbox)
 57 |             .font(Theme.Fonts.caption)

/Users/rutmehta/.codex/worktrees/export-integration/tessera/apps/mac/Sources/Tessera/Document/Transforms/DocumentTransforms.swift:676:21: warning: 'where' only applies to the second pattern match in this 'case'
674 |         let mods = e.modifierFlags.intersection(.deviceIndependentFlagsMask).subtracting([.numericPad, .function, .capsLock])
675 |         switch e.keyCode {
676 |         case 36, 76 where mods.isEmpty || mods == [.command]: apply(); return true
    |              |   |  `- warning: 'where' only applies to the second pattern match in this 'case'
    |              |   `- note: disambiguate by adding a line break between them if this is desired
    |              `- note: duplicate the 'where' on both patterns to check both patterns
677 |         case 53 where mods.isEmpty: cancel(); return true
678 |         case 51, 117 where mods.isEmpty:

/Users/rutmehta/.codex/worktrees/export-integration/tessera/apps/mac/Sources/Tessera/Document/Transforms/DocumentTransforms.swift:678:22: warning: 'where' only applies to the second pattern match in this 'case'
676 |         case 36, 76 where mods.isEmpty || mods == [.command]: apply(); return true
677 |         case 53 where mods.isEmpty: cancel(); return true
678 |         case 51, 117 where mods.isEmpty:
    |              |   |   `- warning: 'where' only applies to the second pattern match in this 'case'
    |              |   `- note: disambiguate by adding a line break between them if this is desired
    |              `- note: duplicate the 'where' on both patterns to check both patterns
679 |             if case .puppet = session?.op, selectedPin != nil { removeSelectedPin(); return true }
680 |             return false

/Users/rutmehta/.codex/worktrees/export-integration/tessera/apps/mac/Sources/Tessera/Document/Transforms/TransformSelfTest.swift:460:16: warning: value 'id' was defined but never used; consider replacing with boolean test [#no-usage]
458 | 
459 |         // 395: position lock rejects geometry.
460 |         if let id = doc?.primary?.id {
    |                `- warning: value 'id' was defined but never used; consider replacing with boolean test [#no-usage]
461 |             doc?.toggleLock(.position)
462 |             await settle()
[7/11] Write Objects.LinkFileList
ld: warning: object file (/Users/rutmehta/.codex/worktrees/export-integration/tessera/apps/mac/build/ffi/libtessera_ffi.a[2845](a1edd97dd51cd48d-blake3_neon.o)) was built for newer 'macOS' version (26.5) than being linked (15.0)
[8/11] Linking Tessera
[10/12] Compiling TesseraCoreTests AgentReviewLayoutTests.swift
/Users/rutmehta/.codex/worktrees/export-integration/tessera/apps/mac/Tests/TesseraCoreTests/EngineDocumentBackendTests.swift:190:54: warning: capture of 'self' with non-Sendable type 'EngineDocumentBackendTests' in a '@Sendable' closure [#SendableClosureCaptures]
  9 | /// history ids, listener coalescing, a real `DocumentSession` behind `DocumentBackend`, and the
 10 | /// workspace's engine-vs-stub choice.
 11 | final class EngineDocumentBackendTests: XCTestCase {
    |             `- note: class 'EngineDocumentBackendTests' does not conform to the 'Sendable' protocol
 12 |     private func temp() throws -> URL {
 13 |         let dir = FileManager.default.temporaryDirectory.appendingPathComponent("engine-doc-\(UUID().uuidString)")
    :
188 |         let done = expectation(description: "delivered")
189 |         DispatchQueue.global().async {
190 |             for e in 1...20 { adapter.onFrame(frame: self.frameInfo(epoch: UInt64(e))) }
    |                                                      `- warning: capture of 'self' with non-Sendable type 'EngineDocumentBackendTests' in a '@Sendable' closure [#SendableClosureCaptures]
191 |             DispatchQueue.main.async { done.fulfill() }
192 |         }

[#SendableClosureCaptures]: <https://docs.swift.org/compiler/documentation/diagnostics/sendable-closure-captures>
[11/13] Compiling TesseraPackageTests runner.swift
[11/13] Write Objects.LinkFileList
ld: warning: object file (/Users/rutmehta/.codex/worktrees/export-integration/tessera/apps/mac/build/ffi/libtessera_ffi.a[2845](a1edd97dd51cd48d-blake3_neon.o)) was built for newer 'macOS' version (26.5) than being linked (15.0)
[12/13] Linking TesseraPackageTests
Build complete! (151.66s)
Test Suite 'All tests' started at 2026-09-27 16:25:15.561.
Test Suite 'TesseraPackageTests.xctest' started at 2026-09-27 16:25:15.563.
Test Suite 'AISettingsTests' started at 2026-09-27 16:25:15.563.
Test Case '-[TesseraCoreTests.AISettingsTests testKeychainStoreRoundTripUsesItsOwnService]' started.
Test Case '-[TesseraCoreTests.AISettingsTests testKeychainStoreRoundTripUsesItsOwnService]' passed (0.033 seconds).
Test Case '-[TesseraCoreTests.AISettingsTests testKeysLiveOnlyInTheSecretStoreAndProvidersReadThemLate]' started.
Test Case '-[TesseraCoreTests.AISettingsTests testKeysLiveOnlyInTheSecretStoreAndProvidersReadThemLate]' passed (0.002 seconds).
Test Case '-[TesseraCoreTests.AISettingsTests testPreferencesToleratePartialFilesAndClampGuardrails]' started.
Test Case '-[TesseraCoreTests.AISettingsTests testPreferencesToleratePartialFilesAndClampGuardrails]' passed (0.001 seconds).
Test Suite 'AISettingsTests' passed at 2026-09-27 16:25:15.599.
	 Executed 3 tests, with 0 failures (0 unexpected) in 0.036 (0.037) seconds
Test Suite 'AgentFadeTests' started at 2026-09-27 16:25:15.599.
Test Case '-[TesseraCoreTests.AgentFadeTests testBlendInterpolatesNumbersAndSwitchesOtherValuesAtHalf]' started.
Test Case '-[TesseraCoreTests.AgentFadeTests testBlendInterpolatesNumbersAndSwitchesOtherValuesAtHalf]' passed (0.000 seconds).
Test Case '-[TesseraCoreTests.AgentFadeTests testMergePatchRemovesMembersWithNull]' started.
Test Case '-[TesseraCoreTests.AgentFadeTests testMergePatchRemovesMembersWithNull]' passed (0.000 seconds).
Test Case '-[TesseraCoreTests.AgentFadeTests testPatchOnlyTouchesWhatTheAmountChangesAndKeepsLaterEdits]' started.
Test Case '-[TesseraCoreTests.AgentFadeTests testPatchOnlyTouchesWhatTheAmountChangesAndKeepsLaterEdits]' passed (0.000 seconds).
Test Suite 'AgentFadeTests' passed at 2026-09-27 16:25:15.600.
	 Executed 3 tests, with 0 failures (0 unexpected) in 0.001 (0.001) seconds
Test Suite 'AgentReviewLayoutTests' started at 2026-09-27 16:25:15.600.
Test Case '-[TesseraCoreTests.AgentReviewLayoutTests testReviewEmptyAndRealQueueAtEverySizeAndAppearance]' started.
Test Case '-[TesseraCoreTests.AgentReviewLayoutTests testReviewEmptyAndRealQueueAtEverySizeAndAppearance]' passed (31.555 seconds).
Test Suite 'AgentReviewLayoutTests' passed at 2026-09-27 16:25:47.155.
	 Executed 1 test, with 0 failures (0 unexpected) in 31.555 (31.555) seconds
Test Suite 'AgentReviewNavigationStateTests' started at 2026-09-27 16:25:47.155.
Test Case '-[TesseraCoreTests.AgentReviewNavigationStateTests testAcceptAndNextRequiresSuccessfulCurrentSelectionAndSkipsFailedReviewed]' started.
Test Case '-[TesseraCoreTests.AgentReviewNavigationStateTests testAcceptAndNextRequiresSuccessfulCurrentSelectionAndSkipsFailedReviewed]' passed (0.000 seconds).
Test Case '-[TesseraCoreTests.AgentReviewNavigationStateTests testRedoReorderKeepsSelectedIdentityAndInvalidatesOldDraft]' started.
Test Case '-[TesseraCoreTests.AgentReviewNavigationStateTests testRedoReorderKeepsSelectedIdentityAndInvalidatesOldDraft]' passed (0.000 seconds).
Test Case '-[TesseraCoreTests.AgentReviewNavigationStateTests testStatusUpdateKeepsDraftButSelectingAnotherPhotoClearsIt]' started.
Test Case '-[TesseraCoreTests.AgentReviewNavigationStateTests testStatusUpdateKeepsDraftButSelectingAnotherPhotoClearsIt]' passed (0.000 seconds).
Test Case '-[TesseraCoreTests.AgentReviewNavigationStateTests testUserSelectionChangeDoesNotAdvanceOnLateAcceptCompletion]' started.
Test Case '-[TesseraCoreTests.AgentReviewNavigationStateTests testUserSelectionChangeDoesNotAdvanceOnLateAcceptCompletion]' passed (0.000 seconds).
Test Suite 'AgentReviewNavigationStateTests' passed at 2026-09-27 16:25:47.156.
	 Executed 4 tests, with 0 failures (0 unexpected) in 0.001 (0.001) seconds
Test Suite 'AgentReviewNavigationTests' started at 2026-09-27 16:25:47.156.
Test Case '-[TesseraCoreTests.AgentReviewNavigationTests testEmptyReviewIsReachableAndDoesNotConsumeLibraryUndoOrSelection]' started.
Test Case '-[TesseraCoreTests.AgentReviewNavigationTests testEmptyReviewIsReachableAndDoesNotConsumeLibraryUndoOrSelection]' passed (0.001 seconds).
Test Case '-[TesseraCoreTests.AgentReviewNavigationTests testExplicitReviewEditBackUnwindsBeforeLibraryAndSourceChangeClearsIt]' started.
Test Case '-[TesseraCoreTests.AgentReviewNavigationTests testExplicitReviewEditBackUnwindsBeforeLibraryAndSourceChangeClearsIt]' passed (0.001 seconds).
Test Case '-[TesseraCoreTests.AgentReviewNavigationTests testFirstLayeredCopyIncludesPendingPhotoAdjustment]' started.
develop L2 calibration [first, tone, WB] ms: CPU [14.31525, 0.382208, 0.46383399999999997]; GPU [14.903540999999999, 0.694625, 0.7485]
Test Case '-[TesseraCoreTests.AgentReviewNavigationTests testFirstLayeredCopyIncludesPendingPhotoAdjustment]' passed (1.103 seconds).
Test Case '-[TesseraCoreTests.AgentReviewNavigationTests testForeignQueueCannotEditAcceptOrAdvanceAndAllReviewedRemainsReachable]' started.
Test Case '-[TesseraCoreTests.AgentReviewNavigationTests testForeignQueueCannotEditAcceptOrAdvanceAndAllReviewedRemainsReachable]' passed (0.795 seconds).
Test Case '-[TesseraCoreTests.AgentReviewNavigationTests testLayeredHandoffCancelsWhenSelectionOrOwnerChangesBeforeSaveWaitReturns]' started.
develop L2 calibration [first, tone, WB] ms: CPU [13.004417, 0.37220800000000004, 0.47770799999999997]; GPU [15.164, 0.843667, 0.953542]
develop L2 calibration [first, tone, WB] ms: CPU [12.811042, 0.38766700000000004, 0.47475]; GPU [13.694374999999999, 0.944542, 0.7707080000000001]
develop L2 calibration [first, tone, WB] ms: CPU [12.776625, 0.4045, 0.48050000000000004]; GPU [14.105209, 0.587334, 0.760417]
Test Case '-[TesseraCoreTests.AgentReviewNavigationTests testLayeredHandoffCancelsWhenSelectionOrOwnerChangesBeforeSaveWaitReturns]' passed (2.023 seconds).
Test Case '-[TesseraCoreTests.AgentReviewNavigationTests testLegacyPeopleAndTetherInspectionKeepsLibraryLoupe]' started.
Test Case '-[TesseraCoreTests.AgentReviewNavigationTests testLegacyPeopleAndTetherInspectionKeepsLibraryLoupe]' passed (0.001 seconds).
Test Case '-[TesseraCoreTests.AgentReviewNavigationTests testNewFolderRestoresLibraryInspectorPreferenceWhenLeavingReview]' started.
Test Case '-[TesseraCoreTests.AgentReviewNavigationTests testNewFolderRestoresLibraryInspectorPreferenceWhenLeavingReview]' passed (0.000 seconds).
Test Case '-[TesseraCoreTests.AgentReviewNavigationTests testOpeningReviewedPhotoOutsideFilterPreservesLibraryPlace]' started.
Test Case '-[TesseraCoreTests.AgentReviewNavigationTests testOpeningReviewedPhotoOutsideFilterPreservesLibraryPlace]' passed (0.000 seconds).
Test Case '-[TesseraCoreTests.AgentReviewNavigationTests testRealQueueFilteredEditRoundTripDraftAndSuccessfulAcceptNext]' started.
develop L2 calibration [first, tone, WB] ms: CPU [13.406792000000001, 0.38995799999999997, 0.459916]; GPU [18.99, 0.8671249999999999, 0.942375]
Test Case '-[TesseraCoreTests.AgentReviewNavigationTests testRealQueueFilteredEditRoundTripDraftAndSuccessfulAcceptNext]' passed (0.811 seconds).
Test Case '-[TesseraCoreTests.AgentReviewNavigationTests testReviewEditKeysAndMenuCannotOpenTargetDuringRunOrAcceptance]' started.
Test Case '-[TesseraCoreTests.AgentReviewNavigationTests testReviewEditKeysAndMenuCannotOpenTargetDuringRunOrAcceptance]' passed (0.996 seconds).
Test Suite 'AgentReviewNavigationTests' passed at 2026-09-27 16:25:52.888.
	 Executed 10 tests, with 0 failures (0 unexpected) in 5.731 (5.732) seconds
Test Suite 'AgentReviewOwnershipTests' started at 2026-09-27 16:25:52.888.
Test Case '-[TesseraCoreTests.AgentReviewOwnershipTests testAcceptAlreadyInFlightCannotPublishStatusInNewLibrary]' started.
Test Case '-[TesseraCoreTests.AgentReviewOwnershipTests testAcceptAlreadyInFlightCannotPublishStatusInNewLibrary]' passed (0.527 seconds).
Test Case '-[TesseraCoreTests.AgentReviewOwnershipTests testAcceptWaitsForAlreadyClosingDevelopSave]' started.
develop L2 calibration [first, tone, WB] ms: CPU [25.690666, 0.505792, 0.702791]; GPU [27.552625, 0.726792, 4.060875]
Test Case '-[TesseraCoreTests.AgentReviewOwnershipTests testAcceptWaitsForAlreadyClosingDevelopSave]' passed (0.823 seconds).
Test Case '-[TesseraCoreTests.AgentReviewOwnershipTests testAlreadyClosingDevelopSavePrecedesCapturedRun]' started.
develop L2 calibration [first, tone, WB] ms: CPU [25.502084, 0.539584, 0.6367499999999999]; GPU [27.664958, 0.916292, 1.005875]
Test Case '-[TesseraCoreTests.AgentReviewOwnershipTests testAlreadyClosingDevelopSavePrecedesCapturedRun]' passed (0.414 seconds).
Test Case '-[TesseraCoreTests.AgentReviewOwnershipTests testCancelledRunReleasesMutationExclusion]' started.
develop L2 calibration [first, tone, WB] ms: CPU [25.716124999999998, 0.5425, 0.6557919999999999]; GPU [27.154208, 0.937083, 1.0100829999999998]
Test Case '-[TesseraCoreTests.AgentReviewOwnershipTests testCancelledRunReleasesMutationExclusion]' passed (0.104 seconds).
Test Case '-[TesseraCoreTests.AgentReviewOwnershipTests testCapturedOwnerBarrierDoesNotCancelNewLibraryPendingOpen]' started.
develop L2 calibration [first, tone, WB] ms: CPU [25.963041999999998, 0.5003749999999999, 0.664042]; GPU [27.135666, 0.845166, 1.008084]
Test Case '-[TesseraCoreTests.AgentReviewOwnershipTests testCapturedOwnerBarrierDoesNotCancelNewLibraryPendingOpen]' passed (0.079 seconds).
Test Case '-[TesseraCoreTests.AgentReviewOwnershipTests testClosePersistsCoalescedMaskParametersAndAmount]' started.
develop L2 calibration [first, tone, WB] ms: CPU [25.361667, 0.49925, 0.685209]; GPU [28.00975, 0.6741670000000001, 0.770209]
Test Case '-[TesseraCoreTests.AgentReviewOwnershipTests testClosePersistsCoalescedMaskParametersAndAmount]' passed (0.121 seconds).
Test Case '-[TesseraCoreTests.AgentReviewOwnershipTests testConcurrentCloseWaitsForOneActualSessionFlush]' started.
develop L2 calibration [first, tone, WB] ms: CPU [38.494167000000004, 0.650167, 0.7119169999999999]; GPU [32.67937499999999, 0.7582920000000001, 1.0920420000000002]
Test Case '-[TesseraCoreTests.AgentReviewOwnershipTests testConcurrentCloseWaitsForOneActualSessionFlush]' passed (0.197 seconds).
Test Case '-[TesseraCoreTests.AgentReviewOwnershipTests testCurrentOwnerAcceptCompletesAndPreservesQueuePosition]' started.
Test Case '-[TesseraCoreTests.AgentReviewOwnershipTests testCurrentOwnerAcceptCompletesAndPreservesQueuePosition]' passed (0.778 seconds).
Test Case '-[TesseraCoreTests.AgentReviewOwnershipTests testCurrentPhotoContextWorksWhileQueueBelongsToAnotherLibrary]' started.
Test Case '-[TesseraCoreTests.AgentReviewOwnershipTests testCurrentPhotoContextWorksWhileQueueBelongsToAnotherLibrary]' passed (1.265 seconds).
Test Case '-[TesseraCoreTests.AgentReviewOwnershipTests testDirtyDevelopSavePrecedesCapturedRunAfterFolderSwitch]' started.
develop L2 calibration [first, tone, WB] ms: CPU [28.821292, 0.519834, 0.599167]; GPU [31.468667, 1.056375, 1.4426249999999998]
Test Case '-[TesseraCoreTests.AgentReviewOwnershipTests testDirtyDevelopSavePrecedesCapturedRunAfterFolderSwitch]' passed (0.447 seconds).
Test Case '-[TesseraCoreTests.AgentReviewOwnershipTests testForeignRedoAndShowRejectCapturedQueueTarget]' started.
Test Case '-[TesseraCoreTests.AgentReviewOwnershipTests testForeignRedoAndShowRejectCapturedQueueTarget]' passed (0.530 seconds).
Test Case '-[TesseraCoreTests.AgentReviewOwnershipTests testPendingDevelopOpenSettlesBeforeAcceptAndRevert]' started.
Test Case '-[TesseraCoreTests.AgentReviewOwnershipTests testPendingDevelopOpenSettlesBeforeAcceptAndRevert]' passed (0.748 seconds).
Test Case '-[TesseraCoreTests.AgentReviewOwnershipTests testPendingDevelopOpenSettlesBeforeRun]' started.
Test Case '-[TesseraCoreTests.AgentReviewOwnershipTests testPendingDevelopOpenSettlesBeforeRun]' passed (0.511 seconds).
Test Case '-[TesseraCoreTests.AgentReviewOwnershipTests testRedoInvalidatesOldTargetAndCurrentRevertStillWorks]' started.
Test Case '-[TesseraCoreTests.AgentReviewOwnershipTests testRedoInvalidatesOldTargetAndCurrentRevertStillWorks]' passed (0.842 seconds).
Test Case '-[TesseraCoreTests.AgentReviewOwnershipTests testReopenedOwnerAndFileAliasesCannotOpenAcrossCapturedMutation]' started.
develop L2 calibration [first, tone, WB] ms: CPU [25.981375, 0.592, 0.600583]; GPU [30.264209, 0.7445839999999999, 0.746209]
Test Case '-[TesseraCoreTests.AgentReviewOwnershipTests testReopenedOwnerAndFileAliasesCannotOpenAcrossCapturedMutation]' passed (0.588 seconds).
Test Case '-[TesseraCoreTests.AgentReviewOwnershipTests testRetainedQueueAcceptCannotTrainNewLibraryProfile]' started.
Test Case '-[TesseraCoreTests.AgentReviewOwnershipTests testRetainedQueueAcceptCannotTrainNewLibraryProfile]' passed (0.636 seconds).
Test Case '-[TesseraCoreTests.AgentReviewOwnershipTests testRetainedQueueRevertCannotRefreshNewLibraryOrMutateOldRecipe]' started.
Test Case '-[TesseraCoreTests.AgentReviewOwnershipTests testRetainedQueueRevertCannotRefreshNewLibraryOrMutateOldRecipe]' passed (0.541 seconds).
Test Case '-[TesseraCoreTests.AgentReviewOwnershipTests testRevertWaitsForAlreadyClosingDevelopSave]' started.
develop L2 calibration [first, tone, WB] ms: CPU [61.697500000000005, 1.665917, 1.763333]; GPU [74.528959, 1.911834, 1.090292]
Test Case '-[TesseraCoreTests.AgentReviewOwnershipTests testRevertWaitsForAlreadyClosingDevelopSave]' passed (0.766 seconds).
Test Case '-[TesseraCoreTests.AgentReviewOwnershipTests testReviewMutationsRejectNewTargetDevelopOpenAndReleaseOnCompletion]' started.
develop L2 calibration [first, tone, WB] ms: CPU [26.389375, 0.510667, 0.651333]; GPU [28.713958, 0.891833, 0.908417]
Test Case '-[TesseraCoreTests.AgentReviewOwnershipTests testReviewMutationsRejectNewTargetDevelopOpenAndReleaseOnCompletion]' passed (0.813 seconds).
Test Case '-[TesseraCoreTests.AgentReviewOwnershipTests testRunCompletionAfterFolderSwitchDoesNotRefreshNewLibrary]' started.
Test Case '-[TesseraCoreTests.AgentReviewOwnershipTests testRunCompletionAfterFolderSwitchDoesNotRefreshNewLibrary]' passed (0.526 seconds).
Test Case '-[TesseraCoreTests.AgentReviewOwnershipTests testRunningOwnerDoesNotBlockAnotherLibraryDevelopOpen]' started.
develop L2 calibration [first, tone, WB] ms: CPU [28.477667, 0.5425420000000001, 0.710708]; GPU [31.215667, 0.86075, 0.973583]
Test Case '-[TesseraCoreTests.AgentReviewOwnershipTests testRunningOwnerDoesNotBlockAnotherLibraryDevelopOpen]' passed (0.553 seconds).
Test Case '-[TesseraCoreTests.AgentReviewOwnershipTests testRunOnAnotherPhotoWaitsForAcceptAndRevertCompletion]' started.
Test Case '-[TesseraCoreTests.AgentReviewOwnershipTests testRunOnAnotherPhotoWaitsForAcceptAndRevertCompletion]' passed (0.748 seconds).
Test Case '-[TesseraCoreTests.AgentReviewOwnershipTests testRunRejectsNewTargetDevelopOpenAndCompletionOpensFreshRecipe]' started.
develop L2 calibration [first, tone, WB] ms: CPU [26.005291, 0.5116670000000001, 0.64075]; GPU [27.675, 0.822833, 0.7690830000000001]
Test Case '-[TesseraCoreTests.AgentReviewOwnershipTests testRunRejectsNewTargetDevelopOpenAndCompletionOpensFreshRecipe]' passed (0.584 seconds).
Test Suite 'AgentReviewOwnershipTests' passed at 2026-09-27 16:26:06.031.
	 Executed 23 tests, with 0 failures (0 unexpected) in 13.141 (13.144) seconds
Test Suite 'AgentReviewQueueTests' started at 2026-09-27 16:26:06.031.
Test Case '-[TesseraCoreTests.AgentReviewQueueTests testOrdersFailuresThenLeastConfidentFirst]' started.
Test Case '-[TesseraCoreTests.AgentReviewQueueTests testOrdersFailuresThenLeastConfidentFirst]' passed (0.000 seconds).
Test Case '-[TesseraCoreTests.AgentReviewQueueTests testRedoMergeReplacesOnlyThosePhotos]' started.
Test Case '-[TesseraCoreTests.AgentReviewQueueTests testRedoMergeReplacesOnlyThosePhotos]' passed (0.000 seconds).
Test Case '-[TesseraCoreTests.AgentReviewQueueTests testStatusesChangeInPlaceAndNextSkipsReviewed]' started.
Test Case '-[TesseraCoreTests.AgentReviewQueueTests testStatusesChangeInPlaceAndNextSkipsReviewed]' passed (0.000 seconds).
Test Suite 'AgentReviewQueueTests' passed at 2026-09-27 16:26:06.032.
	 Executed 3 tests, with 0 failures (0 unexpected) in 0.000 (0.001) seconds
Test Suite 'AssistBridgeTests' started at 2026-09-27 16:26:06.032.
Test Case '-[TesseraCoreTests.AssistBridgeTests testAutomatedSuggestionsConfirmAndFacesThroughTheController]' started.
Test Case '-[TesseraCoreTests.AssistBridgeTests testAutomatedSuggestionsConfirmAndFacesThroughTheController]' passed (0.087 seconds).
Test Suite 'AssistBridgeTests' passed at 2026-09-27 16:26:06.119.
	 Executed 1 test, with 0 failures (0 unexpected) in 0.087 (0.087) seconds
Test Suite 'BridgeTests' started at 2026-09-27 16:26:06.119.
Test Case '-[TesseraCoreTests.BridgeTests testBasketAlbumsSafeDeleteAndDefectSweep]' started.
Test Case '-[TesseraCoreTests.BridgeTests testBasketAlbumsSafeDeleteAndDefectSweep]' passed (0.246 seconds).
Test Case '-[TesseraCoreTests.BridgeTests testDeleteFromDiskTrashesFileAndLeavesTheQueue]' started.
Test Case '-[TesseraCoreTests.BridgeTests testDeleteFromDiskTrashesFileAndLeavesTheQueue]' passed (0.041 seconds).
Test Case '-[TesseraCoreTests.BridgeTests testGroupNavigationComesFromTheSession]' started.
Test Case '-[TesseraCoreTests.BridgeTests testGroupNavigationComesFromTheSession]' passed (0.011 seconds).
Test Case '-[TesseraCoreTests.BridgeTests testKeepBestRejectRestIsOneUndoableStepThatPersists]' started.
Test Case '-[TesseraCoreTests.BridgeTests testKeepBestRejectRestIsOneUndoableStepThatPersists]' passed (0.129 seconds).
Test Case '-[TesseraCoreTests.BridgeTests testRawFixturesPersistAcrossReopenThroughTheSession]' started.
Test Case '-[TesseraCoreTests.BridgeTests testRawFixturesPersistAcrossReopenThroughTheSession]' passed (2.917 seconds).
Test Case '-[TesseraCoreTests.BridgeTests testRestoreDoesNotCreateUndoHistory]' started.
Test Case '-[TesseraCoreTests.BridgeTests testRestoreDoesNotCreateUndoHistory]' passed (0.000 seconds).
Test Suite 'BridgeTests' passed at 2026-09-27 16:26:09.465.
	 Executed 6 tests, with 0 failures (0 unexpected) in 3.344 (3.345) seconds
Test Suite 'DevelopPanelsSessionTests' started at 2026-09-27 16:26:09.465.
Test Case '-[TesseraCoreTests.DevelopPanelsSessionTests testPanelsDriveTheSession]' started.
develop L2 calibration [first, tone, WB] ms: CPU [492.362708, 200.4215, 268.22675000000004]; GPU [430.125625, 1.6175, 10.765666]
Test Case '-[TesseraCoreTests.DevelopPanelsSessionTests testPanelsDriveTheSession]' passed (1.888 seconds).
Test Suite 'DevelopPanelsSessionTests' passed at 2026-09-27 16:26:11.353.
	 Executed 1 test, with 0 failures (0 unexpected) in 1.888 (1.888) seconds
Test Suite 'DevelopPanelsTests' started at 2026-09-27 16:26:11.353.
Test Case '-[TesseraCoreTests.DevelopPanelsTests testCropOrientationRoundTripAndConstraints]' started.
Test Case '-[TesseraCoreTests.DevelopPanelsTests testCropOrientationRoundTripAndConstraints]' passed (0.000 seconds).
Test Case '-[TesseraCoreTests.DevelopPanelsTests testCurveEditorKeepsMonotoneValidPoints]' started.
Test Case '-[TesseraCoreTests.DevelopPanelsTests testCurveEditorKeepsMonotoneValidPoints]' passed (0.036 seconds).
Test Case '-[TesseraCoreTests.DevelopPanelsTests testCurveEvaluationMatchesKnotsAndIdentity]' started.
Test Case '-[TesseraCoreTests.DevelopPanelsTests testCurveEvaluationMatchesKnotsAndIdentity]' passed (0.000 seconds).
Test Case '-[TesseraCoreTests.DevelopPanelsTests testEachPanelControlWritesItsPatch]' started.
Test Case '-[TesseraCoreTests.DevelopPanelsTests testEachPanelControlWritesItsPatch]' passed (0.000 seconds).
Test Case '-[TesseraCoreTests.DevelopPanelsTests testHueBandWeightsAndTargetedAdjustment]' started.
Test Case '-[TesseraCoreTests.DevelopPanelsTests testHueBandWeightsAndTargetedAdjustment]' passed (0.000 seconds).
Test Case '-[TesseraCoreTests.DevelopPanelsTests testMergePatchAccumulatesLikeRFC7386]' started.
Test Case '-[TesseraCoreTests.DevelopPanelsTests testMergePatchAccumulatesLikeRFC7386]' passed (0.000 seconds).
Test Case '-[TesseraCoreTests.DevelopPanelsTests testPresetsArePartialRecipesSavedAsJSON]' started.
Test Case '-[TesseraCoreTests.DevelopPanelsTests testPresetsArePartialRecipesSavedAsJSON]' passed (0.001 seconds).
Test Suite 'DevelopPanelsTests' passed at 2026-09-27 16:26:11.392.
	 Executed 7 tests, with 0 failures (0 unexpected) in 0.039 (0.039) seconds
Test Suite 'DevelopTests' started at 2026-09-27 16:26:11.392.
Test Case '-[TesseraCoreTests.DevelopTests testAppModelOpensRenderedJpegAndHeic]' started.
/Users/rutmehta/.codex/worktrees/export-integration/tessera/apps/mac/build/develop-app-rendered-6C8D4EEF-5CDF-4926-94F6-4CA71ABA38D1/shoot/photo.jpg
  /Users/rutmehta/.codex/worktrees/export-integration/tessera/apps/mac/build/develop-app-rendered-6C8D4EEF-5CDF-4926-94F6-4CA71ABA38D1/shoot/photo.heic
develop L2 calibration [first, tone, WB] ms: CPU [0.435583, 0.2845, 0.2765]; GPU [6.898541, 0.781042, 0.804834]
Test Case '-[TesseraCoreTests.DevelopTests testAppModelOpensRenderedJpegAndHeic]' passed (0.299 seconds).
Test Case '-[TesseraCoreTests.DevelopTests testJpegIsDevelopable]' started.
develop L2 calibration [first, tone, WB] ms: CPU [0.369208, 0.266084, 0.303834]; GPU [2.3912500000000003, 0.622916, 0.858459]
Test Case '-[TesseraCoreTests.DevelopTests testJpegIsDevelopable]' passed (0.034 seconds).
Test Case '-[TesseraCoreTests.DevelopTests testSettingsChangeRendersIntoTheSurfaceAndReopenRestoresExposure]' started.
develop L2 calibration [first, tone, WB] ms: CPU [478.493375, 202.64637499999998, 237.661666]; GPU [307.528959, 1.421167, 6.773625]
develop L2 calibration [first, tone, WB] ms: CPU [482.745125, 209.33325, 245.27295900000001]; GPU [342.700625, 1.69675, 11.012084]
Test Case '-[TesseraCoreTests.DevelopTests testSettingsChangeRendersIntoTheSurfaceAndReopenRestoresExposure]' passed (2.923 seconds).
Test Suite 'DevelopTests' passed at 2026-09-27 16:26:14.649.
	 Executed 3 tests, with 0 failures (0 unexpected) in 3.256 (3.257) seconds
Test Suite 'DocumentAdjustmentAnalysisTests' started at 2026-09-27 16:26:14.649.
Test Case '-[TesseraCoreTests.DocumentAdjustmentAnalysisTests testAutoToneStretchesEachChannelAndColorSetsGamma]' started.
Test Case '-[TesseraCoreTests.DocumentAdjustmentAnalysisTests testAutoToneStretchesEachChannelAndColorSetsGamma]' passed (0.001 seconds).
Test Case '-[TesseraCoreTests.DocumentAdjustmentAnalysisTests testBlackWhiteAutoMatchesLumaAndKeepsDefaultsForMissingHues]' started.
Test Case '-[TesseraCoreTests.DocumentAdjustmentAnalysisTests testBlackWhiteAutoMatchesLumaAndKeepsDefaultsForMissingHues]' passed (0.000 seconds).
Test Case '-[TesseraCoreTests.DocumentAdjustmentAnalysisTests testCompositeAnalysisNeutralizesTheLayerAndLeavesNoTrace]' started.
Test Case '-[TesseraCoreTests.DocumentAdjustmentAnalysisTests testCompositeAnalysisNeutralizesTheLayerAndLeavesNoTrace]' passed (0.022 seconds).
Test Case '-[TesseraCoreTests.DocumentAdjustmentAnalysisTests testCubeAnd3DLLoaders]' started.
Test Case '-[TesseraCoreTests.DocumentAdjustmentAnalysisTests testCubeAnd3DLLoaders]' passed (0.002 seconds).
Test Case '-[TesseraCoreTests.DocumentAdjustmentAnalysisTests testEqualizeMapsAreCDFMinNormalized]' started.
Test Case '-[TesseraCoreTests.DocumentAdjustmentAnalysisTests testEqualizeMapsAreCDFMinNormalized]' passed (0.000 seconds).
Test Case '-[TesseraCoreTests.DocumentAdjustmentAnalysisTests testHDREqualizeFreezesALuminanceMap]' started.
Test Case '-[TesseraCoreTests.DocumentAdjustmentAnalysisTests testHDREqualizeFreezesALuminanceMap]' passed (0.000 seconds).
Test Case '-[TesseraCoreTests.DocumentAdjustmentAnalysisTests testLabStatisticsAndMatchColor]' started.
Test Case '-[TesseraCoreTests.DocumentAdjustmentAnalysisTests testLabStatisticsAndMatchColor]' passed (0.000 seconds).
Test Case '-[TesseraCoreTests.DocumentAdjustmentAnalysisTests testMenusListEveryKindOnceInPhotoshopOrder]' started.
Test Case '-[TesseraCoreTests.DocumentAdjustmentAnalysisTests testMenusListEveryKindOnceInPhotoshopOrder]' passed (0.000 seconds).
Test Case '-[TesseraCoreTests.DocumentAdjustmentAnalysisTests testNewImageDependentLayersAreAnalysed]' started.
Test Case '-[TesseraCoreTests.DocumentAdjustmentAnalysisTests testNewImageDependentLayersAreAnalysed]' passed (0.021 seconds).
Test Case '-[TesseraCoreTests.DocumentAdjustmentAnalysisTests testPhotoFilterPresetsMatchTheEngineSwatches]' started.
Test Case '-[TesseraCoreTests.DocumentAdjustmentAnalysisTests testPhotoFilterPresetsMatchTheEngineSwatches]' passed (0.000 seconds).
Test Case '-[TesseraCoreTests.DocumentAdjustmentAnalysisTests testSaveAsNames]' started.
Test Case '-[TesseraCoreTests.DocumentAdjustmentAnalysisTests testSaveAsNames]' passed (0.000 seconds).
Test Case '-[TesseraCoreTests.DocumentAdjustmentAnalysisTests testStubRendersTheNewPointwiseKinds]' started.
Test Case '-[TesseraCoreTests.DocumentAdjustmentAnalysisTests testStubRendersTheNewPointwiseKinds]' passed (0.001 seconds).
Test Suite 'DocumentAdjustmentAnalysisTests' passed at 2026-09-27 16:26:14.696.
	 Executed 12 tests, with 0 failures (0 unexpected) in 0.047 (0.048) seconds
Test Suite 'DocumentAdjustmentJSONTests' started at 2026-09-27 16:26:14.697.
Test Case '-[TesseraCoreTests.DocumentAdjustmentJSONTests testAuto]' started.
Test Case '-[TesseraCoreTests.DocumentAdjustmentJSONTests testAuto]' passed (0.014 seconds).
Test Case '-[TesseraCoreTests.DocumentAdjustmentJSONTests testBlackWhite]' started.
Test Case '-[TesseraCoreTests.DocumentAdjustmentJSONTests testBlackWhite]' passed (0.013 seconds).
Test Case '-[TesseraCoreTests.DocumentAdjustmentJSONTests testBrightnessContrast]' started.
Test Case '-[TesseraCoreTests.DocumentAdjustmentJSONTests testBrightnessContrast]' passed (0.012 seconds).
Test Case '-[TesseraCoreTests.DocumentAdjustmentJSONTests testChannelMixer]' started.
Test Case '-[TesseraCoreTests.DocumentAdjustmentJSONTests testChannelMixer]' passed (0.012 seconds).
Test Case '-[TesseraCoreTests.DocumentAdjustmentJSONTests testColorBalance]' started.
Test Case '-[TesseraCoreTests.DocumentAdjustmentJSONTests testColorBalance]' passed (0.011 seconds).
Test Case '-[TesseraCoreTests.DocumentAdjustmentJSONTests testColorLookup]' started.
Test Case '-[TesseraCoreTests.DocumentAdjustmentJSONTests testColorLookup]' passed (0.012 seconds).
Test Case '-[TesseraCoreTests.DocumentAdjustmentJSONTests testCurves]' started.
Test Case '-[TesseraCoreTests.DocumentAdjustmentJSONTests testCurves]' passed (0.012 seconds).
Test Case '-[TesseraCoreTests.DocumentAdjustmentJSONTests testDesaturate]' started.
Test Case '-[TesseraCoreTests.DocumentAdjustmentJSONTests testDesaturate]' passed (0.011 seconds).
Test Case '-[TesseraCoreTests.DocumentAdjustmentJSONTests testEqualize]' started.
Test Case '-[TesseraCoreTests.DocumentAdjustmentJSONTests testEqualize]' passed (0.012 seconds).
Test Case '-[TesseraCoreTests.DocumentAdjustmentJSONTests testExposure]' started.
Test Case '-[TesseraCoreTests.DocumentAdjustmentJSONTests testExposure]' passed (0.010 seconds).
Test Case '-[TesseraCoreTests.DocumentAdjustmentJSONTests testFixtureCoversEveryKindAndRoundTrips]' started.
Test Case '-[TesseraCoreTests.DocumentAdjustmentJSONTests testFixtureCoversEveryKindAndRoundTrips]' passed (0.001 seconds).
Test Case '-[TesseraCoreTests.DocumentAdjustmentJSONTests testGradientMap]' started.
Test Case '-[TesseraCoreTests.DocumentAdjustmentJSONTests testGradientMap]' passed (0.012 seconds).
Test Case '-[TesseraCoreTests.DocumentAdjustmentJSONTests testHdrToning]' started.
Test Case '-[TesseraCoreTests.DocumentAdjustmentJSONTests testHdrToning]' passed (0.012 seconds).
Test Case '-[TesseraCoreTests.DocumentAdjustmentJSONTests testHueSaturation]' started.
Test Case '-[TesseraCoreTests.DocumentAdjustmentJSONTests testHueSaturation]' passed (0.011 seconds).
Test Case '-[TesseraCoreTests.DocumentAdjustmentJSONTests testInvert]' started.
Test Case '-[TesseraCoreTests.DocumentAdjustmentJSONTests testInvert]' passed (0.012 seconds).
Test Case '-[TesseraCoreTests.DocumentAdjustmentJSONTests testLevels]' started.
Test Case '-[TesseraCoreTests.DocumentAdjustmentJSONTests testLevels]' passed (0.012 seconds).
Test Case '-[TesseraCoreTests.DocumentAdjustmentJSONTests testMatchColor]' started.
Test Case '-[TesseraCoreTests.DocumentAdjustmentJSONTests testMatchColor]' passed (0.012 seconds).
Test Case '-[TesseraCoreTests.DocumentAdjustmentJSONTests testNeutralValuesRoundTripThroughTheEngine]' started.
Test Case '-[TesseraCoreTests.DocumentAdjustmentJSONTests testNeutralValuesRoundTripThroughTheEngine]' passed (0.012 seconds).
Test Case '-[TesseraCoreTests.DocumentAdjustmentJSONTests testPhotoFilter]' started.
Test Case '-[TesseraCoreTests.DocumentAdjustmentJSONTests testPhotoFilter]' passed (0.012 seconds).
Test Case '-[TesseraCoreTests.DocumentAdjustmentJSONTests testPosterize]' started.
Test Case '-[TesseraCoreTests.DocumentAdjustmentJSONTests testPosterize]' passed (0.012 seconds).
Test Case '-[TesseraCoreTests.DocumentAdjustmentJSONTests testReplaceColor]' started.
Test Case '-[TesseraCoreTests.DocumentAdjustmentJSONTests testReplaceColor]' passed (0.011 seconds).
Test Case '-[TesseraCoreTests.DocumentAdjustmentJSONTests testSelectiveColor]' started.
Test Case '-[TesseraCoreTests.DocumentAdjustmentJSONTests testSelectiveColor]' passed (0.011 seconds).
Test Case '-[TesseraCoreTests.DocumentAdjustmentJSONTests testShadowsHighlights]' started.
Test Case '-[TesseraCoreTests.DocumentAdjustmentJSONTests testShadowsHighlights]' passed (0.011 seconds).
Test Case '-[TesseraCoreTests.DocumentAdjustmentJSONTests testThreshold]' started.
Test Case '-[TesseraCoreTests.DocumentAdjustmentJSONTests testThreshold]' passed (0.012 seconds).
Test Case '-[TesseraCoreTests.DocumentAdjustmentJSONTests testVibrance]' started.
Test Case '-[TesseraCoreTests.DocumentAdjustmentJSONTests testVibrance]' passed (0.011 seconds).
Test Suite 'DocumentAdjustmentJSONTests' passed at 2026-09-27 16:26:14.983.
	 Executed 25 tests, with 0 failures (0 unexpected) in 0.284 (0.287) seconds
Test Suite 'DocumentAdjustmentModelTests' started at 2026-09-27 16:26:14.983.
Test Case '-[TesseraCoreTests.DocumentAdjustmentModelTests testEveryAdjustmentRoundTripsThroughJSON]' started.
Test Case '-[TesseraCoreTests.DocumentAdjustmentModelTests testEveryAdjustmentRoundTripsThroughJSON]' passed (0.001 seconds).
Test Case '-[TesseraCoreTests.DocumentAdjustmentModelTests testFillsRoundTrip]' started.
Test Case '-[TesseraCoreTests.DocumentAdjustmentModelTests testFillsRoundTrip]' passed (0.000 seconds).
Test Suite 'DocumentAdjustmentModelTests' passed at 2026-09-27 16:26:14.984.
	 Executed 2 tests, with 0 failures (0 unexpected) in 0.001 (0.001) seconds
Test Suite 'DocumentBlendModeTests' started at 2026-09-27 16:26:14.984.
Test Case '-[TesseraCoreTests.DocumentBlendModeTests testRoundTripAndGroups]' started.
Test Case '-[TesseraCoreTests.DocumentBlendModeTests testRoundTripAndGroups]' passed (0.000 seconds).
Test Case '-[TesseraCoreTests.DocumentBlendModeTests testStubAcceptsEveryModeAndRejectsOthers]' started.
Test Case '-[TesseraCoreTests.DocumentBlendModeTests testStubAcceptsEveryModeAndRejectsOthers]' passed (0.000 seconds).
Test Case '-[TesseraCoreTests.DocumentBlendModeTests testTwentySevenModesInPhotoshopOrder]' started.
Test Case '-[TesseraCoreTests.DocumentBlendModeTests testTwentySevenModesInPhotoshopOrder]' passed (0.000 seconds).
Test Suite 'DocumentBlendModeTests' passed at 2026-09-27 16:26:14.985.
	 Executed 3 tests, with 0 failures (0 unexpected) in 0.001 (0.001) seconds
Test Suite 'DocumentChannelsTests' started at 2026-09-27 16:26:14.985.
Test Case '-[TesseraCoreTests.DocumentChannelsTests testComponentVisibilityAndNames]' started.
Test Case '-[TesseraCoreTests.DocumentChannelsTests testComponentVisibilityAndNames]' passed (0.000 seconds).
Test Case '-[TesseraCoreTests.DocumentChannelsTests testEngineChannelsThroughTheAdapter]' started.
Test Case '-[TesseraCoreTests.DocumentChannelsTests testEngineChannelsThroughTheAdapter]' passed (0.013 seconds).
Test Case '-[TesseraCoreTests.DocumentChannelsTests testLoadSelectionFormMapping]' started.
Test Case '-[TesseraCoreTests.DocumentChannelsTests testLoadSelectionFormMapping]' passed (0.000 seconds).
Test Case '-[TesseraCoreTests.DocumentChannelsTests testPanelRowsFromRecords]' started.
Test Case '-[TesseraCoreTests.DocumentChannelsTests testPanelRowsFromRecords]' passed (0.000 seconds).
Test Case '-[TesseraCoreTests.DocumentChannelsTests testQuickMaskEnterExitOnTheStub]' started.
Test Case '-[TesseraCoreTests.DocumentChannelsTests testQuickMaskEnterExitOnTheStub]' passed (0.000 seconds).
Test Case '-[TesseraCoreTests.DocumentChannelsTests testSaveSelectionFormMapping]' started.
Test Case '-[TesseraCoreTests.DocumentChannelsTests testSaveSelectionFormMapping]' passed (0.000 seconds).
Test Case '-[TesseraCoreTests.DocumentChannelsTests testStubChannelsSaveLoadAndEdit]' started.
Test Case '-[TesseraCoreTests.DocumentChannelsTests testStubChannelsSaveLoadAndEdit]' passed (0.000 seconds).
Test Suite 'DocumentChannelsTests' passed at 2026-09-27 16:26:15.000.
	 Executed 7 tests, with 0 failures (0 unexpected) in 0.014 (0.015) seconds
Test Suite 'DocumentFiltersTests' started at 2026-09-27 16:26:15.000.
Test Case '-[TesseraCoreTests.DocumentFiltersTests testEngineFiltersThroughTheAdapter]' started.
Test Case '-[TesseraCoreTests.DocumentFiltersTests testEngineFiltersThroughTheAdapter]' passed (0.012 seconds).
Test Case '-[TesseraCoreTests.DocumentFiltersTests testFilterSettingsJSONRoundTrips]' started.
Test Case '-[TesseraCoreTests.DocumentFiltersTests testFilterSettingsJSONRoundTrips]' passed (0.001 seconds).
Test Case '-[TesseraCoreTests.DocumentFiltersTests testLastFilterMemoryRemembersPerFilterAndPersists]' started.
Test Case '-[TesseraCoreTests.DocumentFiltersTests testLastFilterMemoryRemembersPerFilterAndPersists]' passed (0.002 seconds).
Test Case '-[TesseraCoreTests.DocumentFiltersTests testMenusOpenDialogsAndLastFilterReapplies]' started.
Test Case '-[TesseraCoreTests.DocumentFiltersTests testMenusOpenDialogsAndLastFilterReapplies]' passed (0.040 seconds).
Test Case '-[TesseraCoreTests.DocumentFiltersTests testSchemaMapsEveryControlKind]' started.
Test Case '-[TesseraCoreTests.DocumentFiltersTests testSchemaMapsEveryControlKind]' passed (0.000 seconds).
Test Case '-[TesseraCoreTests.DocumentFiltersTests testTheEngineCatalogueDecodesAndGroups]' started.
Test Case '-[TesseraCoreTests.DocumentFiltersTests testTheEngineCatalogueDecodesAndGroups]' passed (0.000 seconds).
Test Case '-[TesseraCoreTests.DocumentFiltersTests testTheStubListsFiltersButNeedsTheEngineToApply]' started.
Test Case '-[TesseraCoreTests.DocumentFiltersTests testTheStubListsFiltersButNeedsTheEngineToApply]' passed (0.001 seconds).
Test Suite 'DocumentFiltersTests' passed at 2026-09-27 16:26:15.057.
	 Executed 7 tests, with 0 failures (0 unexpected) in 0.057 (0.057) seconds
Test Suite 'DocumentInspectorLayoutTests' started at 2026-09-27 16:26:15.057.
Test Case '-[TesseraCoreTests.DocumentInspectorLayoutTests testColumnBudgetAt1440AndAdjacentWidths]' started.
Test Case '-[TesseraCoreTests.DocumentInspectorLayoutTests testColumnBudgetAt1440AndAdjacentWidths]' passed (0.000 seconds).
Test Case '-[TesseraCoreTests.DocumentInspectorLayoutTests testInspectorFitsItsColumnForEveryLayerKindAt1440AndAdjacentWidths]' started.
Test Case '-[TesseraCoreTests.DocumentInspectorLayoutTests testInspectorFitsItsColumnForEveryLayerKindAt1440AndAdjacentWidths]' passed (7.679 seconds).
Test Suite 'DocumentInspectorLayoutTests' passed at 2026-09-27 16:26:22.737.
	 Executed 2 tests, with 0 failures (0 unexpected) in 7.680 (7.680) seconds
Test Suite 'DocumentKeyMapTests' started at 2026-09-27 16:26:22.737.
Test Case '-[TesseraCoreTests.DocumentKeyMapTests testCommandShortcuts]' started.
Test Case '-[TesseraCoreTests.DocumentKeyMapTests testCommandShortcuts]' passed (0.000 seconds).
Test Case '-[TesseraCoreTests.DocumentKeyMapTests testCullingKeysDoNothingInDocumentMode]' started.
Test Case '-[TesseraCoreTests.DocumentKeyMapTests testCullingKeysDoNothingInDocumentMode]' passed (0.000 seconds).
Test Case '-[TesseraCoreTests.DocumentKeyMapTests testToolsAndPanelKeys]' started.
Test Case '-[TesseraCoreTests.DocumentKeyMapTests testToolsAndPanelKeys]' passed (0.000 seconds).
Test Suite 'DocumentKeyMapTests' passed at 2026-09-27 16:26:22.737.
	 Executed 3 tests, with 0 failures (0 unexpected) in 0.000 (0.001) seconds
Test Suite 'DocumentKeyRoutingTests' started at 2026-09-27 16:26:22.737.
Test Case '-[TesseraCoreTests.DocumentKeyRoutingTests testCommandEInGridDisclosesRenderedCopyBeforeExistingHandoff]' started.
Test Case '-[TesseraCoreTests.DocumentKeyRoutingTests testCommandEInGridDisclosesRenderedCopyBeforeExistingHandoff]' passed (0.040 seconds).
Test Case '-[TesseraCoreTests.DocumentKeyRoutingTests testControllerGroupsAndDragsAsOneStepEach]' started.
Test Case '-[TesseraCoreTests.DocumentKeyRoutingTests testControllerGroupsAndDragsAsOneStepEach]' passed (0.001 seconds).
Test Case '-[TesseraCoreTests.DocumentKeyRoutingTests testCullingKeysDoNotFireInDocumentMode]' started.
Test Case '-[TesseraCoreTests.DocumentKeyRoutingTests testCullingKeysDoNotFireInDocumentMode]' passed (0.004 seconds).
Test Case '-[TesseraCoreTests.DocumentKeyRoutingTests testDocumentKeys]' started.
Test Case '-[TesseraCoreTests.DocumentKeyRoutingTests testDocumentKeys]' passed (0.009 seconds).
Test Case '-[TesseraCoreTests.DocumentKeyRoutingTests testUndoRoutesToTheDocumentInDocumentMode]' started.
Test Case '-[TesseraCoreTests.DocumentKeyRoutingTests testUndoRoutesToTheDocumentInDocumentMode]' passed (0.001 seconds).
Test Suite 'DocumentKeyRoutingTests' passed at 2026-09-27 16:26:22.792.
	 Executed 5 tests, with 0 failures (0 unexpected) in 0.055 (0.055) seconds
Test Suite 'DocumentOutlineTests' started at 2026-09-27 16:26:22.792.
Test Case '-[TesseraCoreTests.DocumentOutlineTests testInsertRemoveAndUngroupDiffs]' started.
Test Case '-[TesseraCoreTests.DocumentOutlineTests testInsertRemoveAndUngroupDiffs]' passed (0.000 seconds).
Test Case '-[TesseraCoreTests.DocumentOutlineTests testListOrderDoesNotMatterOnlyIndices]' started.
Test Case '-[TesseraCoreTests.DocumentOutlineTests testListOrderDoesNotMatterOnlyIndices]' passed (0.000 seconds).
Test Case '-[TesseraCoreTests.DocumentOutlineTests testLongestIncreasingSubsequence]' started.
Test Case '-[TesseraCoreTests.DocumentOutlineTests testLongestIncreasingSubsequence]' passed (0.000 seconds).
Test Case '-[TesseraCoreTests.DocumentOutlineTests testMinimalMovesForUnchangedTree]' started.
Test Case '-[TesseraCoreTests.DocumentOutlineTests testMinimalMovesForUnchangedTree]' passed (0.000 seconds).
Test Case '-[TesseraCoreTests.DocumentOutlineTests testMoveIntoGroupAndOutIsOneMoveEach]' started.
Test Case '-[TesseraCoreTests.DocumentOutlineTests testMoveIntoGroupAndOutIsOneMoveEach]' passed (0.000 seconds).
Test Case '-[TesseraCoreTests.DocumentOutlineTests testRandomTreesDiffToTheirTarget]' started.
Test Case '-[TesseraCoreTests.DocumentOutlineTests testRandomTreesDiffToTheirTarget]' passed (0.008 seconds).
Test Case '-[TesseraCoreTests.DocumentOutlineTests testSampleDocumentFlattensTopFirst]' started.
Test Case '-[TesseraCoreTests.DocumentOutlineTests testSampleDocumentFlattensTopFirst]' passed (0.000 seconds).
Test Case '-[TesseraCoreTests.DocumentOutlineTests testSingleReorderIsOneMove]' started.
Test Case '-[TesseraCoreTests.DocumentOutlineTests testSingleReorderIsOneMove]' passed (0.000 seconds).
Test Suite 'DocumentOutlineTests' passed at 2026-09-27 16:26:22.802.
	 Executed 8 tests, with 0 failures (0 unexpected) in 0.009 (0.010) seconds
Test Suite 'DocumentRetouchTests' started at 2026-09-27 16:26:22.802.
Test Case '-[TesseraCoreTests.DocumentRetouchTests testCancelledRemoveNeverReachesHistory]' started.
Test Case '-[TesseraCoreTests.DocumentRetouchTests testCancelledRemoveNeverReachesHistory]' passed (0.055 seconds).
Test Case '-[TesseraCoreTests.DocumentRetouchTests testContentAwareFillIsEnabledWithAMarqueeAndDisabledWithoutASelection]' started.
Test Case '-[TesseraCoreTests.DocumentRetouchTests testContentAwareFillIsEnabledWithAMarqueeAndDisabledWithoutASelection]' passed (0.000 seconds).
Test Case '-[TesseraCoreTests.DocumentRetouchTests testContentAwareFillMenuFollowsTheDocumentSelection]' started.
Test Case '-[TesseraCoreTests.DocumentRetouchTests testContentAwareFillMenuFollowsTheDocumentSelection]' passed (0.006 seconds).
Test Case '-[TesseraCoreTests.DocumentRetouchTests testDownloadAllowedShowsProgressThenRunsTheOperation]' started.
Test Case '-[TesseraCoreTests.DocumentRetouchTests testDownloadAllowedShowsProgressThenRunsTheOperation]' passed (0.017 seconds).
Test Case '-[TesseraCoreTests.DocumentRetouchTests testDownloadFailureIsReportedAndRetryRequestsAgain]' started.
Test Case '-[TesseraCoreTests.DocumentRetouchTests testDownloadFailureIsReportedAndRetryRequestsAgain]' passed (0.015 seconds).
Test Case '-[TesseraCoreTests.DocumentRetouchTests testDownloadsOffNeverRequestsAndSaysSo]' started.
Test Case '-[TesseraCoreTests.DocumentRetouchTests testDownloadsOffNeverRequestsAndSaysSo]' passed (0.002 seconds).
Test Case '-[TesseraCoreTests.DocumentRetouchTests testEngineRetouchThroughTheAdapter]' started.
Test Case '-[TesseraCoreTests.DocumentRetouchTests testEngineRetouchThroughTheAdapter]' passed (0.018 seconds).
Test Case '-[TesseraCoreTests.DocumentRetouchTests testForgettingAWaitingOperationKeepsTheDownload]' started.
Test Case '-[TesseraCoreTests.DocumentRetouchTests testForgettingAWaitingOperationKeepsTheDownload]' passed (0.007 seconds).
Test Case '-[TesseraCoreTests.DocumentRetouchTests testJobsCancelAbandonsWithoutWaitingAndRefusesUntilStopped]' started.
Test Case '-[TesseraCoreTests.DocumentRetouchTests testJobsCancelAbandonsWithoutWaitingAndRefusesUntilStopped]' passed (0.027 seconds).
Test Case '-[TesseraCoreTests.DocumentRetouchTests testMissingWeightsAreNamedWithTheirSource]' started.
Test Case '-[TesseraCoreTests.DocumentRetouchTests testMissingWeightsAreNamedWithTheirSource]' passed (0.000 seconds).
Test Case '-[TesseraCoreTests.DocumentRetouchTests testNeuralCatalogueComesFromTheEngine]' started.
Test Case '-[TesseraCoreTests.DocumentRetouchTests testNeuralCatalogueComesFromTheEngine]' passed (0.000 seconds).
Test Case '-[TesseraCoreTests.DocumentRetouchTests testNeuralSheetDestinationsFollowTheLayer]' started.
Test Case '-[TesseraCoreTests.DocumentRetouchTests testNeuralSheetDestinationsFollowTheLayer]' passed (0.000 seconds).
Test Case '-[TesseraCoreTests.DocumentRetouchTests testOutlineGenerationDropsStaleResults]' started.
Test Case '-[TesseraCoreTests.DocumentRetouchTests testOutlineGenerationDropsStaleResults]' passed (0.000 seconds).
Test Case '-[TesseraCoreTests.DocumentRetouchTests testReEditingANeuralSmartFilterKeepsItsFacesAndOutput]' started.
Test Case '-[TesseraCoreTests.DocumentRetouchTests testReEditingANeuralSmartFilterKeepsItsFacesAndOutput]' passed (0.000 seconds).
Test Case '-[TesseraCoreTests.DocumentRetouchTests testRemoveOptionsMapToEngineParams]' started.
Test Case '-[TesseraCoreTests.DocumentRetouchTests testRemoveOptionsMapToEngineParams]' passed (0.000 seconds).
Test Case '-[TesseraCoreTests.DocumentRetouchTests testSuggestionReviewStartsAcceptedAndAppliesOnlyAccepted]' started.
Test Case '-[TesseraCoreTests.DocumentRetouchTests testSuggestionReviewStartsAcceptedAndAppliesOnlyAccepted]' passed (0.000 seconds).
Test Case '-[TesseraCoreTests.DocumentRetouchTests testTheStubNeedsTheEngine]' started.
Test Case '-[TesseraCoreTests.DocumentRetouchTests testTheStubNeedsTheEngine]' passed (0.000 seconds).
Test Suite 'DocumentRetouchTests' passed at 2026-09-27 16:26:22.954.
	 Executed 17 tests, with 0 failures (0 unexpected) in 0.151 (0.152) seconds
Test Suite 'DocumentStylesTests' started at 2026-09-27 16:26:22.954.
Test Case '-[TesseraCoreTests.DocumentStylesTests testControllerAddsEditsAndFollowsTheGlobalLight]' started.
Test Case '-[TesseraCoreTests.DocumentStylesTests testControllerAddsEditsAndFollowsTheGlobalLight]' passed (0.015 seconds).
Test Case '-[TesseraCoreTests.DocumentStylesTests testEngineBackendRoundTripsAndRecordsOneNodePerGesture]' started.
Test Case '-[TesseraCoreTests.DocumentStylesTests testEngineBackendRoundTripsAndRecordsOneNodePerGesture]' passed (0.017 seconds).
Test Case '-[TesseraCoreTests.DocumentStylesTests testEveryEffectKindRoundTripsThroughTheModel]' started.
Test Case '-[TesseraCoreTests.DocumentStylesTests testEveryEffectKindRoundTripsThroughTheModel]' passed (0.016 seconds).
Test Case '-[TesseraCoreTests.DocumentStylesTests testGlobalLightPropagatesAcrossLayersInTheUIModel]' started.
Test Case '-[TesseraCoreTests.DocumentStylesTests testGlobalLightPropagatesAcrossLayersInTheUIModel]' passed (0.003 seconds).
Test Case '-[TesseraCoreTests.DocumentStylesTests testRepeatableEffectsOrderAndLimits]' started.
Test Case '-[TesseraCoreTests.DocumentStylesTests testRepeatableEffectsOrderAndLimits]' passed (0.003 seconds).
Test Case '-[TesseraCoreTests.DocumentStylesTests testSchemaDescribesEveryKindTopFirst]' started.
Test Case '-[TesseraCoreTests.DocumentStylesTests testSchemaDescribesEveryKindTopFirst]' passed (0.004 seconds).
Test Case '-[TesseraCoreTests.DocumentStylesTests testStubBackendKeepsStylesPerDocument]' started.
Test Case '-[TesseraCoreTests.DocumentStylesTests testStubBackendKeepsStylesPerDocument]' passed (0.004 seconds).
Test Suite 'DocumentStylesTests' passed at 2026-09-27 16:26:23.018.
	 Executed 7 tests, with 0 failures (0 unexpected) in 0.063 (0.064) seconds
Test Suite 'DocumentTextSessionTests' started at 2026-09-27 16:26:23.018.
Test Case '-[TesseraCoreTests.DocumentTextSessionTests testApplyAndCancelKeysReachTheSessionWhateverViewIsFocused]' started.
document: frames on the Viewport path (L0, requested Rect { x0: 0, y0: 0, x1: 1200, y1: 800 })
Test Case '-[TesseraCoreTests.DocumentTextSessionTests testApplyAndCancelKeysReachTheSessionWhateverViewIsFocused]' passed (0.344 seconds).
Test Case '-[TesseraCoreTests.DocumentTextSessionTests testClickJustRightOfTheLastGlyphResumesEditing]' started.
document: frames on the Viewport path (L0, requested Rect { x0: 0, y0: 0, x1: 1200, y1: 800 })
Test Case '-[TesseraCoreTests.DocumentTextSessionTests testClickJustRightOfTheLastGlyphResumesEditing]' passed (0.062 seconds).
Test Case '-[TesseraCoreTests.DocumentTextSessionTests testCommandReturnAppliesAfterABoxHandleDrag]' started.
document: frames on the Viewport path (L0, requested Rect { x0: 0, y0: 0, x1: 1200, y1: 800 })
Test Case '-[TesseraCoreTests.DocumentTextSessionTests testCommandReturnAppliesAfterABoxHandleDrag]' passed (0.121 seconds).
Test Case '-[TesseraCoreTests.DocumentTextSessionTests testHitRegionIsTheLineBoxPlusTheTrailingMargin]' started.
document: frames on the Viewport path (L0, requested Rect { x0: 0, y0: 0, x1: 1200, y1: 800 })
Test Case '-[TesseraCoreTests.DocumentTextSessionTests testHitRegionIsTheLineBoxPlusTheTrailingMargin]' passed (0.061 seconds).
Test Case '-[TesseraCoreTests.DocumentTextSessionTests testLatencyCountsKeystrokesOnlyAndExcludesInactiveTime]' started.
document: frames on the Viewport path (L0, requested Rect { x0: 0, y0: 0, x1: 1200, y1: 800 })
Test Case '-[TesseraCoreTests.DocumentTextSessionTests testLatencyCountsKeystrokesOnlyAndExcludesInactiveTime]' passed (0.064 seconds).
Test Case '-[TesseraCoreTests.DocumentTextSessionTests testSessionMeasuresKeystrokesNotGestures]' started.
document: frames on the Viewport path (L0, requested Rect { x0: 0, y0: 0, x1: 1200, y1: 800 })
Test Case '-[TesseraCoreTests.DocumentTextSessionTests testSessionMeasuresKeystrokesNotGestures]' passed (0.096 seconds).
Test Case '-[TesseraCoreTests.DocumentTextSessionTests testStatusHintFollowsTheSession]' started.
document: frames on the Viewport path (L0, requested Rect { x0: 0, y0: 0, x1: 1200, y1: 800 })
Test Case '-[TesseraCoreTests.DocumentTextSessionTests testStatusHintFollowsTheSession]' passed (0.123 seconds).
Test Case '-[TesseraCoreTests.DocumentTextSessionTests testTextFrameIsDashedForPointAndAreaText]' started.
document: frames on the Viewport path (L0, requested Rect { x0: 0, y0: 0, x1: 1200, y1: 800 })
Test Case '-[TesseraCoreTests.DocumentTextSessionTests testTextFrameIsDashedForPointAndAreaText]' passed (0.066 seconds).
Test Suite 'DocumentTextSessionTests' passed at 2026-09-27 16:26:23.956.
	 Executed 8 tests, with 0 failures (0 unexpected) in 0.938 (0.939) seconds
Test Suite 'DocumentTextTests' started at 2026-09-27 16:26:23.956.
Test Case '-[TesseraCoreTests.DocumentTextTests testAffineConversionToCoreGraphicsKeepsTranslationAndSkew]' started.
Test Case '-[TesseraCoreTests.DocumentTextTests testAffineConversionToCoreGraphicsKeepsTranslationAndSkew]' passed (0.001 seconds).
Test Case '-[TesseraCoreTests.DocumentTextTests testApplyStyleSplitsOnlyAtTheSelectionAndSpliceMatchesTheEngine]' started.
Test Case '-[TesseraCoreTests.DocumentTextTests testApplyStyleSplitsOnlyAtTheSelectionAndSpliceMatchesTheEngine]' passed (0.006 seconds).
Test Case '-[TesseraCoreTests.DocumentTextTests testDeletionAcrossMixedStyleRunsKeepsUntouchedRuns]' started.
Test Case '-[TesseraCoreTests.DocumentTextTests testDeletionAcrossMixedStyleRunsKeepsUntouchedRuns]' passed (0.001 seconds).
Test Case '-[TesseraCoreTests.DocumentTextTests testDraftsThroughTheSessionAreOneNodeCancelAndLocks]' started.
Test Case '-[TesseraCoreTests.DocumentTextTests testDraftsThroughTheSessionAreOneNodeCancelAndLocks]' passed (0.126 seconds).
Test Case '-[TesseraCoreTests.DocumentTextTests testEngineLayoutClustersAgreeWithTheIndexOnRealText]' started.
Test Case '-[TesseraCoreTests.DocumentTextTests testEngineLayoutClustersAgreeWithTheIndexOnRealText]' passed (0.001 seconds).
Test Case '-[TesseraCoreTests.DocumentTextTests testInsertJoinsTheRunBeforeTheCaretAndSplitsForATypingStyle]' started.
Test Case '-[TesseraCoreTests.DocumentTextTests testInsertJoinsTheRunBeforeTheCaretAndSplitsForATypingStyle]' passed (0.000 seconds).
Test Case '-[TesseraCoreTests.DocumentTextTests testLigatureInteriorIsNotACaretStopAndHitsSnapToClusterEdges]' started.
Test Case '-[TesseraCoreTests.DocumentTextTests testLigatureInteriorIsNotACaretStopAndHitsSnapToClusterEdges]' passed (0.000 seconds).
Test Case '-[TesseraCoreTests.DocumentTextTests testMarkedTextCancelRestoresAndCommitKeepsOneComposition]' started.
Test Case '-[TesseraCoreTests.DocumentTextTests testMarkedTextCancelRestoresAndCommitKeepsOneComposition]' passed (0.000 seconds).
Test Case '-[TesseraCoreTests.DocumentTextTests testMixedBidiCaretAndHitTestFollowTheVisualLayout]' started.
Test Case '-[TesseraCoreTests.DocumentTextTests testMixedBidiCaretAndHitTestFollowTheVisualLayout]' passed (0.000 seconds).
Test Case '-[TesseraCoreTests.DocumentTextTests testModelJSONMatchesTheEngineSchemaAndKeepsPathData]' started.
Test Case '-[TesseraCoreTests.DocumentTextTests testModelJSONMatchesTheEngineSchemaAndKeepsPathData]' passed (0.001 seconds).
Test Case '-[TesseraCoreTests.DocumentTextTests testRunMappingPrefersTheRunBeforeTheCaret]' started.
Test Case '-[TesseraCoreTests.DocumentTextTests testRunMappingPrefersTheRunBeforeTheCaret]' passed (0.000 seconds).
Test Case '-[TesseraCoreTests.DocumentTextTests testTrailingNewlineVerticalMovesAndLineBounds]' started.
Test Case '-[TesseraCoreTests.DocumentTextTests testTrailingNewlineVerticalMovesAndLineBounds]' passed (0.000 seconds).
Test Case '-[TesseraCoreTests.DocumentTextTests testTypingStyleAndDeleteBackwardOverNonBMP]' started.
Test Case '-[TesseraCoreTests.DocumentTextTests testTypingStyleAndDeleteBackwardOverNonBMP]' passed (0.000 seconds).
Test Case '-[TesseraCoreTests.DocumentTextTests testUTF16UTF8AndGraphemeMappingAcrossNonBMPAndCombiningMarks]' started.
Test Case '-[TesseraCoreTests.DocumentTextTests testUTF16UTF8AndGraphemeMappingAcrossNonBMPAndCombiningMarks]' passed (0.000 seconds).
Test Suite 'DocumentTextTests' passed at 2026-09-27 16:26:24.095.
	 Executed 14 tests, with 0 failures (0 unexpected) in 0.137 (0.139) seconds
Test Suite 'DocumentToolsTests' started at 2026-09-27 16:26:24.095.
Test Case '-[TesseraCoreTests.DocumentToolsTests testAffineComposition]' started.
Test Case '-[TesseraCoreTests.DocumentToolsTests testAffineComposition]' passed (0.000 seconds).
Test Case '-[TesseraCoreTests.DocumentToolsTests testBracketKeysAndHardness]' started.
Test Case '-[TesseraCoreTests.DocumentToolsTests testBracketKeysAndHardness]' passed (0.000 seconds).
Test Case '-[TesseraCoreTests.DocumentToolsTests testCoalescerBatchesSamplesWhileAFrameIsInFlight]' started.
Test Case '-[TesseraCoreTests.DocumentToolsTests testCoalescerBatchesSamplesWhileAFrameIsInFlight]' passed (0.000 seconds).
Test Case '-[TesseraCoreTests.DocumentToolsTests testEngineToolsThroughTheAdapter]' started.
Test Case '-[TesseraCoreTests.DocumentToolsTests testEngineToolsThroughTheAdapter]' passed (0.018 seconds).
Test Case '-[TesseraCoreTests.DocumentToolsTests testFreeTransformHandleDrags]' started.
Test Case '-[TesseraCoreTests.DocumentToolsTests testFreeTransformHandleDrags]' passed (0.000 seconds).
Test Case '-[TesseraCoreTests.DocumentToolsTests testFreeTransformModel]' started.
Test Case '-[TesseraCoreTests.DocumentToolsTests testFreeTransformModel]' passed (0.000 seconds).
Test Case '-[TesseraCoreTests.DocumentToolsTests testFreeTransformRotateMoveAndHitTest]' started.
Test Case '-[TesseraCoreTests.DocumentToolsTests testFreeTransformRotateMoveAndHitTest]' passed (0.000 seconds).
Test Case '-[TesseraCoreTests.DocumentToolsTests testHUDDragMapsToSizeAndHardness]' started.
Test Case '-[TesseraCoreTests.DocumentToolsTests testHUDDragMapsToSizeAndHardness]' passed (0.000 seconds).
Test Case '-[TesseraCoreTests.DocumentToolsTests testMarqueeGeometry]' started.
Test Case '-[TesseraCoreTests.DocumentToolsTests testMarqueeGeometry]' passed (0.000 seconds).
Test Case '-[TesseraCoreTests.DocumentToolsTests testOpacityDigits]' started.
Test Case '-[TesseraCoreTests.DocumentToolsTests testOpacityDigits]' passed (0.000 seconds).
Test Case '-[TesseraCoreTests.DocumentToolsTests testPressureCurve]' started.
Test Case '-[TesseraCoreTests.DocumentToolsTests testPressureCurve]' passed (0.000 seconds).
Test Case '-[TesseraCoreTests.DocumentToolsTests testSelectionModifierMapping]' started.
Test Case '-[TesseraCoreTests.DocumentToolsTests testSelectionModifierMapping]' passed (0.000 seconds).
Test Case '-[TesseraCoreTests.DocumentToolsTests testStubAdoptsTheGeometricSubset]' started.
Test Case '-[TesseraCoreTests.DocumentToolsTests testStubAdoptsTheGeometricSubset]' passed (0.000 seconds).
Test Case '-[TesseraCoreTests.DocumentToolsTests testToolColors]' started.
Test Case '-[TesseraCoreTests.DocumentToolsTests testToolColors]' passed (0.000 seconds).
Test Case '-[TesseraCoreTests.DocumentToolsTests testToolKeyMap]' started.
Test Case '-[TesseraCoreTests.DocumentToolsTests testToolKeyMap]' passed (0.000 seconds).
Test Suite 'DocumentToolsTests' passed at 2026-09-27 16:26:24.116.
	 Executed 15 tests, with 0 failures (0 unexpected) in 0.020 (0.020) seconds
Test Suite 'DocumentTransformTests' started at 2026-09-27 16:26:24.116.
Test Case '-[TesseraCoreTests.DocumentTransformTests testChildMappingUsesTheRowMajorAffineWithSkewAndTranslation]' started.
Test Case '-[TesseraCoreTests.DocumentTransformTests testChildMappingUsesTheRowMajorAffineWithSkewAndTranslation]' passed (0.000 seconds).
Test Case '-[TesseraCoreTests.DocumentTransformTests testContentAwareBoxHandlesProportionsAndLimits]' started.
Test Case '-[TesseraCoreTests.DocumentTransformTests testContentAwareBoxHandlesProportionsAndLimits]' passed (0.000 seconds).
Test Case '-[TesseraCoreTests.DocumentTransformTests testCrossingAndDegenerateQuadsAreRejectedBeforeTheEngine]' started.
Test Case '-[TesseraCoreTests.DocumentTransformTests testCrossingAndDegenerateQuadsAreRejectedBeforeTheEngine]' passed (0.000 seconds).
Test Case '-[TesseraCoreTests.DocumentTransformTests testEnginePuppetMeshAndProtectionChannels]' started.
Test Case '-[TesseraCoreTests.DocumentTransformTests testEnginePuppetMeshAndProtectionChannels]' passed (0.013 seconds).
Test Case '-[TesseraCoreTests.DocumentTransformTests testEngineSessionNeedsConsentCancelsCleanlyAndAppliesOneNode]' started.
Test Case '-[TesseraCoreTests.DocumentTransformTests testEngineSessionNeedsConsentCancelsCleanlyAndAppliesOneNode]' passed (0.013 seconds).
Test Case '-[TesseraCoreTests.DocumentTransformTests testEngineSplitAddsLinesWithoutMovingTheSurface]' started.
Test Case '-[TesseraCoreTests.DocumentTransformTests testEngineSplitAddsLinesWithoutMovingTheSurface]' passed (0.000 seconds).
Test Case '-[TesseraCoreTests.DocumentTransformTests testOperationJSONCarriesKernelAndNeverAProtectMask]' started.
Test Case '-[TesseraCoreTests.DocumentTransformTests testOperationJSONCarriesKernelAndNeverAProtectMask]' passed (0.001 seconds).
Test Case '-[TesseraCoreTests.DocumentTransformTests testPerspectiveLayoutMovesBothSpacesAndWarpOnlyTheDestination]' started.
Test Case '-[TesseraCoreTests.DocumentTransformTests testPerspectiveLayoutMovesBothSpacesAndWarpOnlyTheDestination]' passed (0.000 seconds).
Test Case '-[TesseraCoreTests.DocumentTransformTests testPerspectiveQuadsArePerimeterOrderedAndRoundTrip]' started.
Test Case '-[TesseraCoreTests.DocumentTransformTests testPerspectiveQuadsArePerimeterOrderedAndRoundTrip]' passed (0.000 seconds).
Test Case '-[TesseraCoreTests.DocumentTransformTests testPerspectiveSplitKeepsTheWarpedImageInPlace]' started.
Test Case '-[TesseraCoreTests.DocumentTransformTests testPerspectiveSplitKeepsTheWarpedImageInPlace]' passed (0.000 seconds).
Test Case '-[TesseraCoreTests.DocumentTransformTests testPresetsBendZeroIsIdentityAndInvalidBendFails]' started.
Test Case '-[TesseraCoreTests.DocumentTransformTests testPresetsBendZeroIsIdentityAndInvalidBendFails]' passed (0.000 seconds).
Test Case '-[TesseraCoreTests.DocumentTransformTests testPuppetModelRoundTripsAndPinsNeverJump]' started.
Test Case '-[TesseraCoreTests.DocumentTransformTests testPuppetModelRoundTripsAndPinsNeverJump]' passed (0.000 seconds).
Test Case '-[TesseraCoreTests.DocumentTransformTests testPuppetRebaseKeepsPinsOnTheNearestNewVertex]' started.
Test Case '-[TesseraCoreTests.DocumentTransformTests testPuppetRebaseKeepsPinsOnTheNearestNewVertex]' passed (0.000 seconds).
Test Case '-[TesseraCoreTests.DocumentTransformTests testWarpAnchorDragCarriesItsHandles]' started.
Test Case '-[TesseraCoreTests.DocumentTransformTests testWarpAnchorDragCarriesItsHandles]' passed (0.000 seconds).
Test Case '-[TesseraCoreTests.DocumentTransformTests testWarpMeshJSONMatchesTheEngineSchema]' started.
Test Case '-[TesseraCoreTests.DocumentTransformTests testWarpMeshJSONMatchesTheEngineSchema]' passed (0.000 seconds).
Test Case '-[TesseraCoreTests.DocumentTransformTests testWarpSurfaceInterpolatesCornersAndIsLinearAtIdentity]' started.
Test Case '-[TesseraCoreTests.DocumentTransformTests testWarpSurfaceInterpolatesCornersAndIsLinearAtIdentity]' passed (0.000 seconds).
Test Suite 'DocumentTransformTests' passed at 2026-09-27 16:26:24.145.
	 Executed 16 tests, with 0 failures (0 unexpected) in 0.029 (0.030) seconds
Test Suite 'DocumentVectorTests' started at 2026-09-27 16:26:24.145.
Test Case '-[TesseraCoreTests.DocumentVectorTests testAffineLayoutsConvertExplicitlyWithSkewAndTranslation]' started.
Test Case '-[TesseraCoreTests.DocumentVectorTests testAffineLayoutsConvertExplicitlyWithSkewAndTranslation]' passed (0.000 seconds).
Test Case '-[TesseraCoreTests.DocumentVectorTests testCoincidentAnchorsMergeLikeTheEngine]' started.
Test Case '-[TesseraCoreTests.DocumentVectorTests testCoincidentAnchorsMergeLikeTheEngine]' passed (0.000 seconds).
Test Case '-[TesseraCoreTests.DocumentVectorTests testEllipseOverlayLiesOnTheEnginesEllipse]' started.
Test Case '-[TesseraCoreTests.DocumentVectorTests testEllipseOverlayLiesOnTheEnginesEllipse]' passed (0.000 seconds).
Test Case '-[TesseraCoreTests.DocumentVectorTests testEngineShapesDraftsMasksBooleansAndConversion]' started.
Test Case '-[TesseraCoreTests.DocumentVectorTests testEngineShapesDraftsMasksBooleansAndConversion]' passed (0.015 seconds).
Test Case '-[TesseraCoreTests.DocumentVectorTests testEvenOddHolesAndNonzeroContainment]' started.
Test Case '-[TesseraCoreTests.DocumentVectorTests testEvenOddHolesAndNonzeroContainment]' passed (0.000 seconds).
Test Case '-[TesseraCoreTests.DocumentVectorTests testInverseAffineHitsWithSkewAndTranslation]' started.
Test Case '-[TesseraCoreTests.DocumentVectorTests testInverseAffineHitsWithSkewAndTranslation]' passed (0.000 seconds).
Test Case '-[TesseraCoreTests.DocumentVectorTests testPathCommandJSONMatchesTheEngineSchema]' started.
Test Case '-[TesseraCoreTests.DocumentVectorTests testPathCommandJSONMatchesTheEngineSchema]' passed (0.000 seconds).
Test Case '-[TesseraCoreTests.DocumentVectorTests testPatternPaintIsCarriedOpaquely]' started.
Test Case '-[TesseraCoreTests.DocumentVectorTests testPatternPaintIsCarriedOpaquely]' passed (0.000 seconds).
Test Case '-[TesseraCoreTests.DocumentVectorTests testPenDraftBuildsCubicHandlesAndCloses]' started.
Test Case '-[TesseraCoreTests.DocumentVectorTests testPenDraftBuildsCubicHandlesAndCloses]' passed (0.000 seconds).
Test Case '-[TesseraCoreTests.DocumentVectorTests testPolygonStarAndLinePrimitivesMatchTheEngine]' started.
Test Case '-[TesseraCoreTests.DocumentVectorTests testPolygonStarAndLinePrimitivesMatchTheEngine]' passed (0.000 seconds).
Test Case '-[TesseraCoreTests.DocumentVectorTests testRectanglePrimitiveMatchesTheEngineConstruction]' started.
Test Case '-[TesseraCoreTests.DocumentVectorTests testRectanglePrimitiveMatchesTheEngineConstruction]' passed (0.000 seconds).
Test Case '-[TesseraCoreTests.DocumentVectorTests testShapeSourceDecodesAndReencodesTheEngineSchema]' started.
Test Case '-[TesseraCoreTests.DocumentVectorTests testShapeSourceDecodesAndReencodesTheEngineSchema]' passed (0.001 seconds).
Test Case '-[TesseraCoreTests.DocumentVectorTests testShapeToolConstraints]' started.
Test Case '-[TesseraCoreTests.DocumentVectorTests testShapeToolConstraints]' passed (0.000 seconds).
Test Case '-[TesseraCoreTests.DocumentVectorTests testSplitIsExactAndHandlesMirrorOrStayIndependent]' started.
Test Case '-[TesseraCoreTests.DocumentVectorTests testSplitIsExactAndHandlesMirrorOrStayIndependent]' passed (0.000 seconds).
Test Case '-[TesseraCoreTests.DocumentVectorTests testTargetsPreferSelectedHandlesThenAnchorsThenSegments]' started.
Test Case '-[TesseraCoreTests.DocumentVectorTests testTargetsPreferSelectedHandlesThenAnchorsThenSegments]' passed (0.000 seconds).
Test Case '-[TesseraCoreTests.DocumentVectorTests testToolRoutingKeysAndGroups]' started.
Test Case '-[TesseraCoreTests.DocumentVectorTests testToolRoutingKeysAndGroups]' passed (0.000 seconds).
Test Suite 'DocumentVectorTests' passed at 2026-09-27 16:26:24.165.
	 Executed 16 tests, with 0 failures (0 unexpected) in 0.018 (0.019) seconds
Test Suite 'DocumentVectorVerifyFixesTests' started at 2026-09-27 16:26:24.165.
Test Case '-[TesseraCoreTests.DocumentVectorVerifyFixesTests testAutoNamedTextLayerNameFollowsItsFirstLine]' started.
document: frames on the Viewport path (L0, requested Rect { x0: 0, y0: 0, x1: 1200, y1: 800 })
Test Case '-[TesseraCoreTests.DocumentVectorVerifyFixesTests testAutoNamedTextLayerNameFollowsItsFirstLine]' passed (0.117 seconds).
Test Case '-[TesseraCoreTests.DocumentVectorVerifyFixesTests testKeyboardStepsOfAShapeSliderAreOneHistoryNode]' started.
document: frames on the Viewport path (L0, requested Rect { x0: 0, y0: 0, x1: 1200, y1: 800 })
Test Case '-[TesseraCoreTests.DocumentVectorVerifyFixesTests testKeyboardStepsOfAShapeSliderAreOneHistoryNode]' passed (1.380 seconds).
Test Case '-[TesseraCoreTests.DocumentVectorVerifyFixesTests testLayersRowShowsAVectorMaskThumbnailNextToTheRasterMask]' started.
document: frames on the Viewport path (L0, requested Rect { x0: 0, y0: 0, x1: 1200, y1: 800 })
Test Case '-[TesseraCoreTests.DocumentVectorVerifyFixesTests testLayersRowShowsAVectorMaskThumbnailNextToTheRasterMask]' passed (0.110 seconds).
Test Case '-[TesseraCoreTests.DocumentVectorVerifyFixesTests testNewAreaTextResizedBeforeTheFirstApplyIsOneAddText]' started.
document: frames on the Viewport path (L0, requested Rect { x0: 0, y0: 0, x1: 1200, y1: 800 })
Test Case '-[TesseraCoreTests.DocumentVectorVerifyFixesTests testNewAreaTextResizedBeforeTheFirstApplyIsOneAddText]' passed (0.107 seconds).
Test Case '-[TesseraCoreTests.DocumentVectorVerifyFixesTests testNewStrokeTakesTheForegroundOrAContrastingColourNotTheFill]' started.
document: frames on the Viewport path (L0, requested Rect { x0: 0, y0: 0, x1: 1200, y1: 800 })
Test Case '-[TesseraCoreTests.DocumentVectorVerifyFixesTests testNewStrokeTakesTheForegroundOrAContrastingColourNotTheFill]' passed (0.076 seconds).
Test Case '-[TesseraCoreTests.DocumentVectorVerifyFixesTests testPathSelectionClickOnEmptyCanvasDeselects]' started.
document: frames on the Viewport path (L0, requested Rect { x0: 0, y0: 0, x1: 1200, y1: 800 })
Test Case '-[TesseraCoreTests.DocumentVectorVerifyFixesTests testPathSelectionClickOnEmptyCanvasDeselects]' passed (0.106 seconds).
Test Case '-[TesseraCoreTests.DocumentVectorVerifyFixesTests testPenDraftKeepsThePreviousAnchorsHandles]' started.
document: frames on the Viewport path (L0, requested Rect { x0: 0, y0: 0, x1: 1200, y1: 800 })
Test Case '-[TesseraCoreTests.DocumentVectorVerifyFixesTests testPenDraftKeepsThePreviousAnchorsHandles]' passed (0.060 seconds).
Test Case '-[TesseraCoreTests.DocumentVectorVerifyFixesTests testPropertiesReportTheShapesRealBoundsLiveDuringDrags]' started.
document: frames on the Viewport path (L0, requested Rect { x0: 0, y0: 0, x1: 1200, y1: 800 })
Test Case '-[TesseraCoreTests.DocumentVectorVerifyFixesTests testPropertiesReportTheShapesRealBoundsLiveDuringDrags]' passed (0.090 seconds).
Test Case '-[TesseraCoreTests.DocumentVectorVerifyFixesTests testRejectedRecolourRevertsTheColourWell]' started.
document: frames on the Viewport path (L0, requested Rect { x0: 0, y0: 0, x1: 1200, y1: 800 })
Test Case '-[TesseraCoreTests.DocumentVectorVerifyFixesTests testRejectedRecolourRevertsTheColourWell]' passed (0.400 seconds).
Test Case '-[TesseraCoreTests.DocumentVectorVerifyFixesTests testStatusHintsFollowTheToolAndPenState]' started.
document: frames on the Viewport path (L0, requested Rect { x0: 0, y0: 0, x1: 1200, y1: 800 })
Test Case '-[TesseraCoreTests.DocumentVectorVerifyFixesTests testStatusHintsFollowTheToolAndPenState]' passed (0.074 seconds).
Test Case '-[TesseraCoreTests.DocumentVectorVerifyFixesTests testToolLettersWorkWhileASliderOrTheLayersListHasTheKeyboard]' started.
document: frames on the Viewport path (L0, requested Rect { x0: 0, y0: 0, x1: 1200, y1: 800 })
Test Case '-[TesseraCoreTests.DocumentVectorVerifyFixesTests testToolLettersWorkWhileASliderOrTheLayersListHasTheKeyboard]' passed (0.072 seconds).
Test Suite 'DocumentVectorVerifyFixesTests' passed at 2026-09-27 16:26:26.757.
	 Executed 11 tests, with 0 failures (0 unexpected) in 2.591 (2.593) seconds
Test Suite 'DocumentViewportMathTests' started at 2026-09-27 16:26:26.757.
Test Case '-[TesseraCoreTests.DocumentViewportMathTests testAnchoredZoomKeepsThePointUnderThePointer]' started.
Test Case '-[TesseraCoreTests.DocumentViewportMathTests testAnchoredZoomKeepsThePointUnderThePointer]' passed (0.000 seconds).
Test Case '-[TesseraCoreTests.DocumentViewportMathTests testFitZoomAndSteps]' started.
Test Case '-[TesseraCoreTests.DocumentViewportMathTests testFitZoomAndSteps]' passed (0.000 seconds).
Test Case '-[TesseraCoreTests.DocumentViewportMathTests testLevelFromZoom]' started.
Test Case '-[TesseraCoreTests.DocumentViewportMathTests testLevelFromZoom]' passed (0.000 seconds).
Test Case '-[TesseraCoreTests.DocumentViewportMathTests testVisibleRectAndPan]' started.
Test Case '-[TesseraCoreTests.DocumentViewportMathTests testVisibleRectAndPan]' passed (0.000 seconds).
Test Suite 'DocumentViewportMathTests' passed at 2026-09-27 16:26:26.758.
	 Executed 4 tests, with 0 failures (0 unexpected) in 0.001 (0.001) seconds
Test Suite 'EDRPresentationTests' started at 2026-09-27 16:26:26.758.
Test Case '-[TesseraCoreTests.EDRPresentationTests testEDRScreenUsesFloatSurfacesOnlyWithHDROn]' started.
Test Case '-[TesseraCoreTests.EDRPresentationTests testEDRScreenUsesFloatSurfacesOnlyWithHDROn]' passed (0.000 seconds).
Test Case '-[TesseraCoreTests.EDRPresentationTests testHeadroomChangesAreDebounced]' started.
Test Case '-[TesseraCoreTests.EDRPresentationTests testHeadroomChangesAreDebounced]' passed (0.000 seconds).
Test Case '-[TesseraCoreTests.EDRPresentationTests testHeadroomControlPatchesTheRecipe]' started.
Test Case '-[TesseraCoreTests.EDRPresentationTests testHeadroomControlPatchesTheRecipe]' passed (0.000 seconds).
Test Case '-[TesseraCoreTests.EDRPresentationTests testHeadroomIsCappedByTheCurrentDisplayHeadroom]' started.
Test Case '-[TesseraCoreTests.EDRPresentationTests testHeadroomIsCappedByTheCurrentDisplayHeadroom]' passed (0.000 seconds).
Test Case '-[TesseraCoreTests.EDRPresentationTests testOddScreenValuesAreSanitized]' started.
Test Case '-[TesseraCoreTests.EDRPresentationTests testOddScreenValuesAreSanitized]' passed (0.000 seconds).
Test Case '-[TesseraCoreTests.EDRPresentationTests testSDRScreenAlwaysKeepsTheRGBA8Path]' started.
Test Case '-[TesseraCoreTests.EDRPresentationTests testSDRScreenAlwaysKeepsTheRGBA8Path]' passed (0.000 seconds).
Test Suite 'EDRPresentationTests' passed at 2026-09-27 16:26:26.759.
	 Executed 6 tests, with 0 failures (0 unexpected) in 0.001 (0.001) seconds
Test Suite 'EngineDocumentBackendTests' started at 2026-09-27 16:26:26.759.
Test Case '-[TesseraCoreTests.EngineDocumentBackendTests testBlendModeStringsMatchTheEngine]' started.
Test Case '-[TesseraCoreTests.EngineDocumentBackendTests testBlendModeStringsMatchTheEngine]' passed (0.013 seconds).
Test Case '-[TesseraCoreTests.EngineDocumentBackendTests testEngineSessionThroughTheAdapter]' started.
Test Case '-[TesseraCoreTests.EngineDocumentBackendTests testEngineSessionThroughTheAdapter]' passed (0.016 seconds).
Test Case '-[TesseraCoreTests.EngineDocumentBackendTests testEnumsRoundTripEveryValue]' started.
Test Case '-[TesseraCoreTests.EngineDocumentBackendTests testEnumsRoundTripEveryValue]' passed (0.000 seconds).
Test Case '-[TesseraCoreTests.EngineDocumentBackendTests testFramesReachTheListenerOnMain]' started.
document: frames on the Viewport path (L1, requested Rect { x0: 0, y0: 0, x1: 128, y1: 64 })
Test Case '-[TesseraCoreTests.EngineDocumentBackendTests testFramesReachTheListenerOnMain]' passed (0.042 seconds).
Test Case '-[TesseraCoreTests.EngineDocumentBackendTests testHistoryIDMapShowsTheBaseAsOpened]' started.
Test Case '-[TesseraCoreTests.EngineDocumentBackendTests testHistoryIDMapShowsTheBaseAsOpened]' passed (0.000 seconds).
Test Case '-[TesseraCoreTests.EngineDocumentBackendTests testListenerCoalescesUntilTheMainQueueDrains]' started.
Test Case '-[TesseraCoreTests.EngineDocumentBackendTests testListenerCoalescesUntilTheMainQueueDrains]' passed (0.000 seconds).
Test Case '-[TesseraCoreTests.EngineDocumentBackendTests testListenerDeliversOnTheMainThread]' started.
Test Case '-[TesseraCoreTests.EngineDocumentBackendTests testListenerDeliversOnTheMainThread]' passed (0.000 seconds).
Test Case '-[TesseraCoreTests.EngineDocumentBackendTests testRecordsRoundTripFieldByField]' started.
Test Case '-[TesseraCoreTests.EngineDocumentBackendTests testRecordsRoundTripFieldByField]' passed (0.000 seconds).
Test Case '-[TesseraCoreTests.EngineDocumentBackendTests testWorkspaceChoosesTheEngineOrTheStub]' started.
Test Case '-[TesseraCoreTests.EngineDocumentBackendTests testWorkspaceChoosesTheEngineOrTheStub]' passed (0.018 seconds).
Test Suite 'EngineDocumentBackendTests' passed at 2026-09-27 16:26:26.850.
	 Executed 9 tests, with 0 failures (0 unexpected) in 0.090 (0.091) seconds
Test Suite 'ExportFormatsWatermarkTests' started at 2026-09-27 16:26:26.850.
Test Case '-[TesseraCoreTests.ExportFormatsWatermarkTests testFormatSwitchesStayValidForTheEngine]' started.
Test Case '-[TesseraCoreTests.ExportFormatsWatermarkTests testFormatSwitchesStayValidForTheEngine]' passed (0.017 seconds).
Test Case '-[TesseraCoreTests.ExportFormatsWatermarkTests testJPEGSizeLimitConverges]' started.
Test Case '-[TesseraCoreTests.ExportFormatsWatermarkTests testJPEGSizeLimitConverges]' passed (0.774 seconds).
Test Case '-[TesseraCoreTests.ExportFormatsWatermarkTests testNewFieldsEncodeAsTheEngineExpects]' started.
Test Case '-[TesseraCoreTests.ExportFormatsWatermarkTests testNewFieldsEncodeAsTheEngineExpects]' passed (0.002 seconds).
Test Case '-[TesseraCoreTests.ExportFormatsWatermarkTests testPresetsKeepNewFieldsAndOldPresetsLoadUnchanged]' started.
Test Case '-[TesseraCoreTests.ExportFormatsWatermarkTests testPresetsKeepNewFieldsAndOldPresetsLoadUnchanged]' passed (0.008 seconds).
Test Case '-[TesseraCoreTests.ExportFormatsWatermarkTests testRealExportsAVIFJXLAndDNG]' started.
Test Case '-[TesseraCoreTests.ExportFormatsWatermarkTests testRealExportsAVIFJXLAndDNG]' passed (0.775 seconds).
Test Case '-[TesseraCoreTests.ExportFormatsWatermarkTests testWatermarkProblemsAndPlacement]' started.
Test Case '-[TesseraCoreTests.ExportFormatsWatermarkTests testWatermarkProblemsAndPlacement]' passed (0.001 seconds).
Test Case '-[TesseraCoreTests.ExportFormatsWatermarkTests testWatermarksAreBurnedIn]' started.
Test Case '-[TesseraCoreTests.ExportFormatsWatermarkTests testWatermarksAreBurnedIn]' passed (0.713 seconds).
Test Suite 'ExportFormatsWatermarkTests' passed at 2026-09-27 16:26:29.140.
	 Executed 7 tests, with 0 failures (0 unexpected) in 2.289 (2.290) seconds
Test Suite 'ExportPrintTests' started at 2026-09-27 16:26:29.140.
Test Case '-[TesseraCoreTests.ExportPrintTests testContactSheetGrid]' started.
Test Case '-[TesseraCoreTests.ExportPrintTests testContactSheetGrid]' passed (0.001 seconds).
Test Case '-[TesseraCoreTests.ExportPrintTests testNamingMatchesTheEngine]' started.
Test Case '-[TesseraCoreTests.ExportPrintTests testNamingMatchesTheEngine]' passed (0.001 seconds).
Test Case '-[TesseraCoreTests.ExportPrintTests testNamingTokensAndProblems]' started.
Test Case '-[TesseraCoreTests.ExportPrintTests testNamingTokensAndProblems]' passed (0.000 seconds).
Test Case '-[TesseraCoreTests.ExportPrintTests testOutputSizes]' started.
Test Case '-[TesseraCoreTests.ExportPrintTests testOutputSizes]' passed (0.000 seconds).
Test Case '-[TesseraCoreTests.ExportPrintTests testPlacementRotatesToFitAndSizesRenders]' started.
Test Case '-[TesseraCoreTests.ExportPrintTests testPlacementRotatesToFitAndSizesRenders]' passed (0.000 seconds).
Test Case '-[TesseraCoreTests.ExportPrintTests testPresetsPersistUnderTheAppDirectory]' started.
Test Case '-[TesseraCoreTests.ExportPrintTests testPresetsPersistUnderTheAppDirectory]' passed (0.008 seconds).
Test Case '-[TesseraCoreTests.ExportPrintTests testPrintSettingsPersist]' started.
Test Case '-[TesseraCoreTests.ExportPrintTests testPrintSettingsPersist]' passed (0.002 seconds).
Test Case '-[TesseraCoreTests.ExportPrintTests testSettingsRoundTripThroughTheEngine]' started.
Test Case '-[TesseraCoreTests.ExportPrintTests testSettingsRoundTripThroughTheEngine]' passed (0.000 seconds).
Test Case '-[TesseraCoreTests.ExportPrintTests testSingleAndCustomCells]' started.
Test Case '-[TesseraCoreTests.ExportPrintTests testSingleAndCustomCells]' passed (0.000 seconds).
Test Suite 'ExportPrintTests' passed at 2026-09-27 16:26:29.154.
	 Executed 9 tests, with 0 failures (0 unexpected) in 0.013 (0.014) seconds
Test Suite 'ExportWarningsTests' started at 2026-09-27 16:26:29.154.
Test Case '-[TesseraCoreTests.ExportWarningsTests testWarningFilesAreReadAndSurfacedInTheToast]' started.
Test Case '-[TesseraCoreTests.ExportWarningsTests testWarningFilesAreReadAndSurfacedInTheToast]' passed (0.001 seconds).
Test Suite 'ExportWarningsTests' passed at 2026-09-27 16:26:29.155.
	 Executed 1 test, with 0 failures (0 unexpected) in 0.001 (0.001) seconds
Test Suite 'IncomingStripTests' started at 2026-09-27 16:26:29.155.
Test Case '-[TesseraCoreTests.IncomingStripTests testBadgesPreferTheSubjectsFaceAndNeverInventEyes]' started.
Test Case '-[TesseraCoreTests.IncomingStripTests testBadgesPreferTheSubjectsFaceAndNeverInventEyes]' passed (0.000 seconds).
Test Case '-[TesseraCoreTests.IncomingStripTests testFailedFramesAreKeptButNotAdvancedTo]' started.
Test Case '-[TesseraCoreTests.IncomingStripTests testFailedFramesAreKeptButNotAdvancedTo]' passed (0.000 seconds).
Test Case '-[TesseraCoreTests.IncomingStripTests testFrameCountFieldCommitsTypedValueAndClamps]' started.
Test Case '-[TesseraCoreTests.IncomingStripTests testFrameCountFieldCommitsTypedValueAndClamps]' passed (0.000 seconds).
Test Case '-[TesseraCoreTests.IncomingStripTests testIncomingDecisionRevisionTracksLocalCullAndFeed]' started.
Test Case '-[TesseraCoreTests.IncomingStripTests testIncomingDecisionRevisionTracksLocalCullAndFeed]' passed (0.000 seconds).
Test Case '-[TesseraCoreTests.IncomingStripTests testIntervalPlanCountsDown]' started.
Test Case '-[TesseraCoreTests.IncomingStripTests testIntervalPlanCountsDown]' passed (0.000 seconds).
Test Case '-[TesseraCoreTests.IncomingStripTests testNewestFirstCappedWithPendingRequests]' started.
Test Case '-[TesseraCoreTests.IncomingStripTests testNewestFirstCappedWithPendingRequests]' passed (0.000 seconds).
Test Suite 'IncomingStripTests' passed at 2026-09-27 16:26:29.156.
	 Executed 6 tests, with 0 failures (0 unexpected) in 0.001 (0.001) seconds
Test Suite 'IncrementalLibraryTests' started at 2026-09-27 16:26:29.156.
Test Case '-[TesseraCoreTests.IncrementalLibraryTests testAppModelKeepsSelectionFilterAndGridAcrossUpdates]' started.
Test Case '-[TesseraCoreTests.IncrementalLibraryTests testAppModelKeepsSelectionFilterAndGridAcrossUpdates]' passed (0.286 seconds).
Test Case '-[TesseraCoreTests.IncrementalLibraryTests testLibraryInsertsUpdatesAndRemovesInPlaceKeepingUndo]' started.
Test Case '-[TesseraCoreTests.IncrementalLibraryTests testLibraryInsertsUpdatesAndRemovesInPlaceKeepingUndo]' passed (0.044 seconds).
Test Case '-[TesseraCoreTests.IncrementalLibraryTests testTwentyTetheredFramesKeepUndoAndFilters]' started.
Test Case '-[TesseraCoreTests.IncrementalLibraryTests testTwentyTetheredFramesKeepUndoAndFilters]' passed (4.329 seconds).
Test Suite 'IncrementalLibraryTests' passed at 2026-09-27 16:26:33.816.
	 Executed 3 tests, with 0 failures (0 unexpected) in 4.659 (4.660) seconds
Test Suite 'KeyFocusTests' started at 2026-09-27 16:26:33.816.
Test Case '-[TesseraCoreTests.KeyFocusTests testFocusedCurveOwnsArrowsWithoutSelectedPoint]' started.
Test Case '-[TesseraCoreTests.KeyFocusTests testFocusedCurveOwnsArrowsWithoutSelectedPoint]' passed (0.014 seconds).
Test Case '-[TesseraCoreTests.KeyFocusTests testFocusedSliderOwnsArrows]' started.
Test Case '-[TesseraCoreTests.KeyFocusTests testFocusedSliderOwnsArrows]' passed (0.014 seconds).
Test Case '-[TesseraCoreTests.KeyFocusTests testPhotoEditConsumesCullKeysWithoutChangingDecisions]' started.
Test Case '-[TesseraCoreTests.KeyFocusTests testPhotoEditConsumesCullKeysWithoutChangingDecisions]' passed (0.004 seconds).
Test Case '-[TesseraCoreTests.KeyFocusTests testPhotoEditTextFieldStillOwnsLetters]' started.
Test Case '-[TesseraCoreTests.KeyFocusTests testPhotoEditTextFieldStillOwnsLetters]' passed (0.017 seconds).
Test Case '-[TesseraCoreTests.KeyFocusTests testReviewOwnsCullKeysAndEscapeCancelsDraftBeforeReturn]' started.
Test Case '-[TesseraCoreTests.KeyFocusTests testReviewOwnsCullKeysAndEscapeCancelsDraftBeforeReturn]' passed (0.013 seconds).
Test Case '-[TesseraCoreTests.KeyFocusTests testReviewTextAndNumericControlsKeepTheirInputAndDocumentWins]' started.
Test Case '-[TesseraCoreTests.KeyFocusTests testReviewTextAndNumericControlsKeepTheirInputAndDocumentWins]' passed (0.006 seconds).
Test Case '-[TesseraCoreTests.KeyFocusTests testSearchFieldOwnsCullKeys]' started.
Test Case '-[TesseraCoreTests.KeyFocusTests testSearchFieldOwnsCullKeys]' passed (0.033 seconds).
Test Case '-[TesseraCoreTests.KeyFocusTests testSliderModifiersBoundsAndBlurCommit]' started.
Test Case '-[TesseraCoreTests.KeyFocusTests testSliderModifiersBoundsAndBlurCommit]' passed (0.013 seconds).
Test Case '-[TesseraCoreTests.KeyFocusTests testUnfocusedLoupeReceivesArrows]' started.
Test Case '-[TesseraCoreTests.KeyFocusTests testUnfocusedLoupeReceivesArrows]' passed (0.012 seconds).
Test Suite 'KeyFocusTests' passed at 2026-09-27 16:26:33.943.
	 Executed 9 tests, with 0 failures (0 unexpected) in 0.126 (0.127) seconds
Test Suite 'LayoutContractTests' started at 2026-09-27 16:26:33.943.
Test Case '-[TesseraCoreTests.LayoutContractTests testAppDirDefaultsAreIsolatedFromTheSharedDomain]' started.
Test Case '-[TesseraCoreTests.LayoutContractTests testAppDirDefaultsAreIsolatedFromTheSharedDomain]' passed (0.003 seconds).
Test Case '-[TesseraCoreTests.LayoutContractTests testColorWheelPuckStaysInsideAtFullSaturation]' started.
Test Case '-[TesseraCoreTests.LayoutContractTests testColorWheelPuckStaysInsideAtFullSaturation]' passed (0.000 seconds).
Test Case '-[TesseraCoreTests.LayoutContractTests testCompareCaptionAndBadgeShareOnePartition]' started.
Test Case '-[TesseraCoreTests.LayoutContractTests testCompareCaptionAndBadgeShareOnePartition]' passed (0.000 seconds).
Test Case '-[TesseraCoreTests.LayoutContractTests testCurveEndKnotsStayInsideTheView]' started.
Test Case '-[TesseraCoreTests.LayoutContractTests testCurveEndKnotsStayInsideTheView]' passed (0.000 seconds).
Test Case '-[TesseraCoreTests.LayoutContractTests testFlowRowOffersOversizedItemsTheRowWidth]' started.
Test Case '-[TesseraCoreTests.LayoutContractTests testFlowRowOffersOversizedItemsTheRowWidth]' passed (0.000 seconds).
Test Case '-[TesseraCoreTests.LayoutContractTests testKeywordChipRowStaysInsideTheInspector]' started.
Test Case '-[TesseraCoreTests.LayoutContractTests testKeywordChipRowStaysInsideTheInspector]' passed (0.012 seconds).
Test Case '-[TesseraCoreTests.LayoutContractTests testShellBudgetYieldOrder]' started.
Test Case '-[TesseraCoreTests.LayoutContractTests testShellBudgetYieldOrder]' passed (0.000 seconds).
Test Case '-[TesseraCoreTests.LayoutContractTests testSidebarHiddenBadgeGivesItsWidthBack]' started.
Test Case '-[TesseraCoreTests.LayoutContractTests testSidebarHiddenBadgeGivesItsWidthBack]' passed (0.019 seconds).
Test Case '-[TesseraCoreTests.LayoutContractTests testSoftProofRowFitsTheMinimumInspector]' started.
Test Case '-[TesseraCoreTests.LayoutContractTests testSoftProofRowFitsTheMinimumInspector]' passed (0.030 seconds).
Test Case '-[TesseraCoreTests.LayoutContractTests testStatusBarFitsANarrowDetailWithLongStrings]' started.
Test Case '-[TesseraCoreTests.LayoutContractTests testStatusBarFitsANarrowDetailWithLongStrings]' passed (0.017 seconds).
Test Case '-[TesseraCoreTests.LayoutContractTests testThemeMenuTruncatesInsteadOfOverflowing]' started.
Test Case '-[TesseraCoreTests.LayoutContractTests testThemeMenuTruncatesInsteadOfOverflowing]' passed (0.008 seconds).
Test Case '-[TesseraCoreTests.LayoutContractTests testValueSliderDrawsWithoutOverflowAt80Points]' started.
Test Case '-[TesseraCoreTests.LayoutContractTests testValueSliderDrawsWithoutOverflowAt80Points]' passed (0.001 seconds).
Test Case '-[TesseraCoreTests.LayoutContractTests testValueSliderRingPaintsInsideTheThumb]' started.
Test Case '-[TesseraCoreTests.LayoutContractTests testValueSliderRingPaintsInsideTheThumb]' passed (0.000 seconds).
Test Case '-[TesseraCoreTests.LayoutContractTests testValueSliderTitleAndValueNeverTouch]' started.
Test Case '-[TesseraCoreTests.LayoutContractTests testValueSliderTitleAndValueNeverTouch]' passed (0.000 seconds).
Test Suite 'LayoutContractTests' passed at 2026-09-27 16:26:34.036.
	 Executed 14 tests, with 0 failures (0 unexpected) in 0.092 (0.093) seconds
Test Suite 'LazyLoupeTests' started at 2026-09-27 16:26:34.036.
Test Case '-[TesseraCoreTests.LazyLoupeTests testBackgroundAuditWindowCannotBecomeKeyOrMain]' started.
Test Case '-[TesseraCoreTests.LazyLoupeTests testBackgroundAuditWindowCannotBecomeKeyOrMain]' passed (0.345 seconds).
Test Case '-[TesseraCoreTests.LazyLoupeTests testEmptyLoupeConstructionDoesNotPrepareMetal]' started.
Test Case '-[TesseraCoreTests.LazyLoupeTests testEmptyLoupeConstructionDoesNotPrepareMetal]' passed (0.001 seconds).
Test Case '-[TesseraCoreTests.LazyLoupeTests testLateLoupeObserverSynchronizesExistingSelection]' started.
Test Case '-[TesseraCoreTests.LazyLoupeTests testLateLoupeObserverSynchronizesExistingSelection]' passed (0.001 seconds).
Test Case '-[TesseraCoreTests.LazyLoupeTests testPreparedResourcesAreSharedAndBuiltOffMain]' started.
Test Case '-[TesseraCoreTests.LazyLoupeTests testPreparedResourcesAreSharedAndBuiltOffMain]' passed (0.100 seconds).
Test Suite 'LazyLoupeTests' passed at 2026-09-27 16:26:34.484.
	 Executed 4 tests, with 0 failures (0 unexpected) in 0.448 (0.448) seconds
Test Suite 'LensBlurDepthModelTests' started at 2026-09-27 16:26:34.484.
Test Case '-[TesseraCoreTests.LensBlurDepthModelTests testHistogramBindsTheEngineBinsNormalised]' started.
Test Case '-[TesseraCoreTests.LensBlurDepthModelTests testHistogramBindsTheEngineBinsNormalised]' passed (0.009 seconds).
Test Case '-[TesseraCoreTests.LensBlurDepthModelTests testMissingWeightsAreAnInlineErrorAndNoEngineCall]' started.
Test Case '-[TesseraCoreTests.LensBlurDepthModelTests testMissingWeightsAreAnInlineErrorAndNoEngineCall]' passed (0.002 seconds).
Test Case '-[TesseraCoreTests.LensBlurDepthModelTests testSubjectAcquiresSegmentationAndAppliesTheEngineRange]' started.
Test Case '-[TesseraCoreTests.LensBlurDepthModelTests testSubjectAcquiresSegmentationAndAppliesTheEngineRange]' passed (0.004 seconds).
Test Case '-[TesseraCoreTests.LensBlurDepthModelTests testVisualizeToggleDrivesTheSessionOverlay]' started.
Test Case '-[TesseraCoreTests.LensBlurDepthModelTests testVisualizeToggleDrivesTheSessionOverlay]' passed (0.001 seconds).
Test Suite 'LensBlurDepthModelTests' passed at 2026-09-27 16:26:34.500.
	 Executed 4 tests, with 0 failures (0 unexpected) in 0.016 (0.016) seconds
Test Suite 'LensBlurExportWarningTests' started at 2026-09-27 16:26:34.500.
Test Case '-[TesseraCoreTests.LensBlurExportWarningTests testLensBlurWithoutDepthWeightsExportsWithAWarning]' started.
develop L2 calibration [first, tone, WB] ms: CPU [518.790333, 205.560958, 245.3565]; GPU [324.319, 1.8153329999999999, 10.946959]
Test Case '-[TesseraCoreTests.LensBlurExportWarningTests testLensBlurWithoutDepthWeightsExportsWithAWarning]' passed (13.833 seconds).
Test Suite 'LensBlurExportWarningTests' passed at 2026-09-27 16:26:48.333.
	 Executed 1 test, with 0 failures (0 unexpected) in 13.833 (13.833) seconds
Test Suite 'LibraryResponsivenessTests' started at 2026-09-27 16:26:48.333.
Test Case '-[TesseraCoreTests.LibraryResponsivenessTests testBottomHundredLookupScaling]' started.
Test Case '-[TesseraCoreTests.LibraryResponsivenessTests testBottomHundredLookupScaling]' passed (0.062 seconds).
Test Case '-[TesseraCoreTests.LibraryResponsivenessTests testLatestRequestWinsEvenWhenOldWorkFinishesLast]' started.
Test Case '-[TesseraCoreTests.LibraryResponsivenessTests testLatestRequestWinsEvenWhenOldWorkFinishesLast]' passed (0.000 seconds).
Test Case '-[TesseraCoreTests.LibraryResponsivenessTests testSingletonsAndRemappedItems]' started.
Test Case '-[TesseraCoreTests.LibraryResponsivenessTests testSingletonsAndRemappedItems]' passed (0.026 seconds).
Test Case '-[TesseraCoreTests.LibraryResponsivenessTests testSuggestedBestUsesStableGroupIdentity]' started.
Test Case '-[TesseraCoreTests.LibraryResponsivenessTests testSuggestedBestUsesStableGroupIdentity]' passed (0.026 seconds).
Test Case '-[TesseraCoreTests.LibraryResponsivenessTests testTwentyThousandCoreInstallAndSelectAll]' started.
Test Case '-[TesseraCoreTests.LibraryResponsivenessTests testTwentyThousandCoreInstallAndSelectAll]' passed (0.023 seconds).
Test Case '-[TesseraCoreTests.LibraryResponsivenessTests testWarmBottomHundredCellConfiguration]' started.
Test Case '-[TesseraCoreTests.LibraryResponsivenessTests testWarmBottomHundredCellConfiguration]' passed (0.080 seconds).
Test Suite 'LibraryResponsivenessTests' passed at 2026-09-27 16:26:48.551.
	 Executed 6 tests, with 0 failures (0 unexpected) in 0.218 (0.218) seconds
Test Suite 'LibraryTests' started at 2026-09-27 16:26:48.551.
Test Case '-[TesseraCoreTests.LibraryTests testAlbumOrderingAndSidebarNestingPersist]' started.
Test Case '-[TesseraCoreTests.LibraryTests testAlbumOrderingAndSidebarNestingPersist]' passed (0.053 seconds).
Test Case '-[TesseraCoreTests.LibraryTests testBatchMetadataAndFacetOnlySnapshot]' started.
Test Case '-[TesseraCoreTests.LibraryTests testBatchMetadataAndFacetOnlySnapshot]' passed (0.023 seconds).
Test Case '-[TesseraCoreTests.LibraryTests testFilterBarFacetsAndNotInAnyAlbum]' started.
Test Case '-[TesseraCoreTests.LibraryTests testFilterBarFacetsAndNotInAnyAlbum]' passed (0.052 seconds).
Test Case '-[TesseraCoreTests.LibraryTests testRapidQueriesAndLibraryReplacementRejectOldResults]' started.
Test Case '-[TesseraCoreTests.LibraryTests testRapidQueriesAndLibraryReplacementRejectOldResults]' passed (0.369 seconds).
Test Case '-[TesseraCoreTests.LibraryTests testRuleDiagnosticsMapToSwiftRangesThroughTheBridge]' started.
Test Case '-[TesseraCoreTests.LibraryTests testRuleDiagnosticsMapToSwiftRangesThroughTheBridge]' passed (0.015 seconds).
Test Case '-[TesseraCoreTests.LibraryTests testSupportDirectoryResolution]' started.
Test Case '-[TesseraCoreTests.LibraryTests testSupportDirectoryResolution]' passed (0.000 seconds).
Test Case '-[TesseraCoreTests.LibraryTests testTwentyThousandEngineLibraryMeasurement]' started.
/Users/rutmehta/.codex/worktrees/export-integration/tessera/apps/mac/Tests/TesseraCoreTests/LibraryTests.swift:146: -[TesseraCoreTests.LibraryTests testTwentyThousandEngineLibraryMeasurement] : Test skipped - Opt-in generated 20k-file engine fixture
Test Case '-[TesseraCoreTests.LibraryTests testTwentyThousandEngineLibraryMeasurement]' skipped (0.001 seconds).
Test Suite 'LibraryTests' passed at 2026-09-27 16:26:49.065.
	 Executed 7 tests, with 1 test skipped and 0 failures (0 unexpected) in 0.513 (0.514) seconds
Test Suite 'LightroomImportTests' started at 2026-09-27 16:26:49.065.
Test Case '-[TesseraCoreTests.LightroomImportTests testBridgeRejectsANonCatalog]' started.
Test Case '-[TesseraCoreTests.LightroomImportTests testBridgeRejectsANonCatalog]' passed (0.001 seconds).
Test Case '-[TesseraCoreTests.LightroomImportTests testCancelledReportSaysHowToResumeAndIsWrittenBesideLibraryJSON]' started.
Test Case '-[TesseraCoreTests.LightroomImportTests testCancelledReportSaysHowToResumeAndIsWrittenBesideLibraryJSON]' passed (0.002 seconds).
Test Case '-[TesseraCoreTests.LightroomImportTests testFidelityGridSortsAndFiltersLooksDifferent]' started.
Test Case '-[TesseraCoreTests.LightroomImportTests testFidelityGridSortsAndFiltersLooksDifferent]' passed (0.000 seconds).
Test Case '-[TesseraCoreTests.LightroomImportTests testFolderTableRelocatesRootsAndMovesTheLibraryWithThem]' started.
Test Case '-[TesseraCoreTests.LightroomImportTests testFolderTableRelocatesRootsAndMovesTheLibraryWithThem]' passed (0.000 seconds).
Test Case '-[TesseraCoreTests.LightroomImportTests testFolderTableTakesImageCountsFromThePlan]' started.
Test Case '-[TesseraCoreTests.LightroomImportTests testFolderTableTakesImageCountsFromThePlan]' passed (0.000 seconds).
Test Case '-[TesseraCoreTests.LightroomImportTests testMarkTableMapsKeepsAndDropsLabels]' started.
Test Case '-[TesseraCoreTests.LightroomImportTests testMarkTableMapsKeepsAndDropsLabels]' passed (0.000 seconds).
Test Case '-[TesseraCoreTests.LightroomImportTests testReportMarkdownListsImportedSkippedAndUnsupported]' started.
Test Case '-[TesseraCoreTests.LightroomImportTests testReportMarkdownListsImportedSkippedAndUnsupported]' passed (0.001 seconds).
Test Case '-[TesseraCoreTests.LightroomImportTests testSelectionText]' started.
Test Case '-[TesseraCoreTests.LightroomImportTests testSelectionText]' passed (0.000 seconds).
Test Suite 'LightroomImportTests' passed at 2026-09-27 16:26:49.071.
	 Executed 8 tests, with 0 failures (0 unexpected) in 0.005 (0.006) seconds
Test Suite 'MaskingTests' started at 2026-09-27 16:26:49.071.
Test Case '-[TesseraCoreTests.MaskingTests testAIProgressFollowsJobsAndTheEngineList]' started.
Test Case '-[TesseraCoreTests.MaskingTests testAIProgressFollowsJobsAndTheEngineList]' passed (0.000 seconds).
Test Case '-[TesseraCoreTests.MaskingTests testGradientShapesRoundTripTheirEngineJSON]' started.
Test Case '-[TesseraCoreTests.MaskingTests testGradientShapesRoundTripTheirEngineJSON]' passed (0.000 seconds).
Test Case '-[TesseraCoreTests.MaskingTests testListCyclesAndEditsTheSelectedGroupOptimistically]' started.
Test Case '-[TesseraCoreTests.MaskingTests testListCyclesAndEditsTheSelectedGroupOptimistically]' passed (0.000 seconds).
Test Case '-[TesseraCoreTests.MaskingTests testListSelectsNewGroupsAndNeighboursOfDeletedOnes]' started.
Test Case '-[TesseraCoreTests.MaskingTests testListSelectsNewGroupsAndNeighboursOfDeletedOnes]' passed (0.000 seconds).
Test Case '-[TesseraCoreTests.MaskingTests testMaskEditsAreCoalescedPerFrameAndCommittedAsOneStep]' started.
develop L2 calibration [first, tone, WB] ms: CPU [483.015958, 200.743166, 231.806041]; GPU [326.559041, 2.106083, 9.91175]
Test Case '-[TesseraCoreTests.MaskingTests testMaskEditsAreCoalescedPerFrameAndCommittedAsOneStep]' passed (2.003 seconds).
Test Case '-[TesseraCoreTests.MaskingTests testMaskSpaceRoundTripsThroughCropAndOrientation]' started.
Test Case '-[TesseraCoreTests.MaskingTests testMaskSpaceRoundTripsThroughCropAndOrientation]' passed (0.000 seconds).
Test Case '-[TesseraCoreTests.MaskingTests testStrokeCoalescerBatchesManyEventsPerFrame]' started.
Test Case '-[TesseraCoreTests.MaskingTests testStrokeCoalescerBatchesManyEventsPerFrame]' passed (0.000 seconds).
Test Case '-[TesseraCoreTests.MaskingTests testStrokeCoalescerDropsDenseSamplesAndKeepsTheLast]' started.
Test Case '-[TesseraCoreTests.MaskingTests testStrokeCoalescerDropsDenseSamplesAndKeepsTheLast]' passed (0.000 seconds).
Test Suite 'MaskingTests' passed at 2026-09-27 16:26:51.077.
	 Executed 8 tests, with 0 failures (0 unexpected) in 2.005 (2.005) seconds
Test Suite 'MasksPanelLayoutTests' started at 2026-09-27 16:26:51.077.
Test Case '-[TesseraCoreTests.MasksPanelLayoutTests testPopulatedInspectorKeepsComponentActionsReadableAtMinimumWidth]' started.
develop L2 calibration [first, tone, WB] ms: CPU [17.086667, 0.481375, 0.45025000000000004]; GPU [18.273874999999997, 0.77725, 1.049834]
Test Case '-[TesseraCoreTests.MasksPanelLayoutTests testPopulatedInspectorKeepsComponentActionsReadableAtMinimumWidth]' passed (10.887 seconds).
Test Suite 'MasksPanelLayoutTests' passed at 2026-09-27 16:27:01.964.
	 Executed 1 test, with 0 failures (0 unexpected) in 10.887 (10.887) seconds
Test Suite 'ModelAcquisitionTests' started at 2026-09-27 16:27:01.964.
Test Case '-[TesseraCoreTests.ModelAcquisitionTests testAllowDownloadsSettingPersistsAndReopensTheDownloader]' started.
Test Case '-[TesseraCoreTests.ModelAcquisitionTests testAllowDownloadsSettingPersistsAndReopensTheDownloader]' passed (0.002 seconds).
Test Case '-[TesseraCoreTests.ModelAcquisitionTests testDownloaderThatCannotOpenFailsWithTheReason]' started.
Test Case '-[TesseraCoreTests.ModelAcquisitionTests testDownloaderThatCannotOpenFailsWithTheReason]' passed (0.001 seconds).
Test Case '-[TesseraCoreTests.ModelAcquisitionTests testDownloadProgressQueuedBytesReady]' started.
Test Case '-[TesseraCoreTests.ModelAcquisitionTests testDownloadProgressQueuedBytesReady]' passed (0.016 seconds).
Test Case '-[TesseraCoreTests.ModelAcquisitionTests testFailureCarriesTheReasonAndRetryRequestsAgain]' started.
Test Case '-[TesseraCoreTests.ModelAcquisitionTests testFailureCarriesTheReasonAndRetryRequestsAgain]' passed (0.001 seconds).
Test Case '-[TesseraCoreTests.ModelAcquisitionTests testStandardPathsUseTheSupportModelsFolder]' started.
Test Case '-[TesseraCoreTests.ModelAcquisitionTests testStandardPathsUseTheSupportModelsFolder]' passed (0.001 seconds).
Test Case '-[TesseraCoreTests.ModelAcquisitionTests testStatesFollowTheEngineEvents]' started.
Test Case '-[TesseraCoreTests.ModelAcquisitionTests testStatesFollowTheEngineEvents]' passed (0.000 seconds).
Test Suite 'ModelAcquisitionTests' passed at 2026-09-27 16:27:01.985.
	 Executed 6 tests, with 0 failures (0 unexpected) in 0.021 (0.022) seconds
Test Suite 'PeopleBridgeTests' started at 2026-09-27 16:27:01.985.
Test Case '-[TesseraCoreTests.PeopleBridgeTests testNameMergeSplitConfirmAndFilterThroughTheEngine]' started.
Test Case '-[TesseraCoreTests.PeopleBridgeTests testNameMergeSplitConfirmAndFilterThroughTheEngine]' passed (0.060 seconds).
Test Suite 'PeopleBridgeTests' passed at 2026-09-27 16:27:02.046.
	 Executed 1 test, with 0 failures (0 unexpected) in 0.060 (0.060) seconds
Test Suite 'PeopleLayoutTests' started at 2026-09-27 16:27:02.046.
Test Case '-[TesseraCoreTests.PeopleLayoutTests testDetailFitsWindowAndKeepsHeaderAtTop]' started.
Test Case '-[TesseraCoreTests.PeopleLayoutTests testDetailFitsWindowAndKeepsHeaderAtTop]' passed (0.502 seconds).
Test Suite 'PeopleLayoutTests' passed at 2026-09-27 16:27:02.548.
	 Executed 1 test, with 0 failures (0 unexpected) in 0.502 (0.502) seconds
Test Suite 'PeopleModelTests' started at 2026-09-27 16:27:02.548.
Test Case '-[TesseraCoreTests.PeopleModelTests testDetailLoadsMembersInOneCall]' started.
Test Case '-[TesseraCoreTests.PeopleModelTests testDetailLoadsMembersInOneCall]' passed (0.001 seconds).
Test Case '-[TesseraCoreTests.PeopleModelTests testEngineErrorsBecomeMessagesAndNothingIsHalfApplied]' started.
Test Case '-[TesseraCoreTests.PeopleModelTests testEngineErrorsBecomeMessagesAndNothingIsHalfApplied]' passed (0.001 seconds).
Test Case '-[TesseraCoreTests.PeopleModelTests testFootnoteReportsTheJobsSampleSize]' started.
Test Case '-[TesseraCoreTests.PeopleModelTests testFootnoteReportsTheJobsSampleSize]' passed (0.009 seconds).
Test Case '-[TesseraCoreTests.PeopleModelTests testInstallResetsAndLibraryUpdatesRemapItems]' started.
Test Case '-[TesseraCoreTests.PeopleModelTests testInstallResetsAndLibraryUpdatesRemapItems]' passed (0.001 seconds).
Test Case '-[TesseraCoreTests.PeopleModelTests testMergeSelectionKeepsTheNamedPersonAndItsName]' started.
Test Case '-[TesseraCoreTests.PeopleModelTests testMergeSelectionKeepsTheNamedPersonAndItsName]' passed (0.001 seconds).
Test Case '-[TesseraCoreTests.PeopleModelTests testNamingCommitsTrimmedNameWithOptInsAndReloads]' started.
Test Case '-[TesseraCoreTests.PeopleModelTests testNamingCommitsTrimmedNameWithOptInsAndReloads]' passed (0.002 seconds).
Test Case '-[TesseraCoreTests.PeopleModelTests testPersonFacetIsAUnionWithinAndIntersectsOtherFilters]' started.
Test Case '-[TesseraCoreTests.PeopleModelTests testPersonFacetIsAUnionWithinAndIntersectsOtherFilters]' passed (0.001 seconds).
Test Case '-[TesseraCoreTests.PeopleModelTests testReassignAndConfirmGoThroughTheEngine]' started.
Test Case '-[TesseraCoreTests.PeopleModelTests testReassignAndConfirmGoThroughTheEngine]' passed (0.001 seconds).
Test Case '-[TesseraCoreTests.PeopleModelTests testRefreshRunsTheJobOffTheMainActorAndReportsApproximation]' started.
Test Case '-[TesseraCoreTests.PeopleModelTests testRefreshRunsTheJobOffTheMainActorAndReportsApproximation]' passed (0.001 seconds).
Test Case '-[TesseraCoreTests.PeopleModelTests testSplitMovesSelectedFacesToANewUnconfirmedPerson]' started.
Test Case '-[TesseraCoreTests.PeopleModelTests testSplitMovesSelectedFacesToANewUnconfirmedPerson]' passed (0.001 seconds).
Test Case '-[TesseraCoreTests.PeopleModelTests testSuggestionsAreFilteredSortedAndAcceptingMerges]' started.
Test Case '-[TesseraCoreTests.PeopleModelTests testSuggestionsAreFilteredSortedAndAcceptingMerges]' passed (0.001 seconds).
Test Case '-[TesseraCoreTests.PeopleModelTests testTilesNamedFirstThenByFramesWithNamesMembersAndBadges]' started.
Test Case '-[TesseraCoreTests.PeopleModelTests testTilesNamedFirstThenByFramesWithNamesMembersAndBadges]' passed (0.001 seconds).
Test Case '-[TesseraCoreTests.PeopleModelTests testTilesUseTheMedoidAndEngineCountsWithoutScanningAssignments]' started.
Test Case '-[TesseraCoreTests.PeopleModelTests testTilesUseTheMedoidAndEngineCountsWithoutScanningAssignments]' passed (0.000 seconds).
Test Case '-[TesseraCoreTests.PeopleModelTests testUndoRedoReplayEngineHistoryWithItsDescriptions]' started.
Test Case '-[TesseraCoreTests.PeopleModelTests testUndoRedoReplayEngineHistoryWithItsDescriptions]' passed (0.001 seconds).
Test Suite 'PeopleModelTests' passed at 2026-09-27 16:27:02.567.
	 Executed 14 tests, with 0 failures (0 unexpected) in 0.019 (0.020) seconds
Test Suite 'PeopleUndoMenuTests' started at 2026-09-27 16:27:02.567.
Test Case '-[TesseraCoreTests.PeopleUndoMenuTests testUndoRedoCoverPeopleEditsWhileThePeopleViewIsFrontmost]' started.
Test Case '-[TesseraCoreTests.PeopleUndoMenuTests testUndoRedoCoverPeopleEditsWhileThePeopleViewIsFrontmost]' passed (0.001 seconds).
Test Suite 'PeopleUndoMenuTests' passed at 2026-09-27 16:27:02.568.
	 Executed 1 test, with 0 failures (0 unexpected) in 0.001 (0.001) seconds
Test Suite 'PerformanceTraceTests' started at 2026-09-27 16:27:02.568.
Test Case '-[TesseraCoreTests.PerformanceTraceTests testBoundedTraceReportsDropsAndPreservesIdentity]' started.
Test Case '-[TesseraCoreTests.PerformanceTraceTests testBoundedTraceReportsDropsAndPreservesIdentity]' passed (0.000 seconds).
Test Case '-[TesseraCoreTests.PerformanceTraceTests testDisabledTraceDoesNotRecord]' started.
Test Case '-[TesseraCoreTests.PerformanceTraceTests testDisabledTraceDoesNotRecord]' passed (0.000 seconds).
Test Case '-[TesseraCoreTests.PerformanceTraceTests testSpanDurationAndConcurrentCallbacks]' started.
Test Case '-[TesseraCoreTests.PerformanceTraceTests testSpanDurationAndConcurrentCallbacks]' passed (0.000 seconds).
Test Suite 'PerformanceTraceTests' passed at 2026-09-27 16:27:02.569.
	 Executed 3 tests, with 0 failures (0 unexpected) in 0.000 (0.001) seconds
Test Suite 'PhotoMergeEnhanceTests' started at 2026-09-27 16:27:02.569.
Test Case '-[TesseraCoreTests.PhotoMergeEnhanceTests testAppModelMenuStateFollowsTheSelection]' started.
Test Case '-[TesseraCoreTests.PhotoMergeEnhanceTests testAppModelMenuStateFollowsTheSelection]' passed (0.000 seconds).
Test Case '-[TesseraCoreTests.PhotoMergeEnhanceTests testCancelStopsTheJobAndReportsCancelled]' started.
Test Case '-[TesseraCoreTests.PhotoMergeEnhanceTests testCancelStopsTheJobAndReportsCancelled]' passed (0.054 seconds).
Test Case '-[TesseraCoreTests.PhotoMergeEnhanceTests testCommandRules]' started.
Test Case '-[TesseraCoreTests.PhotoMergeEnhanceTests testCommandRules]' passed (0.000 seconds).
Test Case '-[TesseraCoreTests.PhotoMergeEnhanceTests testDefaultsMatchTheEngineAndHDRIgnoresPanoramaControls]' started.
Test Case '-[TesseraCoreTests.PhotoMergeEnhanceTests testDefaultsMatchTheEngineAndHDRIgnoresPanoramaControls]' passed (0.000 seconds).
Test Case '-[TesseraCoreTests.PhotoMergeEnhanceTests testEnhanceOptionsMapping]' started.
Test Case '-[TesseraCoreTests.PhotoMergeEnhanceTests testEnhanceOptionsMapping]' passed (0.000 seconds).
Test Case '-[TesseraCoreTests.PhotoMergeEnhanceTests testExposureParsingAndSpreadWarnings]' started.
Test Case '-[TesseraCoreTests.PhotoMergeEnhanceTests testExposureParsingAndSpreadWarnings]' passed (0.000 seconds).
Test Case '-[TesseraCoreTests.PhotoMergeEnhanceTests testFailuresAreExplained]' started.
Test Case '-[TesseraCoreTests.PhotoMergeEnhanceTests testFailuresAreExplained]' passed (0.000 seconds).
Test Case '-[TesseraCoreTests.PhotoMergeEnhanceTests testMergeProblemsExplainWhyMergeIsDisabled]' started.
Test Case '-[TesseraCoreTests.PhotoMergeEnhanceTests testMergeProblemsExplainWhyMergeIsDisabled]' passed (0.000 seconds).
Test Case '-[TesseraCoreTests.PhotoMergeEnhanceTests testMergeRunsWithPreviewProgressAndCompletion]' started.
Test Case '-[TesseraCoreTests.PhotoMergeEnhanceTests testMergeRunsWithPreviewProgressAndCompletion]' passed (0.035 seconds).
Test Case '-[TesseraCoreTests.PhotoMergeEnhanceTests testPanoramaAndHDRPanoramaMapping]' started.
Test Case '-[TesseraCoreTests.PhotoMergeEnhanceTests testPanoramaAndHDRPanoramaMapping]' passed (0.000 seconds).
Test Case '-[TesseraCoreTests.PhotoMergeEnhanceTests testRealEngineMergesThreeBracketsIntoAnHDRDngThatOpensInDevelop]' started.
develop L2 calibration [first, tone, WB] ms: CPU [167.76970799999998, 83.043875, 82.35775]; GPU [83.753958, 0.830791, 0.867208]
Test Case '-[TesseraCoreTests.PhotoMergeEnhanceTests testRealEngineMergesThreeBracketsIntoAnHDRDngThatOpensInDevelop]' passed (0.889 seconds).
Test Case '-[TesseraCoreTests.PhotoMergeEnhanceTests testStageTitlesAndErrorMessages]' started.
Test Case '-[TesseraCoreTests.PhotoMergeEnhanceTests testStageTitlesAndErrorMessages]' passed (0.000 seconds).
Test Suite 'PhotoMergeEnhanceTests' passed at 2026-09-27 16:27:03.549.
	 Executed 12 tests, with 0 failures (0 unexpected) in 0.979 (0.980) seconds
Test Suite 'PreviewEventsTests' started at 2026-09-27 16:27:03.549.
Test Case '-[TesseraCoreTests.PreviewEventsTests testCacheDoesNotAliasReusedDenseItemIDs]' started.
Test Case '-[TesseraCoreTests.PreviewEventsTests testCacheDoesNotAliasReusedDenseItemIDs]' passed (0.002 seconds).
Test Case '-[TesseraCoreTests.PreviewEventsTests testCacheKeysRemainRetrievableAcrossManyRequests]' started.
Test Case '-[TesseraCoreTests.PreviewEventsTests testCacheKeysRemainRetrievableAcrossManyRequests]' passed (0.101 seconds).
Test Case '-[TesseraCoreTests.PreviewEventsTests testCancelledTaskStopsWaitingWithoutAnEvent]' started.
Test Case '-[TesseraCoreTests.PreviewEventsTests testCancelledTaskStopsWaitingWithoutAnEvent]' passed (0.000 seconds).
Test Case '-[TesseraCoreTests.PreviewEventsTests testCancellingOneSubscriberDoesNotRemoveAnother]' started.
Test Case '-[TesseraCoreTests.PreviewEventsTests testCancellingOneSubscriberDoesNotRemoveAnother]' passed (0.000 seconds).
Test Case '-[TesseraCoreTests.PreviewEventsTests testConcurrentDeliveriesPublishBeforeCallbackAndEvictOlderImages]' started.
Test Case '-[TesseraCoreTests.PreviewEventsTests testConcurrentDeliveriesPublishBeforeCallbackAndEvictOlderImages]' passed (0.002 seconds).
Test Case '-[TesseraCoreTests.PreviewEventsTests testInvalidationCancelsInFlightRequestsForBothTiersOnlyForThatItem]' started.
Test Case '-[TesseraCoreTests.PreviewEventsTests testInvalidationCancelsInFlightRequestsForBothTiersOnlyForThatItem]' passed (0.001 seconds).
Test Case '-[TesseraCoreTests.PreviewEventsTests testOverBudgetImageIsCachedBeforeDelivery]' started.
Test Case '-[TesseraCoreTests.PreviewEventsTests testOverBudgetImageIsCachedBeforeDelivery]' passed (0.001 seconds).
Test Case '-[TesseraCoreTests.PreviewEventsTests testReadyBeforeWaitIsBufferedAndFiltered]' started.
Test Case '-[TesseraCoreTests.PreviewEventsTests testReadyBeforeWaitIsBufferedAndFiltered]' passed (0.000 seconds).
Test Case '-[TesseraCoreTests.PreviewEventsTests testRemoveAllPreventsLateDeliveryAndCacheRepopulation]' started.
Test Case '-[TesseraCoreTests.PreviewEventsTests testRemoveAllPreventsLateDeliveryAndCacheRepopulation]' passed (0.000 seconds).
Test Case '-[TesseraCoreTests.PreviewEventsTests testUnrelatedEventsDoNotWakeSubscriber]' started.
Test Case '-[TesseraCoreTests.PreviewEventsTests testUnrelatedEventsDoNotWakeSubscriber]' passed (0.000 seconds).
Test Suite 'PreviewEventsTests' passed at 2026-09-27 16:27:03.657.
	 Executed 10 tests, with 0 failures (0 unexpected) in 0.108 (0.108) seconds
Test Suite 'SearchTermTests' started at 2026-09-27 16:27:03.657.
Test Case '-[TesseraCoreTests.SearchTermTests testAppendingANDsOntoExistingText]' started.
Test Case '-[TesseraCoreTests.SearchTermTests testAppendingANDsOntoExistingText]' passed (0.000 seconds).
Test Case '-[TesseraCoreTests.SearchTermTests testTextTermsAreQuotedWithTheGrammarsJSONEscaping]' started.
Test Case '-[TesseraCoreTests.SearchTermTests testTextTermsAreQuotedWithTheGrammarsJSONEscaping]' passed (0.000 seconds).
Test Suite 'SearchTermTests' passed at 2026-09-27 16:27:03.658.
	 Executed 2 tests, with 0 failures (0 unexpected) in 0.000 (0.001) seconds
Test Suite 'ShellLayoutTests' started at 2026-09-27 16:27:03.658.
Test Case '-[TesseraCoreTests.ShellLayoutTests testShellContainedAtEverySizeStateAndAppearance]' started.
XCTExpectFailure: matcher accepted Assertion Failure at ShellLayoutTests.swift:92: failed - document-960x600-dark: HostingScrollView {{684, 533}, {264, 128}} outside {{0, 0}, {960, 652}}
document-960x600-dark: HostingScrollView {{684, 739}, {264, 144}} outside {{0, 0}, {960, 652}}
document-1280x800-dark: HostingScrollView {{1004, 739}, {264, 144}} outside {{0, 0}, {1280, 800}}
document-960x600-light: HostingScrollView {{684, 533}, {264, 128}} outside {{0, 0}, {960, 652}}
document-960x600-light: HostingScrollView {{684, 739}, {264, 144}} outside {{0, 0}, {960, 652}}
document-1280x800-light: HostingScrollView {{1004, 739}, {264, 144}} outside {{0, 0}, {1280, 800}}
ShellLayoutTests.swift:92: Expected failure in -[TesseraCoreTests.ShellLayoutTests testShellContainedAtEverySizeStateAndAppearance]: failed - document-960x600-dark: HostingScrollView {{684, 533}, {264, 128}} outside {{0, 0}, {960, 652}}
document-960x600-dark: HostingScrollView {{684, 739}, {264, 144}} outside {{0, 0}, {960, 652}}
document-1280x800-dark: HostingScrollView {{1004, 739}, {264, 144}} outside {{0, 0}, {1280, 800}}
document-960x600-light: HostingScrollView {{684, 533}, {264, 128}} outside {{0, 0}, {960, 652}}
document-960x600-light: HostingScrollView {{684, 739}, {264, 144}} outside {{0, 0}, {960, 652}}
document-1280x800-light: HostingScrollView {{1004, 739}, {264, 144}} outside {{0, 0}, {1280, 800}}Reason: (document inspector panels overflow their column (handed off to Machine B, L1))
Test Case '-[TesseraCoreTests.ShellLayoutTests testShellContainedAtEverySizeStateAndAppearance]' passed (52.141 seconds).
Test Suite 'ShellLayoutTests' passed at 2026-09-27 16:27:55.799.
	 Executed 1 test, with 0 failures (0 unexpected) in 52.141 (52.141) seconds
Test Suite 'StubDocumentBackendTests' started at 2026-09-27 16:27:55.799.
Test Case '-[TesseraCoreTests.StubDocumentBackendTests testCompositeHasTransparentMarginAndThumbnailsAreCached]' started.
Test Case '-[TesseraCoreTests.StubDocumentBackendTests testCompositeHasTransparentMarginAndThumbnailsAreCached]' passed (0.013 seconds).
Test Case '-[TesseraCoreTests.StubDocumentBackendTests testDragPlanAppliesThroughMoveLayer]' started.
Test Case '-[TesseraCoreTests.StubDocumentBackendTests testDragPlanAppliesThroughMoveLayer]' passed (0.000 seconds).
Test Case '-[TesseraCoreTests.StubDocumentBackendTests testInteractiveEditsWaitForCommit]' started.
Test Case '-[TesseraCoreTests.StubDocumentBackendTests testInteractiveEditsWaitForCommit]' passed (0.000 seconds).
Test Case '-[TesseraCoreTests.StubDocumentBackendTests testSaveOpenAndExport]' started.
Test Case '-[TesseraCoreTests.StubDocumentBackendTests testSaveOpenAndExport]' passed (0.155 seconds).
Test Case '-[TesseraCoreTests.StubDocumentBackendTests testStructuralEdits]' started.
Test Case '-[TesseraCoreTests.StubDocumentBackendTests testStructuralEdits]' passed (0.000 seconds).
Test Case '-[TesseraCoreTests.StubDocumentBackendTests testUndoRedoCheckoutAndSnapshots]' started.
Test Case '-[TesseraCoreTests.StubDocumentBackendTests testUndoRedoCheckoutAndSnapshots]' passed (0.000 seconds).
Test Case '-[TesseraCoreTests.StubDocumentBackendTests testViewportFramesArriveOnTheListener]' started.
Test Case '-[TesseraCoreTests.StubDocumentBackendTests testViewportFramesArriveOnTheListener]' passed (0.198 seconds).
Test Suite 'StubDocumentBackendTests' passed at 2026-09-27 16:27:56.166.
	 Executed 7 tests, with 0 failures (0 unexpected) in 0.366 (0.367) seconds
Test Suite 'SuggestionChipTests' started at 2026-09-27 16:27:56.166.
Test Case '-[TesseraCoreTests.SuggestionChipTests testBridgeRecordConversion]' started.
Test Case '-[TesseraCoreTests.SuggestionChipTests testBridgeRecordConversion]' passed (0.000 seconds).
Test Case '-[TesseraCoreTests.SuggestionChipTests testClickAcceptsOneAndRejectRemovesOne]' started.
Test Case '-[TesseraCoreTests.SuggestionChipTests testClickAcceptsOneAndRejectRemovesOne]' passed (0.000 seconds).
Test Case '-[TesseraCoreTests.SuggestionChipTests testOrderingDeduplicationAndMapping]' started.
Test Case '-[TesseraCoreTests.SuggestionChipTests testOrderingDeduplicationAndMapping]' passed (0.000 seconds).
Test Case '-[TesseraCoreTests.SuggestionChipTests testReplaceKeepsTheThreshold]' started.
Test Case '-[TesseraCoreTests.SuggestionChipTests testReplaceKeepsTheThreshold]' passed (0.000 seconds).
Test Case '-[TesseraCoreTests.SuggestionChipTests testShiftClickAcceptsEverythingAtOrAboveTheThreshold]' started.
Test Case '-[TesseraCoreTests.SuggestionChipTests testShiftClickAcceptsEverythingAtOrAboveTheThreshold]' passed (0.000 seconds).
Test Suite 'SuggestionChipTests' passed at 2026-09-27 16:27:56.167.
	 Executed 5 tests, with 0 failures (0 unexpected) in 0.001 (0.001) seconds
Test Suite 'TetherBridgeTests' started at 2026-09-27 16:27:56.167.
Test Case '-[TesseraCoreTests.TetherBridgeTests testFakeCameraFrameArrivesNamedIndexedAndScored]' started.
Test Case '-[TesseraCoreTests.TetherBridgeTests testFakeCameraFrameArrivesNamedIndexedAndScored]' passed (0.281 seconds).
Test Case '-[TesseraCoreTests.TetherBridgeTests testLaunchArguments]' started.
Test Case '-[TesseraCoreTests.TetherBridgeTests testLaunchArguments]' passed (0.000 seconds).
Test Suite 'TetherBridgeTests' passed at 2026-09-27 16:27:56.449.
	 Executed 2 tests, with 0 failures (0 unexpected) in 0.282 (0.282) seconds
Test Suite 'TetherNamingTests' started at 2026-09-27 16:27:56.449.
Test Case '-[TesseraCoreTests.TetherNamingTests testRejectsWhatTheEngineRejects]' started.
Test Case '-[TesseraCoreTests.TetherNamingTests testRejectsWhatTheEngineRejects]' passed (0.001 seconds).
Test Case '-[TesseraCoreTests.TetherNamingTests testRendersTokensWithFourDigitSequence]' started.
Test Case '-[TesseraCoreTests.TetherNamingTests testRendersTokensWithFourDigitSequence]' passed (0.000 seconds).
Test Case '-[TesseraCoreTests.TetherNamingTests testSessionNames]' started.
Test Case '-[TesseraCoreTests.TetherNamingTests testSessionNames]' passed (0.000 seconds).
Test Case '-[TesseraCoreTests.TetherNamingTests testTokenMenuInsertsBeforeTheExtension]' started.
Test Case '-[TesseraCoreTests.TetherNamingTests testTokenMenuInsertsBeforeTheExtension]' passed (0.000 seconds).
Test Suite 'TetherNamingTests' passed at 2026-09-27 16:27:56.450.
	 Executed 4 tests, with 0 failures (0 unexpected) in 0.001 (0.001) seconds
Test Suite 'ThemeLintTests' started at 2026-09-27 16:27:56.450.
Test Case '-[TesseraCoreTests.ThemeLintTests testViewsUseThemeTokensOnly]' started.
Test Case '-[TesseraCoreTests.ThemeLintTests testViewsUseThemeTokensOnly]' passed (0.248 seconds).
Test Suite 'ThemeLintTests' passed at 2026-09-27 16:27:56.699.
	 Executed 1 test, with 0 failures (0 unexpected) in 0.248 (0.249) seconds
Test Suite 'ThumbnailQueueTests' started at 2026-09-27 16:27:56.699.
Test Case '-[TesseraCoreTests.ThumbnailQueueTests testCancelAndImmediatelyResubscribeDoesNotOverlapSameKey]' started.
Test Case '-[TesseraCoreTests.ThumbnailQueueTests testCancelAndImmediatelyResubscribeDoesNotOverlapSameKey]' passed (0.001 seconds).
Test Case '-[TesseraCoreTests.ThumbnailQueueTests testCancellingSharedSubscriberKeepsOtherTierAndSubscriber]' started.
Test Case '-[TesseraCoreTests.ThumbnailQueueTests testCancellingSharedSubscriberKeepsOtherTierAndSubscriber]' passed (0.011 seconds).
Test Case '-[TesseraCoreTests.ThumbnailQueueTests testGridAndFilmstripShareOneDecodedImage]' started.
Test Case '-[TesseraCoreTests.ThumbnailQueueTests testGridAndFilmstripShareOneDecodedImage]' passed (0.001 seconds).
Test Case '-[TesseraCoreTests.ThumbnailQueueTests testLateSubscriberAfterCacheEvictionStillReceivesResult]' started.
Test Case '-[TesseraCoreTests.ThumbnailQueueTests testLateSubscriberAfterCacheEvictionStillReceivesResult]' passed (0.001 seconds).
Test Case '-[TesseraCoreTests.ThumbnailQueueTests testLoupeIsNextAdmissionAheadOfThumbnailBacklog]' started.
Test Case '-[TesseraCoreTests.ThumbnailQueueTests testLoupeIsNextAdmissionAheadOfThumbnailBacklog]' passed (0.011 seconds).
Test Case '-[TesseraCoreTests.ThumbnailQueueTests testMixedTiersShareViewportPendingBudget]' started.
Test Case '-[TesseraCoreTests.ThumbnailQueueTests testMixedTiersShareViewportPendingBudget]' passed (0.000 seconds).
Test Case '-[TesseraCoreTests.ThumbnailQueueTests testPendingCancellationRemovesSubscriberSynchronously]' started.
Test Case '-[TesseraCoreTests.ThumbnailQueueTests testPendingCancellationRemovesSubscriberSynchronously]' passed (0.000 seconds).
Test Case '-[TesseraCoreTests.ThumbnailQueueTests testReentrantInvalidationPreventsOtherSharedDeliveryAndCanReload]' started.
Test Case '-[TesseraCoreTests.ThumbnailQueueTests testReentrantInvalidationPreventsOtherSharedDeliveryAndCanReload]' passed (0.001 seconds).
Test Case '-[TesseraCoreTests.ThumbnailQueueTests testTwentyThousandRequestsKeepOnlyNewestBoundedBacklog]' started.
Test Case '-[TesseraCoreTests.ThumbnailQueueTests testTwentyThousandRequestsKeepOnlyNewestBoundedBacklog]' passed (0.410 seconds).
Test Case '-[TesseraCoreTests.ThumbnailQueueTests testTwentyThousandReversalDeliversOnlyFinalViewport]' started.
Test Case '-[TesseraCoreTests.ThumbnailQueueTests testTwentyThousandReversalDeliversOnlyFinalViewport]' passed (0.473 seconds).
Test Case '-[TesseraCoreTests.ThumbnailQueueTests testViewportOwnersResizeAndReleaseBound]' started.
Test Case '-[TesseraCoreTests.ThumbnailQueueTests testViewportOwnersResizeAndReleaseBound]' passed (0.004 seconds).
Test Suite 'ThumbnailQueueTests' passed at 2026-09-27 16:27:57.612.
	 Executed 11 tests, with 0 failures (0 unexpected) in 0.913 (0.914) seconds
Test Suite 'ThumbnailViewportTests' started at 2026-09-27 16:27:57.612.
Test Case '-[TesseraCoreTests.ThumbnailViewportTests testHiddenRetainedGridDoesNotContributeViewportBudget]' started.
Test Case '-[TesseraCoreTests.ThumbnailViewportTests testHiddenRetainedGridDoesNotContributeViewportBudget]' passed (0.003 seconds).
Test Suite 'ThumbnailViewportTests' passed at 2026-09-27 16:27:57.615.
	 Executed 1 test, with 0 failures (0 unexpected) in 0.003 (0.003) seconds
Test Suite 'TransformLensBlurTests' started at 2026-09-27 16:27:57.615.
Test Case '-[TesseraCoreTests.TransformLensBlurTests testAIDenoiseTogglesTheNeuralModeAndAmount]' started.
Test Case '-[TesseraCoreTests.TransformLensBlurTests testAIDenoiseTogglesTheNeuralModeAndAmount]' passed (0.000 seconds).
Test Case '-[TesseraCoreTests.TransformLensBlurTests testGuidedEditorKeepsTwoToFourGuidesInTheImage]' started.
Test Case '-[TesseraCoreTests.TransformLensBlurTests testGuidedEditorKeepsTwoToFourGuidesInTheImage]' passed (0.000 seconds).
Test Case '-[TesseraCoreTests.TransformLensBlurTests testLensBlurApplyBokehAndFocalRange]' started.
Test Case '-[TesseraCoreTests.TransformLensBlurTests testLensBlurApplyBokehAndFocalRange]' passed (0.000 seconds).
Test Case '-[TesseraCoreTests.TransformLensBlurTests testTransformSlidersWriteTheirPatchesAndResetPerGroup]' started.
Test Case '-[TesseraCoreTests.TransformLensBlurTests testTransformSlidersWriteTheirPatchesAndResetPerGroup]' passed (0.000 seconds).
Test Case '-[TesseraCoreTests.TransformLensBlurTests testUprightButtonsWriteTheirModeAndClearGuides]' started.
Test Case '-[TesseraCoreTests.TransformLensBlurTests testUprightButtonsWriteTheirModeAndClearGuides]' passed (0.000 seconds).
Test Suite 'TransformLensBlurTests' passed at 2026-09-27 16:27:57.617.
	 Executed 5 tests, with 0 failures (0 unexpected) in 0.001 (0.002) seconds
Test Suite 'TransformSessionTests' started at 2026-09-27 16:27:57.617.
Test Case '-[TesseraCoreTests.TransformSessionTests testTransformDragsAndUprightButtonsAreOneHistoryStepEach]' started.
develop L2 calibration [first, tone, WB] ms: CPU [483.72270899999995, 201.32308300000003, 237.34229200000001]; GPU [305.033709, 1.631625, 6.980208]
Test Case '-[TesseraCoreTests.TransformSessionTests testTransformDragsAndUprightButtonsAreOneHistoryStepEach]' passed (5.077 seconds).
Test Case '-[TesseraCoreTests.TransformSessionTests testUprightAutoChangesTheRenderedFrame]' started.
develop L2 calibration [first, tone, WB] ms: CPU [485.187333, 201.39358399999998, 461.36224999999996]; GPU [307.291042, 4.204541, 8.412042]
Test Case '-[TesseraCoreTests.TransformSessionTests testUprightAutoChangesTheRenderedFrame]' passed (22.333 seconds).
Test Suite 'TransformSessionTests' passed at 2026-09-27 16:28:25.028.
	 Executed 2 tests, with 0 failures (0 unexpected) in 27.411 (27.411) seconds
Test Suite 'UncorrectedPlacementTests' started at 2026-09-27 16:28:25.028.
Test Case '-[TesseraCoreTests.UncorrectedPlacementTests testGuidedEnterAndExitToggleTheUncorrectedView]' started.
Test Case '-[TesseraCoreTests.UncorrectedPlacementTests testGuidedEnterAndExitToggleTheUncorrectedView]' passed (0.000 seconds).
Test Suite 'UncorrectedPlacementTests' passed at 2026-09-27 16:28:25.028.
	 Executed 1 test, with 0 failures (0 unexpected) in 0.000 (0.000) seconds
Test Suite 'WorkspaceBrowserRestoreTests' started at 2026-09-27 16:28:25.028.
Test Case '-[TesseraCoreTests.WorkspaceBrowserRestoreTests testReturnRestoresGridAnchorWithoutFocusSnap]' started.
Test Case '-[TesseraCoreTests.WorkspaceBrowserRestoreTests testReturnRestoresGridAnchorWithoutFocusSnap]' passed (0.023 seconds).
Test Case '-[TesseraCoreTests.WorkspaceBrowserRestoreTests testReviewEditRoundTripRestoresNativeAnchorAfterColumnResize]' started.
Test Case '-[TesseraCoreTests.WorkspaceBrowserRestoreTests testReviewEditRoundTripRestoresNativeAnchorAfterColumnResize]' passed (0.016 seconds).
Test Suite 'WorkspaceBrowserRestoreTests' passed at 2026-09-27 16:28:25.067.
	 Executed 2 tests, with 0 failures (0 unexpected) in 0.039 (0.039) seconds
Test Suite 'WorkspaceNavigationTests' started at 2026-09-27 16:28:25.067.
Test Case '-[TesseraCoreTests.WorkspaceNavigationTests testChangingSourceExitsEditWithoutRestoringOldSource]' started.
Test Case '-[TesseraCoreTests.WorkspaceNavigationTests testChangingSourceExitsEditWithoutRestoringOldSource]' passed (0.001 seconds).
Test Case '-[TesseraCoreTests.WorkspaceNavigationTests testCompareReturnRestoresPairAndActiveSide]' started.
Test Case '-[TesseraCoreTests.WorkspaceNavigationTests testCompareReturnRestoresPairAndActiveSide]' passed (0.000 seconds).
Test Case '-[TesseraCoreTests.WorkspaceNavigationTests testEditTargetsOnePhotoAndReturnsOriginalSelection]' started.
Test Case '-[TesseraCoreTests.WorkspaceNavigationTests testEditTargetsOnePhotoAndReturnsOriginalSelection]' passed (0.000 seconds).
Test Case '-[TesseraCoreTests.WorkspaceNavigationTests testEveryExitDisarmsModelOwnedPointerTools]' started.
Test Case '-[TesseraCoreTests.WorkspaceNavigationTests testEveryExitDisarmsModelOwnedPointerTools]' passed (0.001 seconds).
Test Case '-[TesseraCoreTests.WorkspaceNavigationTests testInspectorTabKeepsTargetAndReturnState]' started.
Test Case '-[TesseraCoreTests.WorkspaceNavigationTests testInspectorTabKeepsTargetAndReturnState]' passed (0.000 seconds).
Test Case '-[TesseraCoreTests.WorkspaceNavigationTests testInstallingDifferentLibraryDiscardsBookmark]' started.
Test Case '-[TesseraCoreTests.WorkspaceNavigationTests testInstallingDifferentLibraryDiscardsBookmark]' passed (0.000 seconds).
Test Case '-[TesseraCoreTests.WorkspaceNavigationTests testPhotoEditUndoCannotConsumeCullHistory]' started.
Test Case '-[TesseraCoreTests.WorkspaceNavigationTests testPhotoEditUndoCannotConsumeCullHistory]' passed (0.000 seconds).
Test Case '-[TesseraCoreTests.WorkspaceNavigationTests testRenderedCopyRequestCapturesTargetAndCancelHasNoSideEffect]' started.
Test Case '-[TesseraCoreTests.WorkspaceNavigationTests testRenderedCopyRequestCapturesTargetAndCancelHasNoSideEffect]' passed (0.000 seconds).
Test Case '-[TesseraCoreTests.WorkspaceNavigationTests testScopeUsesCompareCandidateRatherThanOriginalSelection]' started.
Test Case '-[TesseraCoreTests.WorkspaceNavigationTests testScopeUsesCompareCandidateRatherThanOriginalSelection]' passed (0.000 seconds).
Test Case '-[TesseraCoreTests.WorkspaceNavigationTests testUnavailablePhotoExplainsItsActualStateInEdit]' started.
Test Case '-[TesseraCoreTests.WorkspaceNavigationTests testUnavailablePhotoExplainsItsActualStateInEdit]' passed (0.000 seconds).
Test Suite 'WorkspaceNavigationTests' passed at 2026-09-27 16:28:25.072.
	 Executed 10 tests, with 0 failures (0 unexpected) in 0.004 (0.005) seconds
Test Suite 'WorkspaceReadyPhotoTests' started at 2026-09-27 16:28:25.072.
Test Case '-[TesseraCoreTests.WorkspaceReadyPhotoTests testRealRAWDevelopAndMasksRemainReadyAcrossInspectorTabs]' started.
develop L2 calibration [first, tone, WB] ms: CPU [481.788208, 201.253667, 239.230333]; GPU [321.37012500000003, 1.708375, 12.019791]
Test Case '-[TesseraCoreTests.WorkspaceReadyPhotoTests testRealRAWDevelopAndMasksRemainReadyAcrossInspectorTabs]' passed (4.625 seconds).
Test Suite 'WorkspaceReadyPhotoTests' passed at 2026-09-27 16:28:29.697.
	 Executed 1 test, with 0 failures (0 unexpected) in 4.625 (4.625) seconds
Test Suite 'WorkspaceSelectionTests' started at 2026-09-27 16:28:29.697.
Test Case '-[TesseraCoreTests.WorkspaceSelectionTests testEmptyDestinationHasNoAccidentalTarget]' started.
Test Case '-[TesseraCoreTests.WorkspaceSelectionTests testEmptyDestinationHasNoAccidentalTarget]' passed (0.000 seconds).
Test Case '-[TesseraCoreTests.WorkspaceSelectionTests testRestorationUsesStableKeysAfterInsertionAndRemoval]' started.
Test Case '-[TesseraCoreTests.WorkspaceSelectionTests testRestorationUsesStableKeysAfterInsertionAndRemoval]' passed (0.000 seconds).
Test Suite 'WorkspaceSelectionTests' passed at 2026-09-27 16:28:29.698.
	 Executed 2 tests, with 0 failures (0 unexpected) in 0.000 (0.000) seconds
Test Suite 'TesseraPackageTests.xctest' passed at 2026-09-27 16:28:29.698.
	 Executed 455 tests, with 1 test skipped and 0 failures (0 unexpected) in 194.093 (194.135) seconds
Test Suite 'All tests' passed at 2026-09-27 16:28:29.698.
	 Executed 455 tests, with 1 test skipped and 0 failures (0 unexpected) in 194.093 (194.137) seconds
lensblur-export-warning: ["sony-arw.ARW: Lens Blur skipped: Lens Blur depth model is not cached; download depth/anything-v2-small in Models"]
M2-54 lookup count=1000 before_ms=0.029829740524291992 after_ms=0.0030601024627685547
M2-54 lookup count=20000 before_ms=0.5507004261016846 after_ms=0.0046503543853759766
M2-54 core_install_ms=0.16105175018310547 select_all_ms=0.012040138244628906
M2-54 warm_bottom_100 count=1000 before_median_ms=0.11706352233886719 median_ms=0.09000301361083984 max_ms=0.09500980377197266
M2-54 warm_bottom_100 count=20000 before_median_ms=0.6350278854370117 median_ms=0.09191036224365234 max_ms=0.10800361633300781
M2-54 warm_bottom_100 ratio=1.0211920529801324 target=1.2
P08 20k retained subscribers: 68
P08 20k forward/reverse: peak pending=24, active=4, subscribers=24, delivered=24, traceMs=471.7307919636369
upright-auto: 640x426 -> 640x426, 43.4% of pixels changed
◇ Test run started.
↳ Testing Library Version: 1902
↳ Target Platform: arm64e-apple-macos14.0
◇ Suite GroupingTests started.
◇ Suite CullStoreTests started.
◇ Test exifDateParsing() started.
◇ Test decisionsGradesMarksBasket() started.
◇ Test syntheticLibraryIsGroupedAndSorted() started.
◇ Test splitsOnGaps() started.
◇ Test undoRedo() started.
✔ Test undoRedo() passed after 0.001 seconds.
✔ Test decisionsGradesMarksBasket() passed after 0.001 seconds.
✔ Test splitsOnGaps() passed after 0.001 seconds.
✔ Test exifDateParsing() passed after 0.001 seconds.
✔ Suite CullStoreTests passed after 0.001 seconds.
✔ Test syntheticLibraryIsGroupedAndSorted() passed after 0.024 seconds.
✔ Suite GroupingTests passed after 0.024 seconds.
✔ Test run with 5 tests in 2 suites passed after 0.024 seconds.
