Building for production...
[0/3] Write swift-version--58304C5D6DBC2206.txt
Build complete! (0.13s)
Test Suite 'All tests' started at 2026-09-28 18:06:39.915.
Test Suite 'TesseraPackageTests.xctest' started at 2026-09-28 18:06:39.916.
Test Suite 'AISettingsTests' started at 2026-09-28 18:06:39.916.
Test Case '-[TesseraCoreTests.AISettingsTests testKeychainStoreRoundTripUsesItsOwnService]' started.
Test Case '-[TesseraCoreTests.AISettingsTests testKeychainStoreRoundTripUsesItsOwnService]' passed (0.037 seconds).
Test Case '-[TesseraCoreTests.AISettingsTests testKeysLiveOnlyInTheSecretStoreAndProvidersReadThemLate]' started.
Test Case '-[TesseraCoreTests.AISettingsTests testKeysLiveOnlyInTheSecretStoreAndProvidersReadThemLate]' passed (0.002 seconds).
Test Case '-[TesseraCoreTests.AISettingsTests testPreferencesToleratePartialFilesAndClampGuardrails]' started.
Test Case '-[TesseraCoreTests.AISettingsTests testPreferencesToleratePartialFilesAndClampGuardrails]' passed (0.001 seconds).
Test Suite 'AISettingsTests' passed at 2026-09-28 18:06:39.956.
	 Executed 3 tests, with 0 failures (0 unexpected) in 0.040 (0.040) seconds
Test Suite 'AgentFadeTests' started at 2026-09-28 18:06:39.956.
Test Case '-[TesseraCoreTests.AgentFadeTests testBlendInterpolatesNumbersAndSwitchesOtherValuesAtHalf]' started.
Test Case '-[TesseraCoreTests.AgentFadeTests testBlendInterpolatesNumbersAndSwitchesOtherValuesAtHalf]' passed (0.000 seconds).
Test Case '-[TesseraCoreTests.AgentFadeTests testMergePatchRemovesMembersWithNull]' started.
Test Case '-[TesseraCoreTests.AgentFadeTests testMergePatchRemovesMembersWithNull]' passed (0.000 seconds).
Test Case '-[TesseraCoreTests.AgentFadeTests testPatchOnlyTouchesWhatTheAmountChangesAndKeepsLaterEdits]' started.
Test Case '-[TesseraCoreTests.AgentFadeTests testPatchOnlyTouchesWhatTheAmountChangesAndKeepsLaterEdits]' passed (0.000 seconds).
Test Suite 'AgentFadeTests' passed at 2026-09-28 18:06:39.957.
	 Executed 3 tests, with 0 failures (0 unexpected) in 0.001 (0.001) seconds
Test Suite 'AgentReviewLayoutTests' started at 2026-09-28 18:06:39.957.
Test Case '-[TesseraCoreTests.AgentReviewLayoutTests testReviewEmptyAndRealQueueAtEverySizeAndAppearance]' started.
Test Case '-[TesseraCoreTests.AgentReviewLayoutTests testReviewEmptyAndRealQueueAtEverySizeAndAppearance]' passed (29.955 seconds).
Test Case '-[TesseraCoreTests.AgentReviewLayoutTests testRowsOnlyRecipeAndFileUpdateReloadsCurrentReviewPreview]' started.
develop original L2 calibration [first, tone, WB] ms: CPU [16.528083, 0.322333, 0.371834]; GPU [19.321084, 0.953125, 0.8973749999999999]
Test Case '-[TesseraCoreTests.AgentReviewLayoutTests testRowsOnlyRecipeAndFileUpdateReloadsCurrentReviewPreview]' passed (1.774 seconds).
Test Suite 'AgentReviewLayoutTests' passed at 2026-09-28 18:07:11.686.
	 Executed 2 tests, with 0 failures (0 unexpected) in 31.729 (31.729) seconds
Test Suite 'AgentReviewNavigationStateTests' started at 2026-09-28 18:07:11.686.
Test Case '-[TesseraCoreTests.AgentReviewNavigationStateTests testAcceptAndNextRequiresSuccessfulCurrentSelectionAndSkipsFailedReviewed]' started.
Test Case '-[TesseraCoreTests.AgentReviewNavigationStateTests testAcceptAndNextRequiresSuccessfulCurrentSelectionAndSkipsFailedReviewed]' passed (0.000 seconds).
Test Case '-[TesseraCoreTests.AgentReviewNavigationStateTests testRedoReorderKeepsSelectedIdentityAndInvalidatesOldDraft]' started.
Test Case '-[TesseraCoreTests.AgentReviewNavigationStateTests testRedoReorderKeepsSelectedIdentityAndInvalidatesOldDraft]' passed (0.000 seconds).
Test Case '-[TesseraCoreTests.AgentReviewNavigationStateTests testRestoredCursorUsesStableIDsAndFallsBackWhenTheyAreMissing]' started.
Test Case '-[TesseraCoreTests.AgentReviewNavigationStateTests testRestoredCursorUsesStableIDsAndFallsBackWhenTheyAreMissing]' passed (0.000 seconds).
Test Case '-[TesseraCoreTests.AgentReviewNavigationStateTests testStatusUpdateKeepsDraftButSelectingAnotherPhotoClearsIt]' started.
Test Case '-[TesseraCoreTests.AgentReviewNavigationStateTests testStatusUpdateKeepsDraftButSelectingAnotherPhotoClearsIt]' passed (0.000 seconds).
Test Case '-[TesseraCoreTests.AgentReviewNavigationStateTests testUserSelectionChangeDoesNotAdvanceOnLateAcceptCompletion]' started.
Test Case '-[TesseraCoreTests.AgentReviewNavigationStateTests testUserSelectionChangeDoesNotAdvanceOnLateAcceptCompletion]' passed (0.000 seconds).
Test Suite 'AgentReviewNavigationStateTests' passed at 2026-09-28 18:07:11.687.
	 Executed 5 tests, with 0 failures (0 unexpected) in 0.001 (0.001) seconds
Test Suite 'AgentReviewNavigationTests' started at 2026-09-28 18:07:11.687.
Test Case '-[TesseraCoreTests.AgentReviewNavigationTests testEmptyReviewIsReachableAndDoesNotConsumeLibraryUndoOrSelection]' started.
Test Case '-[TesseraCoreTests.AgentReviewNavigationTests testEmptyReviewIsReachableAndDoesNotConsumeLibraryUndoOrSelection]' passed (0.014 seconds).
Test Case '-[TesseraCoreTests.AgentReviewNavigationTests testExplicitReviewEditBackUnwindsBeforeLibraryAndSourceChangeClearsIt]' started.
Test Case '-[TesseraCoreTests.AgentReviewNavigationTests testExplicitReviewEditBackUnwindsBeforeLibraryAndSourceChangeClearsIt]' passed (0.000 seconds).
Test Case '-[TesseraCoreTests.AgentReviewNavigationTests testFirstLayeredCopyIncludesPendingPhotoAdjustment]' started.
develop original L2 calibration [first, tone, WB] ms: CPU [14.032167, 0.37525, 0.450417]; GPU [15.242958, 1.090625, 1.0881669999999999]
Test Case '-[TesseraCoreTests.AgentReviewNavigationTests testFirstLayeredCopyIncludesPendingPhotoAdjustment]' passed (0.779 seconds).
Test Case '-[TesseraCoreTests.AgentReviewNavigationTests testForeignFolderRejectsCapturedReviewTarget]' started.
Test Case '-[TesseraCoreTests.AgentReviewNavigationTests testForeignFolderRejectsCapturedReviewTarget]' passed (0.542 seconds).
Test Case '-[TesseraCoreTests.AgentReviewNavigationTests testLayeredHandoffCancelsWhenSelectionOrOwnerChangesBeforeSaveWaitReturns]' started.
develop original L2 calibration [first, tone, WB] ms: CPU [12.440042, 0.376292, 0.43475]; GPU [14.590084, 0.966, 1.112459]
develop original L2 calibration [first, tone, WB] ms: CPU [12.325375, 0.364833, 0.44741699999999995]; GPU [13.347792, 1.033875, 0.9335]
develop original L2 calibration [first, tone, WB] ms: CPU [12.511332999999999, 0.368, 0.420458]; GPU [13.507042, 1.1495, 1.033125]
Test Case '-[TesseraCoreTests.AgentReviewNavigationTests testLayeredHandoffCancelsWhenSelectionOrOwnerChangesBeforeSaveWaitReturns]' passed (1.912 seconds).
Test Case '-[TesseraCoreTests.AgentReviewNavigationTests testLegacyPeopleAndTetherInspectionKeepsLibraryLoupe]' started.
Test Case '-[TesseraCoreTests.AgentReviewNavigationTests testLegacyPeopleAndTetherInspectionKeepsLibraryLoupe]' passed (0.000 seconds).
Test Case '-[TesseraCoreTests.AgentReviewNavigationTests testNewFolderRestoresLibraryInspectorPreferenceWhenLeavingReview]' started.
Test Case '-[TesseraCoreTests.AgentReviewNavigationTests testNewFolderRestoresLibraryInspectorPreferenceWhenLeavingReview]' passed (0.000 seconds).
Test Case '-[TesseraCoreTests.AgentReviewNavigationTests testOpeningReviewedPhotoOutsideFilterPreservesLibraryPlace]' started.
Test Case '-[TesseraCoreTests.AgentReviewNavigationTests testOpeningReviewedPhotoOutsideFilterPreservesLibraryPlace]' passed (0.000 seconds).
Test Case '-[TesseraCoreTests.AgentReviewNavigationTests testRealQueueFilteredEditRoundTripDraftAndSuccessfulAcceptNext]' started.
develop original L2 calibration [first, tone, WB] ms: CPU [12.700167, 0.37975, 0.45241600000000004]; GPU [14.648541, 0.902667, 0.882292]
Test Case '-[TesseraCoreTests.AgentReviewNavigationTests testRealQueueFilteredEditRoundTripDraftAndSuccessfulAcceptNext]' passed (0.805 seconds).
Test Case '-[TesseraCoreTests.AgentReviewNavigationTests testReviewEditKeysAndMenuCannotOpenTargetDuringRunOrAcceptance]' started.
Test Case '-[TesseraCoreTests.AgentReviewNavigationTests testReviewEditKeysAndMenuCannotOpenTargetDuringRunOrAcceptance]' passed (0.956 seconds).
Test Case '-[TesseraCoreTests.AgentReviewNavigationTests testSamePathLibraryReopenRehydratesAllReviewedQueueAndRejectsStaleTarget]' started.
Test Case '-[TesseraCoreTests.AgentReviewNavigationTests testSamePathLibraryReopenRehydratesAllReviewedQueueAndRejectsStaleTarget]' passed (0.791 seconds).
Test Suite 'AgentReviewNavigationTests' passed at 2026-09-28 18:07:17.489.
	 Executed 11 tests, with 0 failures (0 unexpected) in 5.801 (5.802) seconds
Test Suite 'AgentReviewOwnershipTests' started at 2026-09-28 18:07:17.489.
Test Case '-[TesseraCoreTests.AgentReviewOwnershipTests testAcceptAlreadyInFlightCannotPublishStatusInNewLibrary]' started.
Test Case '-[TesseraCoreTests.AgentReviewOwnershipTests testAcceptAlreadyInFlightCannotPublishStatusInNewLibrary]' passed (0.523 seconds).
Test Case '-[TesseraCoreTests.AgentReviewOwnershipTests testAcceptWaitsForAlreadyClosingDevelopSave]' started.
develop original L2 calibration [first, tone, WB] ms: CPU [24.875958999999998, 0.478375, 0.6082909999999999]; GPU [26.682625, 1.124041, 1.0016669999999999]
Test Case '-[TesseraCoreTests.AgentReviewOwnershipTests testAcceptWaitsForAlreadyClosingDevelopSave]' passed (0.799 seconds).
Test Case '-[TesseraCoreTests.AgentReviewOwnershipTests testAlreadyClosingDevelopSavePrecedesCapturedRun]' started.
develop original L2 calibration [first, tone, WB] ms: CPU [24.8725, 0.49145799999999995, 0.586583]; GPU [26.578292, 0.897583, 0.9818330000000001]
Test Case '-[TesseraCoreTests.AgentReviewOwnershipTests testAlreadyClosingDevelopSavePrecedesCapturedRun]' passed (0.394 seconds).
Test Case '-[TesseraCoreTests.AgentReviewOwnershipTests testCancelledRunReleasesMutationExclusion]' started.
develop original L2 calibration [first, tone, WB] ms: CPU [24.765166, 0.478792, 0.600041]; GPU [26.90275, 0.914666, 1.032958]
Test Case '-[TesseraCoreTests.AgentReviewOwnershipTests testCancelledRunReleasesMutationExclusion]' passed (0.107 seconds).
Test Case '-[TesseraCoreTests.AgentReviewOwnershipTests testCapturedOwnerBarrierDoesNotCancelNewLibraryPendingOpen]' started.
develop original L2 calibration [first, tone, WB] ms: CPU [25.85675, 0.5642499999999999, 0.655541]; GPU [27.628875, 1.065792, 1.3595]
develop original L2 calibration [first, tone, WB] ms: CPU [25.855084, 0.565, 0.6988749999999999]; GPU [27.621458, 1.0686660000000001, 1.377875]
Test Case '-[TesseraCoreTests.AgentReviewOwnershipTests testCapturedOwnerBarrierDoesNotCancelNewLibraryPendingOpen]' passed (0.081 seconds).
Test Case '-[TesseraCoreTests.AgentReviewOwnershipTests testClosePersistsCoalescedMaskParametersAndAmount]' started.
develop original L2 calibration [first, tone, WB] ms: CPU [24.760875000000002, 0.47675, 0.602125]; GPU [26.385833, 0.902, 0.9698340000000001]
Test Case '-[TesseraCoreTests.AgentReviewOwnershipTests testClosePersistsCoalescedMaskParametersAndAmount]' passed (0.118 seconds).
Test Case '-[TesseraCoreTests.AgentReviewOwnershipTests testCompletedQueueRestoresRecipeStatusAndCursorWithFreshOwner]' started.
Test Case '-[TesseraCoreTests.AgentReviewOwnershipTests testCompletedQueueRestoresRecipeStatusAndCursorWithFreshOwner]' passed (0.686 seconds).
Test Case '-[TesseraCoreTests.AgentReviewOwnershipTests testConcurrentCloseWaitsForOneActualSessionFlush]' started.
develop original L2 calibration [first, tone, WB] ms: CPU [24.992416, 0.49200000000000005, 0.616125]; GPU [26.669292000000002, 0.964917, 1.0219999999999998]
Test Case '-[TesseraCoreTests.AgentReviewOwnershipTests testConcurrentCloseWaitsForOneActualSessionFlush]' passed (0.157 seconds).
Test Case '-[TesseraCoreTests.AgentReviewOwnershipTests testCurrentOwnerAcceptCompletesAndPreservesQueuePosition]' started.
Test Case '-[TesseraCoreTests.AgentReviewOwnershipTests testCurrentOwnerAcceptCompletesAndPreservesQueuePosition]' passed (0.688 seconds).
Test Case '-[TesseraCoreTests.AgentReviewOwnershipTests testCurrentPhotoContextWorksWhileQueueBelongsToAnotherLibrary]' started.
Test Case '-[TesseraCoreTests.AgentReviewOwnershipTests testCurrentPhotoContextWorksWhileQueueBelongsToAnotherLibrary]' passed (1.152 seconds).
Test Case '-[TesseraCoreTests.AgentReviewOwnershipTests testCursorUpdateDuringRedoIsMergedIntoCompletionRevision]' started.
Test Case '-[TesseraCoreTests.AgentReviewOwnershipTests testCursorUpdateDuringRedoIsMergedIntoCompletionRevision]' passed (1.289 seconds).
Test Case '-[TesseraCoreTests.AgentReviewOwnershipTests testDevelopFailureCallbackCanQueueAnotherPatchForExplicitRetry]' started.
develop original L2 calibration [first, tone, WB] ms: CPU [24.70775, 0.483875, 0.625]; GPU [26.640041, 1.088125, 0.9432079999999999]
Test Case '-[TesseraCoreTests.AgentReviewOwnershipTests testDevelopFailureCallbackCanQueueAnotherPatchForExplicitRetry]' passed (0.115 seconds).
Test Case '-[TesseraCoreTests.AgentReviewOwnershipTests testDirtyDevelopSavePrecedesCapturedRunAfterFolderSwitch]' started.
develop original L2 calibration [first, tone, WB] ms: CPU [24.904084, 0.476209, 0.600333]; GPU [26.578958, 0.882541, 1.118167]
Test Case '-[TesseraCoreTests.AgentReviewOwnershipTests testDirtyDevelopSavePrecedesCapturedRunAfterFolderSwitch]' passed (0.392 seconds).
Test Case '-[TesseraCoreTests.AgentReviewOwnershipTests testExplicitRejectedRetryCancelsAnOlderDeferredFlush]' started.
develop original L2 calibration [first, tone, WB] ms: CPU [24.891375, 0.473833, 0.6130000000000001]; GPU [26.803207999999998, 0.9784579999999999, 0.9995419999999999]
Test Case '-[TesseraCoreTests.AgentReviewOwnershipTests testExplicitRejectedRetryCancelsAnOlderDeferredFlush]' passed (0.115 seconds).
Test Case '-[TesseraCoreTests.AgentReviewOwnershipTests testFailedFinalPatchKeepsFinalRenderModeWhenNewerInteractivePatchArrives]' started.
develop original L2 calibration [first, tone, WB] ms: CPU [24.747083999999997, 0.5033340000000001, 0.621375]; GPU [26.770875, 0.8935, 1.013083]
Test Case '-[TesseraCoreTests.AgentReviewOwnershipTests testFailedFinalPatchKeepsFinalRenderModeWhenNewerInteractivePatchArrives]' passed (0.119 seconds).
Test Case '-[TesseraCoreTests.AgentReviewOwnershipTests testForeignRedoAndShowRejectCapturedQueueTarget]' started.
Test Case '-[TesseraCoreTests.AgentReviewOwnershipTests testForeignRedoAndShowRejectCapturedQueueTarget]' passed (0.486 seconds).
Test Case '-[TesseraCoreTests.AgentReviewOwnershipTests testInterruptedIntentRestoresUnknownTargetWithoutReplaying]' started.
Test Case '-[TesseraCoreTests.AgentReviewOwnershipTests testInterruptedIntentRestoresUnknownTargetWithoutReplaying]' passed (0.011 seconds).
Test Case '-[TesseraCoreTests.AgentReviewOwnershipTests testMissingAndSupersededTargetsStayVisibleButDisabledAfterRestore]' started.
Test Case '-[TesseraCoreTests.AgentReviewOwnershipTests testMissingAndSupersededTargetsStayVisibleButDisabledAfterRestore]' passed (0.500 seconds).
Test Case '-[TesseraCoreTests.AgentReviewOwnershipTests testPendingDevelopOpenSettlesBeforeAcceptAndRevert]' started.
develop original L2 calibration [first, tone, WB] ms: CPU [24.830708, 0.499083, 0.6940419999999999]; GPU [26.777790999999997, 1.901792, 0.896709]
Test Case '-[TesseraCoreTests.AgentReviewOwnershipTests testPendingDevelopOpenSettlesBeforeAcceptAndRevert]' passed (0.779 seconds).
Test Case '-[TesseraCoreTests.AgentReviewOwnershipTests testPendingDevelopOpenSettlesBeforeRun]' started.
develop original L2 calibration [first, tone, WB] ms: CPU [24.92175, 0.4795, 0.6048330000000001]; GPU [27.217666, 0.886875, 1.1765]
Test Case '-[TesseraCoreTests.AgentReviewOwnershipTests testPendingDevelopOpenSettlesBeforeRun]' passed (0.566 seconds).
Test Case '-[TesseraCoreTests.AgentReviewOwnershipTests testRedoInvalidatesOldTargetAndCurrentRevertStillWorks]' started.
Test Case '-[TesseraCoreTests.AgentReviewOwnershipTests testRedoInvalidatesOldTargetAndCurrentRevertStillWorks]' passed (0.823 seconds).
Test Case '-[TesseraCoreTests.AgentReviewOwnershipTests testRejectedDevelopPatchPreservesReentrantNewerSettings]' started.
develop original L2 calibration [first, tone, WB] ms: CPU [24.810708, 0.479125, 0.608375]; GPU [27.23675, 1.070833, 1.040666]
Test Case '-[TesseraCoreTests.AgentReviewOwnershipTests testRejectedDevelopPatchPreservesReentrantNewerSettings]' passed (0.116 seconds).
Test Case '-[TesseraCoreTests.AgentReviewOwnershipTests testRejectedDevelopPatchRemainsPendingForRetry]' started.
develop original L2 calibration [first, tone, WB] ms: CPU [24.835666999999997, 0.48962500000000003, 0.624792]; GPU [26.850292, 0.89025, 0.989834]
Test Case '-[TesseraCoreTests.AgentReviewOwnershipTests testRejectedDevelopPatchRemainsPendingForRetry]' passed (0.117 seconds).
Test Case '-[TesseraCoreTests.AgentReviewOwnershipTests testReopenedOwnerAndFileAliasesCannotOpenAcrossCapturedMutation]' started.
develop original L2 calibration [first, tone, WB] ms: CPU [26.436208, 0.49379199999999995, 0.613792]; GPU [30.428584, 0.91, 1.201417]
Test Case '-[TesseraCoreTests.AgentReviewOwnershipTests testReopenedOwnerAndFileAliasesCannotOpenAcrossCapturedMutation]' passed (0.620 seconds).
Test Case '-[TesseraCoreTests.AgentReviewOwnershipTests testResumeSaveFailureKeepsInMemoryQueueAndExposesWarningState]' started.
Test Case '-[TesseraCoreTests.AgentReviewOwnershipTests testResumeSaveFailureKeepsInMemoryQueueAndExposesWarningState]' passed (0.506 seconds).
Test Case '-[TesseraCoreTests.AgentReviewOwnershipTests testRetainedQueueAcceptCannotTrainNewLibraryProfile]' started.
Test Case '-[TesseraCoreTests.AgentReviewOwnershipTests testRetainedQueueAcceptCannotTrainNewLibraryProfile]' passed (0.492 seconds).
Test Case '-[TesseraCoreTests.AgentReviewOwnershipTests testRetainedQueueRevertCannotRefreshNewLibraryOrMutateOldRecipe]' started.
Test Case '-[TesseraCoreTests.AgentReviewOwnershipTests testRetainedQueueRevertCannotRefreshNewLibraryOrMutateOldRecipe]' passed (0.504 seconds).
Test Case '-[TesseraCoreTests.AgentReviewOwnershipTests testRevertWaitsForAlreadyClosingDevelopSave]' started.
develop original L2 calibration [first, tone, WB] ms: CPU [24.88425, 0.485167, 0.5975]; GPU [26.813833, 0.8692920000000001, 0.96275]
Test Case '-[TesseraCoreTests.AgentReviewOwnershipTests testRevertWaitsForAlreadyClosingDevelopSave]' passed (0.651 seconds).
Test Case '-[TesseraCoreTests.AgentReviewOwnershipTests testReviewMutationsRejectNewTargetDevelopOpenAndReleaseOnCompletion]' started.
develop original L2 calibration [first, tone, WB] ms: CPU [24.882208, 0.47925, 0.613583]; GPU [27.089416, 0.900125, 0.980625]
Test Case '-[TesseraCoreTests.AgentReviewOwnershipTests testReviewMutationsRejectNewTargetDevelopOpenAndReleaseOnCompletion]' passed (0.791 seconds).
Test Case '-[TesseraCoreTests.AgentReviewOwnershipTests testRunCompletionAfterFolderSwitchDoesNotRefreshNewLibrary]' started.
Test Case '-[TesseraCoreTests.AgentReviewOwnershipTests testRunCompletionAfterFolderSwitchDoesNotRefreshNewLibrary]' passed (0.489 seconds).
Test Case '-[TesseraCoreTests.AgentReviewOwnershipTests testRunningOwnerDoesNotBlockAnotherLibraryDevelopOpen]' started.
develop original L2 calibration [first, tone, WB] ms: CPU [25.436625, 0.511375, 0.6107079999999999]; GPU [26.928791, 1.1097920000000001, 1.0358749999999999]
Test Case '-[TesseraCoreTests.AgentReviewOwnershipTests testRunningOwnerDoesNotBlockAnotherLibraryDevelopOpen]' passed (0.489 seconds).
Test Case '-[TesseraCoreTests.AgentReviewOwnershipTests testRunOnAnotherPhotoWaitsForAcceptAndRevertCompletion]' started.
Test Case '-[TesseraCoreTests.AgentReviewOwnershipTests testRunOnAnotherPhotoWaitsForAcceptAndRevertCompletion]' passed (0.728 seconds).
Test Case '-[TesseraCoreTests.AgentReviewOwnershipTests testRunRejectsNewTargetDevelopOpenAndCompletionOpensFreshRecipe]' started.
develop original L2 calibration [first, tone, WB] ms: CPU [24.942, 0.48424999999999996, 0.626708]; GPU [27.222208000000002, 0.57075, 0.6641670000000001]
Test Case '-[TesseraCoreTests.AgentReviewOwnershipTests testRunRejectsNewTargetDevelopOpenAndCompletionOpensFreshRecipe]' passed (0.564 seconds).
Test Case '-[TesseraCoreTests.AgentReviewOwnershipTests testSamePathReopenDuringLiveRunDoesNotMarkItInterrupted]' started.
Test Case '-[TesseraCoreTests.AgentReviewOwnershipTests testSamePathReopenDuringLiveRunDoesNotMarkItInterrupted]' passed (0.485 seconds).
Test Case '-[TesseraCoreTests.AgentReviewOwnershipTests testSuccessfulReentrantNoninteractivePatchFlushesAfterCurrentAttempt]' started.
develop original L2 calibration [first, tone, WB] ms: CPU [24.9015, 0.48062499999999997, 0.621917]; GPU [26.228167, 0.783083, 0.905792]
Test Case '-[TesseraCoreTests.AgentReviewOwnershipTests testSuccessfulReentrantNoninteractivePatchFlushesAfterCurrentAttempt]' passed (0.140 seconds).
Test Case '-[TesseraCoreTests.AgentReviewOwnershipTests testSynchronousNeedsFlushHandlerDoesNotReenterBackendCall]' started.
develop original L2 calibration [first, tone, WB] ms: CPU [24.784208, 0.476417, 0.614792]; GPU [26.406125, 0.742625, 0.829583]
Test Case '-[TesseraCoreTests.AgentReviewOwnershipTests testSynchronousNeedsFlushHandlerDoesNotReenterBackendCall]' passed (0.145 seconds).
Test Suite 'AgentReviewOwnershipTests' passed at 2026-09-28 18:07:34.230.
	 Executed 36 tests, with 0 failures (0 unexpected) in 16.737 (16.741) seconds
Test Suite 'AgentReviewQueueTests' started at 2026-09-28 18:07:34.230.
Test Case '-[TesseraCoreTests.AgentReviewQueueTests testOrdersFailuresThenLeastConfidentFirst]' started.
Test Case '-[TesseraCoreTests.AgentReviewQueueTests testOrdersFailuresThenLeastConfidentFirst]' passed (0.000 seconds).
Test Case '-[TesseraCoreTests.AgentReviewQueueTests testRedoMergeReplacesOnlyThosePhotos]' started.
Test Case '-[TesseraCoreTests.AgentReviewQueueTests testRedoMergeReplacesOnlyThosePhotos]' passed (0.000 seconds).
Test Case '-[TesseraCoreTests.AgentReviewQueueTests testStatusesChangeInPlaceAndNextSkipsReviewed]' started.
Test Case '-[TesseraCoreTests.AgentReviewQueueTests testStatusesChangeInPlaceAndNextSkipsReviewed]' passed (0.000 seconds).
Test Case '-[TesseraCoreTests.AgentReviewQueueTests testUnavailableResumeRowsStayVisibleButDoNotCountAsActionableFailures]' started.
Test Case '-[TesseraCoreTests.AgentReviewQueueTests testUnavailableResumeRowsStayVisibleButDoNotCountAsActionableFailures]' passed (0.000 seconds).
Test Suite 'AgentReviewQueueTests' passed at 2026-09-28 18:07:34.231.
	 Executed 4 tests, with 0 failures (0 unexpected) in 0.000 (0.001) seconds
Test Suite 'AssistBridgeTests' started at 2026-09-28 18:07:34.231.
Test Case '-[TesseraCoreTests.AssistBridgeTests testAutomatedSuggestionsConfirmAndFacesThroughTheController]' started.
Test Case '-[TesseraCoreTests.AssistBridgeTests testAutomatedSuggestionsConfirmAndFacesThroughTheController]' passed (0.090 seconds).
Test Suite 'AssistBridgeTests' passed at 2026-09-28 18:07:34.320.
	 Executed 1 test, with 0 failures (0 unexpected) in 0.090 (0.090) seconds
Test Suite 'BatchSettingsDraftTests' started at 2026-09-28 18:07:34.320.
Test Case '-[TesseraCoreTests.BatchSettingsDraftTests testChangingGroupsRebuildsPreviewWithoutChangingSourceOrTargets]' started.
Test Case '-[TesseraCoreTests.BatchSettingsDraftTests testChangingGroupsRebuildsPreviewWithoutChangingSourceOrTargets]' passed (0.000 seconds).
Test Case '-[TesseraCoreTests.BatchSettingsDraftTests testCropAndEmptyFieldsAreRejected]' started.
Test Case '-[TesseraCoreTests.BatchSettingsDraftTests testCropAndEmptyFieldsAreRejected]' passed (0.000 seconds).
Test Case '-[TesseraCoreTests.BatchSettingsDraftTests testDefaultPatchCopiesToneAndColorButExcludesImageSpecificWork]' started.
Test Case '-[TesseraCoreTests.BatchSettingsDraftTests testDefaultPatchCopiesToneAndColorButExcludesImageSpecificWork]' passed (0.000 seconds).
Test Case '-[TesseraCoreTests.BatchSettingsDraftTests testEmptyOpaqueIDsAreRejectedAtDraftBoundary]' started.
Test Case '-[TesseraCoreTests.BatchSettingsDraftTests testEmptyOpaqueIDsAreRejectedAtDraftBoundary]' passed (0.000 seconds).
Test Case '-[TesseraCoreTests.BatchSettingsDraftTests testInvalidSourceSettingsCannotCreateMisleadingPreview]' started.
Test Case '-[TesseraCoreTests.BatchSettingsDraftTests testInvalidSourceSettingsCannotCreateMisleadingPreview]' passed (0.000 seconds).
Test Case '-[TesseraCoreTests.BatchSettingsDraftTests testOnlyReferenceOrDuplicatesCannotApply]' started.
Test Case '-[TesseraCoreTests.BatchSettingsDraftTests testOnlyReferenceOrDuplicatesCannotApply]' passed (0.000 seconds).
Test Case '-[TesseraCoreTests.BatchSettingsDraftTests testPatchLeavesExcludedAndUnselectedNestedTargetValuesIntact]' started.
Test Case '-[TesseraCoreTests.BatchSettingsDraftTests testPatchLeavesExcludedAndUnselectedNestedTargetValuesIntact]' passed (0.000 seconds).
Test Case '-[TesseraCoreTests.BatchSettingsDraftTests testReferenceMustBeInExplicitSelection]' started.
Test Case '-[TesseraCoreTests.BatchSettingsDraftTests testReferenceMustBeInExplicitSelection]' passed (0.000 seconds).
Test Case '-[TesseraCoreTests.BatchSettingsDraftTests testTargetsAreFrozenDeduplicatedAndNeverIncludeReference]' started.
Test Case '-[TesseraCoreTests.BatchSettingsDraftTests testTargetsAreFrozenDeduplicatedAndNeverIncludeReference]' passed (0.000 seconds).
Test Case '-[TesseraCoreTests.BatchSettingsDraftTests testValidSourceWithoutSelectedPathsCannotClaimASettingsCopy]' started.
Test Case '-[TesseraCoreTests.BatchSettingsDraftTests testValidSourceWithoutSelectedPathsCannotClaimASettingsCopy]' passed (0.000 seconds).
Test Suite 'BatchSettingsDraftTests' passed at 2026-09-28 18:07:34.323.
	 Executed 10 tests, with 0 failures (0 unexpected) in 0.002 (0.002) seconds
Test Suite 'BridgeTests' started at 2026-09-28 18:07:34.323.
Test Case '-[TesseraCoreTests.BridgeTests testBasketAlbumsSafeDeleteAndDefectSweep]' started.
Test Case '-[TesseraCoreTests.BridgeTests testBasketAlbumsSafeDeleteAndDefectSweep]' passed (0.269 seconds).
Test Case '-[TesseraCoreTests.BridgeTests testDeleteFromDiskTrashesFileAndLeavesTheQueue]' started.
Test Case '-[TesseraCoreTests.BridgeTests testDeleteFromDiskTrashesFileAndLeavesTheQueue]' passed (0.051 seconds).
Test Case '-[TesseraCoreTests.BridgeTests testGroupNavigationComesFromTheSession]' started.
Test Case '-[TesseraCoreTests.BridgeTests testGroupNavigationComesFromTheSession]' passed (0.015 seconds).
Test Case '-[TesseraCoreTests.BridgeTests testKeepBestRejectRestIsOneUndoableStepThatPersists]' started.
Test Case '-[TesseraCoreTests.BridgeTests testKeepBestRejectRestIsOneUndoableStepThatPersists]' passed (0.152 seconds).
Test Case '-[TesseraCoreTests.BridgeTests testRawFixturesPersistAcrossReopenThroughTheSession]' started.
Test Case '-[TesseraCoreTests.BridgeTests testRawFixturesPersistAcrossReopenThroughTheSession]' passed (2.811 seconds).
Test Case '-[TesseraCoreTests.BridgeTests testRestoreDoesNotCreateUndoHistory]' started.
Test Case '-[TesseraCoreTests.BridgeTests testRestoreDoesNotCreateUndoHistory]' passed (0.000 seconds).
Test Suite 'BridgeTests' passed at 2026-09-28 18:07:37.622.
	 Executed 6 tests, with 0 failures (0 unexpected) in 3.299 (3.299) seconds
Test Suite 'DevelopCloseResultTests' started at 2026-09-28 18:07:37.622.
Test Case '-[TesseraCoreTests.DevelopCloseResultTests testAdmissionFailureCallbackCannotReenterIndefinitely]' started.
develop original L2 calibration [first, tone, WB] ms: CPU [0.427958, 0.261625, 0.271583]; GPU [2.6220000000000003, 0.938375, 1.110333]
Test Case '-[TesseraCoreTests.DevelopCloseResultTests testAdmissionFailureCallbackCannotReenterIndefinitely]' passed (0.022 seconds).
Test Case '-[TesseraCoreTests.DevelopCloseResultTests testCancelingOneWaiterDoesNotCancelSharedNativeClose]' started.
develop original L2 calibration [first, tone, WB] ms: CPU [0.403167, 0.2725, 0.29645900000000003]; GPU [2.627042, 0.555833, 0.659541]
Test Case '-[TesseraCoreTests.DevelopCloseResultTests testCancelingOneWaiterDoesNotCancelSharedNativeClose]' passed (0.020 seconds).
Test Case '-[TesseraCoreTests.DevelopCloseResultTests testCloseInvalidatesDeferredMaskDrain]' started.
develop original L2 calibration [first, tone, WB] ms: CPU [0.373625, 0.25704200000000005, 0.26899999999999996]; GPU [3.85475, 0.944542, 0.890917]
Test Case '-[TesseraCoreTests.DevelopCloseResultTests testCloseInvalidatesDeferredMaskDrain]' passed (0.036 seconds).
Test Case '-[TesseraCoreTests.DevelopCloseResultTests testCloseInvalidatesDeferredSettingsDrain]' started.
develop original L2 calibration [first, tone, WB] ms: CPU [0.398875, 0.267708, 0.336541]; GPU [2.4677919999999998, 0.675666, 0.750958]
Test Case '-[TesseraCoreTests.DevelopCloseResultTests testCloseInvalidatesDeferredSettingsDrain]' passed (0.033 seconds).
Test Case '-[TesseraCoreTests.DevelopCloseResultTests testClosingRejectsMutationsBeforeChangingHostState]' started.
develop original L2 calibration [first, tone, WB] ms: CPU [0.382334, 0.276709, 0.275833]; GPU [2.58825, 0.906041, 0.670875]
Test Case '-[TesseraCoreTests.DevelopCloseResultTests testClosingRejectsMutationsBeforeChangingHostState]' passed (0.036 seconds).
Test Case '-[TesseraCoreTests.DevelopCloseResultTests testConcurrentCloseCallersShareFailureAndSessionCanRetry]' started.
develop original L2 calibration [first, tone, WB] ms: CPU [0.372125, 0.25845799999999997, 0.289375]; GPU [2.365292, 0.699375, 1.412625]
Test Case '-[TesseraCoreTests.DevelopCloseResultTests testConcurrentCloseCallersShareFailureAndSessionCanRetry]' passed (0.036 seconds).
Test Case '-[TesseraCoreTests.DevelopCloseResultTests testDelayedCallbackChildKeepsOriginOutcomeAfterIndependentRetry]' started.
develop original L2 calibration [first, tone, WB] ms: CPU [0.391667, 0.271792, 0.2725]; GPU [2.139083, 0.902792, 0.943083]
Test Case '-[TesseraCoreTests.DevelopCloseResultTests testDelayedCallbackChildKeepsOriginOutcomeAfterIndependentRetry]' passed (0.033 seconds).
Test Case '-[TesseraCoreTests.DevelopCloseResultTests testFailureCallbackCloseDoesNotStartAutomaticRetry]' started.
develop original L2 calibration [first, tone, WB] ms: CPU [0.460416, 0.301917, 0.271042]; GPU [2.198791, 0.853542, 0.938084]
Test Case '-[TesseraCoreTests.DevelopCloseResultTests testFailureCallbackCloseDoesNotStartAutomaticRetry]' passed (0.037 seconds).
Test Case '-[TesseraCoreTests.DevelopCloseResultTests testMaskFlushFailurePreventsNativeCloseAndRetainsPendingValue]' started.
develop original L2 calibration [first, tone, WB] ms: CPU [0.381166, 0.263334, 0.288667]; GPU [2.6296660000000003, 0.889542, 0.9323330000000001]
Test Case '-[TesseraCoreTests.DevelopCloseResultTests testMaskFlushFailurePreventsNativeCloseAndRetainsPendingValue]' passed (0.034 seconds).
Test Case '-[TesseraCoreTests.DevelopCloseResultTests testPatchCallbackCloseJoinsPublishedAttempt]' started.
develop original L2 calibration [first, tone, WB] ms: CPU [0.381417, 0.26370899999999997, 0.2775]; GPU [2.4642079999999997, 0.963083, 0.962292]
Test Case '-[TesseraCoreTests.DevelopCloseResultTests testPatchCallbackCloseJoinsPublishedAttempt]' passed (0.038 seconds).
Test Case '-[TesseraCoreTests.DevelopCloseResultTests testSettingsFlushFailurePreventsNativeCloseAndRemainsRetryable]' started.
develop original L2 calibration [first, tone, WB] ms: CPU [0.3795, 0.272542, 0.278958]; GPU [2.285, 0.933584, 0.925667]
Test Case '-[TesseraCoreTests.DevelopCloseResultTests testSettingsFlushFailurePreventsNativeCloseAndRemainsRetryable]' passed (0.034 seconds).
Test Case '-[TesseraCoreTests.DevelopCloseResultTests testSuccessfulCloseDrainsOnceAndIsIdempotent]' started.
develop original L2 calibration [first, tone, WB] ms: CPU [0.379792, 0.268625, 0.30154200000000003]; GPU [4.385708, 0.860167, 0.776084]
Test Case '-[TesseraCoreTests.DevelopCloseResultTests testSuccessfulCloseDrainsOnceAndIsIdempotent]' passed (0.037 seconds).
Test Case '-[TesseraCoreTests.DevelopCloseResultTests testUnencodableSettingsBlockCloseAndRemainPending]' started.
develop original L2 calibration [first, tone, WB] ms: CPU [0.364459, 0.268916, 0.287792]; GPU [2.276291, 0.580167, 1.005625]
Test Case '-[TesseraCoreTests.DevelopCloseResultTests testUnencodableSettingsBlockCloseAndRemainPending]' passed (0.035 seconds).
Test Suite 'DevelopCloseResultTests' passed at 2026-09-28 18:07:38.053.
	 Executed 13 tests, with 0 failures (0 unexpected) in 0.430 (0.431) seconds
Test Suite 'DevelopMaskPendingRetentionTests' started at 2026-09-28 18:07:38.053.
Test Case '-[TesseraCoreTests.DevelopMaskPendingRetentionTests testAcceptedPrefixAndBrushPointsNeverReplayOnLaterFailure]' started.
Test Case '-[TesseraCoreTests.DevelopMaskPendingRetentionTests testAcceptedPrefixAndBrushPointsNeverReplayOnLaterFailure]' passed (0.000 seconds).
Test Case '-[TesseraCoreTests.DevelopMaskPendingRetentionTests testBrushRejectionRetainsSamplesAndSuccessKeepsReentrantSample]' started.
Test Case '-[TesseraCoreTests.DevelopMaskPendingRetentionTests testBrushRejectionRetainsSamplesAndSuccessKeepsReentrantSample]' passed (0.000 seconds).
Test Case '-[TesseraCoreTests.DevelopMaskPendingRetentionTests testExplicitRejectedFlushInvalidatesOlderQueuedDrain]' started.
Test Case '-[TesseraCoreTests.DevelopMaskPendingRetentionTests testExplicitRejectedFlushInvalidatesOlderQueuedDrain]' passed (0.000 seconds).
Test Case '-[TesseraCoreTests.DevelopMaskPendingRetentionTests testFailedBatchDoesNotScheduleReentrantRetry]' started.
Test Case '-[TesseraCoreTests.DevelopMaskPendingRetentionTests testFailedBatchDoesNotScheduleReentrantRetry]' passed (0.000 seconds).
Test Case '-[TesseraCoreTests.DevelopMaskPendingRetentionTests testNilHandlerDrainsTwoReentrantGenerations]' started.
Test Case '-[TesseraCoreTests.DevelopMaskPendingRetentionTests testNilHandlerDrainsTwoReentrantGenerations]' passed (0.000 seconds).
Test Case '-[TesseraCoreTests.DevelopMaskPendingRetentionTests testParameterFailureKeepsRejectedSuffixOnly]' started.
Test Case '-[TesseraCoreTests.DevelopMaskPendingRetentionTests testParameterFailureKeepsRejectedSuffixOnly]' passed (0.000 seconds).
Test Case '-[TesseraCoreTests.DevelopMaskPendingRetentionTests testReentrantNewerComponentAndParamSurviveFailedAttempt]' started.
Test Case '-[TesseraCoreTests.DevelopMaskPendingRetentionTests testReentrantNewerComponentAndParamSurviveFailedAttempt]' passed (0.000 seconds).
Test Case '-[TesseraCoreTests.DevelopMaskPendingRetentionTests testRejectedComponentAndUnattemptedGroupsParamsSurvive]' started.
Test Case '-[TesseraCoreTests.DevelopMaskPendingRetentionTests testRejectedComponentAndUnattemptedGroupsParamsSurvive]' passed (0.000 seconds).
Test Case '-[TesseraCoreTests.DevelopMaskPendingRetentionTests testRejectedGroupMergesOlderFieldsUnderNewerPatch]' started.
Test Case '-[TesseraCoreTests.DevelopMaskPendingRetentionTests testRejectedGroupMergesOlderFieldsUnderNewerPatch]' passed (0.000 seconds).
Test Case '-[TesseraCoreTests.DevelopMaskPendingRetentionTests testSuccessfulAcknowledgementKeepsNewerSameKeyValues]' started.
Test Case '-[TesseraCoreTests.DevelopMaskPendingRetentionTests testSuccessfulAcknowledgementKeepsNewerSameKeyValues]' passed (0.000 seconds).
Test Case '-[TesseraCoreTests.DevelopMaskPendingRetentionTests testSynchronousHandlerDrainsTwoReentrantGenerations]' started.
Test Case '-[TesseraCoreTests.DevelopMaskPendingRetentionTests testSynchronousHandlerDrainsTwoReentrantGenerations]' passed (0.000 seconds).
Test Suite 'DevelopMaskPendingRetentionTests' passed at 2026-09-28 18:07:38.056.
	 Executed 11 tests, with 0 failures (0 unexpected) in 0.002 (0.002) seconds
Test Suite 'DevelopPanelsSessionTests' started at 2026-09-28 18:07:38.056.
Test Case '-[TesseraCoreTests.DevelopPanelsSessionTests testPanelsDriveTheSession]' started.
develop original L2 calibration [first, tone, WB] ms: CPU [458.616709, 192.46925000000002, 222.281583]; GPU [344.696667, 1.977042, 7.121834]
Test Case '-[TesseraCoreTests.DevelopPanelsSessionTests testPanelsDriveTheSession]' passed (1.700 seconds).
Test Suite 'DevelopPanelsSessionTests' passed at 2026-09-28 18:07:39.756.
	 Executed 1 test, with 0 failures (0 unexpected) in 1.700 (1.700) seconds
Test Suite 'DevelopPanelsTests' started at 2026-09-28 18:07:39.756.
Test Case '-[TesseraCoreTests.DevelopPanelsTests testCropOrientationRoundTripAndConstraints]' started.
Test Case '-[TesseraCoreTests.DevelopPanelsTests testCropOrientationRoundTripAndConstraints]' passed (0.000 seconds).
Test Case '-[TesseraCoreTests.DevelopPanelsTests testCurveEditorKeepsMonotoneValidPoints]' started.
Test Case '-[TesseraCoreTests.DevelopPanelsTests testCurveEditorKeepsMonotoneValidPoints]' passed (0.035 seconds).
Test Case '-[TesseraCoreTests.DevelopPanelsTests testCurveEvaluationMatchesKnotsAndIdentity]' started.
Test Case '-[TesseraCoreTests.DevelopPanelsTests testCurveEvaluationMatchesKnotsAndIdentity]' passed (0.000 seconds).
Test Case '-[TesseraCoreTests.DevelopPanelsTests testEachPanelControlWritesItsPatch]' started.
Test Case '-[TesseraCoreTests.DevelopPanelsTests testEachPanelControlWritesItsPatch]' passed (0.000 seconds).
Test Case '-[TesseraCoreTests.DevelopPanelsTests testHueBandWeightsAndTargetedAdjustment]' started.
Test Case '-[TesseraCoreTests.DevelopPanelsTests testHueBandWeightsAndTargetedAdjustment]' passed (0.000 seconds).
Test Case '-[TesseraCoreTests.DevelopPanelsTests testMergePatchAccumulatesLikeRFC7386]' started.
Test Case '-[TesseraCoreTests.DevelopPanelsTests testMergePatchAccumulatesLikeRFC7386]' passed (0.000 seconds).
Test Case '-[TesseraCoreTests.DevelopPanelsTests testPresetsArePartialRecipesSavedAsJSON]' started.
Test Case '-[TesseraCoreTests.DevelopPanelsTests testPresetsArePartialRecipesSavedAsJSON]' passed (0.001 seconds).
Test Suite 'DevelopPanelsTests' passed at 2026-09-28 18:07:39.793.
	 Executed 7 tests, with 0 failures (0 unexpected) in 0.037 (0.038) seconds
Test Suite 'DevelopRecoveryAdmissionBehaviorTests' started at 2026-09-28 18:07:39.793.
Test Case '-[TesseraCoreTests.DevelopRecoveryAdmissionBehaviorTests testDevelopReuseUsesImageIdentityAcrossDenseIDChanges]' started.
develop original L2 calibration [first, tone, WB] ms: CPU [0.558208, 0.295458, 0.33837500000000004]; GPU [2.691208, 0.973333, 0.962125]
Test Case '-[TesseraCoreTests.DevelopRecoveryAdmissionBehaviorTests testDevelopReuseUsesImageIdentityAcrossDenseIDChanges]' passed (0.031 seconds).
Test Case '-[TesseraCoreTests.DevelopRecoveryAdmissionBehaviorTests testFailedClosePreservesSavedSmartAlbumSourceAndFilter]' started.
develop original L2 calibration [first, tone, WB] ms: CPU [0.5509999999999999, 0.292, 0.341792]; GPU [2.696, 0.880667, 0.642]
Test Case '-[TesseraCoreTests.DevelopRecoveryAdmissionBehaviorTests testFailedClosePreservesSavedSmartAlbumSourceAndFilter]' passed (0.037 seconds).
Test Case '-[TesseraCoreTests.DevelopRecoveryAdmissionBehaviorTests testFailedSaveKeepsWorkspaceAndExplicitRetryCommitsThenReopensFreshController]' started.
develop original L2 calibration [first, tone, WB] ms: CPU [0.551292, 0.298417, 0.336333]; GPU [2.679833, 0.872334, 0.948209]
Test Case '-[TesseraCoreTests.DevelopRecoveryAdmissionBehaviorTests testFailedSaveKeepsWorkspaceAndExplicitRetryCommitsThenReopensFreshController]' passed (0.047 seconds).
Test Case '-[TesseraCoreTests.DevelopRecoveryAdmissionBehaviorTests testHeldCloseCommitsGridDoubleClickSelectionAndLoupeTogether]' started.
develop original L2 calibration [first, tone, WB] ms: CPU [0.549375, 0.294584, 0.332333]; GPU [2.61225, 0.928625, 0.9821669999999999]
Test Case '-[TesseraCoreTests.DevelopRecoveryAdmissionBehaviorTests testHeldCloseCommitsGridDoubleClickSelectionAndLoupeTogether]' passed (0.032 seconds).
Test Case '-[TesseraCoreTests.DevelopRecoveryAdmissionBehaviorTests testHeldCloseKeepsTetherAutoAdvanceTargetAndLoupeTogether]' started.
develop original L2 calibration [first, tone, WB] ms: CPU [0.563333, 0.311083, 0.306083]; GPU [2.747667, 0.900125, 0.949917]
Test Case '-[TesseraCoreTests.DevelopRecoveryAdmissionBehaviorTests testHeldCloseKeepsTetherAutoAdvanceTargetAndLoupeTogether]' passed (0.031 seconds).
Test Case '-[TesseraCoreTests.DevelopRecoveryAdmissionBehaviorTests testHeldCloseMovesPeoplePhotoToAllPhotosAndLoupeTogether]' started.
develop original L2 calibration [first, tone, WB] ms: CPU [0.55825, 0.29304199999999997, 0.344291]; GPU [2.47425, 0.974708, 0.942667]
Test Case '-[TesseraCoreTests.DevelopRecoveryAdmissionBehaviorTests testHeldCloseMovesPeoplePhotoToAllPhotosAndLoupeTogether]' passed (0.030 seconds).
Test Case '-[TesseraCoreTests.DevelopRecoveryAdmissionBehaviorTests testHeldCloseOpensSavedSmartAlbumAndClearsFilterAsOneIntent]' started.
develop original L2 calibration [first, tone, WB] ms: CPU [0.578375, 0.290417, 0.343334]; GPU [2.808958, 0.5307499999999999, 0.6605409999999999]
Test Case '-[TesseraCoreTests.DevelopRecoveryAdmissionBehaviorTests testHeldCloseOpensSavedSmartAlbumAndClearsFilterAsOneIntent]' passed (0.036 seconds).
Test Case '-[TesseraCoreTests.DevelopRecoveryAdmissionBehaviorTests testHeldCloseReturnsToLibraryAndEntersCompareAsOneIntent]' started.
develop original L2 calibration [first, tone, WB] ms: CPU [0.565125, 0.306958, 0.334208]; GPU [2.6157500000000002, 0.847125, 0.973625]
Test Case '-[TesseraCoreTests.DevelopRecoveryAdmissionBehaviorTests testHeldCloseReturnsToLibraryAndEntersCompareAsOneIntent]' passed (0.032 seconds).
Test Case '-[TesseraCoreTests.DevelopRecoveryAdmissionBehaviorTests testHeldGridDestinationResolvesTargetByImageIdentityAfterLibraryRevisionChanges]' started.
develop original L2 calibration [first, tone, WB] ms: CPU [0.620167, 0.28645899999999996, 0.33433399999999996]; GPU [2.710625, 0.9020830000000001, 0.632375]
Test Case '-[TesseraCoreTests.DevelopRecoveryAdmissionBehaviorTests testHeldGridDestinationResolvesTargetByImageIdentityAfterLibraryRevisionChanges]' passed (0.037 seconds).
Test Case '-[TesseraCoreTests.DevelopRecoveryAdmissionBehaviorTests testLatestViewIntentCommitsAfterOneHeldDevelopClose]' started.
develop original L2 calibration [first, tone, WB] ms: CPU [0.557833, 0.29862500000000003, 0.32137499999999997]; GPU [2.589042, 0.614958, 0.6894170000000001]
Test Case '-[TesseraCoreTests.DevelopRecoveryAdmissionBehaviorTests testLatestViewIntentCommitsAfterOneHeldDevelopClose]' passed (0.030 seconds).
Test Case '-[TesseraCoreTests.DevelopRecoveryAdmissionBehaviorTests testLayeredCompletionCannotTakeOverAfterLibraryReplacement]' started.
develop original L2 calibration [first, tone, WB] ms: CPU [0.586375, 0.29654200000000003, 0.315292]; GPU [2.9042920000000003, 0.779417, 0.861208]
Test Case '-[TesseraCoreTests.DevelopRecoveryAdmissionBehaviorTests testLayeredCompletionCannotTakeOverAfterLibraryReplacement]' passed (0.041 seconds).
Test Case '-[TesseraCoreTests.DevelopRecoveryAdmissionBehaviorTests testLibraryDestinationDuringLayersCloseInvalidatesCopyUntilReissued]' started.
develop original L2 calibration [first, tone, WB] ms: CPU [0.556583, 0.292416, 0.315542]; GPU [2.3655, 0.761625, 0.906458]
Test Case '-[TesseraCoreTests.DevelopRecoveryAdmissionBehaviorTests testLibraryDestinationDuringLayersCloseInvalidatesCopyUntilReissued]' passed (0.033 seconds).
Test Case '-[TesseraCoreTests.DevelopRecoveryAdmissionBehaviorTests testPresentingExportSheetDoesNotCloseOrReserveDevelopPixels]' started.
develop original L2 calibration [first, tone, WB] ms: CPU [0.552917, 0.289583, 0.347166]; GPU [2.870458, 0.788625, 0.840584]
Test Case '-[TesseraCoreTests.DevelopRecoveryAdmissionBehaviorTests testPresentingExportSheetDoesNotCloseOrReserveDevelopPixels]' passed (0.046 seconds).
Test Case '-[TesseraCoreTests.DevelopRecoveryAdmissionBehaviorTests testSelectionDuringHeldLayerBackendKeepsReservationAndPreventsStaleViewStatus]' started.
develop original L2 calibration [first, tone, WB] ms: CPU [0.5698329999999999, 0.289666, 0.33125]; GPU [2.467708, 0.793375, 0.907667]
Test Case '-[TesseraCoreTests.DevelopRecoveryAdmissionBehaviorTests testSelectionDuringHeldLayerBackendKeepsReservationAndPreventsStaleViewStatus]' passed (0.033 seconds).
Test Case '-[TesseraCoreTests.DevelopRecoveryAdmissionBehaviorTests testSelectionDuringLayersCloseInvalidatesCopyButStillRequiresFreshSelection]' started.
develop original L2 calibration [first, tone, WB] ms: CPU [0.5575000000000001, 0.2895, 0.337125]; GPU [2.482417, 0.551375, 0.682542]
Test Case '-[TesseraCoreTests.DevelopRecoveryAdmissionBehaviorTests testSelectionDuringLayersCloseInvalidatesCopyButStillRequiresFreshSelection]' passed (0.030 seconds).
Test Case '-[TesseraCoreTests.DevelopRecoveryAdmissionBehaviorTests testStaleLayeredFailurePreservesReplacementStatusAndReleasesSourceGate]' started.
develop original L2 calibration [first, tone, WB] ms: CPU [0.5599999999999999, 0.294625, 0.32795799999999997]; GPU [2.8116659999999998, 0.829083, 0.9815830000000001]
Test Case '-[TesseraCoreTests.DevelopRecoveryAdmissionBehaviorTests testStaleLayeredFailurePreservesReplacementStatusAndReleasesSourceGate]' passed (0.041 seconds).
Test Case '-[TesseraCoreTests.DevelopRecoveryAdmissionBehaviorTests testSuccessfulRetryClearsRecoveryOwnedBlockedNavigationStatus]' started.
develop original L2 calibration [first, tone, WB] ms: CPU [0.5510419999999999, 0.3095, 0.316125]; GPU [2.4637499999999997, 0.952125, 1.114375]
Test Case '-[TesseraCoreTests.DevelopRecoveryAdmissionBehaviorTests testSuccessfulRetryClearsRecoveryOwnedBlockedNavigationStatus]' passed (0.065 seconds).
Test Case '-[TesseraCoreTests.DevelopRecoveryAdmissionBehaviorTests testSuccessfulRetryPreservesNewerUnrelatedStatus]' started.
develop original L2 calibration [first, tone, WB] ms: CPU [0.587708, 0.309125, 0.345166]; GPU [2.6367909999999997, 0.8815000000000001, 0.989375]
Test Case '-[TesseraCoreTests.DevelopRecoveryAdmissionBehaviorTests testSuccessfulRetryPreservesNewerUnrelatedStatus]' passed (0.063 seconds).
Test Case '-[TesseraCoreTests.DevelopRecoveryAdmissionBehaviorTests testSupersededFolderCallbackSettlesOnceAndMayReenterOpenFolder]' started.
develop original L2 calibration [first, tone, WB] ms: CPU [0.584291, 0.298084, 0.335]; GPU [2.867, 0.954209, 0.717791]
Test Case '-[TesseraCoreTests.DevelopRecoveryAdmissionBehaviorTests testSupersededFolderCallbackSettlesOnceAndMayReenterOpenFolder]' passed (0.078 seconds).
Test Suite 'DevelopRecoveryAdmissionBehaviorTests' passed at 2026-09-28 18:07:40.568.
	 Executed 19 tests, with 0 failures (0 unexpected) in 0.773 (0.775) seconds
Test Suite 'DevelopRecoveryAdmissionTests' started at 2026-09-28 18:07:40.568.
Test Case '-[TesseraCoreTests.DevelopRecoveryAdmissionTests testLaterConflictingAliasGateWaitsForEarlierReservationBeforeClosing]' started.
develop original L2 calibration [first, tone, WB] ms: CPU [0.539791, 0.291417, 0.31216700000000003]; GPU [2.590416, 0.86175, 0.9466249999999999]
Test Case '-[TesseraCoreTests.DevelopRecoveryAdmissionTests testLaterConflictingAliasGateWaitsForEarlierReservationBeforeClosing]' passed (0.043 seconds).
Test Case '-[TesseraCoreTests.DevelopRecoveryAdmissionTests testReservationsCoverSamePathAndHardLinkAliasesButNotUnrelatedSources]' started.
Test Case '-[TesseraCoreTests.DevelopRecoveryAdmissionTests testReservationsCoverSamePathAndHardLinkAliasesButNotUnrelatedSources]' passed (0.029 seconds).
Test Suite 'DevelopRecoveryAdmissionTests' passed at 2026-09-28 18:07:40.640.
	 Executed 2 tests, with 0 failures (0 unexpected) in 0.072 (0.072) seconds
Test Suite 'DevelopRecoveryCoordinatorTests' started at 2026-09-28 18:07:40.640.
Test Case '-[TesseraCoreTests.DevelopRecoveryCoordinatorTests testFailedActiveCloseDoesNotAdmitAnotherSamePhotoOpen]' started.
develop original L2 calibration [first, tone, WB] ms: CPU [4.406875, 0.29050000000000004, 0.33875]; GPU [6.5499160000000005, 0.968167, 0.989958]
Test Case '-[TesseraCoreTests.DevelopRecoveryCoordinatorTests testFailedActiveCloseDoesNotAdmitAnotherSamePhotoOpen]' passed (0.033 seconds).
Test Case '-[TesseraCoreTests.DevelopRecoveryCoordinatorTests testFailedCleanupOfStaleOpenDoesNotAdmitSameOwnerPhotoOpen]' started.
develop original L2 calibration [first, tone, WB] ms: CPU [4.388167, 0.292709, 0.322125]; GPU [6.470375000000001, 0.8909159999999999, 0.972875]
Test Case '-[TesseraCoreTests.DevelopRecoveryCoordinatorTests testFailedCleanupOfStaleOpenDoesNotAdmitSameOwnerPhotoOpen]' passed (0.035 seconds).
Test Case '-[TesseraCoreTests.DevelopRecoveryCoordinatorTests testSupersededAdmissionErrorPreservesReplacementLoadingAndReadyState]' started.
develop original L2 calibration [first, tone, WB] ms: CPU [4.386541, 0.297875, 0.351583]; GPU [6.559749999999999, 0.879084, 1.007334]
develop original L2 calibration [first, tone, WB] ms: CPU [4.395792, 0.285084, 0.33370900000000003]; GPU [6.412583000000001, 0.929667, 1.017417]
Test Case '-[TesseraCoreTests.DevelopRecoveryCoordinatorTests testSupersededAdmissionErrorPreservesReplacementLoadingAndReadyState]' passed (0.071 seconds).
Test Case '-[TesseraCoreTests.DevelopRecoveryCoordinatorTests testThrownAdmissionErrorIsVisibleAndFreshOpenSucceedsAfterReentry]' started.
develop original L2 calibration [first, tone, WB] ms: CPU [4.380958, 0.294, 0.326625]; GPU [6.3161249999999995, 1.1143329999999998, 0.9011250000000001]
Test Case '-[TesseraCoreTests.DevelopRecoveryCoordinatorTests testThrownAdmissionErrorIsVisibleAndFreshOpenSucceedsAfterReentry]' passed (0.033 seconds).
Test Suite 'DevelopRecoveryCoordinatorTests' passed at 2026-09-28 18:07:40.812.
	 Executed 4 tests, with 0 failures (0 unexpected) in 0.172 (0.172) seconds
Test Suite 'DevelopRecoveryStateTests' started at 2026-09-28 18:07:40.812.
Test Case '-[TesseraCoreTests.DevelopRecoveryStateTests testFailedCloseRetainsOwnerAndControllerUntilExplicitRetrySucceeds]' started.
develop original L2 calibration [first, tone, WB] ms: CPU [4.383541999999999, 0.291667, 0.328541]; GPU [6.547084, 0.895625, 1.0648330000000001]
Test Case '-[TesseraCoreTests.DevelopRecoveryStateTests testFailedCloseRetainsOwnerAndControllerUntilExplicitRetrySucceeds]' passed (0.033 seconds).
Test Case '-[TesseraCoreTests.DevelopRecoveryStateTests testFailedStaleOpenCleanupRegistersBeforeInitiatingBarrierReturns]' started.
develop original L2 calibration [first, tone, WB] ms: CPU [4.366084, 0.286292, 0.31224999999999997]; GPU [6.559791, 0.874167, 0.692916]
Test Case '-[TesseraCoreTests.DevelopRecoveryStateTests testFailedStaleOpenCleanupRegistersBeforeInitiatingBarrierReturns]' passed (0.031 seconds).
Test Case '-[TesseraCoreTests.DevelopRecoveryStateTests testFinishOpenClosesProducedControllerThatWasNotTransferred]' started.
develop original L2 calibration [first, tone, WB] ms: CPU [4.3100830000000006, 0.28237500000000004, 0.327583]; GPU [6.475875, 0.9516249999999999, 1.005125]
Test Case '-[TesseraCoreTests.DevelopRecoveryStateTests testFinishOpenClosesProducedControllerThatWasNotTransferred]' passed (0.032 seconds).
Test Case '-[TesseraCoreTests.DevelopRecoveryStateTests testJoinedCloseCallersShareOneFailureAndDoNotAutoRetry]' started.
develop original L2 calibration [first, tone, WB] ms: CPU [4.447417000000001, 0.2965, 0.329792]; GPU [6.403417, 0.908042, 0.981291]
Test Case '-[TesseraCoreTests.DevelopRecoveryStateTests testJoinedCloseCallersShareOneFailureAndDoNotAutoRetry]' passed (0.032 seconds).
Test Case '-[TesseraCoreTests.DevelopRecoveryStateTests testLateProducedControllerIsRetainedAndCanBeRetried]' started.
develop original L2 calibration [first, tone, WB] ms: CPU [4.349333000000001, 0.289458, 0.326167]; GPU [6.282083, 0.576583, 0.658208]
Test Case '-[TesseraCoreTests.DevelopRecoveryStateTests testLateProducedControllerIsRetainedAndCanBeRetried]' passed (0.032 seconds).
Test Case '-[TesseraCoreTests.DevelopRecoveryStateTests testOwnerlessRecoveryRecordBlocksEveryLibraryUntilResolved]' started.
develop original L2 calibration [first, tone, WB] ms: CPU [4.373708, 0.296375, 0.336459]; GPU [6.737917, 0.566958, 0.728625]
Test Case '-[TesseraCoreTests.DevelopRecoveryStateTests testOwnerlessRecoveryRecordBlocksEveryLibraryUntilResolved]' passed (0.033 seconds).
Test Case '-[TesseraCoreTests.DevelopRecoveryStateTests testSuccessfulBarrierKeepsAdmissionReservedUntilGateFinish]' started.
develop original L2 calibration [first, tone, WB] ms: CPU [4.34975, 0.289291, 0.338042]; GPU [6.4052500000000006, 2.650541, 1.6043749999999999]
Test Case '-[TesseraCoreTests.DevelopRecoveryStateTests testSuccessfulBarrierKeepsAdmissionReservedUntilGateFinish]' passed (0.035 seconds).
Test Case '-[TesseraCoreTests.DevelopRecoveryStateTests testTransferRequiresMatchingOwnerAndExactControllerRecipient]' started.
develop original L2 calibration [first, tone, WB] ms: CPU [4.3549169999999995, 0.29645900000000003, 0.32475]; GPU [6.4687920000000005, 0.582333, 0.65625]
Test Case '-[TesseraCoreTests.DevelopRecoveryStateTests testTransferRequiresMatchingOwnerAndExactControllerRecipient]' passed (0.033 seconds).
Test Case '-[TesseraCoreTests.DevelopRecoveryStateTests testUnknownSessionCloseFailsClosed]' started.
Test Case '-[TesseraCoreTests.DevelopRecoveryStateTests testUnknownSessionCloseFailsClosed]' passed (0.000 seconds).
Test Suite 'DevelopRecoveryStateTests' passed at 2026-09-28 18:07:41.074.
	 Executed 9 tests, with 0 failures (0 unexpected) in 0.261 (0.262) seconds
Test Suite 'DevelopTests' started at 2026-09-28 18:07:41.074.
Test Case '-[TesseraCoreTests.DevelopTests testAppModelOpensRenderedJpegAndHeic]' started.
/Users/rutmehta/.codex/worktrees/render-resource-bounds/tessera/apps/mac/build/develop-app-rendered-E13FEEB4-D705-4031-A738-05476440CC3C/shoot/photo.jpg
  /Users/rutmehta/.codex/worktrees/render-resource-bounds/tessera/apps/mac/build/develop-app-rendered-E13FEEB4-D705-4031-A738-05476440CC3C/shoot/photo.heic
develop original L2 calibration [first, tone, WB] ms: CPU [0.45629200000000003, 0.29224999999999995, 0.28408300000000003]; GPU [2.750709, 0.875584, 0.920166]
Test Case '-[TesseraCoreTests.DevelopTests testAppModelOpensRenderedJpegAndHeic]' passed (0.311 seconds).
Test Case '-[TesseraCoreTests.DevelopTests testJpegIsDevelopable]' started.
develop original L2 calibration [first, tone, WB] ms: CPU [0.351292, 0.26087499999999997, 0.247417]; GPU [2.7529999999999997, 0.980791, 1.0024170000000001]
Test Case '-[TesseraCoreTests.DevelopTests testJpegIsDevelopable]' passed (0.040 seconds).
Test Case '-[TesseraCoreTests.DevelopTests testSettingsChangeRendersIntoTheSurfaceAndReopenRestoresExposure]' started.
develop original L2 calibration [first, tone, WB] ms: CPU [449.922333, 188.688416, 219.797833]; GPU [316.5515, 1.5451670000000002, 6.592833000000001]
develop original L2 calibration [first, tone, WB] ms: CPU [452.089917, 193.347583, 220.260208]; GPU [344.707042, 1.826375, 7.730709]
Test Case '-[TesseraCoreTests.DevelopTests testSettingsChangeRendersIntoTheSurfaceAndReopenRestoresExposure]' passed (2.852 seconds).
Test Suite 'DevelopTests' passed at 2026-09-28 18:07:44.277.
	 Executed 3 tests, with 0 failures (0 unexpected) in 3.203 (3.203) seconds
Test Suite 'DocumentAdjustmentAnalysisTests' started at 2026-09-28 18:07:44.277.
Test Case '-[TesseraCoreTests.DocumentAdjustmentAnalysisTests testAutoToneStretchesEachChannelAndColorSetsGamma]' started.
Test Case '-[TesseraCoreTests.DocumentAdjustmentAnalysisTests testAutoToneStretchesEachChannelAndColorSetsGamma]' passed (0.001 seconds).
Test Case '-[TesseraCoreTests.DocumentAdjustmentAnalysisTests testBlackWhiteAutoMatchesLumaAndKeepsDefaultsForMissingHues]' started.
Test Case '-[TesseraCoreTests.DocumentAdjustmentAnalysisTests testBlackWhiteAutoMatchesLumaAndKeepsDefaultsForMissingHues]' passed (0.000 seconds).
Test Case '-[TesseraCoreTests.DocumentAdjustmentAnalysisTests testCompositeAnalysisNeutralizesTheLayerAndLeavesNoTrace]' started.
Test Case '-[TesseraCoreTests.DocumentAdjustmentAnalysisTests testCompositeAnalysisNeutralizesTheLayerAndLeavesNoTrace]' passed (0.017 seconds).
Test Case '-[TesseraCoreTests.DocumentAdjustmentAnalysisTests testCubeAnd3DLLoaders]' started.
Test Case '-[TesseraCoreTests.DocumentAdjustmentAnalysisTests testCubeAnd3DLLoaders]' passed (0.000 seconds).
Test Case '-[TesseraCoreTests.DocumentAdjustmentAnalysisTests testEqualizeMapsAreCDFMinNormalized]' started.
Test Case '-[TesseraCoreTests.DocumentAdjustmentAnalysisTests testEqualizeMapsAreCDFMinNormalized]' passed (0.000 seconds).
Test Case '-[TesseraCoreTests.DocumentAdjustmentAnalysisTests testHDREqualizeFreezesALuminanceMap]' started.
Test Case '-[TesseraCoreTests.DocumentAdjustmentAnalysisTests testHDREqualizeFreezesALuminanceMap]' passed (0.000 seconds).
Test Case '-[TesseraCoreTests.DocumentAdjustmentAnalysisTests testLabStatisticsAndMatchColor]' started.
Test Case '-[TesseraCoreTests.DocumentAdjustmentAnalysisTests testLabStatisticsAndMatchColor]' passed (0.000 seconds).
Test Case '-[TesseraCoreTests.DocumentAdjustmentAnalysisTests testLegacyMatchColorMissingSourceDoesNotPretendToDisable]' started.
Test Case '-[TesseraCoreTests.DocumentAdjustmentAnalysisTests testLegacyMatchColorMissingSourceDoesNotPretendToDisable]' passed (0.016 seconds).
Test Case '-[TesseraCoreTests.DocumentAdjustmentAnalysisTests testLegacyMatchColorNeutralizeReopenDisableUndoAndSave]' started.
Test Case '-[TesseraCoreTests.DocumentAdjustmentAnalysisTests testLegacyMatchColorNeutralizeReopenDisableUndoAndSave]' passed (0.033 seconds).
Test Case '-[TesseraCoreTests.DocumentAdjustmentAnalysisTests testMenusListEveryKindOnceInPhotoshopOrder]' started.
Test Case '-[TesseraCoreTests.DocumentAdjustmentAnalysisTests testMenusListEveryKindOnceInPhotoshopOrder]' passed (0.000 seconds).
Test Case '-[TesseraCoreTests.DocumentAdjustmentAnalysisTests testModernMatchColorToggleKeepsFrozenStatisticsWithoutReadingPixels]' started.
Test Case '-[TesseraCoreTests.DocumentAdjustmentAnalysisTests testModernMatchColorToggleKeepsFrozenStatisticsWithoutReadingPixels]' passed (0.014 seconds).
Test Case '-[TesseraCoreTests.DocumentAdjustmentAnalysisTests testNewImageDependentLayersAreAnalysed]' started.
Test Case '-[TesseraCoreTests.DocumentAdjustmentAnalysisTests testNewImageDependentLayersAreAnalysed]' passed (0.016 seconds).
Test Case '-[TesseraCoreTests.DocumentAdjustmentAnalysisTests testPhotoFilterPresetsMatchTheEngineSwatches]' started.
Test Case '-[TesseraCoreTests.DocumentAdjustmentAnalysisTests testPhotoFilterPresetsMatchTheEngineSwatches]' passed (0.000 seconds).
Test Case '-[TesseraCoreTests.DocumentAdjustmentAnalysisTests testSaveAsNames]' started.
Test Case '-[TesseraCoreTests.DocumentAdjustmentAnalysisTests testSaveAsNames]' passed (0.000 seconds).
Test Case '-[TesseraCoreTests.DocumentAdjustmentAnalysisTests testStubRendersTheNewPointwiseKinds]' started.
Test Case '-[TesseraCoreTests.DocumentAdjustmentAnalysisTests testStubRendersTheNewPointwiseKinds]' passed (0.000 seconds).
Test Suite 'DocumentAdjustmentAnalysisTests' passed at 2026-09-28 18:07:44.378.
	 Executed 15 tests, with 0 failures (0 unexpected) in 0.100 (0.101) seconds
Test Suite 'DocumentAdjustmentJSONTests' started at 2026-09-28 18:07:44.378.
Test Case '-[TesseraCoreTests.DocumentAdjustmentJSONTests testAuto]' started.
Test Case '-[TesseraCoreTests.DocumentAdjustmentJSONTests testAuto]' passed (0.011 seconds).
Test Case '-[TesseraCoreTests.DocumentAdjustmentJSONTests testBlackWhite]' started.
Test Case '-[TesseraCoreTests.DocumentAdjustmentJSONTests testBlackWhite]' passed (0.010 seconds).
Test Case '-[TesseraCoreTests.DocumentAdjustmentJSONTests testBrightnessContrast]' started.
Test Case '-[TesseraCoreTests.DocumentAdjustmentJSONTests testBrightnessContrast]' passed (0.010 seconds).
Test Case '-[TesseraCoreTests.DocumentAdjustmentJSONTests testChannelMixer]' started.
Test Case '-[TesseraCoreTests.DocumentAdjustmentJSONTests testChannelMixer]' passed (0.010 seconds).
Test Case '-[TesseraCoreTests.DocumentAdjustmentJSONTests testColorBalance]' started.
Test Case '-[TesseraCoreTests.DocumentAdjustmentJSONTests testColorBalance]' passed (0.010 seconds).
Test Case '-[TesseraCoreTests.DocumentAdjustmentJSONTests testColorLookup]' started.
Test Case '-[TesseraCoreTests.DocumentAdjustmentJSONTests testColorLookup]' passed (0.010 seconds).
Test Case '-[TesseraCoreTests.DocumentAdjustmentJSONTests testCurves]' started.
Test Case '-[TesseraCoreTests.DocumentAdjustmentJSONTests testCurves]' passed (0.011 seconds).
Test Case '-[TesseraCoreTests.DocumentAdjustmentJSONTests testDesaturate]' started.
Test Case '-[TesseraCoreTests.DocumentAdjustmentJSONTests testDesaturate]' passed (0.011 seconds).
Test Case '-[TesseraCoreTests.DocumentAdjustmentJSONTests testEqualize]' started.
Test Case '-[TesseraCoreTests.DocumentAdjustmentJSONTests testEqualize]' passed (0.011 seconds).
Test Case '-[TesseraCoreTests.DocumentAdjustmentJSONTests testExposure]' started.
Test Case '-[TesseraCoreTests.DocumentAdjustmentJSONTests testExposure]' passed (0.011 seconds).
Test Case '-[TesseraCoreTests.DocumentAdjustmentJSONTests testFixtureCoversEveryKindAndRoundTrips]' started.
Test Case '-[TesseraCoreTests.DocumentAdjustmentJSONTests testFixtureCoversEveryKindAndRoundTrips]' passed (0.001 seconds).
Test Case '-[TesseraCoreTests.DocumentAdjustmentJSONTests testGradientMap]' started.
Test Case '-[TesseraCoreTests.DocumentAdjustmentJSONTests testGradientMap]' passed (0.011 seconds).
Test Case '-[TesseraCoreTests.DocumentAdjustmentJSONTests testHdrToning]' started.
Test Case '-[TesseraCoreTests.DocumentAdjustmentJSONTests testHdrToning]' passed (0.011 seconds).
Test Case '-[TesseraCoreTests.DocumentAdjustmentJSONTests testHueSaturation]' started.
Test Case '-[TesseraCoreTests.DocumentAdjustmentJSONTests testHueSaturation]' passed (0.011 seconds).
Test Case '-[TesseraCoreTests.DocumentAdjustmentJSONTests testInvert]' started.
Test Case '-[TesseraCoreTests.DocumentAdjustmentJSONTests testInvert]' passed (0.011 seconds).
Test Case '-[TesseraCoreTests.DocumentAdjustmentJSONTests testLevels]' started.
Test Case '-[TesseraCoreTests.DocumentAdjustmentJSONTests testLevels]' passed (0.011 seconds).
Test Case '-[TesseraCoreTests.DocumentAdjustmentJSONTests testMatchColor]' started.
Test Case '-[TesseraCoreTests.DocumentAdjustmentJSONTests testMatchColor]' passed (0.011 seconds).
Test Case '-[TesseraCoreTests.DocumentAdjustmentJSONTests testNeutralValuesRoundTripThroughTheEngine]' started.
Test Case '-[TesseraCoreTests.DocumentAdjustmentJSONTests testNeutralValuesRoundTripThroughTheEngine]' passed (0.011 seconds).
Test Case '-[TesseraCoreTests.DocumentAdjustmentJSONTests testPhotoFilter]' started.
Test Case '-[TesseraCoreTests.DocumentAdjustmentJSONTests testPhotoFilter]' passed (0.012 seconds).
Test Case '-[TesseraCoreTests.DocumentAdjustmentJSONTests testPosterize]' started.
Test Case '-[TesseraCoreTests.DocumentAdjustmentJSONTests testPosterize]' passed (0.010 seconds).
Test Case '-[TesseraCoreTests.DocumentAdjustmentJSONTests testReplaceColor]' started.
Test Case '-[TesseraCoreTests.DocumentAdjustmentJSONTests testReplaceColor]' passed (0.011 seconds).
Test Case '-[TesseraCoreTests.DocumentAdjustmentJSONTests testSelectiveColor]' started.
Test Case '-[TesseraCoreTests.DocumentAdjustmentJSONTests testSelectiveColor]' passed (0.011 seconds).
Test Case '-[TesseraCoreTests.DocumentAdjustmentJSONTests testShadowsHighlights]' started.
Test Case '-[TesseraCoreTests.DocumentAdjustmentJSONTests testShadowsHighlights]' passed (0.010 seconds).
Test Case '-[TesseraCoreTests.DocumentAdjustmentJSONTests testThreshold]' started.
Test Case '-[TesseraCoreTests.DocumentAdjustmentJSONTests testThreshold]' passed (0.010 seconds).
Test Case '-[TesseraCoreTests.DocumentAdjustmentJSONTests testVibrance]' started.
Test Case '-[TesseraCoreTests.DocumentAdjustmentJSONTests testVibrance]' passed (0.012 seconds).
Test Suite 'DocumentAdjustmentJSONTests' passed at 2026-09-28 18:07:44.640.
	 Executed 25 tests, with 0 failures (0 unexpected) in 0.260 (0.262) seconds
Test Suite 'DocumentAdjustmentModelTests' started at 2026-09-28 18:07:44.640.
Test Case '-[TesseraCoreTests.DocumentAdjustmentModelTests testEveryAdjustmentRoundTripsThroughJSON]' started.
Test Case '-[TesseraCoreTests.DocumentAdjustmentModelTests testEveryAdjustmentRoundTripsThroughJSON]' passed (0.001 seconds).
Test Case '-[TesseraCoreTests.DocumentAdjustmentModelTests testFillsRoundTrip]' started.
Test Case '-[TesseraCoreTests.DocumentAdjustmentModelTests testFillsRoundTrip]' passed (0.000 seconds).
Test Suite 'DocumentAdjustmentModelTests' passed at 2026-09-28 18:07:44.641.
	 Executed 2 tests, with 0 failures (0 unexpected) in 0.001 (0.001) seconds
Test Suite 'DocumentBlendModeTests' started at 2026-09-28 18:07:44.641.
Test Case '-[TesseraCoreTests.DocumentBlendModeTests testRoundTripAndGroups]' started.
Test Case '-[TesseraCoreTests.DocumentBlendModeTests testRoundTripAndGroups]' passed (0.000 seconds).
Test Case '-[TesseraCoreTests.DocumentBlendModeTests testStubAcceptsEveryModeAndRejectsOthers]' started.
Test Case '-[TesseraCoreTests.DocumentBlendModeTests testStubAcceptsEveryModeAndRejectsOthers]' passed (0.000 seconds).
Test Case '-[TesseraCoreTests.DocumentBlendModeTests testTwentySevenModesInPhotoshopOrder]' started.
Test Case '-[TesseraCoreTests.DocumentBlendModeTests testTwentySevenModesInPhotoshopOrder]' passed (0.000 seconds).
Test Suite 'DocumentBlendModeTests' passed at 2026-09-28 18:07:44.641.
	 Executed 3 tests, with 0 failures (0 unexpected) in 0.001 (0.001) seconds
Test Suite 'DocumentChannelsTests' started at 2026-09-28 18:07:44.641.
Test Case '-[TesseraCoreTests.DocumentChannelsTests testComponentVisibilityAndNames]' started.
Test Case '-[TesseraCoreTests.DocumentChannelsTests testComponentVisibilityAndNames]' passed (0.000 seconds).
Test Case '-[TesseraCoreTests.DocumentChannelsTests testEngineChannelsThroughTheAdapter]' started.
Test Case '-[TesseraCoreTests.DocumentChannelsTests testEngineChannelsThroughTheAdapter]' passed (0.016 seconds).
Test Case '-[TesseraCoreTests.DocumentChannelsTests testLoadSelectionFormMapping]' started.
Test Case '-[TesseraCoreTests.DocumentChannelsTests testLoadSelectionFormMapping]' passed (0.000 seconds).
Test Case '-[TesseraCoreTests.DocumentChannelsTests testPanelRowsFromRecords]' started.
Test Case '-[TesseraCoreTests.DocumentChannelsTests testPanelRowsFromRecords]' passed (0.000 seconds).
Test Case '-[TesseraCoreTests.DocumentChannelsTests testQuickMaskEnterExitOnTheStub]' started.
Test Case '-[TesseraCoreTests.DocumentChannelsTests testQuickMaskEnterExitOnTheStub]' passed (0.000 seconds).
Test Case '-[TesseraCoreTests.DocumentChannelsTests testSaveSelectionFormMapping]' started.
Test Case '-[TesseraCoreTests.DocumentChannelsTests testSaveSelectionFormMapping]' passed (0.000 seconds).
Test Case '-[TesseraCoreTests.DocumentChannelsTests testStubChannelsSaveLoadAndEdit]' started.
Test Case '-[TesseraCoreTests.DocumentChannelsTests testStubChannelsSaveLoadAndEdit]' passed (0.000 seconds).
Test Suite 'DocumentChannelsTests' passed at 2026-09-28 18:07:44.659.
	 Executed 7 tests, with 0 failures (0 unexpected) in 0.017 (0.017) seconds
Test Suite 'DocumentFiltersTests' started at 2026-09-28 18:07:44.659.
Test Case '-[TesseraCoreTests.DocumentFiltersTests testEngineFiltersThroughTheAdapter]' started.
Test Case '-[TesseraCoreTests.DocumentFiltersTests testEngineFiltersThroughTheAdapter]' passed (0.015 seconds).
Test Case '-[TesseraCoreTests.DocumentFiltersTests testFilterSettingsJSONRoundTrips]' started.
Test Case '-[TesseraCoreTests.DocumentFiltersTests testFilterSettingsJSONRoundTrips]' passed (0.001 seconds).
Test Case '-[TesseraCoreTests.DocumentFiltersTests testLastFilterMemoryRemembersPerFilterAndPersists]' started.
Test Case '-[TesseraCoreTests.DocumentFiltersTests testLastFilterMemoryRemembersPerFilterAndPersists]' passed (0.002 seconds).
Test Case '-[TesseraCoreTests.DocumentFiltersTests testMenusOpenDialogsAndLastFilterReapplies]' started.
Test Case '-[TesseraCoreTests.DocumentFiltersTests testMenusOpenDialogsAndLastFilterReapplies]' passed (0.047 seconds).
Test Case '-[TesseraCoreTests.DocumentFiltersTests testSchemaMapsEveryControlKind]' started.
Test Case '-[TesseraCoreTests.DocumentFiltersTests testSchemaMapsEveryControlKind]' passed (0.000 seconds).
Test Case '-[TesseraCoreTests.DocumentFiltersTests testTheEngineCatalogueDecodesAndGroups]' started.
Test Case '-[TesseraCoreTests.DocumentFiltersTests testTheEngineCatalogueDecodesAndGroups]' passed (0.000 seconds).
Test Case '-[TesseraCoreTests.DocumentFiltersTests testTheStubListsFiltersButNeedsTheEngineToApply]' started.
Test Case '-[TesseraCoreTests.DocumentFiltersTests testTheStubListsFiltersButNeedsTheEngineToApply]' passed (0.001 seconds).
Test Suite 'DocumentFiltersTests' passed at 2026-09-28 18:07:44.726.
	 Executed 7 tests, with 0 failures (0 unexpected) in 0.067 (0.067) seconds
Test Suite 'DocumentHistoryHeightControlTests' started at 2026-09-28 18:07:44.726.
Test Case '-[TesseraCoreTests.DocumentHistoryHeightControlTests testActionsUseDisplayedClampButLayoutDoesNotRewriteSavedRequest]' started.
Test Case '-[TesseraCoreTests.DocumentHistoryHeightControlTests testActionsUseDisplayedClampButLayoutDoesNotRewriteSavedRequest]' passed (0.008 seconds).
Test Case '-[TesseraCoreTests.DocumentHistoryHeightControlTests testActualInspectorAXActionWritesExistingPreferenceAndRestoresOnRecreation]' started.
Test Case '-[TesseraCoreTests.DocumentHistoryHeightControlTests testActualInspectorAXActionWritesExistingPreferenceAndRestoresOnRecreation]' passed (0.725 seconds).
Test Case '-[TesseraCoreTests.DocumentHistoryHeightControlTests testConfigureRefreshesCallbackWithoutPublishingAndTeardownStopsActions]' started.
Test Case '-[TesseraCoreTests.DocumentHistoryHeightControlTests testConfigureRefreshesCallbackWithoutPublishingAndTeardownStopsActions]' passed (0.005 seconds).
Test Case '-[TesseraCoreTests.DocumentHistoryHeightControlTests testFocusedButtonsOwnSpaceAndReturnAndSendTheirActions]' started.
Test Case '-[TesseraCoreTests.DocumentHistoryHeightControlTests testFocusedButtonsOwnSpaceAndReturnAndSendTheirActions]' passed (0.009 seconds).
Test Case '-[TesseraCoreTests.DocumentHistoryHeightControlTests testGlobalStateRestoresExistingOwnersAndPreferenceValues]' started.
Test Case '-[TesseraCoreTests.DocumentHistoryHeightControlTests testGlobalStateRestoresExistingOwnersAndPreferenceValues]' passed (0.002 seconds).
Test Case '-[TesseraCoreTests.DocumentHistoryHeightControlTests testNativeAXPressActionsChangeHeightAndExposeCurrentValue]' started.
Test Case '-[TesseraCoreTests.DocumentHistoryHeightControlTests testNativeAXPressActionsChangeHeightAndExposeCurrentValue]' passed (0.003 seconds).
Test Suite 'DocumentHistoryHeightControlTests' passed at 2026-09-28 18:07:45.480.
	 Executed 6 tests, with 0 failures (0 unexpected) in 0.753 (0.754) seconds
Test Suite 'DocumentInspectorLayoutTests' started at 2026-09-28 18:07:45.480.
Test Case '-[TesseraCoreTests.DocumentInspectorLayoutTests testColumnBudgetAt1440AndAdjacentWidths]' started.
Test Case '-[TesseraCoreTests.DocumentInspectorLayoutTests testColumnBudgetAt1440AndAdjacentWidths]' passed (0.000 seconds).
Test Case '-[TesseraCoreTests.DocumentInspectorLayoutTests testInspectorFitsItsColumnForEveryLayerKindAt1440AndAdjacentWidths]' started.
Test Case '-[TesseraCoreTests.DocumentInspectorLayoutTests testInspectorFitsItsColumnForEveryLayerKindAt1440AndAdjacentWidths]' passed (3.134 seconds).
Test Suite 'DocumentInspectorLayoutTests' passed at 2026-09-28 18:07:48.614.
	 Executed 2 tests, with 0 failures (0 unexpected) in 3.134 (3.134) seconds
Test Suite 'DocumentInspectorTabsTests' started at 2026-09-28 18:07:48.614.
Test Case '-[TesseraCoreTests.DocumentInspectorTabsTests testBudgetFitsTheSmallestColumn]' started.
Test Case '-[TesseraCoreTests.DocumentInspectorTabsTests testBudgetFitsTheSmallestColumn]' passed (0.000 seconds).
Test Case '-[TesseraCoreTests.DocumentInspectorTabsTests testHistoryHeightIsClampedToItsMinimumAndTheTabMinimum]' started.
Test Case '-[TesseraCoreTests.DocumentInspectorTabsTests testHistoryHeightIsClampedToItsMinimumAndTheTabMinimum]' passed (0.000 seconds).
Test Case '-[TesseraCoreTests.DocumentInspectorTabsTests testOpacityAndFillShareARowFrom300Points]' started.
Test Case '-[TesseraCoreTests.DocumentInspectorTabsTests testOpacityAndFillShareARowFrom300Points]' passed (0.000 seconds).
Test Case '-[TesseraCoreTests.DocumentInspectorTabsTests testTabsAndShortcuts]' started.
Test Case '-[TesseraCoreTests.DocumentInspectorTabsTests testTabsAndShortcuts]' passed (0.000 seconds).
Test Case '-[TesseraCoreTests.DocumentInspectorTabsTests testTabStripShowsAtMostThreeIncludingTheCurrentOne]' started.
Test Case '-[TesseraCoreTests.DocumentInspectorTabsTests testTabStripShowsAtMostThreeIncludingTheCurrentOne]' passed (0.000 seconds).
Test Suite 'DocumentInspectorTabsTests' passed at 2026-09-28 18:07:48.615.
	 Executed 5 tests, with 0 failures (0 unexpected) in 0.001 (0.001) seconds
Test Suite 'DocumentKeyMapTests' started at 2026-09-28 18:07:48.615.
Test Case '-[TesseraCoreTests.DocumentKeyMapTests testCommandShortcuts]' started.
Test Case '-[TesseraCoreTests.DocumentKeyMapTests testCommandShortcuts]' passed (0.000 seconds).
Test Case '-[TesseraCoreTests.DocumentKeyMapTests testCullingKeysDoNothingInDocumentMode]' started.
Test Case '-[TesseraCoreTests.DocumentKeyMapTests testCullingKeysDoNothingInDocumentMode]' passed (0.000 seconds).
Test Case '-[TesseraCoreTests.DocumentKeyMapTests testToolsAndPanelKeys]' started.
Test Case '-[TesseraCoreTests.DocumentKeyMapTests testToolsAndPanelKeys]' passed (0.000 seconds).
Test Suite 'DocumentKeyMapTests' passed at 2026-09-28 18:07:48.616.
	 Executed 3 tests, with 0 failures (0 unexpected) in 0.000 (0.000) seconds
Test Suite 'DocumentKeyRoutingTests' started at 2026-09-28 18:07:48.616.
Test Case '-[TesseraCoreTests.DocumentKeyRoutingTests testCommandEInGridDisclosesRenderedCopyBeforeExistingHandoff]' started.
Test Case '-[TesseraCoreTests.DocumentKeyRoutingTests testCommandEInGridDisclosesRenderedCopyBeforeExistingHandoff]' passed (0.024 seconds).
Test Case '-[TesseraCoreTests.DocumentKeyRoutingTests testControllerGroupsAndDragsAsOneStepEach]' started.
Test Case '-[TesseraCoreTests.DocumentKeyRoutingTests testControllerGroupsAndDragsAsOneStepEach]' passed (0.001 seconds).
Test Case '-[TesseraCoreTests.DocumentKeyRoutingTests testCullingKeysDoNotFireInDocumentMode]' started.
Test Case '-[TesseraCoreTests.DocumentKeyRoutingTests testCullingKeysDoNotFireInDocumentMode]' passed (0.004 seconds).
Test Case '-[TesseraCoreTests.DocumentKeyRoutingTests testDocumentKeys]' started.
Test Case '-[TesseraCoreTests.DocumentKeyRoutingTests testDocumentKeys]' passed (0.003 seconds).
Test Case '-[TesseraCoreTests.DocumentKeyRoutingTests testUndoRoutesToTheDocumentInDocumentMode]' started.
Test Case '-[TesseraCoreTests.DocumentKeyRoutingTests testUndoRoutesToTheDocumentInDocumentMode]' passed (0.000 seconds).
Test Suite 'DocumentKeyRoutingTests' passed at 2026-09-28 18:07:48.648.
	 Executed 5 tests, with 0 failures (0 unexpected) in 0.032 (0.032) seconds
Test Suite 'DocumentLayersActivationTests' started at 2026-09-28 18:07:48.648.
Test Case '-[TesseraCoreTests.DocumentLayersActivationTests testDefaultActivationIsIndependentOfCallerOwnedStatus]' started.
Test Case '-[TesseraCoreTests.DocumentLayersActivationTests testDefaultActivationIsIndependentOfCallerOwnedStatus]' passed (0.000 seconds).
Test Case '-[TesseraCoreTests.DocumentLayersActivationTests testExistingBackendInstallSelectsInternallyWithoutModePublication]' started.
Test Case '-[TesseraCoreTests.DocumentLayersActivationTests testExistingBackendInstallSelectsInternallyWithoutModePublication]' passed (0.000 seconds).
Test Case '-[TesseraCoreTests.DocumentLayersActivationTests testHeldCallerOwnedLoadInstallsWithoutPublishingModeAndSettlesOnce]' started.
Test Case '-[TesseraCoreTests.DocumentLayersActivationTests testHeldCallerOwnedLoadInstallsWithoutPublishingModeAndSettlesOnce]' passed (0.000 seconds).
Test Case '-[TesseraCoreTests.DocumentLayersActivationTests testOpenRetainsDefaultModePublication]' started.
Test Case '-[TesseraCoreTests.DocumentLayersActivationTests testOpenRetainsDefaultModePublication]' passed (0.000 seconds).
Test Case '-[TesseraCoreTests.DocumentLayersActivationTests testSuppressedActivationStillAllowsWorkspaceStatus]' started.
Test Case '-[TesseraCoreTests.DocumentLayersActivationTests testSuppressedActivationStillAllowsWorkspaceStatus]' passed (0.000 seconds).
Test Suite 'DocumentLayersActivationTests' passed at 2026-09-28 18:07:48.650.
	 Executed 5 tests, with 0 failures (0 unexpected) in 0.002 (0.002) seconds
Test Suite 'DocumentLoadSettlementTests' started at 2026-09-28 18:07:48.650.
Test Case '-[TesseraCoreTests.DocumentLoadSettlementTests testBackendFailureSettlesOnceWithoutInstall]' started.
Test Case '-[TesseraCoreTests.DocumentLoadSettlementTests testBackendFailureSettlesOnceWithoutInstall]' passed (0.002 seconds).
Test Case '-[TesseraCoreTests.DocumentLoadSettlementTests testDelayedBackendCompletionDoesNotReleaseAtDispatch]' started.
Test Case '-[TesseraCoreTests.DocumentLoadSettlementTests testDelayedBackendCompletionDoesNotReleaseAtDispatch]' passed (0.000 seconds).
Test Case '-[TesseraCoreTests.DocumentLoadSettlementTests testEarlyRejectsSettleWithoutExecutor]' started.
Test Case '-[TesseraCoreTests.DocumentLoadSettlementTests testEarlyRejectsSettleWithoutExecutor]' passed (0.000 seconds).
Test Case '-[TesseraCoreTests.DocumentLoadSettlementTests testReleasedWorkspaceStillSettlesAfterBackendReturns]' started.
Test Case '-[TesseraCoreTests.DocumentLoadSettlementTests testReleasedWorkspaceStillSettlesAfterBackendReturns]' passed (0.000 seconds).
Test Suite 'DocumentLoadSettlementTests' passed at 2026-09-28 18:07:48.652.
	 Executed 4 tests, with 0 failures (0 unexpected) in 0.002 (0.002) seconds
Test Suite 'DocumentLoadStatusTests' started at 2026-09-28 18:07:48.652.
Test Case '-[TesseraCoreTests.DocumentLoadStatusTests testCallerOwnedFailureDoesNotOverwriteNewerStatus]' started.
Test Case '-[TesseraCoreTests.DocumentLoadStatusTests testCallerOwnedFailureDoesNotOverwriteNewerStatus]' passed (0.000 seconds).
Test Case '-[TesseraCoreTests.DocumentLoadStatusTests testCallerOwnedRejectionDoesNotPublishStatus]' started.
Test Case '-[TesseraCoreTests.DocumentLoadStatusTests testCallerOwnedRejectionDoesNotPublishStatus]' passed (0.000 seconds).
Test Case '-[TesseraCoreTests.DocumentLoadStatusTests testCallerOwnedSuccessPreservesStatusAndStillInstallsAndSettles]' started.
Test Case '-[TesseraCoreTests.DocumentLoadStatusTests testCallerOwnedSuccessPreservesStatusAndStillInstallsAndSettles]' passed (0.000 seconds).
Test Case '-[TesseraCoreTests.DocumentLoadStatusTests testDefaultRetainsStartFailureAndRejectionMessages]' started.
Test Case '-[TesseraCoreTests.DocumentLoadStatusTests testDefaultRetainsStartFailureAndRejectionMessages]' passed (0.000 seconds).
Test Case '-[TesseraCoreTests.DocumentLoadStatusTests testDefaultSuccessStillPublishesLegacyMessage]' started.
Test Case '-[TesseraCoreTests.DocumentLoadStatusTests testDefaultSuccessStillPublishesLegacyMessage]' passed (0.000 seconds).
Test Suite 'DocumentLoadStatusTests' passed at 2026-09-28 18:07:48.654.
	 Executed 5 tests, with 0 failures (0 unexpected) in 0.001 (0.002) seconds
Test Suite 'DocumentOutlineLifecycleTests' started at 2026-09-28 18:07:48.654.
Test Case '-[TesseraCoreTests.DocumentOutlineLifecycleTests testClearDropsPendingAndCannotResurrectOldOutline]' started.
Test Case '-[TesseraCoreTests.DocumentOutlineLifecycleTests testClearDropsPendingAndCannotResurrectOldOutline]' passed (0.055 seconds).
Test Case '-[TesseraCoreTests.DocumentOutlineLifecycleTests testCloseRejectsRunningResultAndDropsPendingWork]' started.
Test Case '-[TesseraCoreTests.DocumentOutlineLifecycleTests testCloseRejectsRunningResultAndDropsPendingWork]' passed (0.000 seconds).
Test Case '-[TesseraCoreTests.DocumentOutlineLifecycleTests testSwitchDiscardsOldOutlineAndRunsOnlyNewestPendingDocument]' started.
Test Case '-[TesseraCoreTests.DocumentOutlineLifecycleTests testSwitchDiscardsOldOutlineAndRunsOnlyNewestPendingDocument]' passed (0.001 seconds).
Test Suite 'DocumentOutlineLifecycleTests' passed at 2026-09-28 18:07:48.709.
	 Executed 3 tests, with 0 failures (0 unexpected) in 0.056 (0.056) seconds
Test Suite 'DocumentOutlineTests' started at 2026-09-28 18:07:48.709.
Test Case '-[TesseraCoreTests.DocumentOutlineTests testInsertRemoveAndUngroupDiffs]' started.
Test Case '-[TesseraCoreTests.DocumentOutlineTests testInsertRemoveAndUngroupDiffs]' passed (0.000 seconds).
Test Case '-[TesseraCoreTests.DocumentOutlineTests testListOrderDoesNotMatterOnlyIndices]' started.
Test Case '-[TesseraCoreTests.DocumentOutlineTests testListOrderDoesNotMatterOnlyIndices]' passed (0.000 seconds).
Test Case '-[TesseraCoreTests.DocumentOutlineTests testLongestIncreasingSubsequence]' started.
Test Case '-[TesseraCoreTests.DocumentOutlineTests testLongestIncreasingSubsequence]' passed (0.000 seconds).
Test Case '-[TesseraCoreTests.DocumentOutlineTests testMinimalMovesForUnchangedTree]' started.
Test Case '-[TesseraCoreTests.DocumentOutlineTests testMinimalMovesForUnchangedTree]' passed (0.000 seconds).
Test Case '-[TesseraCoreTests.DocumentOutlineTests testMoveIntoGroupAndOutIsOneMoveEach]' started.
Test Case '-[TesseraCoreTests.DocumentOutlineTests testMoveIntoGroupAndOutIsOneMoveEach]' passed (0.000 seconds).
Test Case '-[TesseraCoreTests.DocumentOutlineTests testRandomTreesDiffToTheirTarget]' started.
Test Case '-[TesseraCoreTests.DocumentOutlineTests testRandomTreesDiffToTheirTarget]' passed (0.008 seconds).
Test Case '-[TesseraCoreTests.DocumentOutlineTests testSampleDocumentFlattensTopFirst]' started.
Test Case '-[TesseraCoreTests.DocumentOutlineTests testSampleDocumentFlattensTopFirst]' passed (0.000 seconds).
Test Case '-[TesseraCoreTests.DocumentOutlineTests testSingleReorderIsOneMove]' started.
Test Case '-[TesseraCoreTests.DocumentOutlineTests testSingleReorderIsOneMove]' passed (0.000 seconds).
Test Suite 'DocumentOutlineTests' passed at 2026-09-28 18:07:48.718.
	 Executed 8 tests, with 0 failures (0 unexpected) in 0.009 (0.009) seconds
Test Suite 'DocumentOverlayAnimationTests' started at 2026-09-28 18:07:48.718.
Test Case '-[TesseraCoreTests.DocumentOverlayAnimationTests testConcreteOverlaysNeverScheduleWhileDetached]' started.
Test Case '-[TesseraCoreTests.DocumentOverlayAnimationTests testConcreteOverlaysNeverScheduleWhileDetached]' passed (0.000 seconds).
Test Case '-[TesseraCoreTests.DocumentOverlayAnimationTests testHideUnhideAndWindowDetachHooksReconcileTimer]' started.
Test Case '-[TesseraCoreTests.DocumentOverlayAnimationTests testHideUnhideAndWindowDetachHooksReconcileTimer]' passed (0.000 seconds).
Test Case '-[TesseraCoreTests.DocumentOverlayAnimationTests testReleasedOwnerInvalidatesRetainedTimerWithoutTicks]' started.
Test Case '-[TesseraCoreTests.DocumentOverlayAnimationTests testReleasedOwnerInvalidatesRetainedTimerWithoutTicks]' passed (0.000 seconds).
Test Case '-[TesseraCoreTests.DocumentOverlayAnimationTests testRepeatedUpdatesDoNotDuplicateTimerAndRestartOnce]' started.
Test Case '-[TesseraCoreTests.DocumentOverlayAnimationTests testRepeatedUpdatesDoNotDuplicateTimerAndRestartOnce]' passed (0.000 seconds).
Test Case '-[TesseraCoreTests.DocumentOverlayAnimationTests testTickRechecksVisibilityAndOwnershipBeforeDrawing]' started.
Test Case '-[TesseraCoreTests.DocumentOverlayAnimationTests testTickRechecksVisibilityAndOwnershipBeforeDrawing]' passed (0.000 seconds).
Test Suite 'DocumentOverlayAnimationTests' passed at 2026-09-28 18:07:48.719.
	 Executed 5 tests, with 0 failures (0 unexpected) in 0.001 (0.001) seconds
Test Suite 'DocumentRetouchTests' started at 2026-09-28 18:07:48.719.
Test Case '-[TesseraCoreTests.DocumentRetouchTests testCancelledRemoveNeverReachesHistory]' started.
Test Case '-[TesseraCoreTests.DocumentRetouchTests testCancelledRemoveNeverReachesHistory]' passed (0.014 seconds).
Test Case '-[TesseraCoreTests.DocumentRetouchTests testContentAwareFillIsEnabledWithAMarqueeAndDisabledWithoutASelection]' started.
Test Case '-[TesseraCoreTests.DocumentRetouchTests testContentAwareFillIsEnabledWithAMarqueeAndDisabledWithoutASelection]' passed (0.000 seconds).
Test Case '-[TesseraCoreTests.DocumentRetouchTests testContentAwareFillMenuFollowsTheDocumentSelection]' started.
Test Case '-[TesseraCoreTests.DocumentRetouchTests testContentAwareFillMenuFollowsTheDocumentSelection]' passed (0.008 seconds).
Test Case '-[TesseraCoreTests.DocumentRetouchTests testDownloadAllowedShowsProgressThenRunsTheOperation]' started.
Test Case '-[TesseraCoreTests.DocumentRetouchTests testDownloadAllowedShowsProgressThenRunsTheOperation]' passed (0.017 seconds).
Test Case '-[TesseraCoreTests.DocumentRetouchTests testDownloadFailureIsReportedAndRetryRequestsAgain]' started.
Test Case '-[TesseraCoreTests.DocumentRetouchTests testDownloadFailureIsReportedAndRetryRequestsAgain]' passed (0.016 seconds).
Test Case '-[TesseraCoreTests.DocumentRetouchTests testDownloadsOffNeverRequestsAndSaysSo]' started.
Test Case '-[TesseraCoreTests.DocumentRetouchTests testDownloadsOffNeverRequestsAndSaysSo]' passed (0.002 seconds).
Test Case '-[TesseraCoreTests.DocumentRetouchTests testEngineRetouchThroughTheAdapter]' started.
Test Case '-[TesseraCoreTests.DocumentRetouchTests testEngineRetouchThroughTheAdapter]' passed (0.020 seconds).
Test Case '-[TesseraCoreTests.DocumentRetouchTests testForgettingAWaitingOperationKeepsTheDownload]' started.
Test Case '-[TesseraCoreTests.DocumentRetouchTests testForgettingAWaitingOperationKeepsTheDownload]' passed (0.008 seconds).
Test Case '-[TesseraCoreTests.DocumentRetouchTests testJobsCancelAbandonsWithoutWaitingAndRefusesUntilStopped]' started.
Test Case '-[TesseraCoreTests.DocumentRetouchTests testJobsCancelAbandonsWithoutWaitingAndRefusesUntilStopped]' passed (0.018 seconds).
Test Case '-[TesseraCoreTests.DocumentRetouchTests testMissingWeightsAreNamedWithTheirSource]' started.
Test Case '-[TesseraCoreTests.DocumentRetouchTests testMissingWeightsAreNamedWithTheirSource]' passed (0.000 seconds).
Test Case '-[TesseraCoreTests.DocumentRetouchTests testNeuralCatalogueComesFromTheEngine]' started.
Test Case '-[TesseraCoreTests.DocumentRetouchTests testNeuralCatalogueComesFromTheEngine]' passed (0.000 seconds).
Test Case '-[TesseraCoreTests.DocumentRetouchTests testNeuralSheetDestinationsFollowTheLayer]' started.
Test Case '-[TesseraCoreTests.DocumentRetouchTests testNeuralSheetDestinationsFollowTheLayer]' passed (0.000 seconds).
Test Case '-[TesseraCoreTests.DocumentRetouchTests testOutlineGenerationDropsStaleResults]' started.
Test Case '-[TesseraCoreTests.DocumentRetouchTests testOutlineGenerationDropsStaleResults]' passed (0.000 seconds).
Test Case '-[TesseraCoreTests.DocumentRetouchTests testReEditingANeuralSmartFilterKeepsItsFacesAndOutput]' started.
Test Case '-[TesseraCoreTests.DocumentRetouchTests testReEditingANeuralSmartFilterKeepsItsFacesAndOutput]' passed (0.000 seconds).
Test Case '-[TesseraCoreTests.DocumentRetouchTests testRemoveOptionsMapToEngineParams]' started.
Test Case '-[TesseraCoreTests.DocumentRetouchTests testRemoveOptionsMapToEngineParams]' passed (0.000 seconds).
Test Case '-[TesseraCoreTests.DocumentRetouchTests testSuggestionReviewStartsAcceptedAndAppliesOnlyAccepted]' started.
Test Case '-[TesseraCoreTests.DocumentRetouchTests testSuggestionReviewStartsAcceptedAndAppliesOnlyAccepted]' passed (0.000 seconds).
Test Case '-[TesseraCoreTests.DocumentRetouchTests testTheStubNeedsTheEngine]' started.
Test Case '-[TesseraCoreTests.DocumentRetouchTests testTheStubNeedsTheEngine]' passed (0.000 seconds).
Test Suite 'DocumentRetouchTests' passed at 2026-09-28 18:07:48.824.
	 Executed 17 tests, with 0 failures (0 unexpected) in 0.104 (0.105) seconds
Test Suite 'DocumentSaveDestinationCommitTests' started at 2026-09-28 18:07:48.824.
Test Case '-[TesseraCoreTests.DocumentSaveDestinationCommitTests testCapturedHeadLeavesLaterEditDirtyAndOrdinarySaveReadsPathAfterGate]' started.
Test Case '-[TesseraCoreTests.DocumentSaveDestinationCommitTests testCapturedHeadLeavesLaterEditDirtyAndOrdinarySaveReadsPathAfterGate]' passed (0.003 seconds).
Test Case '-[TesseraCoreTests.DocumentSaveDestinationCommitTests testConcurrentSameNamePublishesExactlyOneAndUsesUniqueStaging]' started.
Test Case '-[TesseraCoreTests.DocumentSaveDestinationCommitTests testConcurrentSameNamePublishesExactlyOneAndUsesUniqueStaging]' passed (0.001 seconds).
Test Case '-[TesseraCoreTests.DocumentSaveDestinationCommitTests testConfirmedReplaceStillReplacesPathChangedAfterConfirmation]' started.
Test Case '-[TesseraCoreTests.DocumentSaveDestinationCommitTests testConfirmedReplaceStillReplacesPathChangedAfterConfirmation]' passed (0.001 seconds).
Test Case '-[TesseraCoreTests.DocumentSaveDestinationCommitTests testExclusiveRenameFallbackAndPostCommitCleanupFailureKeepActualResult]' started.
2026-09-28 18:07:48.830 xctest[63476:105927260] Document save cleanup: Could not remove staging file /var/folders/_f/grgzfz9j7c1bq0m39nwqz9mm0000gn/T/checked-stub-C4B593D9-9EEA-43FC-9B89-740203D7A066/.tessera-save-QvP8uy (errno 13)
Test Case '-[TesseraCoreTests.DocumentSaveDestinationCommitTests testExclusiveRenameFallbackAndPostCommitCleanupFailureKeepActualResult]' passed (0.001 seconds).
Test Case '-[TesseraCoreTests.DocumentSaveDestinationCommitTests testForcedExclusiveRenameFallbackCollisionPreservesSentinelAndRemovesStage]' started.
Test Case '-[TesseraCoreTests.DocumentSaveDestinationCommitTests testForcedExclusiveRenameFallbackCollisionPreservesSentinelAndRemovesStage]' passed (0.002 seconds).
Test Case '-[TesseraCoreTests.DocumentSaveDestinationCommitTests testLateFileAppearanceAndUnsafeEntriesNeverClobber]' started.
Test Case '-[TesseraCoreTests.DocumentSaveDestinationCommitTests testLateFileAppearanceAndUnsafeEntriesNeverClobber]' passed (0.002 seconds).
Test Case '-[TesseraCoreTests.DocumentSaveDestinationCommitTests testRealCollisionLeavesSentinelAndMarkersThenRetryAndLegacyReplaceWork]' started.
Test Case '-[TesseraCoreTests.DocumentSaveDestinationCommitTests testRealCollisionLeavesSentinelAndMarkersThenRetryAndLegacyReplaceWork]' passed (0.002 seconds).
Test Case '-[TesseraCoreTests.DocumentSaveDestinationCommitTests testReplacedStagingNameIsNeitherPublishedNorDeleted]' started.
Test Case '-[TesseraCoreTests.DocumentSaveDestinationCommitTests testReplacedStagingNameIsNeitherPublishedNorDeleted]' passed (0.001 seconds).
Test Case '-[TesseraCoreTests.DocumentSaveDestinationCommitTests testSuccessfulRenameDoesNotCleanupReusedOldStageName]' started.
Test Case '-[TesseraCoreTests.DocumentSaveDestinationCommitTests testSuccessfulRenameDoesNotCleanupReusedOldStageName]' passed (0.001 seconds).
Test Suite 'DocumentSaveDestinationCommitTests' passed at 2026-09-28 18:07:48.837.
	 Executed 9 tests, with 0 failures (0 unexpected) in 0.013 (0.013) seconds
Test Suite 'DocumentSavePresenterTests' started at 2026-09-28 18:07:48.837.
Test Case '-[TesseraCoreTests.DocumentSavePresenterTests testCancelBeforeBeginFromFactoryNeverBeginsNativeSession]' started.
Test Case '-[TesseraCoreTests.DocumentSavePresenterTests testCancelBeforeBeginFromFactoryNeverBeginsNativeSession]' passed (0.000 seconds).
Test Case '-[TesseraCoreTests.DocumentSavePresenterTests testCancelThenWholeNativeLifetimeBeforeBeginReturnsStillDrains]' started.
Test Case '-[TesseraCoreTests.DocumentSavePresenterTests testCancelThenWholeNativeLifetimeBeforeBeginReturnsStillDrains]' passed (0.000 seconds).
Test Case '-[TesseraCoreTests.DocumentSavePresenterTests testCompletionWithCapturedSheetStillNativeQueuedCannotRelease]' started.
Test Case '-[TesseraCoreTests.DocumentSavePresenterTests testCompletionWithCapturedSheetStillNativeQueuedCannotRelease]' passed (0.000 seconds).
Test Case '-[TesseraCoreTests.DocumentSavePresenterTests testDuplicateCompletionBeforeDetachPreservesFirstResponse]' started.
Test Case '-[TesseraCoreTests.DocumentSavePresenterTests testDuplicateCompletionBeforeDetachPreservesFirstResponse]' passed (0.000 seconds).
Test Case '-[TesseraCoreTests.DocumentSavePresenterTests testHeldChildCancellationDefersParentEndIncludingReentrantChildReturn]' started.
Test Case '-[TesseraCoreTests.DocumentSavePresenterTests testHeldChildCancellationDefersParentEndIncludingReentrantChildReturn]' passed (0.000 seconds).
Test Case '-[TesseraCoreTests.DocumentSavePresenterTests testNewBindingMayWaitForOldDrainButOldCloseCannotRemoveNewHost]' started.
Test Case '-[TesseraCoreTests.DocumentSavePresenterTests testNewBindingMayWaitForOldDrainButOldCloseCannotRemoveNewHost]' passed (0.000 seconds).
Test Case '-[TesseraCoreTests.DocumentSavePresenterTests testOldWindowCloseForCurrentBridgeCannotShutdownReboundWindow]' started.
Test Case '-[TesseraCoreTests.DocumentSavePresenterTests testOldWindowCloseForCurrentBridgeCannotShutdownReboundWindow]' passed (0.000 seconds).
Test Case '-[TesseraCoreTests.DocumentSavePresenterTests testParentCloseSettlesLossButNativeMembershipStillMustDrain]' started.
Test Case '-[TesseraCoreTests.DocumentSavePresenterTests testParentCloseSettlesLossButNativeMembershipStillMustDrain]' passed (0.000 seconds).
Test Case '-[TesseraCoreTests.DocumentSavePresenterTests testParentLossCancelsHeldChildEvenIfNativeCompletionAlreadyArrived]' started.
Test Case '-[TesseraCoreTests.DocumentSavePresenterTests testParentLossCancelsHeldChildEvenIfNativeCompletionAlreadyArrived]' passed (0.000 seconds).
Test Case '-[TesseraCoreTests.DocumentSavePresenterTests testReentrantCancelDuringBeginAndCompletionDuringEndAreIdempotent]' started.
Test Case '-[TesseraCoreTests.DocumentSavePresenterTests testReentrantCancelDuringBeginAndCompletionDuringEndAreIdempotent]' passed (0.000 seconds).
Test Case '-[TesseraCoreTests.DocumentSavePresenterTests testSameWindowNewGenerationRejectsOldUpdateAndTeardown]' started.
Test Case '-[TesseraCoreTests.DocumentSavePresenterTests testSameWindowNewGenerationRejectsOldUpdateAndTeardown]' passed (0.000 seconds).
Test Case '-[TesseraCoreTests.DocumentSavePresenterTests testStaleCompletionCannotRetireSuccessorAndUnrelatedAdmissionFailsClosed]' started.
Test Case '-[TesseraCoreTests.DocumentSavePresenterTests testStaleCompletionCannotRetireSuccessorAndUnrelatedAdmissionFailsClosed]' passed (0.000 seconds).
Test Case '-[TesseraCoreTests.DocumentSavePresenterTests testWhollyUnseenAttachmentWithLiveViewWaitsCompletionAndDetachInEitherOrder]' started.
Test Case '-[TesseraCoreTests.DocumentSavePresenterTests testWhollyUnseenAttachmentWithLiveViewWaitsCompletionAndDetachInEitherOrder]' passed (0.000 seconds).
Test Suite 'DocumentSavePresenterTests' passed at 2026-09-28 18:07:48.839.
	 Executed 13 tests, with 0 failures (0 unexpected) in 0.001 (0.002) seconds
Test Suite 'DocumentSaveSettlementTests' started at 2026-09-28 18:07:48.839.
Test Case '-[TesseraCoreTests.DocumentSaveSettlementTests testAbsentIntentSurvivesLateAppearanceAndConflictDoesNotAdvanceState]' started.
Test Case '-[TesseraCoreTests.DocumentSaveSettlementTests testAbsentIntentSurvivesLateAppearanceAndConflictDoesNotAdvanceState]' passed (0.001 seconds).
Test Case '-[TesseraCoreTests.DocumentSaveSettlementTests testCancelDuringFormDrainCannotStartReplacementOrWrite]' started.
Test Case '-[TesseraCoreTests.DocumentSaveSettlementTests testCancelDuringFormDrainCannotStartReplacementOrWrite]' passed (0.001 seconds).
Test Case '-[TesseraCoreTests.DocumentSaveSettlementTests testHostLossWhileWriterRunsReportsActualOutcomeWithCancelledContinuation]' started.
Test Case '-[TesseraCoreTests.DocumentSaveSettlementTests testHostLossWhileWriterRunsReportsActualOutcomeWithCancelledContinuation]' passed (0.000 seconds).
Test Case '-[TesseraCoreTests.DocumentSaveSettlementTests testKnownGapEntireAttachmentAfterCancelWithoutAnyObservationNeedsProgress]' started.
Test Case '-[TesseraCoreTests.DocumentSaveSettlementTests testKnownGapEntireAttachmentAfterCancelWithoutAnyObservationNeedsProgress]' passed (0.000 seconds).
Test Case '-[TesseraCoreTests.DocumentSaveSettlementTests testLegacyHeadlessSaveAsUsesAutomaticDestinationAndReportsSuccess]' started.
Test Case '-[TesseraCoreTests.DocumentSaveSettlementTests testLegacyHeadlessSaveAsUsesAutomaticDestinationAndReportsSuccess]' passed (0.000 seconds).
Test Case '-[TesseraCoreTests.DocumentSaveSettlementTests testMissingWindowFailsClosed]' started.
Test Case '-[TesseraCoreTests.DocumentSaveSettlementTests testMissingWindowFailsClosed]' passed (0.000 seconds).
Test Case '-[TesseraCoreTests.DocumentSaveSettlementTests testOldWriteCannotOverwriteNewPromptOrAdmitDuplicateDocumentWrite]' started.
Test Case '-[TesseraCoreTests.DocumentSaveSettlementTests testOldWriteCannotOverwriteNewPromptOrAdmitDuplicateDocumentWrite]' passed (0.000 seconds).
Test Case '-[TesseraCoreTests.DocumentSaveSettlementTests testOnlyAffirmativeMatchingReplaceDrainGrantsReplacementIntent]' started.
Test Case '-[TesseraCoreTests.DocumentSaveSettlementTests testOnlyAffirmativeMatchingReplaceDrainGrantsReplacementIntent]' passed (0.000 seconds).
Test Case '-[TesseraCoreTests.DocumentSaveSettlementTests testParentCloseFailsQueuedSuccessorAndKeepsNativeDrain]' started.
Test Case '-[TesseraCoreTests.DocumentSaveSettlementTests testParentCloseFailsQueuedSuccessorAndKeepsNativeDrain]' passed (0.000 seconds).
Test Case '-[TesseraCoreTests.DocumentSaveSettlementTests testReentrantCancelledCallerSupersedesIntermediateQueuedRequest]' started.
Test Case '-[TesseraCoreTests.DocumentSaveSettlementTests testReentrantCancelledCallerSupersedesIntermediateQueuedRequest]' passed (0.000 seconds).
Test Case '-[TesseraCoreTests.DocumentSaveSettlementTests testReplaceCancelAndStaleApprovalCannotWrite]' started.
Test Case '-[TesseraCoreTests.DocumentSaveSettlementTests testReplaceCancelAndStaleApprovalCannotWrite]' passed (0.000 seconds).
Test Case '-[TesseraCoreTests.DocumentSaveSettlementTests testReplaceOwnsDistinctTokenAndWaitsForItsPhysicalDrainBeforeWrite]' started.
Test Case '-[TesseraCoreTests.DocumentSaveSettlementTests testReplaceOwnsDistinctTokenAndWaitsForItsPhysicalDrainBeforeWrite]' passed (0.000 seconds).
Test Case '-[TesseraCoreTests.DocumentSaveSettlementTests testSaveWaitsForCompletionAndMembershipThenWritesOnce]' started.
Test Case '-[TesseraCoreTests.DocumentSaveSettlementTests testSaveWaitsForCompletionAndMembershipThenWritesOnce]' passed (0.000 seconds).
Test Case '-[TesseraCoreTests.DocumentSaveSettlementTests testSupersededWriterConflictPreservesNewStatusAndNeverRunsThen]' started.
Test Case '-[TesseraCoreTests.DocumentSaveSettlementTests testSupersededWriterConflictPreservesNewStatusAndNeverRunsThen]' passed (0.000 seconds).
Test Case '-[TesseraCoreTests.DocumentSaveSettlementTests testWriteFailurePreservesFolderAndAdmittedWriteDrainsThroughCancellation]' started.
Test Case '-[TesseraCoreTests.DocumentSaveSettlementTests testWriteFailurePreservesFolderAndAdmittedWriteDrainsThroughCancellation]' passed (0.000 seconds).
Test Case '-[TesseraCoreTests.DocumentSaveSettlementTests testWrongControllerAndStaleActionsCannotAffectSuccessor]' started.
Test Case '-[TesseraCoreTests.DocumentSaveSettlementTests testWrongControllerAndStaleActionsCannotAffectSuccessor]' passed (0.000 seconds).
Test Suite 'DocumentSaveSettlementTests' passed at 2026-09-28 18:07:48.844.
	 Executed 16 tests, with 0 failures (0 unexpected) in 0.004 (0.005) seconds
Test Suite 'DocumentSaveSheetAttachmentTests' started at 2026-09-28 18:07:48.844.
Test Case '-[TesseraCoreTests.DocumentSaveSheetAttachmentTests testNewSheetIsNotModifiedWhenOldSheetHasDetached]' started.
Test Case '-[TesseraCoreTests.DocumentSaveSheetAttachmentTests testNewSheetIsNotModifiedWhenOldSheetHasDetached]' passed (0.000 seconds).
Test Case '-[TesseraCoreTests.DocumentSaveSheetAttachmentTests testParentNoLongerAttachesOldSheetDespiteStaleChildParentMetadata]' started.
Test Case '-[TesseraCoreTests.DocumentSaveSheetAttachmentTests testParentNoLongerAttachesOldSheetDespiteStaleChildParentMetadata]' passed (0.000 seconds).
Test Case '-[TesseraCoreTests.DocumentSaveSheetAttachmentTests testQueuedCapturedSheetStillBelongsToParentUnderUnrelatedAttachedSheet]' started.
Test Case '-[TesseraCoreTests.DocumentSaveSheetAttachmentTests testQueuedCapturedSheetStillBelongsToParentUnderUnrelatedAttachedSheet]' passed (0.000 seconds).
Test Case '-[TesseraCoreTests.DocumentSaveSheetAttachmentTests testUnrelatedEventWhileOldSheetStillAttachedDoesNotComplete]' started.
Test Case '-[TesseraCoreTests.DocumentSaveSheetAttachmentTests testUnrelatedEventWhileOldSheetStillAttachedDoesNotComplete]' passed (0.000 seconds).
Test Suite 'DocumentSaveSheetAttachmentTests' passed at 2026-09-28 18:07:48.845.
	 Executed 4 tests, with 0 failures (0 unexpected) in 0.000 (0.001) seconds
Test Suite 'DocumentSaveSheetProbeTests' started at 2026-09-28 18:07:48.845.
Test Case '-[TesseraCoreTests.DocumentSaveSheetProbeTests testClosingCapturedParentDuringRealFolderChooserDrainsNativeSheet]' started.
Test Case '-[TesseraCoreTests.DocumentSaveSheetProbeTests testClosingCapturedParentDuringRealFolderChooserDrainsNativeSheet]' passed (1.232 seconds).
Test Case '-[TesseraCoreTests.DocumentSaveSheetProbeTests testDismantlingOldAttachedBridgeCannotClearNewBridgeOnSameWindow]' started.
Test Case '-[TesseraCoreTests.DocumentSaveSheetProbeTests testDismantlingOldAttachedBridgeCannotClearNewBridgeOnSameWindow]' passed (0.001 seconds).
Test Case '-[TesseraCoreTests.DocumentSaveSheetProbeTests testStaleSameWindowBridgeTeardownDoesNotShutdownNewBinding]' started.
Test Case '-[TesseraCoreTests.DocumentSaveSheetProbeTests testStaleSameWindowBridgeTeardownDoesNotShutdownNewBinding]' passed (0.000 seconds).
Test Suite 'DocumentSaveSheetProbeTests' passed at 2026-09-28 18:07:50.078.
	 Executed 3 tests, with 0 failures (0 unexpected) in 1.233 (1.233) seconds
Test Suite 'DocumentStylesTests' started at 2026-09-28 18:07:50.078.
Test Case '-[TesseraCoreTests.DocumentStylesTests testControllerAddsEditsAndFollowsTheGlobalLight]' started.
Test Case '-[TesseraCoreTests.DocumentStylesTests testControllerAddsEditsAndFollowsTheGlobalLight]' passed (0.026 seconds).
Test Case '-[TesseraCoreTests.DocumentStylesTests testEngineBackendRoundTripsAndRecordsOneNodePerGesture]' started.
Test Case '-[TesseraCoreTests.DocumentStylesTests testEngineBackendRoundTripsAndRecordsOneNodePerGesture]' passed (0.030 seconds).
Test Case '-[TesseraCoreTests.DocumentStylesTests testEveryEffectKindRoundTripsThroughTheModel]' started.
Test Case '-[TesseraCoreTests.DocumentStylesTests testEveryEffectKindRoundTripsThroughTheModel]' passed (0.021 seconds).
Test Case '-[TesseraCoreTests.DocumentStylesTests testGlobalLightPropagatesAcrossLayersInTheUIModel]' started.
Test Case '-[TesseraCoreTests.DocumentStylesTests testGlobalLightPropagatesAcrossLayersInTheUIModel]' passed (0.005 seconds).
Test Case '-[TesseraCoreTests.DocumentStylesTests testRepeatableEffectsOrderAndLimits]' started.
Test Case '-[TesseraCoreTests.DocumentStylesTests testRepeatableEffectsOrderAndLimits]' passed (0.003 seconds).
Test Case '-[TesseraCoreTests.DocumentStylesTests testSchemaDescribesEveryKindTopFirst]' started.
Test Case '-[TesseraCoreTests.DocumentStylesTests testSchemaDescribesEveryKindTopFirst]' passed (0.005 seconds).
Test Case '-[TesseraCoreTests.DocumentStylesTests testStubBackendKeepsStylesPerDocument]' started.
Test Case '-[TesseraCoreTests.DocumentStylesTests testStubBackendKeepsStylesPerDocument]' passed (0.004 seconds).
Test Suite 'DocumentStylesTests' passed at 2026-09-28 18:07:50.172.
	 Executed 7 tests, with 0 failures (0 unexpected) in 0.093 (0.094) seconds
Test Suite 'DocumentTextSessionTests' started at 2026-09-28 18:07:50.172.
Test Case '-[TesseraCoreTests.DocumentTextSessionTests testApplyAndCancelKeysReachTheSessionWhateverViewIsFocused]' started.
document: frames on the Cpu path (L0, requested Rect { x0: 0, y0: 0, x1: 1200, y1: 800 })
document: frames on the Viewport path (L0, requested Rect { x0: 0, y0: 0, x1: 1200, y1: 800 })
document: frames on the Cpu path (L0, requested Rect { x0: 0, y0: 0, x1: 1200, y1: 800 })
document: frames on the Viewport path (L0, requested Rect { x0: 0, y0: 0, x1: 1200, y1: 800 })
document: frames on the Cpu path (L0, requested Rect { x0: 0, y0: 0, x1: 1200, y1: 800 })
document: frames on the Viewport path (L0, requested Rect { x0: 0, y0: 0, x1: 1200, y1: 800 })
document: frames on the Cpu path (L0, requested Rect { x0: 0, y0: 0, x1: 1200, y1: 800 })
document: frames on the Viewport path (L0, requested Rect { x0: 0, y0: 0, x1: 1200, y1: 800 })
Test Case '-[TesseraCoreTests.DocumentTextSessionTests testApplyAndCancelKeysReachTheSessionWhateverViewIsFocused]' passed (0.305 seconds).
Test Case '-[TesseraCoreTests.DocumentTextSessionTests testClickJustRightOfTheLastGlyphResumesEditing]' started.
document: frames on the Viewport path (L0, requested Rect { x0: 0, y0: 0, x1: 1200, y1: 800 })
Test Case '-[TesseraCoreTests.DocumentTextSessionTests testClickJustRightOfTheLastGlyphResumesEditing]' passed (0.063 seconds).
Test Case '-[TesseraCoreTests.DocumentTextSessionTests testCommandReturnAppliesAfterABoxHandleDrag]' started.
document: frames on the Viewport path (L0, requested Rect { x0: 0, y0: 0, x1: 1200, y1: 800 })
Test Case '-[TesseraCoreTests.DocumentTextSessionTests testCommandReturnAppliesAfterABoxHandleDrag]' passed (0.117 seconds).
Test Case '-[TesseraCoreTests.DocumentTextSessionTests testHitRegionIsTheLineBoxPlusTheTrailingMargin]' started.
document: frames on the Viewport path (L0, requested Rect { x0: 0, y0: 0, x1: 1200, y1: 800 })
Test Case '-[TesseraCoreTests.DocumentTextSessionTests testHitRegionIsTheLineBoxPlusTheTrailingMargin]' passed (0.070 seconds).
Test Case '-[TesseraCoreTests.DocumentTextSessionTests testLatencyCountsKeystrokesOnlyAndExcludesInactiveTime]' started.
document: frames on the Viewport path (L0, requested Rect { x0: 0, y0: 0, x1: 1200, y1: 800 })
Test Case '-[TesseraCoreTests.DocumentTextSessionTests testLatencyCountsKeystrokesOnlyAndExcludesInactiveTime]' passed (0.063 seconds).
Test Case '-[TesseraCoreTests.DocumentTextSessionTests testSessionMeasuresKeystrokesNotGestures]' started.
document: frames on the Cpu path (L0, requested Rect { x0: 0, y0: 0, x1: 1200, y1: 800 })
document: frames on the Viewport path (L0, requested Rect { x0: 0, y0: 0, x1: 1200, y1: 800 })
Test Case '-[TesseraCoreTests.DocumentTextSessionTests testSessionMeasuresKeystrokesNotGestures]' passed (0.096 seconds).
Test Case '-[TesseraCoreTests.DocumentTextSessionTests testStatusHintFollowsTheSession]' started.
document: frames on the Viewport path (L0, requested Rect { x0: 0, y0: 0, x1: 1200, y1: 800 })
Test Case '-[TesseraCoreTests.DocumentTextSessionTests testStatusHintFollowsTheSession]' passed (0.102 seconds).
Test Case '-[TesseraCoreTests.DocumentTextSessionTests testTextFrameIsDashedForPointAndAreaText]' started.
document: frames on the Viewport path (L0, requested Rect { x0: 0, y0: 0, x1: 1200, y1: 800 })
Test Case '-[TesseraCoreTests.DocumentTextSessionTests testTextFrameIsDashedForPointAndAreaText]' passed (0.074 seconds).
Test Suite 'DocumentTextSessionTests' passed at 2026-09-28 18:07:51.063.
	 Executed 8 tests, with 0 failures (0 unexpected) in 0.890 (0.891) seconds
Test Suite 'DocumentTextTests' started at 2026-09-28 18:07:51.063.
Test Case '-[TesseraCoreTests.DocumentTextTests testAffineConversionToCoreGraphicsKeepsTranslationAndSkew]' started.
Test Case '-[TesseraCoreTests.DocumentTextTests testAffineConversionToCoreGraphicsKeepsTranslationAndSkew]' passed (0.000 seconds).
Test Case '-[TesseraCoreTests.DocumentTextTests testApplyStyleSplitsOnlyAtTheSelectionAndSpliceMatchesTheEngine]' started.
Test Case '-[TesseraCoreTests.DocumentTextTests testApplyStyleSplitsOnlyAtTheSelectionAndSpliceMatchesTheEngine]' passed (0.000 seconds).
Test Case '-[TesseraCoreTests.DocumentTextTests testDeletionAcrossMixedStyleRunsKeepsUntouchedRuns]' started.
Test Case '-[TesseraCoreTests.DocumentTextTests testDeletionAcrossMixedStyleRunsKeepsUntouchedRuns]' passed (0.000 seconds).
Test Case '-[TesseraCoreTests.DocumentTextTests testDraftsThroughTheSessionAreOneNodeCancelAndLocks]' started.
Test Case '-[TesseraCoreTests.DocumentTextTests testDraftsThroughTheSessionAreOneNodeCancelAndLocks]' passed (0.263 seconds).
Test Case '-[TesseraCoreTests.DocumentTextTests testEngineLayoutClustersAgreeWithTheIndexOnRealText]' started.
Test Case '-[TesseraCoreTests.DocumentTextTests testEngineLayoutClustersAgreeWithTheIndexOnRealText]' passed (0.001 seconds).
Test Case '-[TesseraCoreTests.DocumentTextTests testInsertJoinsTheRunBeforeTheCaretAndSplitsForATypingStyle]' started.
Test Case '-[TesseraCoreTests.DocumentTextTests testInsertJoinsTheRunBeforeTheCaretAndSplitsForATypingStyle]' passed (0.000 seconds).
Test Case '-[TesseraCoreTests.DocumentTextTests testLigatureInteriorIsNotACaretStopAndHitsSnapToClusterEdges]' started.
Test Case '-[TesseraCoreTests.DocumentTextTests testLigatureInteriorIsNotACaretStopAndHitsSnapToClusterEdges]' passed (0.000 seconds).
Test Case '-[TesseraCoreTests.DocumentTextTests testMarkedTextCancelRestoresAndCommitKeepsOneComposition]' started.
Test Case '-[TesseraCoreTests.DocumentTextTests testMarkedTextCancelRestoresAndCommitKeepsOneComposition]' passed (0.000 seconds).
Test Case '-[TesseraCoreTests.DocumentTextTests testMixedBidiCaretAndHitTestFollowTheVisualLayout]' started.
Test Case '-[TesseraCoreTests.DocumentTextTests testMixedBidiCaretAndHitTestFollowTheVisualLayout]' passed (0.000 seconds).
Test Case '-[TesseraCoreTests.DocumentTextTests testModelJSONMatchesTheEngineSchemaAndKeepsPathData]' started.
Test Case '-[TesseraCoreTests.DocumentTextTests testModelJSONMatchesTheEngineSchemaAndKeepsPathData]' passed (0.001 seconds).
Test Case '-[TesseraCoreTests.DocumentTextTests testRunMappingPrefersTheRunBeforeTheCaret]' started.
Test Case '-[TesseraCoreTests.DocumentTextTests testRunMappingPrefersTheRunBeforeTheCaret]' passed (0.000 seconds).
Test Case '-[TesseraCoreTests.DocumentTextTests testTrailingNewlineVerticalMovesAndLineBounds]' started.
Test Case '-[TesseraCoreTests.DocumentTextTests testTrailingNewlineVerticalMovesAndLineBounds]' passed (0.000 seconds).
Test Case '-[TesseraCoreTests.DocumentTextTests testTypingStyleAndDeleteBackwardOverNonBMP]' started.
Test Case '-[TesseraCoreTests.DocumentTextTests testTypingStyleAndDeleteBackwardOverNonBMP]' passed (0.000 seconds).
Test Case '-[TesseraCoreTests.DocumentTextTests testUTF16UTF8AndGraphemeMappingAcrossNonBMPAndCombiningMarks]' started.
Test Case '-[TesseraCoreTests.DocumentTextTests testUTF16UTF8AndGraphemeMappingAcrossNonBMPAndCombiningMarks]' passed (0.000 seconds).
Test Suite 'DocumentTextTests' passed at 2026-09-28 18:07:51.332.
	 Executed 14 tests, with 0 failures (0 unexpected) in 0.267 (0.268) seconds
Test Suite 'DocumentToolsTests' started at 2026-09-28 18:07:51.332.
Test Case '-[TesseraCoreTests.DocumentToolsTests testAffineComposition]' started.
Test Case '-[TesseraCoreTests.DocumentToolsTests testAffineComposition]' passed (0.000 seconds).
Test Case '-[TesseraCoreTests.DocumentToolsTests testBracketKeysAndHardness]' started.
Test Case '-[TesseraCoreTests.DocumentToolsTests testBracketKeysAndHardness]' passed (0.000 seconds).
Test Case '-[TesseraCoreTests.DocumentToolsTests testCoalescerBatchesSamplesWhileAFrameIsInFlight]' started.
Test Case '-[TesseraCoreTests.DocumentToolsTests testCoalescerBatchesSamplesWhileAFrameIsInFlight]' passed (0.000 seconds).
Test Case '-[TesseraCoreTests.DocumentToolsTests testEngineToolsThroughTheAdapter]' started.
Test Case '-[TesseraCoreTests.DocumentToolsTests testEngineToolsThroughTheAdapter]' passed (0.028 seconds).
Test Case '-[TesseraCoreTests.DocumentToolsTests testFreeTransformHandleDrags]' started.
Test Case '-[TesseraCoreTests.DocumentToolsTests testFreeTransformHandleDrags]' passed (0.000 seconds).
Test Case '-[TesseraCoreTests.DocumentToolsTests testFreeTransformModel]' started.
Test Case '-[TesseraCoreTests.DocumentToolsTests testFreeTransformModel]' passed (0.000 seconds).
Test Case '-[TesseraCoreTests.DocumentToolsTests testFreeTransformRotateMoveAndHitTest]' started.
Test Case '-[TesseraCoreTests.DocumentToolsTests testFreeTransformRotateMoveAndHitTest]' passed (0.000 seconds).
Test Case '-[TesseraCoreTests.DocumentToolsTests testHUDDragMapsToSizeAndHardness]' started.
Test Case '-[TesseraCoreTests.DocumentToolsTests testHUDDragMapsToSizeAndHardness]' passed (0.000 seconds).
Test Case '-[TesseraCoreTests.DocumentToolsTests testMarqueeGeometry]' started.
Test Case '-[TesseraCoreTests.DocumentToolsTests testMarqueeGeometry]' passed (0.000 seconds).
Test Case '-[TesseraCoreTests.DocumentToolsTests testOpacityDigits]' started.
Test Case '-[TesseraCoreTests.DocumentToolsTests testOpacityDigits]' passed (0.000 seconds).
Test Case '-[TesseraCoreTests.DocumentToolsTests testPressureCurve]' started.
Test Case '-[TesseraCoreTests.DocumentToolsTests testPressureCurve]' passed (0.000 seconds).
Test Case '-[TesseraCoreTests.DocumentToolsTests testSelectionModifierMapping]' started.
Test Case '-[TesseraCoreTests.DocumentToolsTests testSelectionModifierMapping]' passed (0.000 seconds).
Test Case '-[TesseraCoreTests.DocumentToolsTests testStubAdoptsTheGeometricSubset]' started.
Test Case '-[TesseraCoreTests.DocumentToolsTests testStubAdoptsTheGeometricSubset]' passed (0.000 seconds).
Test Case '-[TesseraCoreTests.DocumentToolsTests testToolColors]' started.
Test Case '-[TesseraCoreTests.DocumentToolsTests testToolColors]' passed (0.000 seconds).
Test Case '-[TesseraCoreTests.DocumentToolsTests testToolKeyMap]' started.
Test Case '-[TesseraCoreTests.DocumentToolsTests testToolKeyMap]' passed (0.000 seconds).
Test Suite 'DocumentToolsTests' passed at 2026-09-28 18:07:51.362.
	 Executed 15 tests, with 0 failures (0 unexpected) in 0.030 (0.031) seconds
Test Suite 'DocumentTransformTests' started at 2026-09-28 18:07:51.362.
Test Case '-[TesseraCoreTests.DocumentTransformTests testChildMappingUsesTheRowMajorAffineWithSkewAndTranslation]' started.
Test Case '-[TesseraCoreTests.DocumentTransformTests testChildMappingUsesTheRowMajorAffineWithSkewAndTranslation]' passed (0.000 seconds).
Test Case '-[TesseraCoreTests.DocumentTransformTests testContentAwareBoxHandlesProportionsAndLimits]' started.
Test Case '-[TesseraCoreTests.DocumentTransformTests testContentAwareBoxHandlesProportionsAndLimits]' passed (0.000 seconds).
Test Case '-[TesseraCoreTests.DocumentTransformTests testCrossingAndDegenerateQuadsAreRejectedBeforeTheEngine]' started.
Test Case '-[TesseraCoreTests.DocumentTransformTests testCrossingAndDegenerateQuadsAreRejectedBeforeTheEngine]' passed (0.000 seconds).
Test Case '-[TesseraCoreTests.DocumentTransformTests testEnginePuppetMeshAndProtectionChannels]' started.
Test Case '-[TesseraCoreTests.DocumentTransformTests testEnginePuppetMeshAndProtectionChannels]' passed (0.024 seconds).
Test Case '-[TesseraCoreTests.DocumentTransformTests testEngineSessionNeedsConsentCancelsCleanlyAndAppliesOneNode]' started.
Test Case '-[TesseraCoreTests.DocumentTransformTests testEngineSessionNeedsConsentCancelsCleanlyAndAppliesOneNode]' passed (0.021 seconds).
Test Case '-[TesseraCoreTests.DocumentTransformTests testEngineSplitAddsLinesWithoutMovingTheSurface]' started.
Test Case '-[TesseraCoreTests.DocumentTransformTests testEngineSplitAddsLinesWithoutMovingTheSurface]' passed (0.000 seconds).
Test Case '-[TesseraCoreTests.DocumentTransformTests testOperationJSONCarriesKernelAndNeverAProtectMask]' started.
Test Case '-[TesseraCoreTests.DocumentTransformTests testOperationJSONCarriesKernelAndNeverAProtectMask]' passed (0.000 seconds).
Test Case '-[TesseraCoreTests.DocumentTransformTests testPerspectiveLayoutMovesBothSpacesAndWarpOnlyTheDestination]' started.
Test Case '-[TesseraCoreTests.DocumentTransformTests testPerspectiveLayoutMovesBothSpacesAndWarpOnlyTheDestination]' passed (0.000 seconds).
Test Case '-[TesseraCoreTests.DocumentTransformTests testPerspectiveQuadsArePerimeterOrderedAndRoundTrip]' started.
Test Case '-[TesseraCoreTests.DocumentTransformTests testPerspectiveQuadsArePerimeterOrderedAndRoundTrip]' passed (0.000 seconds).
Test Case '-[TesseraCoreTests.DocumentTransformTests testPerspectiveSplitKeepsTheWarpedImageInPlace]' started.
Test Case '-[TesseraCoreTests.DocumentTransformTests testPerspectiveSplitKeepsTheWarpedImageInPlace]' passed (0.000 seconds).
Test Case '-[TesseraCoreTests.DocumentTransformTests testPresetsBendZeroIsIdentityAndInvalidBendFails]' started.
Test Case '-[TesseraCoreTests.DocumentTransformTests testPresetsBendZeroIsIdentityAndInvalidBendFails]' passed (0.000 seconds).
Test Case '-[TesseraCoreTests.DocumentTransformTests testPuppetModelRoundTripsAndPinsNeverJump]' started.
Test Case '-[TesseraCoreTests.DocumentTransformTests testPuppetModelRoundTripsAndPinsNeverJump]' passed (0.000 seconds).
Test Case '-[TesseraCoreTests.DocumentTransformTests testPuppetRebaseKeepsPinsOnTheNearestNewVertex]' started.
Test Case '-[TesseraCoreTests.DocumentTransformTests testPuppetRebaseKeepsPinsOnTheNearestNewVertex]' passed (0.000 seconds).
Test Case '-[TesseraCoreTests.DocumentTransformTests testTransformDeleteVariantsAndEscapeRequireUnmodifiedKeys]' started.
Test Case '-[TesseraCoreTests.DocumentTransformTests testTransformDeleteVariantsAndEscapeRequireUnmodifiedKeys]' passed (0.000 seconds).
Test Case '-[TesseraCoreTests.DocumentTransformTests testTransformKeyRoutingIgnoresOnlyIncidentalFlags]' started.
Test Case '-[TesseraCoreTests.DocumentTransformTests testTransformKeyRoutingIgnoresOnlyIncidentalFlags]' passed (0.000 seconds).
Test Case '-[TesseraCoreTests.DocumentTransformTests testTransformReturnAndEnterUseTheSameModifierGuard]' started.
Test Case '-[TesseraCoreTests.DocumentTransformTests testTransformReturnAndEnterUseTheSameModifierGuard]' passed (0.000 seconds).
Test Case '-[TesseraCoreTests.DocumentTransformTests testWarpAnchorDragCarriesItsHandles]' started.
Test Case '-[TesseraCoreTests.DocumentTransformTests testWarpAnchorDragCarriesItsHandles]' passed (0.000 seconds).
Test Case '-[TesseraCoreTests.DocumentTransformTests testWarpMeshJSONMatchesTheEngineSchema]' started.
Test Case '-[TesseraCoreTests.DocumentTransformTests testWarpMeshJSONMatchesTheEngineSchema]' passed (0.000 seconds).
Test Case '-[TesseraCoreTests.DocumentTransformTests testWarpSurfaceInterpolatesCornersAndIsLinearAtIdentity]' started.
Test Case '-[TesseraCoreTests.DocumentTransformTests testWarpSurfaceInterpolatesCornersAndIsLinearAtIdentity]' passed (0.000 seconds).
Test Suite 'DocumentTransformTests' passed at 2026-09-28 18:07:51.411.
	 Executed 19 tests, with 0 failures (0 unexpected) in 0.048 (0.049) seconds
Test Suite 'DocumentVectorTests' started at 2026-09-28 18:07:51.411.
Test Case '-[TesseraCoreTests.DocumentVectorTests testAffineLayoutsConvertExplicitlyWithSkewAndTranslation]' started.
Test Case '-[TesseraCoreTests.DocumentVectorTests testAffineLayoutsConvertExplicitlyWithSkewAndTranslation]' passed (0.000 seconds).
Test Case '-[TesseraCoreTests.DocumentVectorTests testCoincidentAnchorsMergeLikeTheEngine]' started.
Test Case '-[TesseraCoreTests.DocumentVectorTests testCoincidentAnchorsMergeLikeTheEngine]' passed (0.000 seconds).
Test Case '-[TesseraCoreTests.DocumentVectorTests testEllipseOverlayLiesOnTheEnginesEllipse]' started.
Test Case '-[TesseraCoreTests.DocumentVectorTests testEllipseOverlayLiesOnTheEnginesEllipse]' passed (0.000 seconds).
Test Case '-[TesseraCoreTests.DocumentVectorTests testEngineShapesDraftsMasksBooleansAndConversion]' started.
Test Case '-[TesseraCoreTests.DocumentVectorTests testEngineShapesDraftsMasksBooleansAndConversion]' passed (0.022 seconds).
Test Case '-[TesseraCoreTests.DocumentVectorTests testEvenOddHolesAndNonzeroContainment]' started.
Test Case '-[TesseraCoreTests.DocumentVectorTests testEvenOddHolesAndNonzeroContainment]' passed (0.000 seconds).
Test Case '-[TesseraCoreTests.DocumentVectorTests testInverseAffineHitsWithSkewAndTranslation]' started.
Test Case '-[TesseraCoreTests.DocumentVectorTests testInverseAffineHitsWithSkewAndTranslation]' passed (0.000 seconds).
Test Case '-[TesseraCoreTests.DocumentVectorTests testPathCommandJSONMatchesTheEngineSchema]' started.
Test Case '-[TesseraCoreTests.DocumentVectorTests testPathCommandJSONMatchesTheEngineSchema]' passed (0.000 seconds).
Test Case '-[TesseraCoreTests.DocumentVectorTests testPatternPaintIsCarriedOpaquely]' started.
Test Case '-[TesseraCoreTests.DocumentVectorTests testPatternPaintIsCarriedOpaquely]' passed (0.000 seconds).
Test Case '-[TesseraCoreTests.DocumentVectorTests testPenDraftBuildsCubicHandlesAndCloses]' started.
Test Case '-[TesseraCoreTests.DocumentVectorTests testPenDraftBuildsCubicHandlesAndCloses]' passed (0.000 seconds).
Test Case '-[TesseraCoreTests.DocumentVectorTests testPolygonStarAndLinePrimitivesMatchTheEngine]' started.
Test Case '-[TesseraCoreTests.DocumentVectorTests testPolygonStarAndLinePrimitivesMatchTheEngine]' passed (0.000 seconds).
Test Case '-[TesseraCoreTests.DocumentVectorTests testRectanglePrimitiveMatchesTheEngineConstruction]' started.
Test Case '-[TesseraCoreTests.DocumentVectorTests testRectanglePrimitiveMatchesTheEngineConstruction]' passed (0.000 seconds).
Test Case '-[TesseraCoreTests.DocumentVectorTests testShapeSourceDecodesAndReencodesTheEngineSchema]' started.
Test Case '-[TesseraCoreTests.DocumentVectorTests testShapeSourceDecodesAndReencodesTheEngineSchema]' passed (0.001 seconds).
Test Case '-[TesseraCoreTests.DocumentVectorTests testShapeToolConstraints]' started.
Test Case '-[TesseraCoreTests.DocumentVectorTests testShapeToolConstraints]' passed (0.000 seconds).
Test Case '-[TesseraCoreTests.DocumentVectorTests testSplitIsExactAndHandlesMirrorOrStayIndependent]' started.
Test Case '-[TesseraCoreTests.DocumentVectorTests testSplitIsExactAndHandlesMirrorOrStayIndependent]' passed (0.000 seconds).
Test Case '-[TesseraCoreTests.DocumentVectorTests testTargetsPreferSelectedHandlesThenAnchorsThenSegments]' started.
Test Case '-[TesseraCoreTests.DocumentVectorTests testTargetsPreferSelectedHandlesThenAnchorsThenSegments]' passed (0.000 seconds).
Test Case '-[TesseraCoreTests.DocumentVectorTests testToolRoutingKeysAndGroups]' started.
Test Case '-[TesseraCoreTests.DocumentVectorTests testToolRoutingKeysAndGroups]' passed (0.000 seconds).
Test Suite 'DocumentVectorTests' passed at 2026-09-28 18:07:51.438.
	 Executed 16 tests, with 0 failures (0 unexpected) in 0.026 (0.027) seconds
Test Suite 'DocumentVectorVerifyFixesTests' started at 2026-09-28 18:07:51.438.
Test Case '-[TesseraCoreTests.DocumentVectorVerifyFixesTests testAutoNamedTextLayerNameFollowsItsFirstLine]' started.
document: frames on the Viewport path (L0, requested Rect { x0: 0, y0: 0, x1: 1200, y1: 800 })
document: frames on the Cpu path (L0, requested Rect { x0: 0, y0: 0, x1: 1200, y1: 800 })
document: frames on the Viewport path (L0, requested Rect { x0: 0, y0: 0, x1: 1200, y1: 800 })
document: frames on the Cpu path (L0, requested Rect { x0: 0, y0: 0, x1: 1200, y1: 800 })
document: frames on the Viewport path (L0, requested Rect { x0: 0, y0: 0, x1: 1200, y1: 800 })
Test Case '-[TesseraCoreTests.DocumentVectorVerifyFixesTests testAutoNamedTextLayerNameFollowsItsFirstLine]' passed (0.117 seconds).
Test Case '-[TesseraCoreTests.DocumentVectorVerifyFixesTests testKeyboardStepsOfAShapeSliderAreOneHistoryNode]' started.
document: frames on the Viewport path (L0, requested Rect { x0: 0, y0: 0, x1: 1200, y1: 800 })
Test Case '-[TesseraCoreTests.DocumentVectorVerifyFixesTests testKeyboardStepsOfAShapeSliderAreOneHistoryNode]' passed (1.410 seconds).
Test Case '-[TesseraCoreTests.DocumentVectorVerifyFixesTests testLayersRowShowsAVectorMaskThumbnailNextToTheRasterMask]' started.
document: frames on the Viewport path (L0, requested Rect { x0: 0, y0: 0, x1: 1200, y1: 800 })
Test Case '-[TesseraCoreTests.DocumentVectorVerifyFixesTests testLayersRowShowsAVectorMaskThumbnailNextToTheRasterMask]' passed (0.101 seconds).
Test Case '-[TesseraCoreTests.DocumentVectorVerifyFixesTests testNewAreaTextResizedBeforeTheFirstApplyIsOneAddText]' started.
document: frames on the Viewport path (L0, requested Rect { x0: 0, y0: 0, x1: 1200, y1: 800 })
Test Case '-[TesseraCoreTests.DocumentVectorVerifyFixesTests testNewAreaTextResizedBeforeTheFirstApplyIsOneAddText]' passed (0.106 seconds).
Test Case '-[TesseraCoreTests.DocumentVectorVerifyFixesTests testNewStrokeTakesTheForegroundOrAContrastingColourNotTheFill]' started.
document: frames on the Viewport path (L0, requested Rect { x0: 0, y0: 0, x1: 1200, y1: 800 })
Test Case '-[TesseraCoreTests.DocumentVectorVerifyFixesTests testNewStrokeTakesTheForegroundOrAContrastingColourNotTheFill]' passed (0.065 seconds).
Test Case '-[TesseraCoreTests.DocumentVectorVerifyFixesTests testPathSelectionClickOnEmptyCanvasDeselects]' started.
document: frames on the Viewport path (L0, requested Rect { x0: 0, y0: 0, x1: 1200, y1: 800 })
Test Case '-[TesseraCoreTests.DocumentVectorVerifyFixesTests testPathSelectionClickOnEmptyCanvasDeselects]' passed (0.092 seconds).
Test Case '-[TesseraCoreTests.DocumentVectorVerifyFixesTests testPenDraftKeepsThePreviousAnchorsHandles]' started.
document: frames on the Viewport path (L0, requested Rect { x0: 0, y0: 0, x1: 1200, y1: 800 })
Test Case '-[TesseraCoreTests.DocumentVectorVerifyFixesTests testPenDraftKeepsThePreviousAnchorsHandles]' passed (0.061 seconds).
Test Case '-[TesseraCoreTests.DocumentVectorVerifyFixesTests testPropertiesReportTheShapesRealBoundsLiveDuringDrags]' started.
document: frames on the Viewport path (L0, requested Rect { x0: 0, y0: 0, x1: 1200, y1: 800 })
Test Case '-[TesseraCoreTests.DocumentVectorVerifyFixesTests testPropertiesReportTheShapesRealBoundsLiveDuringDrags]' passed (0.082 seconds).
Test Case '-[TesseraCoreTests.DocumentVectorVerifyFixesTests testRejectedRecolourRevertsTheColourWell]' started.
document: frames on the Viewport path (L0, requested Rect { x0: 0, y0: 0, x1: 1200, y1: 800 })
Test Case '-[TesseraCoreTests.DocumentVectorVerifyFixesTests testRejectedRecolourRevertsTheColourWell]' passed (0.372 seconds).
Test Case '-[TesseraCoreTests.DocumentVectorVerifyFixesTests testStatusHintsFollowTheToolAndPenState]' started.
document: frames on the Viewport path (L0, requested Rect { x0: 0, y0: 0, x1: 1200, y1: 800 })
Test Case '-[TesseraCoreTests.DocumentVectorVerifyFixesTests testStatusHintsFollowTheToolAndPenState]' passed (0.079 seconds).
Test Case '-[TesseraCoreTests.DocumentVectorVerifyFixesTests testToolLettersWorkWhileASliderOrTheLayersListHasTheKeyboard]' started.
document: frames on the Viewport path (L0, requested Rect { x0: 0, y0: 0, x1: 1200, y1: 800 })
Test Case '-[TesseraCoreTests.DocumentVectorVerifyFixesTests testToolLettersWorkWhileASliderOrTheLayersListHasTheKeyboard]' passed (0.077 seconds).
Test Suite 'DocumentVectorVerifyFixesTests' passed at 2026-09-28 18:07:54.001.
	 Executed 11 tests, with 0 failures (0 unexpected) in 2.562 (2.563) seconds
Test Suite 'DocumentViewportMathTests' started at 2026-09-28 18:07:54.001.
Test Case '-[TesseraCoreTests.DocumentViewportMathTests testAnchoredZoomKeepsThePointUnderThePointer]' started.
Test Case '-[TesseraCoreTests.DocumentViewportMathTests testAnchoredZoomKeepsThePointUnderThePointer]' passed (0.000 seconds).
Test Case '-[TesseraCoreTests.DocumentViewportMathTests testFitZoomAndSteps]' started.
Test Case '-[TesseraCoreTests.DocumentViewportMathTests testFitZoomAndSteps]' passed (0.000 seconds).
Test Case '-[TesseraCoreTests.DocumentViewportMathTests testLevelFromZoom]' started.
Test Case '-[TesseraCoreTests.DocumentViewportMathTests testLevelFromZoom]' passed (0.000 seconds).
Test Case '-[TesseraCoreTests.DocumentViewportMathTests testVisibleRectAndPan]' started.
Test Case '-[TesseraCoreTests.DocumentViewportMathTests testVisibleRectAndPan]' passed (0.000 seconds).
Test Suite 'DocumentViewportMathTests' passed at 2026-09-28 18:07:54.001.
	 Executed 4 tests, with 0 failures (0 unexpected) in 0.000 (0.001) seconds
Test Suite 'DocumentViewportOwnershipTests' started at 2026-09-28 18:07:54.001.
Test Case '-[TesseraCoreTests.DocumentViewportOwnershipTests testControllerReleasedBeforeDismantleStillClearsLocalResources]' started.
Test Case '-[TesseraCoreTests.DocumentViewportOwnershipTests testControllerReleasedBeforeDismantleStillClearsLocalResources]' passed (0.001 seconds).
Test Case '-[TesseraCoreTests.DocumentViewportOwnershipTests testDetachClearsCurrentOwnerAndFrameCallback]' started.
Test Case '-[TesseraCoreTests.DocumentViewportOwnershipTests testDetachClearsCurrentOwnerAndFrameCallback]' passed (0.001 seconds).
Test Case '-[TesseraCoreTests.DocumentViewportOwnershipTests testReplacementDetachesPriorOwnerBeforeOldViewDismantles]' started.
Test Case '-[TesseraCoreTests.DocumentViewportOwnershipTests testReplacementDetachesPriorOwnerBeforeOldViewDismantles]' passed (0.001 seconds).
Test Case '-[TesseraCoreTests.DocumentViewportOwnershipTests testStaleOwnerCannotClearNewOwnerCallback]' started.
Test Case '-[TesseraCoreTests.DocumentViewportOwnershipTests testStaleOwnerCannotClearNewOwnerCallback]' passed (0.001 seconds).
Test Suite 'DocumentViewportOwnershipTests' passed at 2026-09-28 18:07:54.006.
	 Executed 4 tests, with 0 failures (0 unexpected) in 0.004 (0.004) seconds
Test Suite 'EDRPresentationTests' started at 2026-09-28 18:07:54.006.
Test Case '-[TesseraCoreTests.EDRPresentationTests testEDRScreenUsesFloatSurfacesOnlyWithHDROn]' started.
Test Case '-[TesseraCoreTests.EDRPresentationTests testEDRScreenUsesFloatSurfacesOnlyWithHDROn]' passed (0.000 seconds).
Test Case '-[TesseraCoreTests.EDRPresentationTests testHeadroomChangesAreDebounced]' started.
Test Case '-[TesseraCoreTests.EDRPresentationTests testHeadroomChangesAreDebounced]' passed (0.000 seconds).
Test Case '-[TesseraCoreTests.EDRPresentationTests testHeadroomControlPatchesTheRecipe]' started.
Test Case '-[TesseraCoreTests.EDRPresentationTests testHeadroomControlPatchesTheRecipe]' passed (0.000 seconds).
Test Case '-[TesseraCoreTests.EDRPresentationTests testHeadroomIsCappedByTheCurrentDisplayHeadroom]' started.
Test Case '-[TesseraCoreTests.EDRPresentationTests testHeadroomIsCappedByTheCurrentDisplayHeadroom]' passed (0.000 seconds).
Test Case '-[TesseraCoreTests.EDRPresentationTests testOddScreenValuesAreSanitized]' started.
Test Case '-[TesseraCoreTests.EDRPresentationTests testOddScreenValuesAreSanitized]' passed (0.000 seconds).
Test Case '-[TesseraCoreTests.EDRPresentationTests testSDRScreenAlwaysKeepsTheRGBA8Path]' started.
Test Case '-[TesseraCoreTests.EDRPresentationTests testSDRScreenAlwaysKeepsTheRGBA8Path]' passed (0.000 seconds).
Test Suite 'EDRPresentationTests' passed at 2026-09-28 18:07:54.007.
	 Executed 6 tests, with 0 failures (0 unexpected) in 0.001 (0.001) seconds
Test Suite 'EngineDocumentBackendTests' started at 2026-09-28 18:07:54.007.
Test Case '-[TesseraCoreTests.EngineDocumentBackendTests testBlendModeStringsMatchTheEngine]' started.
Test Case '-[TesseraCoreTests.EngineDocumentBackendTests testBlendModeStringsMatchTheEngine]' passed (0.017 seconds).
Test Case '-[TesseraCoreTests.EngineDocumentBackendTests testCheckedSaveAsMapsTypedResultsAndPreservesOtherErrors]' started.
Test Case '-[TesseraCoreTests.EngineDocumentBackendTests testCheckedSaveAsMapsTypedResultsAndPreservesOtherErrors]' passed (0.122 seconds).
Test Case '-[TesseraCoreTests.EngineDocumentBackendTests testDirtyCheckedSaveConflictAtDifferentTargetPreservesIdentityAndSavedMarker]' started.
Test Case '-[TesseraCoreTests.EngineDocumentBackendTests testDirtyCheckedSaveConflictAtDifferentTargetPreservesIdentityAndSavedMarker]' passed (0.024 seconds).
Test Case '-[TesseraCoreTests.EngineDocumentBackendTests testEngineSessionThroughTheAdapter]' started.
Test Case '-[TesseraCoreTests.EngineDocumentBackendTests testEngineSessionThroughTheAdapter]' passed (0.023 seconds).
Test Case '-[TesseraCoreTests.EngineDocumentBackendTests testEnumsRoundTripEveryValue]' started.
Test Case '-[TesseraCoreTests.EngineDocumentBackendTests testEnumsRoundTripEveryValue]' passed (0.000 seconds).
Test Case '-[TesseraCoreTests.EngineDocumentBackendTests testFramesReachTheListenerOnMain]' started.
document: frames on the Viewport path (L1, requested Rect { x0: 0, y0: 0, x1: 128, y1: 64 })
Test Case '-[TesseraCoreTests.EngineDocumentBackendTests testFramesReachTheListenerOnMain]' passed (0.043 seconds).
Test Case '-[TesseraCoreTests.EngineDocumentBackendTests testHistoryIDMapShowsTheBaseAsOpened]' started.
Test Case '-[TesseraCoreTests.EngineDocumentBackendTests testHistoryIDMapShowsTheBaseAsOpened]' passed (0.000 seconds).
Test Case '-[TesseraCoreTests.EngineDocumentBackendTests testListenerCoalescesUntilTheMainQueueDrains]' started.
Test Case '-[TesseraCoreTests.EngineDocumentBackendTests testListenerCoalescesUntilTheMainQueueDrains]' passed (0.000 seconds).
Test Case '-[TesseraCoreTests.EngineDocumentBackendTests testListenerDeliversOnTheMainThread]' started.
Test Case '-[TesseraCoreTests.EngineDocumentBackendTests testListenerDeliversOnTheMainThread]' passed (0.000 seconds).
Test Case '-[TesseraCoreTests.EngineDocumentBackendTests testRecordsRoundTripFieldByField]' started.
Test Case '-[TesseraCoreTests.EngineDocumentBackendTests testRecordsRoundTripFieldByField]' passed (0.000 seconds).
Test Case '-[TesseraCoreTests.EngineDocumentBackendTests testWorkspaceChoosesTheEngineOrTheStub]' started.
Test Case '-[TesseraCoreTests.EngineDocumentBackendTests testWorkspaceChoosesTheEngineOrTheStub]' passed (0.022 seconds).
Test Suite 'EngineDocumentBackendTests' passed at 2026-09-28 18:07:54.261.
	 Executed 11 tests, with 0 failures (0 unexpected) in 0.253 (0.254) seconds
Test Suite 'ExportFormatsWatermarkTests' started at 2026-09-28 18:07:54.261.
Test Case '-[TesseraCoreTests.ExportFormatsWatermarkTests testFormatSwitchesStayValidForTheEngine]' started.
Test Case '-[TesseraCoreTests.ExportFormatsWatermarkTests testFormatSwitchesStayValidForTheEngine]' passed (0.015 seconds).
Test Case '-[TesseraCoreTests.ExportFormatsWatermarkTests testJPEGSizeLimitConverges]' started.
Test Case '-[TesseraCoreTests.ExportFormatsWatermarkTests testJPEGSizeLimitConverges]' passed (0.774 seconds).
Test Case '-[TesseraCoreTests.ExportFormatsWatermarkTests testNewFieldsEncodeAsTheEngineExpects]' started.
Test Case '-[TesseraCoreTests.ExportFormatsWatermarkTests testNewFieldsEncodeAsTheEngineExpects]' passed (0.001 seconds).
Test Case '-[TesseraCoreTests.ExportFormatsWatermarkTests testPresetsKeepNewFieldsAndOldPresetsLoadUnchanged]' started.
Test Case '-[TesseraCoreTests.ExportFormatsWatermarkTests testPresetsKeepNewFieldsAndOldPresetsLoadUnchanged]' passed (0.012 seconds).
Test Case '-[TesseraCoreTests.ExportFormatsWatermarkTests testRealExportsAVIFJXLAndDNG]' started.
Test Case '-[TesseraCoreTests.ExportFormatsWatermarkTests testRealExportsAVIFJXLAndDNG]' passed (0.778 seconds).
Test Case '-[TesseraCoreTests.ExportFormatsWatermarkTests testWatermarkProblemsAndPlacement]' started.
Test Case '-[TesseraCoreTests.ExportFormatsWatermarkTests testWatermarkProblemsAndPlacement]' passed (0.001 seconds).
Test Case '-[TesseraCoreTests.ExportFormatsWatermarkTests testWatermarksAreBurnedIn]' started.
Test Case '-[TesseraCoreTests.ExportFormatsWatermarkTests testWatermarksAreBurnedIn]' passed (0.711 seconds).
Test Suite 'ExportFormatsWatermarkTests' passed at 2026-09-28 18:07:56.553.
	 Executed 7 tests, with 0 failures (0 unexpected) in 2.291 (2.292) seconds
Test Suite 'ExportPrintTests' started at 2026-09-28 18:07:56.553.
Test Case '-[TesseraCoreTests.ExportPrintTests testContactSheetGrid]' started.
Test Case '-[TesseraCoreTests.ExportPrintTests testContactSheetGrid]' passed (0.000 seconds).
Test Case '-[TesseraCoreTests.ExportPrintTests testNamingMatchesTheEngine]' started.
Test Case '-[TesseraCoreTests.ExportPrintTests testNamingMatchesTheEngine]' passed (0.001 seconds).
Test Case '-[TesseraCoreTests.ExportPrintTests testNamingTokensAndProblems]' started.
Test Case '-[TesseraCoreTests.ExportPrintTests testNamingTokensAndProblems]' passed (0.000 seconds).
Test Case '-[TesseraCoreTests.ExportPrintTests testOutputSizes]' started.
Test Case '-[TesseraCoreTests.ExportPrintTests testOutputSizes]' passed (0.000 seconds).
Test Case '-[TesseraCoreTests.ExportPrintTests testPlacementRotatesToFitAndSizesRenders]' started.
Test Case '-[TesseraCoreTests.ExportPrintTests testPlacementRotatesToFitAndSizesRenders]' passed (0.000 seconds).
Test Case '-[TesseraCoreTests.ExportPrintTests testPresetsPersistUnderTheAppDirectory]' started.
Test Case '-[TesseraCoreTests.ExportPrintTests testPresetsPersistUnderTheAppDirectory]' passed (0.012 seconds).
Test Case '-[TesseraCoreTests.ExportPrintTests testPrintSettingsPersist]' started.
Test Case '-[TesseraCoreTests.ExportPrintTests testPrintSettingsPersist]' passed (0.002 seconds).
Test Case '-[TesseraCoreTests.ExportPrintTests testSettingsRoundTripThroughTheEngine]' started.
Test Case '-[TesseraCoreTests.ExportPrintTests testSettingsRoundTripThroughTheEngine]' passed (0.000 seconds).
Test Case '-[TesseraCoreTests.ExportPrintTests testSingleAndCustomCells]' started.
Test Case '-[TesseraCoreTests.ExportPrintTests testSingleAndCustomCells]' passed (0.000 seconds).
Test Suite 'ExportPrintTests' passed at 2026-09-28 18:07:56.570.
	 Executed 9 tests, with 0 failures (0 unexpected) in 0.017 (0.017) seconds
Test Suite 'ExportWarningsTests' started at 2026-09-28 18:07:56.570.
Test Case '-[TesseraCoreTests.ExportWarningsTests testWarningFilesAreReadAndSurfacedInTheToast]' started.
Test Case '-[TesseraCoreTests.ExportWarningsTests testWarningFilesAreReadAndSurfacedInTheToast]' passed (0.001 seconds).
Test Suite 'ExportWarningsTests' passed at 2026-09-28 18:07:56.571.
	 Executed 1 test, with 0 failures (0 unexpected) in 0.001 (0.001) seconds
Test Suite 'IncomingStripTests' started at 2026-09-28 18:07:56.571.
Test Case '-[TesseraCoreTests.IncomingStripTests testBadgesPreferTheSubjectsFaceAndNeverInventEyes]' started.
Test Case '-[TesseraCoreTests.IncomingStripTests testBadgesPreferTheSubjectsFaceAndNeverInventEyes]' passed (0.000 seconds).
Test Case '-[TesseraCoreTests.IncomingStripTests testFailedFramesAreKeptButNotAdvancedTo]' started.
Test Case '-[TesseraCoreTests.IncomingStripTests testFailedFramesAreKeptButNotAdvancedTo]' passed (0.000 seconds).
Test Case '-[TesseraCoreTests.IncomingStripTests testFrameCountFieldCommitsTypedValueAndClamps]' started.
Test Case '-[TesseraCoreTests.IncomingStripTests testFrameCountFieldCommitsTypedValueAndClamps]' passed (0.000 seconds).
Test Case '-[TesseraCoreTests.IncomingStripTests testIncomingDecisionRevisionTracksLocalCullAndFeed]' started.
Test Case '-[TesseraCoreTests.IncomingStripTests testIncomingDecisionRevisionTracksLocalCullAndFeed]' passed (0.000 seconds).
Test Case '-[TesseraCoreTests.IncomingStripTests testIntervalPlanCountsDown]' started.
Test Case '-[TesseraCoreTests.IncomingStripTests testIntervalPlanCountsDown]' passed (0.000 seconds).
Test Case '-[TesseraCoreTests.IncomingStripTests testNewestFirstCappedWithPendingRequests]' started.
Test Case '-[TesseraCoreTests.IncomingStripTests testNewestFirstCappedWithPendingRequests]' passed (0.000 seconds).
Test Suite 'IncomingStripTests' passed at 2026-09-28 18:07:56.572.
	 Executed 6 tests, with 0 failures (0 unexpected) in 0.001 (0.001) seconds
Test Suite 'IncrementalLibraryTests' started at 2026-09-28 18:07:56.572.
Test Case '-[TesseraCoreTests.IncrementalLibraryTests testAppModelKeepsSelectionFilterAndGridAcrossUpdates]' started.
Test Case '-[TesseraCoreTests.IncrementalLibraryTests testAppModelKeepsSelectionFilterAndGridAcrossUpdates]' passed (0.310 seconds).
Test Case '-[TesseraCoreTests.IncrementalLibraryTests testLibraryInsertsUpdatesAndRemovesInPlaceKeepingUndo]' started.
Test Case '-[TesseraCoreTests.IncrementalLibraryTests testLibraryInsertsUpdatesAndRemovesInPlaceKeepingUndo]' passed (0.062 seconds).
Test Case '-[TesseraCoreTests.IncrementalLibraryTests testTwentyTetheredFramesKeepUndoAndFilters]' started.
Test Case '-[TesseraCoreTests.IncrementalLibraryTests testTwentyTetheredFramesKeepUndoAndFilters]' passed (5.434 seconds).
Test Suite 'IncrementalLibraryTests' passed at 2026-09-28 18:08:02.378.
	 Executed 3 tests, with 0 failures (0 unexpected) in 5.805 (5.806) seconds
Test Suite 'KeyFocusTests' started at 2026-09-28 18:08:02.378.
Test Case '-[TesseraCoreTests.KeyFocusTests testFocusedCurveOwnsArrowsWithoutSelectedPoint]' started.
Test Case '-[TesseraCoreTests.KeyFocusTests testFocusedCurveOwnsArrowsWithoutSelectedPoint]' passed (0.005 seconds).
Test Case '-[TesseraCoreTests.KeyFocusTests testFocusedSliderOwnsArrows]' started.
Test Case '-[TesseraCoreTests.KeyFocusTests testFocusedSliderOwnsArrows]' passed (0.004 seconds).
Test Case '-[TesseraCoreTests.KeyFocusTests testLoupeDisclosureLeavesKeysToPopoverWithoutWorkspaceRouting]' started.
Test Case '-[TesseraCoreTests.KeyFocusTests testLoupeDisclosureLeavesKeysToPopoverWithoutWorkspaceRouting]' passed (0.004 seconds).
Test Case '-[TesseraCoreTests.KeyFocusTests testPhotoEditConsumesCullKeysWithoutChangingDecisions]' started.
Test Case '-[TesseraCoreTests.KeyFocusTests testPhotoEditConsumesCullKeysWithoutChangingDecisions]' passed (0.012 seconds).
Test Case '-[TesseraCoreTests.KeyFocusTests testPhotoEditTextFieldStillOwnsLetters]' started.
Test Case '-[TesseraCoreTests.KeyFocusTests testPhotoEditTextFieldStillOwnsLetters]' passed (0.005 seconds).
Test Case '-[TesseraCoreTests.KeyFocusTests testReviewOwnsCullKeysAndEscapeCancelsDraftBeforeReturn]' started.
Test Case '-[TesseraCoreTests.KeyFocusTests testReviewOwnsCullKeysAndEscapeCancelsDraftBeforeReturn]' passed (0.012 seconds).
Test Case '-[TesseraCoreTests.KeyFocusTests testReviewTextAndNumericControlsKeepTheirInputAndDocumentWins]' started.
Test Case '-[TesseraCoreTests.KeyFocusTests testReviewTextAndNumericControlsKeepTheirInputAndDocumentWins]' passed (0.006 seconds).
Test Case '-[TesseraCoreTests.KeyFocusTests testSearchFieldOwnsCullKeys]' started.
Test Case '-[TesseraCoreTests.KeyFocusTests testSearchFieldOwnsCullKeys]' passed (0.017 seconds).
Test Case '-[TesseraCoreTests.KeyFocusTests testSliderModifiersBoundsAndBlurCommit]' started.
Test Case '-[TesseraCoreTests.KeyFocusTests testSliderModifiersBoundsAndBlurCommit]' passed (0.004 seconds).
Test Case '-[TesseraCoreTests.KeyFocusTests testUnfocusedLoupeReceivesArrows]' started.
Test Case '-[TesseraCoreTests.KeyFocusTests testUnfocusedLoupeReceivesArrows]' passed (0.003 seconds).
Test Suite 'KeyFocusTests' passed at 2026-09-28 18:08:02.450.
	 Executed 10 tests, with 0 failures (0 unexpected) in 0.071 (0.072) seconds
Test Suite 'LatestRequestBufferTests' started at 2026-09-28 18:08:02.450.
Test Case '-[TesseraCoreTests.LatestRequestBufferTests testBurstRunsOnlyFirstAndLatest]' started.
Test Case '-[TesseraCoreTests.LatestRequestBufferTests testBurstRunsOnlyFirstAndLatest]' passed (0.000 seconds).
Test Case '-[TesseraCoreTests.LatestRequestBufferTests testClearDropsPendingButKeepsRunningSlotUntilCompletion]' started.
Test Case '-[TesseraCoreTests.LatestRequestBufferTests testClearDropsPendingButKeepsRunningSlotUntilCompletion]' passed (0.000 seconds).
Test Case '-[TesseraCoreTests.LatestRequestBufferTests testCloseRejectsLateResultWithoutStartingOldPendingWork]' started.
Test Case '-[TesseraCoreTests.LatestRequestBufferTests testCloseRejectsLateResultWithoutStartingOldPendingWork]' passed (0.000 seconds).
Test Case '-[TesseraCoreTests.LatestRequestBufferTests testDuplicateCompletionCannotReleaseAnotherRunningRequest]' started.
Test Case '-[TesseraCoreTests.LatestRequestBufferTests testDuplicateCompletionCannotReleaseAnotherRunningRequest]' passed (0.000 seconds).
Test Suite 'LatestRequestBufferTests' passed at 2026-09-28 18:08:02.451.
	 Executed 4 tests, with 0 failures (0 unexpected) in 0.001 (0.001) seconds
Test Suite 'LayoutContractTests' started at 2026-09-28 18:08:02.451.
Test Case '-[TesseraCoreTests.LayoutContractTests testAppDirDefaultsAreIsolatedFromTheSharedDomain]' started.
Test Case '-[TesseraCoreTests.LayoutContractTests testAppDirDefaultsAreIsolatedFromTheSharedDomain]' passed (0.003 seconds).
Test Case '-[TesseraCoreTests.LayoutContractTests testColorWheelPuckStaysInsideAtFullSaturation]' started.
Test Case '-[TesseraCoreTests.LayoutContractTests testColorWheelPuckStaysInsideAtFullSaturation]' passed (0.000 seconds).
Test Case '-[TesseraCoreTests.LayoutContractTests testCompareCaptionAndBadgeShareOnePartition]' started.
Test Case '-[TesseraCoreTests.LayoutContractTests testCompareCaptionAndBadgeShareOnePartition]' passed (0.000 seconds).
Test Case '-[TesseraCoreTests.LayoutContractTests testCurveEndKnotsStayInsideTheView]' started.
Test Case '-[TesseraCoreTests.LayoutContractTests testCurveEndKnotsStayInsideTheView]' passed (0.000 seconds).
Test Case '-[TesseraCoreTests.LayoutContractTests testFlowRowOffersOversizedItemsTheRowWidth]' started.
Test Case '-[TesseraCoreTests.LayoutContractTests testFlowRowOffersOversizedItemsTheRowWidth]' passed (0.000 seconds).
Test Case '-[TesseraCoreTests.LayoutContractTests testKeywordChipRowStaysInsideTheInspector]' started.
Test Case '-[TesseraCoreTests.LayoutContractTests testKeywordChipRowStaysInsideTheInspector]' passed (0.006 seconds).
Test Case '-[TesseraCoreTests.LayoutContractTests testShellBudgetYieldOrder]' started.
Test Case '-[TesseraCoreTests.LayoutContractTests testShellBudgetYieldOrder]' passed (0.000 seconds).
Test Case '-[TesseraCoreTests.LayoutContractTests testSidebarHiddenBadgeGivesItsWidthBack]' started.
Test Case '-[TesseraCoreTests.LayoutContractTests testSidebarHiddenBadgeGivesItsWidthBack]' passed (0.015 seconds).
Test Case '-[TesseraCoreTests.LayoutContractTests testSoftProofRowFitsTheMinimumInspector]' started.
Test Case '-[TesseraCoreTests.LayoutContractTests testSoftProofRowFitsTheMinimumInspector]' passed (0.018 seconds).
Test Case '-[TesseraCoreTests.LayoutContractTests testStatusBarFitsANarrowDetailWithLongStrings]' started.
Test Case '-[TesseraCoreTests.LayoutContractTests testStatusBarFitsANarrowDetailWithLongStrings]' passed (0.009 seconds).
Test Case '-[TesseraCoreTests.LayoutContractTests testThemeMenuTruncatesInsteadOfOverflowing]' started.
Test Case '-[TesseraCoreTests.LayoutContractTests testThemeMenuTruncatesInsteadOfOverflowing]' passed (0.004 seconds).
Test Case '-[TesseraCoreTests.LayoutContractTests testValueSliderDrawsWithoutOverflowAt80Points]' started.
Test Case '-[TesseraCoreTests.LayoutContractTests testValueSliderDrawsWithoutOverflowAt80Points]' passed (0.001 seconds).
Test Case '-[TesseraCoreTests.LayoutContractTests testValueSliderRingPaintsInsideTheThumb]' started.
Test Case '-[TesseraCoreTests.LayoutContractTests testValueSliderRingPaintsInsideTheThumb]' passed (0.000 seconds).
Test Case '-[TesseraCoreTests.LayoutContractTests testValueSliderTitleAndValueNeverTouch]' started.
Test Case '-[TesseraCoreTests.LayoutContractTests testValueSliderTitleAndValueNeverTouch]' passed (0.000 seconds).
Test Suite 'LayoutContractTests' passed at 2026-09-28 18:08:02.509.
	 Executed 14 tests, with 0 failures (0 unexpected) in 0.056 (0.057) seconds
Test Suite 'LazyLoupeTests' started at 2026-09-28 18:08:02.509.
Test Case '-[TesseraCoreTests.LazyLoupeTests testBackgroundAuditWindowCannotBecomeKeyOrMain]' started.
Test Case '-[TesseraCoreTests.LazyLoupeTests testBackgroundAuditWindowCannotBecomeKeyOrMain]' passed (0.147 seconds).
Test Case '-[TesseraCoreTests.LazyLoupeTests testEmptyLoupeConstructionDoesNotPrepareMetal]' started.
Test Case '-[TesseraCoreTests.LazyLoupeTests testEmptyLoupeConstructionDoesNotPrepareMetal]' passed (0.001 seconds).
Test Case '-[TesseraCoreTests.LazyLoupeTests testLateLoupeObserverSynchronizesExistingSelection]' started.
Test Case '-[TesseraCoreTests.LazyLoupeTests testLateLoupeObserverSynchronizesExistingSelection]' passed (0.001 seconds).
Test Case '-[TesseraCoreTests.LazyLoupeTests testPreparedResourcesAreSharedAndBuiltOffMain]' started.
Test Case '-[TesseraCoreTests.LazyLoupeTests testPreparedResourcesAreSharedAndBuiltOffMain]' passed (0.035 seconds).
Test Suite 'LazyLoupeTests' passed at 2026-09-28 18:08:02.693.
	 Executed 4 tests, with 0 failures (0 unexpected) in 0.184 (0.184) seconds
Test Suite 'LensBlurDepthModelTests' started at 2026-09-28 18:08:02.693.
Test Case '-[TesseraCoreTests.LensBlurDepthModelTests testHistogramBindsTheEngineBinsNormalised]' started.
Test Case '-[TesseraCoreTests.LensBlurDepthModelTests testHistogramBindsTheEngineBinsNormalised]' passed (0.001 seconds).
Test Case '-[TesseraCoreTests.LensBlurDepthModelTests testMissingWeightsAreAnInlineErrorAndNoEngineCall]' started.
Test Case '-[TesseraCoreTests.LensBlurDepthModelTests testMissingWeightsAreAnInlineErrorAndNoEngineCall]' passed (0.001 seconds).
Test Case '-[TesseraCoreTests.LensBlurDepthModelTests testSubjectAcquiresSegmentationAndAppliesTheEngineRange]' started.
Test Case '-[TesseraCoreTests.LensBlurDepthModelTests testSubjectAcquiresSegmentationAndAppliesTheEngineRange]' passed (0.001 seconds).
Test Case '-[TesseraCoreTests.LensBlurDepthModelTests testVisualizeToggleDrivesTheSessionOverlay]' started.
Test Case '-[TesseraCoreTests.LensBlurDepthModelTests testVisualizeToggleDrivesTheSessionOverlay]' passed (0.000 seconds).
Test Suite 'LensBlurDepthModelTests' passed at 2026-09-28 18:08:02.698.
	 Executed 4 tests, with 0 failures (0 unexpected) in 0.005 (0.005) seconds
Test Suite 'LensBlurExportWarningTests' started at 2026-09-28 18:08:02.698.
Test Case '-[TesseraCoreTests.LensBlurExportWarningTests testLensBlurWithoutDepthWeightsExportsWithAWarning]' started.
develop original L2 calibration [first, tone, WB] ms: CPU [469.862584, 200.260833, 239.815833]; GPU [319.978166, 1.4526249999999998, 6.9662500000000005]
Test Case '-[TesseraCoreTests.LensBlurExportWarningTests testLensBlurWithoutDepthWeightsExportsWithAWarning]' passed (13.585 seconds).
Test Suite 'LensBlurExportWarningTests' passed at 2026-09-28 18:08:16.283.
	 Executed 1 test, with 0 failures (0 unexpected) in 13.585 (13.585) seconds
Test Suite 'LibraryResponsivenessTests' started at 2026-09-28 18:08:16.283.
Test Case '-[TesseraCoreTests.LibraryResponsivenessTests testBottomHundredLookupScaling]' started.
Test Case '-[TesseraCoreTests.LibraryResponsivenessTests testBottomHundredLookupScaling]' passed (0.058 seconds).
Test Case '-[TesseraCoreTests.LibraryResponsivenessTests testLatestRequestWinsEvenWhenOldWorkFinishesLast]' started.
Test Case '-[TesseraCoreTests.LibraryResponsivenessTests testLatestRequestWinsEvenWhenOldWorkFinishesLast]' passed (0.000 seconds).
Test Case '-[TesseraCoreTests.LibraryResponsivenessTests testSingletonsAndRemappedItems]' started.
Test Case '-[TesseraCoreTests.LibraryResponsivenessTests testSingletonsAndRemappedItems]' passed (0.026 seconds).
Test Case '-[TesseraCoreTests.LibraryResponsivenessTests testSuggestedBestUsesStableGroupIdentity]' started.
Test Case '-[TesseraCoreTests.LibraryResponsivenessTests testSuggestedBestUsesStableGroupIdentity]' passed (0.025 seconds).
Test Case '-[TesseraCoreTests.LibraryResponsivenessTests testTwentyThousandCoreInstallAndSelectAll]' started.
Test Case '-[TesseraCoreTests.LibraryResponsivenessTests testTwentyThousandCoreInstallAndSelectAll]' passed (0.023 seconds).
Test Case '-[TesseraCoreTests.LibraryResponsivenessTests testWarmBottomHundredCellConfiguration]' started.
Test Case '-[TesseraCoreTests.LibraryResponsivenessTests testWarmBottomHundredCellConfiguration]' passed (0.065 seconds).
Test Suite 'LibraryResponsivenessTests' passed at 2026-09-28 18:08:16.480.
	 Executed 6 tests, with 0 failures (0 unexpected) in 0.197 (0.197) seconds
Test Suite 'LibraryTests' started at 2026-09-28 18:08:16.480.
Test Case '-[TesseraCoreTests.LibraryTests testAlbumOrderingAndSidebarNestingPersist]' started.
Test Case '-[TesseraCoreTests.LibraryTests testAlbumOrderingAndSidebarNestingPersist]' passed (0.060 seconds).
Test Case '-[TesseraCoreTests.LibraryTests testBatchMetadataAndFacetOnlySnapshot]' started.
Test Case '-[TesseraCoreTests.LibraryTests testBatchMetadataAndFacetOnlySnapshot]' passed (0.027 seconds).
Test Case '-[TesseraCoreTests.LibraryTests testFilterBarFacetsAndNotInAnyAlbum]' started.
Test Case '-[TesseraCoreTests.LibraryTests testFilterBarFacetsAndNotInAnyAlbum]' passed (0.053 seconds).
Test Case '-[TesseraCoreTests.LibraryTests testRapidQueriesAndLibraryReplacementRejectOldResults]' started.
Test Case '-[TesseraCoreTests.LibraryTests testRapidQueriesAndLibraryReplacementRejectOldResults]' passed (0.364 seconds).
Test Case '-[TesseraCoreTests.LibraryTests testRuleDiagnosticsMapToSwiftRangesThroughTheBridge]' started.
Test Case '-[TesseraCoreTests.LibraryTests testRuleDiagnosticsMapToSwiftRangesThroughTheBridge]' passed (0.025 seconds).
Test Case '-[TesseraCoreTests.LibraryTests testSupportDirectoryResolution]' started.
Test Case '-[TesseraCoreTests.LibraryTests testSupportDirectoryResolution]' passed (0.000 seconds).
Test Case '-[TesseraCoreTests.LibraryTests testTwentyThousandEngineLibraryMeasurement]' started.
/Users/rutmehta/.codex/worktrees/render-resource-bounds/tessera/apps/mac/Tests/TesseraCoreTests/LibraryTests.swift:146: -[TesseraCoreTests.LibraryTests testTwentyThousandEngineLibraryMeasurement] : Test skipped - Opt-in generated 20k-file engine fixture
Test Case '-[TesseraCoreTests.LibraryTests testTwentyThousandEngineLibraryMeasurement]' skipped (0.002 seconds).
Test Suite 'LibraryTests' passed at 2026-09-28 18:08:17.012.
	 Executed 7 tests, with 1 test skipped and 0 failures (0 unexpected) in 0.531 (0.532) seconds
Test Suite 'LightroomImportTests' started at 2026-09-28 18:08:17.012.
Test Case '-[TesseraCoreTests.LightroomImportTests testBridgeRejectsANonCatalog]' started.
Test Case '-[TesseraCoreTests.LightroomImportTests testBridgeRejectsANonCatalog]' passed (0.002 seconds).
Test Case '-[TesseraCoreTests.LightroomImportTests testCancelledReportSaysHowToResumeAndIsWrittenBesideLibraryJSON]' started.
Test Case '-[TesseraCoreTests.LightroomImportTests testCancelledReportSaysHowToResumeAndIsWrittenBesideLibraryJSON]' passed (0.002 seconds).
Test Case '-[TesseraCoreTests.LightroomImportTests testFidelityGridSortsAndFiltersLooksDifferent]' started.
Test Case '-[TesseraCoreTests.LightroomImportTests testFidelityGridSortsAndFiltersLooksDifferent]' passed (0.000 seconds).
Test Case '-[TesseraCoreTests.LightroomImportTests testFolderTableRelocatesRootsAndMovesTheLibraryWithThem]' started.
Test Case '-[TesseraCoreTests.LightroomImportTests testFolderTableRelocatesRootsAndMovesTheLibraryWithThem]' passed (0.000 seconds).
Test Case '-[TesseraCoreTests.LightroomImportTests testFolderTableTakesImageCountsFromThePlan]' started.
Test Case '-[TesseraCoreTests.LightroomImportTests testFolderTableTakesImageCountsFromThePlan]' passed (0.000 seconds).
Test Case '-[TesseraCoreTests.LightroomImportTests testMarkTableMapsKeepsAndDropsLabels]' started.
Test Case '-[TesseraCoreTests.LightroomImportTests testMarkTableMapsKeepsAndDropsLabels]' passed (0.000 seconds).
Test Case '-[TesseraCoreTests.LightroomImportTests testReportMarkdownListsImportedSkippedAndUnsupported]' started.
Test Case '-[TesseraCoreTests.LightroomImportTests testReportMarkdownListsImportedSkippedAndUnsupported]' passed (0.001 seconds).
Test Case '-[TesseraCoreTests.LightroomImportTests testSelectionText]' started.
Test Case '-[TesseraCoreTests.LightroomImportTests testSelectionText]' passed (0.000 seconds).
Test Suite 'LightroomImportTests' passed at 2026-09-28 18:08:17.020.
	 Executed 8 tests, with 0 failures (0 unexpected) in 0.007 (0.007) seconds
Test Suite 'LoupeOverlayPresentationTests' started at 2026-09-28 18:08:17.020.
Test Case '-[TesseraCoreTests.LoupeOverlayPresentationTests testDisplayInfoCarriesFullLibraryNameAndPhotoEditUsesHeaderInstead]' started.
Test Case '-[TesseraCoreTests.LoupeOverlayPresentationTests testDisplayInfoCarriesFullLibraryNameAndPhotoEditUsesHeaderInstead]' passed (0.001 seconds).
Test Case '-[TesseraCoreTests.LoupeOverlayPresentationTests testProofBadgeReflectsReadyPendingAndUnavailableStates]' started.
Test Case '-[TesseraCoreTests.LoupeOverlayPresentationTests testProofBadgeReflectsReadyPendingAndUnavailableStates]' passed (0.000 seconds).
Test Case '-[TesseraCoreTests.LoupeOverlayPresentationTests testReviewEditShortcutDisclosureNamesQueueAndReturnDestination]' started.
Test Case '-[TesseraCoreTests.LoupeOverlayPresentationTests testReviewEditShortcutDisclosureNamesQueueAndReturnDestination]' passed (0.000 seconds).
Test Suite 'LoupeOverlayPresentationTests' passed at 2026-09-28 18:08:17.021.
	 Executed 3 tests, with 0 failures (0 unexpected) in 0.001 (0.001) seconds
Test Suite 'MaskingTests' started at 2026-09-28 18:08:17.021.
Test Case '-[TesseraCoreTests.MaskingTests testAIProgressFollowsJobsAndTheEngineList]' started.
Test Case '-[TesseraCoreTests.MaskingTests testAIProgressFollowsJobsAndTheEngineList]' passed (0.000 seconds).
Test Case '-[TesseraCoreTests.MaskingTests testGradientShapesRoundTripTheirEngineJSON]' started.
Test Case '-[TesseraCoreTests.MaskingTests testGradientShapesRoundTripTheirEngineJSON]' passed (0.000 seconds).
Test Case '-[TesseraCoreTests.MaskingTests testListCyclesAndEditsTheSelectedGroupOptimistically]' started.
Test Case '-[TesseraCoreTests.MaskingTests testListCyclesAndEditsTheSelectedGroupOptimistically]' passed (0.000 seconds).
Test Case '-[TesseraCoreTests.MaskingTests testListSelectsNewGroupsAndNeighboursOfDeletedOnes]' started.
Test Case '-[TesseraCoreTests.MaskingTests testListSelectsNewGroupsAndNeighboursOfDeletedOnes]' passed (0.000 seconds).
Test Case '-[TesseraCoreTests.MaskingTests testMaskEditsAreCoalescedPerFrameAndCommittedAsOneStep]' started.
develop original L2 calibration [first, tone, WB] ms: CPU [474.25570799999997, 189.875208, 218.25375]; GPU [332.936708, 1.428083, 7.539541000000001]
Test Case '-[TesseraCoreTests.MaskingTests testMaskEditsAreCoalescedPerFrameAndCommittedAsOneStep]' passed (1.841 seconds).
Test Case '-[TesseraCoreTests.MaskingTests testMaskSpaceRoundTripsThroughCropAndOrientation]' started.
Test Case '-[TesseraCoreTests.MaskingTests testMaskSpaceRoundTripsThroughCropAndOrientation]' passed (0.000 seconds).
Test Case '-[TesseraCoreTests.MaskingTests testStrokeCoalescerBatchesManyEventsPerFrame]' started.
Test Case '-[TesseraCoreTests.MaskingTests testStrokeCoalescerBatchesManyEventsPerFrame]' passed (0.000 seconds).
Test Case '-[TesseraCoreTests.MaskingTests testStrokeCoalescerDropsDenseSamplesAndKeepsTheLast]' started.
Test Case '-[TesseraCoreTests.MaskingTests testStrokeCoalescerDropsDenseSamplesAndKeepsTheLast]' passed (0.000 seconds).
Test Suite 'MaskingTests' passed at 2026-09-28 18:08:18.865.
	 Executed 8 tests, with 0 failures (0 unexpected) in 1.842 (1.843) seconds
Test Suite 'MasksPanelLayoutTests' started at 2026-09-28 18:08:18.865.
Test Case '-[TesseraCoreTests.MasksPanelLayoutTests testPopulatedInspectorKeepsComponentActionsReadableAtMinimumWidth]' started.
develop original L2 calibration [first, tone, WB] ms: CPU [16.889208999999997, 0.33425000000000005, 0.36166699999999996]; GPU [17.874542, 0.594625, 2.5343750000000003]
Test Case '-[TesseraCoreTests.MasksPanelLayoutTests testPopulatedInspectorKeepsComponentActionsReadableAtMinimumWidth]' passed (10.895 seconds).
Test Suite 'MasksPanelLayoutTests' passed at 2026-09-28 18:08:29.759.
	 Executed 1 test, with 0 failures (0 unexpected) in 10.895 (10.895) seconds
Test Suite 'ModelAcquisitionTests' started at 2026-09-28 18:08:29.759.
Test Case '-[TesseraCoreTests.ModelAcquisitionTests testAllowDownloadsSettingPersistsAndReopensTheDownloader]' started.
Test Case '-[TesseraCoreTests.ModelAcquisitionTests testAllowDownloadsSettingPersistsAndReopensTheDownloader]' passed (0.002 seconds).
Test Case '-[TesseraCoreTests.ModelAcquisitionTests testDownloaderThatCannotOpenFailsWithTheReason]' started.
Test Case '-[TesseraCoreTests.ModelAcquisitionTests testDownloaderThatCannotOpenFailsWithTheReason]' passed (0.001 seconds).
Test Case '-[TesseraCoreTests.ModelAcquisitionTests testDownloadProgressQueuedBytesReady]' started.
Test Case '-[TesseraCoreTests.ModelAcquisitionTests testDownloadProgressQueuedBytesReady]' passed (0.014 seconds).
Test Case '-[TesseraCoreTests.ModelAcquisitionTests testFailureCarriesTheReasonAndRetryRequestsAgain]' started.
Test Case '-[TesseraCoreTests.ModelAcquisitionTests testFailureCarriesTheReasonAndRetryRequestsAgain]' passed (0.001 seconds).
Test Case '-[TesseraCoreTests.ModelAcquisitionTests testStandardPathsUseTheSupportModelsFolder]' started.
Test Case '-[TesseraCoreTests.ModelAcquisitionTests testStandardPathsUseTheSupportModelsFolder]' passed (0.001 seconds).
Test Case '-[TesseraCoreTests.ModelAcquisitionTests testStatesFollowTheEngineEvents]' started.
Test Case '-[TesseraCoreTests.ModelAcquisitionTests testStatesFollowTheEngineEvents]' passed (0.000 seconds).
Test Suite 'ModelAcquisitionTests' passed at 2026-09-28 18:08:29.779.
	 Executed 6 tests, with 0 failures (0 unexpected) in 0.019 (0.020) seconds
Test Suite 'OfflineLibraryRoutingTests' started at 2026-09-28 18:08:29.779.
Test Case '-[TesseraCoreTests.OfflineLibraryRoutingTests testAvailabilityPermissionErrorDoesNotBecomeOffline]' started.
Test Case '-[TesseraCoreTests.OfflineLibraryRoutingTests testAvailabilityPermissionErrorDoesNotBecomeOffline]' passed (0.000 seconds).
Test Case '-[TesseraCoreTests.OfflineLibraryRoutingTests testCachedModeRefusesCatalogMutationAndRequiresLexicalAbsoluteFolder]' started.
Test Case '-[TesseraCoreTests.OfflineLibraryRoutingTests testCachedModeRefusesCatalogMutationAndRequiresLexicalAbsoluteFolder]' passed (0.000 seconds).
Test Case '-[TesseraCoreTests.OfflineLibraryRoutingTests testEmptyCachedSessionStaysEmptyAndProvidesReconnectGuidance]' started.
Test Case '-[TesseraCoreTests.OfflineLibraryRoutingTests testEmptyCachedSessionStaysEmptyAndProvidesReconnectGuidance]' passed (0.000 seconds).
Test Case '-[TesseraCoreTests.OfflineLibraryRoutingTests testExplicitReopenObservesOnlineOfflineTransitions]' started.
Test Case '-[TesseraCoreTests.OfflineLibraryRoutingTests testExplicitReopenObservesOnlineOfflineTransitions]' passed (0.000 seconds).
Test Case '-[TesseraCoreTests.OfflineLibraryRoutingTests testOnlineAliasCapturesCanonicalFolderForDisconnectedRelaunch]' started.
Test Case '-[TesseraCoreTests.OfflineLibraryRoutingTests testOnlineAliasCapturesCanonicalFolderForDisconnectedRelaunch]' passed (0.008 seconds).
Test Case '-[TesseraCoreTests.OfflineLibraryRoutingTests testOrdinaryOnlineErrorDoesNotFallBackToCache]' started.
Test Case '-[TesseraCoreTests.OfflineLibraryRoutingTests testOrdinaryOnlineErrorDoesNotFallBackToCache]' passed (0.000 seconds).
Test Case '-[TesseraCoreTests.OfflineLibraryRoutingTests testUnavailableRelaunchUsesCachedDeclarationsWithoutScanOrListing]' started.
Test Case '-[TesseraCoreTests.OfflineLibraryRoutingTests testUnavailableRelaunchUsesCachedDeclarationsWithoutScanOrListing]' passed (0.000 seconds).
Test Suite 'OfflineLibraryRoutingTests' passed at 2026-09-28 18:08:29.788.
	 Executed 7 tests, with 0 failures (0 unexpected) in 0.009 (0.009) seconds
Test Suite 'OutputAdmissionCancellationTests' started at 2026-09-28 18:08:29.788.
Test Case '-[TesseraCoreTests.OutputAdmissionCancellationTests testExportCancelBeforeTaskStartsSettlesAndReleasesReservation]' started.
Test Case '-[TesseraCoreTests.OutputAdmissionCancellationTests testExportCancelBeforeTaskStartsSettlesAndReleasesReservation]' passed (0.018 seconds).
Test Case '-[TesseraCoreTests.OutputAdmissionCancellationTests testPrintPDFCancelBeforeTaskStartsCompletesOnceAndReleasesReservation]' started.
Test Case '-[TesseraCoreTests.OutputAdmissionCancellationTests testPrintPDFCancelBeforeTaskStartsCompletesOnceAndReleasesReservation]' passed (0.089 seconds).
Test Suite 'OutputAdmissionCancellationTests' passed at 2026-09-28 18:08:29.896.
	 Executed 2 tests, with 0 failures (0 unexpected) in 0.107 (0.108) seconds
Test Suite 'PeopleBridgeTests' started at 2026-09-28 18:08:29.896.
Test Case '-[TesseraCoreTests.PeopleBridgeTests testNameMergeSplitConfirmAndFilterThroughTheEngine]' started.
Test Case '-[TesseraCoreTests.PeopleBridgeTests testNameMergeSplitConfirmAndFilterThroughTheEngine]' passed (0.057 seconds).
Test Suite 'PeopleBridgeTests' passed at 2026-09-28 18:08:29.953.
	 Executed 1 test, with 0 failures (0 unexpected) in 0.057 (0.058) seconds
Test Suite 'PeopleLayoutTests' started at 2026-09-28 18:08:29.953.
Test Case '-[TesseraCoreTests.PeopleLayoutTests testDetailFitsWindowAndKeepsHeaderAtTop]' started.
Test Case '-[TesseraCoreTests.PeopleLayoutTests testDetailFitsWindowAndKeepsHeaderAtTop]' passed (0.394 seconds).
Test Suite 'PeopleLayoutTests' passed at 2026-09-28 18:08:30.347.
	 Executed 1 test, with 0 failures (0 unexpected) in 0.394 (0.394) seconds
Test Suite 'PeopleModelTests' started at 2026-09-28 18:08:30.348.
Test Case '-[TesseraCoreTests.PeopleModelTests testDetailLoadsMembersInOneCall]' started.
Test Case '-[TesseraCoreTests.PeopleModelTests testDetailLoadsMembersInOneCall]' passed (0.001 seconds).
Test Case '-[TesseraCoreTests.PeopleModelTests testEngineErrorsBecomeMessagesAndNothingIsHalfApplied]' started.
Test Case '-[TesseraCoreTests.PeopleModelTests testEngineErrorsBecomeMessagesAndNothingIsHalfApplied]' passed (0.001 seconds).
Test Case '-[TesseraCoreTests.PeopleModelTests testFootnoteReportsTheJobsSampleSize]' started.
Test Case '-[TesseraCoreTests.PeopleModelTests testFootnoteReportsTheJobsSampleSize]' passed (0.002 seconds).
Test Case '-[TesseraCoreTests.PeopleModelTests testInstallResetsAndLibraryUpdatesRemapItems]' started.
Test Case '-[TesseraCoreTests.PeopleModelTests testInstallResetsAndLibraryUpdatesRemapItems]' passed (0.001 seconds).
Test Case '-[TesseraCoreTests.PeopleModelTests testMergeSelectionKeepsTheNamedPersonAndItsName]' started.
Test Case '-[TesseraCoreTests.PeopleModelTests testMergeSelectionKeepsTheNamedPersonAndItsName]' passed (0.001 seconds).
Test Case '-[TesseraCoreTests.PeopleModelTests testNamingCommitsTrimmedNameWithOptInsAndReloads]' started.
Test Case '-[TesseraCoreTests.PeopleModelTests testNamingCommitsTrimmedNameWithOptInsAndReloads]' passed (0.002 seconds).
Test Case '-[TesseraCoreTests.PeopleModelTests testPersonFacetIsAUnionWithinAndIntersectsOtherFilters]' started.
Test Case '-[TesseraCoreTests.PeopleModelTests testPersonFacetIsAUnionWithinAndIntersectsOtherFilters]' passed (0.001 seconds).
Test Case '-[TesseraCoreTests.PeopleModelTests testReassignAndConfirmGoThroughTheEngine]' started.
Test Case '-[TesseraCoreTests.PeopleModelTests testReassignAndConfirmGoThroughTheEngine]' passed (0.001 seconds).
Test Case '-[TesseraCoreTests.PeopleModelTests testRefreshRunsTheJobOffTheMainActorAndReportsApproximation]' started.
Test Case '-[TesseraCoreTests.PeopleModelTests testRefreshRunsTheJobOffTheMainActorAndReportsApproximation]' passed (0.001 seconds).
Test Case '-[TesseraCoreTests.PeopleModelTests testSplitMovesSelectedFacesToANewUnconfirmedPerson]' started.
Test Case '-[TesseraCoreTests.PeopleModelTests testSplitMovesSelectedFacesToANewUnconfirmedPerson]' passed (0.000 seconds).
Test Case '-[TesseraCoreTests.PeopleModelTests testSuggestionsAreFilteredSortedAndAcceptingMerges]' started.
Test Case '-[TesseraCoreTests.PeopleModelTests testSuggestionsAreFilteredSortedAndAcceptingMerges]' passed (0.000 seconds).
Test Case '-[TesseraCoreTests.PeopleModelTests testTilesNamedFirstThenByFramesWithNamesMembersAndBadges]' started.
Test Case '-[TesseraCoreTests.PeopleModelTests testTilesNamedFirstThenByFramesWithNamesMembersAndBadges]' passed (0.000 seconds).
Test Case '-[TesseraCoreTests.PeopleModelTests testTilesUseTheMedoidAndEngineCountsWithoutScanningAssignments]' started.
Test Case '-[TesseraCoreTests.PeopleModelTests testTilesUseTheMedoidAndEngineCountsWithoutScanningAssignments]' passed (0.000 seconds).
Test Case '-[TesseraCoreTests.PeopleModelTests testUndoRedoReplayEngineHistoryWithItsDescriptions]' started.
Test Case '-[TesseraCoreTests.PeopleModelTests testUndoRedoReplayEngineHistoryWithItsDescriptions]' passed (0.000 seconds).
Test Suite 'PeopleModelTests' passed at 2026-09-28 18:08:30.360.
	 Executed 14 tests, with 0 failures (0 unexpected) in 0.012 (0.013) seconds
Test Suite 'PeopleUndoMenuTests' started at 2026-09-28 18:08:30.360.
Test Case '-[TesseraCoreTests.PeopleUndoMenuTests testUndoRedoCoverPeopleEditsWhileThePeopleViewIsFrontmost]' started.
Test Case '-[TesseraCoreTests.PeopleUndoMenuTests testUndoRedoCoverPeopleEditsWhileThePeopleViewIsFrontmost]' passed (0.000 seconds).
Test Suite 'PeopleUndoMenuTests' passed at 2026-09-28 18:08:30.361.
	 Executed 1 test, with 0 failures (0 unexpected) in 0.000 (0.001) seconds
Test Suite 'PerformanceTraceTests' started at 2026-09-28 18:08:30.361.
Test Case '-[TesseraCoreTests.PerformanceTraceTests testBoundedTraceReportsDropsAndPreservesIdentity]' started.
Test Case '-[TesseraCoreTests.PerformanceTraceTests testBoundedTraceReportsDropsAndPreservesIdentity]' passed (0.000 seconds).
Test Case '-[TesseraCoreTests.PerformanceTraceTests testDisabledTraceDoesNotRecord]' started.
Test Case '-[TesseraCoreTests.PerformanceTraceTests testDisabledTraceDoesNotRecord]' passed (0.000 seconds).
Test Case '-[TesseraCoreTests.PerformanceTraceTests testSpanDurationAndConcurrentCallbacks]' started.
Test Case '-[TesseraCoreTests.PerformanceTraceTests testSpanDurationAndConcurrentCallbacks]' passed (0.000 seconds).
Test Suite 'PerformanceTraceTests' passed at 2026-09-28 18:08:30.361.
	 Executed 3 tests, with 0 failures (0 unexpected) in 0.000 (0.001) seconds
Test Suite 'PhotoMergeEnhanceTests' started at 2026-09-28 18:08:30.361.
Test Case '-[TesseraCoreTests.PhotoMergeEnhanceTests testAppModelMenuStateFollowsTheSelection]' started.
Test Case '-[TesseraCoreTests.PhotoMergeEnhanceTests testAppModelMenuStateFollowsTheSelection]' passed (0.000 seconds).
Test Case '-[TesseraCoreTests.PhotoMergeEnhanceTests testCancelStopsTheJobAndReportsCancelled]' started.
Test Case '-[TesseraCoreTests.PhotoMergeEnhanceTests testCancelStopsTheJobAndReportsCancelled]' passed (0.050 seconds).
Test Case '-[TesseraCoreTests.PhotoMergeEnhanceTests testCommandRules]' started.
Test Case '-[TesseraCoreTests.PhotoMergeEnhanceTests testCommandRules]' passed (0.000 seconds).
Test Case '-[TesseraCoreTests.PhotoMergeEnhanceTests testDefaultsMatchTheEngineAndHDRIgnoresPanoramaControls]' started.
Test Case '-[TesseraCoreTests.PhotoMergeEnhanceTests testDefaultsMatchTheEngineAndHDRIgnoresPanoramaControls]' passed (0.000 seconds).
Test Case '-[TesseraCoreTests.PhotoMergeEnhanceTests testEnhanceOptionsMapping]' started.
Test Case '-[TesseraCoreTests.PhotoMergeEnhanceTests testEnhanceOptionsMapping]' passed (0.000 seconds).
Test Case '-[TesseraCoreTests.PhotoMergeEnhanceTests testExposureParsingAndSpreadWarnings]' started.
Test Case '-[TesseraCoreTests.PhotoMergeEnhanceTests testExposureParsingAndSpreadWarnings]' passed (0.000 seconds).
Test Case '-[TesseraCoreTests.PhotoMergeEnhanceTests testFailuresAreExplained]' started.
Test Case '-[TesseraCoreTests.PhotoMergeEnhanceTests testFailuresAreExplained]' passed (0.000 seconds).
Test Case '-[TesseraCoreTests.PhotoMergeEnhanceTests testMergeProblemsExplainWhyMergeIsDisabled]' started.
Test Case '-[TesseraCoreTests.PhotoMergeEnhanceTests testMergeProblemsExplainWhyMergeIsDisabled]' passed (0.000 seconds).
Test Case '-[TesseraCoreTests.PhotoMergeEnhanceTests testMergeRunsWithPreviewProgressAndCompletion]' started.
Test Case '-[TesseraCoreTests.PhotoMergeEnhanceTests testMergeRunsWithPreviewProgressAndCompletion]' passed (0.038 seconds).
Test Case '-[TesseraCoreTests.PhotoMergeEnhanceTests testPanoramaAndHDRPanoramaMapping]' started.
Test Case '-[TesseraCoreTests.PhotoMergeEnhanceTests testPanoramaAndHDRPanoramaMapping]' passed (0.000 seconds).
Test Case '-[TesseraCoreTests.PhotoMergeEnhanceTests testRealEngineMergesThreeBracketsIntoAnHDRDngThatOpensInDevelop]' started.
develop original L2 calibration [first, tone, WB] ms: CPU [159.46508300000002, 82.132083, 81.139375]; GPU [82.406167, 0.893416, 1.033542]
Test Case '-[TesseraCoreTests.PhotoMergeEnhanceTests testRealEngineMergesThreeBracketsIntoAnHDRDngThatOpensInDevelop]' passed (0.900 seconds).
Test Case '-[TesseraCoreTests.PhotoMergeEnhanceTests testStageTitlesAndErrorMessages]' started.
Test Case '-[TesseraCoreTests.PhotoMergeEnhanceTests testStageTitlesAndErrorMessages]' passed (0.000 seconds).
Test Suite 'PhotoMergeEnhanceTests' passed at 2026-09-28 18:08:31.351.
	 Executed 12 tests, with 0 failures (0 unexpected) in 0.989 (0.990) seconds
Test Suite 'PreviewEventsTests' started at 2026-09-28 18:08:31.351.
Test Case '-[TesseraCoreTests.PreviewEventsTests testCacheDoesNotAliasReusedDenseItemIDs]' started.
Test Case '-[TesseraCoreTests.PreviewEventsTests testCacheDoesNotAliasReusedDenseItemIDs]' passed (0.002 seconds).
Test Case '-[TesseraCoreTests.PreviewEventsTests testCacheKeysRemainRetrievableAcrossManyRequests]' started.
Test Case '-[TesseraCoreTests.PreviewEventsTests testCacheKeysRemainRetrievableAcrossManyRequests]' passed (0.091 seconds).
Test Case '-[TesseraCoreTests.PreviewEventsTests testCancelledTaskStopsWaitingWithoutAnEvent]' started.
Test Case '-[TesseraCoreTests.PreviewEventsTests testCancelledTaskStopsWaitingWithoutAnEvent]' passed (0.000 seconds).
Test Case '-[TesseraCoreTests.PreviewEventsTests testCancellingOneSubscriberDoesNotRemoveAnother]' started.
Test Case '-[TesseraCoreTests.PreviewEventsTests testCancellingOneSubscriberDoesNotRemoveAnother]' passed (0.000 seconds).
Test Case '-[TesseraCoreTests.PreviewEventsTests testConcurrentDeliveriesPublishBeforeCallbackAndEvictOlderImages]' started.
Test Case '-[TesseraCoreTests.PreviewEventsTests testConcurrentDeliveriesPublishBeforeCallbackAndEvictOlderImages]' passed (0.002 seconds).
Test Case '-[TesseraCoreTests.PreviewEventsTests testInvalidationCancelsInFlightRequestsForBothTiersOnlyForThatItem]' started.
Test Case '-[TesseraCoreTests.PreviewEventsTests testInvalidationCancelsInFlightRequestsForBothTiersOnlyForThatItem]' passed (0.001 seconds).
Test Case '-[TesseraCoreTests.PreviewEventsTests testOverBudgetImageIsCachedBeforeDelivery]' started.
Test Case '-[TesseraCoreTests.PreviewEventsTests testOverBudgetImageIsCachedBeforeDelivery]' passed (0.001 seconds).
Test Case '-[TesseraCoreTests.PreviewEventsTests testReadyBeforeWaitIsBufferedAndFiltered]' started.
Test Case '-[TesseraCoreTests.PreviewEventsTests testReadyBeforeWaitIsBufferedAndFiltered]' passed (0.000 seconds).
Test Case '-[TesseraCoreTests.PreviewEventsTests testRemoveAllPreventsLateDeliveryAndCacheRepopulation]' started.
Test Case '-[TesseraCoreTests.PreviewEventsTests testRemoveAllPreventsLateDeliveryAndCacheRepopulation]' passed (0.000 seconds).
Test Case '-[TesseraCoreTests.PreviewEventsTests testUnrelatedEventsDoNotWakeSubscriber]' started.
Test Case '-[TesseraCoreTests.PreviewEventsTests testUnrelatedEventsDoNotWakeSubscriber]' passed (0.000 seconds).
Test Suite 'PreviewEventsTests' passed at 2026-09-28 18:08:31.449.
	 Executed 10 tests, with 0 failures (0 unexpected) in 0.097 (0.098) seconds
Test Suite 'RasterizedPSDCopyTests' started at 2026-09-28 18:08:31.449.
Test Case '-[TesseraCoreTests.RasterizedPSDCopyTests testCancelBeforeWorkerRunsRetainsAdmissionUntilCompletion]' started.
Test Case '-[TesseraCoreTests.RasterizedPSDCopyTests testCancelBeforeWorkerRunsRetainsAdmissionUntilCompletion]' passed (0.000 seconds).
Test Case '-[TesseraCoreTests.RasterizedPSDCopyTests testCloseCancelsOriginAndStaleCompletionCannotClearReplacement]' started.
Test Case '-[TesseraCoreTests.RasterizedPSDCopyTests testCloseCancelsOriginAndStaleCompletionCannotClearReplacement]' passed (0.000 seconds).
Test Case '-[TesseraCoreTests.RasterizedPSDCopyTests testHostCloseWhileWorkerDrainsSuppressesCompletionAndBalancesQueue]' started.
Test Case '-[TesseraCoreTests.RasterizedPSDCopyTests testHostCloseWhileWorkerDrainsSuppressesCompletionAndBalancesQueue]' passed (0.015 seconds).
Test Case '-[TesseraCoreTests.RasterizedPSDCopyTests testSeparateDocumentSlotsAndTooLateCancellation]' started.
Test Case '-[TesseraCoreTests.RasterizedPSDCopyTests testSeparateDocumentSlotsAndTooLateCancellation]' passed (0.000 seconds).
Test Suite 'RasterizedPSDCopyTests' passed at 2026-09-28 18:08:31.465.
	 Executed 4 tests, with 0 failures (0 unexpected) in 0.016 (0.016) seconds
Test Suite 'RecoveryWindowCloseGuardTests' started at 2026-09-28 18:08:31.465.
Test Case '-[TesseraCoreTests.RecoveryWindowCloseGuardTests testAllowedCloseDefersToPriorDelegateExactlyOnce]' started.
Test Case '-[TesseraCoreTests.RecoveryWindowCloseGuardTests testAllowedCloseDefersToPriorDelegateExactlyOnce]' passed (0.005 seconds).
Test Case '-[TesseraCoreTests.RecoveryWindowCloseGuardTests testBlockedCloseDoesNotCallPriorDelegateOrDiscardWindow]' started.
Test Case '-[TesseraCoreTests.RecoveryWindowCloseGuardTests testBlockedCloseDoesNotCallPriorDelegateOrDiscardWindow]' passed (0.020 seconds).
Test Case '-[TesseraCoreTests.RecoveryWindowCloseGuardTests testInstallingOnOneWindowLeavesUnrelatedWindowDelegateUntouched]' started.
Test Case '-[TesseraCoreTests.RecoveryWindowCloseGuardTests testInstallingOnOneWindowLeavesUnrelatedWindowDelegateUntouched]' passed (0.013 seconds).
Test Case '-[TesseraCoreTests.RecoveryWindowCloseGuardTests testLateOldGuardCleanupCannotRemoveReinstalledGuard]' started.
Test Case '-[TesseraCoreTests.RecoveryWindowCloseGuardTests testLateOldGuardCleanupCannotRemoveReinstalledGuard]' passed (0.005 seconds).
Test Case '-[TesseraCoreTests.RecoveryWindowCloseGuardTests testRealPerformCloseForwardsWillCloseOnce]' started.
Test Case '-[TesseraCoreTests.RecoveryWindowCloseGuardTests testRealPerformCloseForwardsWillCloseOnce]' passed (0.027 seconds).
Test Suite 'RecoveryWindowCloseGuardTests' passed at 2026-09-28 18:08:31.536.
	 Executed 5 tests, with 0 failures (0 unexpected) in 0.070 (0.071) seconds
Test Suite 'ReviewPreviewDrainTests' started at 2026-09-28 18:08:31.536.
Test Case '-[TesseraCoreTests.ReviewPreviewDrainTests testReviewObserveDoesNotRetryARegisteredFailedDevelopClose]' started.
develop original L2 calibration [first, tone, WB] ms: CPU [16.994584, 0.344375, 0.40133399999999997]; GPU [17.734375, 0.865583, 0.9924580000000001]
Test Case '-[TesseraCoreTests.ReviewPreviewDrainTests testReviewObserveDoesNotRetryARegisteredFailedDevelopClose]' passed (0.056 seconds).
Test Case '-[TesseraCoreTests.ReviewPreviewDrainTests testReviewRetriesObservationAfterEarlierPreviewFlightDrains]' started.
Test Case '-[TesseraCoreTests.ReviewPreviewDrainTests testReviewRetriesObservationAfterEarlierPreviewFlightDrains]' passed (3.439 seconds).
Test Suite 'ReviewPreviewDrainTests' passed at 2026-09-28 18:08:35.031.
	 Executed 2 tests, with 0 failures (0 unexpected) in 3.494 (3.495) seconds
Test Suite 'ReviewResumeStoreTests' started at 2026-09-28 18:08:35.031.
Test Case '-[TesseraCoreTests.ReviewResumeStoreTests testCompletingRunningIntentDoesNotTreatItAsAnInterruptedRestore]' started.
Test Case '-[TesseraCoreTests.ReviewResumeStoreTests testCompletingRunningIntentDoesNotTreatItAsAnInterruptedRestore]' passed (0.002 seconds).
Test Case '-[TesseraCoreTests.ReviewResumeStoreTests testDifferentCanonicalPathDoesNotAdoptAnotherLibraryQueue]' started.
Test Case '-[TesseraCoreTests.ReviewResumeStoreTests testDifferentCanonicalPathDoesNotAdoptAnotherLibraryQueue]' passed (0.002 seconds).
Test Case '-[TesseraCoreTests.ReviewResumeStoreTests testDuplicateTargetIdentityIsRejectedAsCorrupt]' started.
Test Case '-[TesseraCoreTests.ReviewResumeStoreTests testDuplicateTargetIdentityIsRejectedAsCorrupt]' passed (0.001 seconds).
Test Case '-[TesseraCoreTests.ReviewResumeStoreTests testFailureAdvancesNewestCursorRevisionAndKeepsCapturedTargets]' started.
Test Case '-[TesseraCoreTests.ReviewResumeStoreTests testFailureAdvancesNewestCursorRevisionAndKeepsCapturedTargets]' passed (0.002 seconds).
Test Case '-[TesseraCoreTests.ReviewResumeStoreTests testFutureSchemaIsPreservedAndReportedWithoutDecodingAsCurrent]' started.
Test Case '-[TesseraCoreTests.ReviewResumeStoreTests testFutureSchemaIsPreservedAndReportedWithoutDecodingAsCurrent]' passed (0.001 seconds).
Test Case '-[TesseraCoreTests.ReviewResumeStoreTests testRevisionCannotOverflow]' started.
Test Case '-[TesseraCoreTests.ReviewResumeStoreTests testRevisionCannotOverflow]' passed (0.001 seconds).
Test Case '-[TesseraCoreTests.ReviewResumeStoreTests testRoundTripsOnlySafeQueueMembershipAndCursorForCanonicalLibraryPath]' started.
Test Case '-[TesseraCoreTests.ReviewResumeStoreTests testRoundTripsOnlySafeQueueMembershipAndCursorForCanonicalLibraryPath]' passed (0.001 seconds).
Test Case '-[TesseraCoreTests.ReviewResumeStoreTests testRunningRecordCanBeMarkedInterruptedWithoutChangingTargetsOrReplaying]' started.
Test Case '-[TesseraCoreTests.ReviewResumeStoreTests testRunningRecordCanBeMarkedInterruptedWithoutChangingTargetsOrReplaying]' passed (0.001 seconds).
Test Case '-[TesseraCoreTests.ReviewResumeStoreTests testStaleRevisionCannotOverwriteNewerQueueRecord]' started.
Test Case '-[TesseraCoreTests.ReviewResumeStoreTests testStaleRevisionCannotOverwriteNewerQueueRecord]' passed (0.001 seconds).
Test Case '-[TesseraCoreTests.ReviewResumeStoreTests testTargetOrdinalsCanBeSafelyReindexedBeforeMerging]' started.
Test Case '-[TesseraCoreTests.ReviewResumeStoreTests testTargetOrdinalsCanBeSafelyReindexedBeforeMerging]' passed (0.000 seconds).
Test Suite 'ReviewResumeStoreTests' passed at 2026-09-28 18:08:35.043.
	 Executed 10 tests, with 0 failures (0 unexpected) in 0.012 (0.012) seconds
Test Suite 'SearchTermTests' started at 2026-09-28 18:08:35.043.
Test Case '-[TesseraCoreTests.SearchTermTests testAppendingANDsOntoExistingText]' started.
Test Case '-[TesseraCoreTests.SearchTermTests testAppendingANDsOntoExistingText]' passed (0.000 seconds).
Test Case '-[TesseraCoreTests.SearchTermTests testTextTermsAreQuotedWithTheGrammarsJSONEscaping]' started.
Test Case '-[TesseraCoreTests.SearchTermTests testTextTermsAreQuotedWithTheGrammarsJSONEscaping]' passed (0.000 seconds).
Test Suite 'SearchTermTests' passed at 2026-09-28 18:08:35.043.
	 Executed 2 tests, with 0 failures (0 unexpected) in 0.000 (0.000) seconds
Test Suite 'ShellLayoutTests' started at 2026-09-28 18:08:35.043.
Test Case '-[TesseraCoreTests.ShellLayoutTests testDocumentInspectorEveryTabAndHistoryStateAtEverySize]' started.
Test Case '-[TesseraCoreTests.ShellLayoutTests testDocumentInspectorEveryTabAndHistoryStateAtEverySize]' passed (27.594 seconds).
Test Case '-[TesseraCoreTests.ShellLayoutTests testInspectorTabShortcuts]' started.
Test Case '-[TesseraCoreTests.ShellLayoutTests testInspectorTabShortcuts]' passed (1.863 seconds).
Test Case '-[TesseraCoreTests.ShellLayoutTests testManyDocumentTabsStayCapped]' started.
Test Case '-[TesseraCoreTests.ShellLayoutTests testManyDocumentTabsStayCapped]' passed (2.324 seconds).
Test Case '-[TesseraCoreTests.ShellLayoutTests testShellContainedAtEverySizeStateAndAppearance]' started.
Test Case '-[TesseraCoreTests.ShellLayoutTests testShellContainedAtEverySizeStateAndAppearance]' passed (45.769 seconds).
Test Suite 'ShellLayoutTests' passed at 2026-09-28 18:09:52.594.
	 Executed 4 tests, with 0 failures (0 unexpected) in 77.550 (77.550) seconds
Test Suite 'SmartPreviewNativeWorkflowTests' started at 2026-09-28 18:09:52.594.
Test Case '-[TesseraCoreTests.SmartPreviewNativeWorkflowTests testActualCachedThumbnailAfterOriginalDisconnect]' started.
develop original L2 calibration [first, tone, WB] ms: CPU [451.685334, 188.857792, 219.72175]; GPU [269.133959, 1.5497919999999998, 6.666625]
Test Case '-[TesseraCoreTests.SmartPreviewNativeWorkflowTests testActualCachedThumbnailAfterOriginalDisconnect]' passed (4.886 seconds).
Test Case '-[TesseraCoreTests.SmartPreviewNativeWorkflowTests testActualSwiftBridgeOfflineLibraryRenderSaveReopenAndReconnect]' started.
develop original L2 calibration [first, tone, WB] ms: CPU [445.303584, 189.69966699999998, 217.947458]; GPU [464.57075, 2.414917, 8.628041]
develop Smart Preview L0 calibration [first, tone, WB] ms: CPU [167.652208, 171.01470899999998, 175.536583]; GPU [27.162083, 2.8024590000000003, 11.364167]
develop Smart Preview L0 calibration [first, tone, WB] ms: CPU [164.591625, 166.634167, 169.845416]; GPU [25.677249999999997, 2.497375, 10.754167]
develop original L2 calibration [first, tone, WB] ms: CPU [458.41949999999997, 191.433708, 216.820541]; GPU [396.602958, 1.4569159999999999, 7.366499999999999]
Test Case '-[TesseraCoreTests.SmartPreviewNativeWorkflowTests testActualSwiftBridgeOfflineLibraryRenderSaveReopenAndReconnect]' passed (5.297 seconds).
Test Suite 'SmartPreviewNativeWorkflowTests' passed at 2026-09-28 18:10:02.777.
	 Executed 2 tests, with 0 failures (0 unexpected) in 10.183 (10.183) seconds
Test Suite 'SmartPreviewThumbnailTests' started at 2026-09-28 18:10:02.777.
Test Case '-[TesseraCoreTests.SmartPreviewThumbnailTests testCancelledRetryWaitTerminatesWithoutAnotherNativeCall]' started.
Test Case '-[TesseraCoreTests.SmartPreviewThumbnailTests testCancelledRetryWaitTerminatesWithoutAnotherNativeCall]' passed (0.009 seconds).
Test Case '-[TesseraCoreTests.SmartPreviewThumbnailTests testExplicitRoleChoosesExactlyOneAPIAndNeverFallsBack]' started.
Test Case '-[TesseraCoreTests.SmartPreviewThumbnailTests testExplicitRoleChoosesExactlyOneAPIAndNeverFallsBack]' passed (0.009 seconds).
Test Case '-[TesseraCoreTests.SmartPreviewThumbnailTests testInvalidatedProxyWorkerCannotRepopulateCacheOrDeliverOldResult]' started.
Test Case '-[TesseraCoreTests.SmartPreviewThumbnailTests testInvalidatedProxyWorkerCannotRepopulateCacheOrDeliverOldResult]' passed (0.010 seconds).
Test Case '-[TesseraCoreTests.SmartPreviewThumbnailTests testOriginalCacheCannotSatisfySameImageProxyRequest]' started.
Test Case '-[TesseraCoreTests.SmartPreviewThumbnailTests testOriginalCacheCannotSatisfySameImageProxyRequest]' passed (0.010 seconds).
Test Case '-[TesseraCoreTests.SmartPreviewThumbnailTests testOriginalErrorsRemainTerminalWithoutRetry]' started.
Test Case '-[TesseraCoreTests.SmartPreviewThumbnailTests testOriginalErrorsRemainTerminalWithoutRetry]' passed (0.008 seconds).
Test Case '-[TesseraCoreTests.SmartPreviewThumbnailTests testPendingProxyUsesBufferedReadyEventAndKeepsSource]' started.
Test Case '-[TesseraCoreTests.SmartPreviewThumbnailTests testPendingProxyUsesBufferedReadyEventAndKeepsSource]' passed (0.009 seconds).
Test Case '-[TesseraCoreTests.SmartPreviewThumbnailTests testPersistentProxyFailureHasBoundedCallsAndNoPendingPlaceholderFlight]' started.
Test Case '-[TesseraCoreTests.SmartPreviewThumbnailTests testPersistentProxyFailureHasBoundedCallsAndNoPendingPlaceholderFlight]' passed (0.010 seconds).
Test Case '-[TesseraCoreTests.SmartPreviewThumbnailTests testReconnectDropsProxyFlightAndDoesNotShareOriginalCache]' started.
Test Case '-[TesseraCoreTests.SmartPreviewThumbnailTests testReconnectDropsProxyFlightAndDoesNotShareOriginalCache]' passed (0.008 seconds).
Test Case '-[TesseraCoreTests.SmartPreviewThumbnailTests testSupersessionDuringRetrySuppressesOldRetryAndDeliversReplacement]' started.
Test Case '-[TesseraCoreTests.SmartPreviewThumbnailTests testSupersessionDuringRetrySuppressesOldRetryAndDeliversReplacement]' passed (0.008 seconds).
Test Case '-[TesseraCoreTests.SmartPreviewThumbnailTests testTransientProxyErrorRetriesWithinSameFlightThenDelivers]' started.
Test Case '-[TesseraCoreTests.SmartPreviewThumbnailTests testTransientProxyErrorRetriesWithinSameFlightThenDelivers]' passed (0.008 seconds).
Test Suite 'SmartPreviewThumbnailTests' passed at 2026-09-28 18:10:02.866.
	 Executed 10 tests, with 0 failures (0 unexpected) in 0.089 (0.089) seconds
Test Suite 'SmartPreviewUITests' started at 2026-09-28 18:10:02.866.
Test Case '-[TesseraCoreTests.SmartPreviewUITests testAbsentPreferenceDefaultsToOriginalAndPreservesExplicitSavedChoice]' started.
Test Case '-[TesseraCoreTests.SmartPreviewUITests testAbsentPreferenceDefaultsToOriginalAndPreservesExplicitSavedChoice]' passed (0.002 seconds).
Test Case '-[TesseraCoreTests.SmartPreviewUITests testAssetMutationsInvalidateThumbnailsBeforeAndAfterNativeDrain]' started.
Test Case '-[TesseraCoreTests.SmartPreviewUITests testAssetMutationsInvalidateThumbnailsBeforeAndAfterNativeDrain]' passed (0.000 seconds).
Test Case '-[TesseraCoreTests.SmartPreviewUITests testBadgesDescribeOfflinePendingConflictAndActualRoute]' started.
Test Case '-[TesseraCoreTests.SmartPreviewUITests testBadgesDescribeOfflinePendingConflictAndActualRoute]' passed (0.000 seconds).
Test Case '-[TesseraCoreTests.SmartPreviewUITests testBatchCancelDrainsCurrentPhotoThenStopsAndRetainsOutcome]' started.
Test Case '-[TesseraCoreTests.SmartPreviewUITests testBatchCancelDrainsCurrentPhotoThenStopsAndRetainsOutcome]' passed (0.000 seconds).
Test Case '-[TesseraCoreTests.SmartPreviewUITests testClearedSelectionAndSeparateOwnerIgnoreOldCompletion]' started.
Test Case '-[TesseraCoreTests.SmartPreviewUITests testClearedSelectionAndSeparateOwnerIgnoreOldCompletion]' passed (0.000 seconds).
Test Case '-[TesseraCoreTests.SmartPreviewUITests testConflictFailedAndDirtySyncAreNotSuccessAndDirtyDiscardNeverCallsNative]' started.
Test Case '-[TesseraCoreTests.SmartPreviewUITests testConflictFailedAndDirtySyncAreNotSuccessAndDirtyDiscardNeverCallsNative]' passed (0.000 seconds).
Test Case '-[TesseraCoreTests.SmartPreviewUITests testFailedValidationCannotUsePresentationAsOpeningAuthority]' started.
Test Case '-[TesseraCoreTests.SmartPreviewUITests testFailedValidationCannotUsePresentationAsOpeningAuthority]' passed (0.000 seconds).
Test Case '-[TesseraCoreTests.SmartPreviewUITests testLocalProxySaveKeepsThumbnailWarningButOpeningValidatesAgain]' started.
Test Case '-[TesseraCoreTests.SmartPreviewUITests testLocalProxySaveKeepsThumbnailWarningButOpeningValidatesAgain]' passed (0.000 seconds).
Test Case '-[TesseraCoreTests.SmartPreviewUITests testOfflineAndPendingLibraryBadgesDisclosePreSyncThumbnail]' started.
Test Case '-[TesseraCoreTests.SmartPreviewUITests testOfflineAndPendingLibraryBadgesDisclosePreSyncThumbnail]' passed (0.000 seconds).
Test Case '-[TesseraCoreTests.SmartPreviewUITests testOfflineExistingPreviewOffersExplicitUseRatherThanRebuildOrSync]' started.
Test Case '-[TesseraCoreTests.SmartPreviewUITests testOfflineExistingPreviewOffersExplicitUseRatherThanRebuildOrSync]' passed (0.000 seconds).
Test Case '-[TesseraCoreTests.SmartPreviewUITests testOnlyCleanMissingPreviewFallsBackToAvailableOriginal]' started.
Test Case '-[TesseraCoreTests.SmartPreviewUITests testOnlyCleanMissingPreviewFallsBackToAvailableOriginal]' passed (0.000 seconds).
Test Case '-[TesseraCoreTests.SmartPreviewUITests testOpeningCancelsIfSelectionChangesAwayAndBackDuringRead]' started.
Test Case '-[TesseraCoreTests.SmartPreviewUITests testOpeningCancelsIfSelectionChangesAwayAndBackDuringRead]' passed (0.000 seconds).
Test Case '-[TesseraCoreTests.SmartPreviewUITests testOpeningFollowsReplacementSamePhotoStatusRead]' started.
Test Case '-[TesseraCoreTests.SmartPreviewUITests testOpeningFollowsReplacementSamePhotoStatusRead]' passed (0.000 seconds).
Test Case '-[TesseraCoreTests.SmartPreviewUITests testOriginalSaveDoesNotInventProxyPresentation]' started.
Test Case '-[TesseraCoreTests.SmartPreviewUITests testOriginalSaveDoesNotInventProxyPresentation]' passed (0.000 seconds).
Test Case '-[TesseraCoreTests.SmartPreviewUITests testProxyRenderedLibraryCopyKeepsSaveWarningWithoutLastSyncedClaim]' started.
Test Case '-[TesseraCoreTests.SmartPreviewUITests testProxyRenderedLibraryCopyKeepsSaveWarningWithoutLastSyncedClaim]' passed (0.000 seconds).
Test Case '-[TesseraCoreTests.SmartPreviewUITests testRapidSelectionOnlyDecodesActiveAndLatestPhoto]' started.
Test Case '-[TesseraCoreTests.SmartPreviewUITests testRapidSelectionOnlyDecodesActiveAndLatestPhoto]' passed (0.000 seconds).
Test Case '-[TesseraCoreTests.SmartPreviewUITests testRepeatedSelectionAndOpeningShareOneStatusRead]' started.
Test Case '-[TesseraCoreTests.SmartPreviewUITests testRepeatedSelectionAndOpeningShareOneStatusRead]' passed (0.000 seconds).
Test Case '-[TesseraCoreTests.SmartPreviewUITests testRouteUsesRequestedSessionAndNeverFallsBackAfterProxyFailure]' started.
Test Case '-[TesseraCoreTests.SmartPreviewUITests testRouteUsesRequestedSessionAndNeverFallsBackAfterProxyFailure]' passed (0.000 seconds).
Test Case '-[TesseraCoreTests.SmartPreviewUITests testSavedStateInvalidationDoesNotAutomaticallyHashAssets]' started.
Test Case '-[TesseraCoreTests.SmartPreviewUITests testSavedStateInvalidationDoesNotAutomaticallyHashAssets]' passed (0.000 seconds).
Test Case '-[TesseraCoreTests.SmartPreviewUITests testSelectionGenerationSuppressesOldInfoCompletion]' started.
Test Case '-[TesseraCoreTests.SmartPreviewUITests testSelectionGenerationSuppressesOldInfoCompletion]' passed (0.000 seconds).
Test Case '-[TesseraCoreTests.SmartPreviewUITests testSelectionReadStartedBeforeBatchCannotOverwriteNewOutcome]' started.
Test Case '-[TesseraCoreTests.SmartPreviewUITests testSelectionReadStartedBeforeBatchCannotOverwriteNewOutcome]' passed (0.000 seconds).
Test Case '-[TesseraCoreTests.SmartPreviewUITests testStaleOpenerCannotRetargetCurrentSelectionOrStartAnotherRead]' started.
Test Case '-[TesseraCoreTests.SmartPreviewUITests testStaleOpenerCannotRetargetCurrentSelectionOrStartAnotherRead]' passed (0.000 seconds).
Test Suite 'SmartPreviewUITests' passed at 2026-09-28 18:10:02.873.
	 Executed 22 tests, with 0 failures (0 unexpected) in 0.006 (0.007) seconds
Test Suite 'StagedLibraryFilterTests' started at 2026-09-28 18:10:02.873.
Test Case '-[TesseraCoreTests.StagedLibraryFilterTests testExplicitRetryCommitsAllEditsStagedAfterFailedClose]' started.
develop original L2 calibration [first, tone, WB] ms: CPU [0.40945800000000004, 0.273542, 0.314875]; GPU [1.0668330000000001, 0.738583, 0.749791]
Test Case '-[TesseraCoreTests.StagedLibraryFilterTests testExplicitRetryCommitsAllEditsStagedAfterFailedClose]' passed (0.039 seconds).
Test Case '-[TesseraCoreTests.StagedLibraryFilterTests testFilterAndFacetRequestDuringLayersSaveCancelOnlyItsDestination]' started.
develop original L2 calibration [first, tone, WB] ms: CPU [0.402375, 0.34925, 0.289291]; GPU [1.218625, 0.7537079999999999, 0.763333]
Test Case '-[TesseraCoreTests.StagedLibraryFilterTests testFilterAndFacetRequestDuringLayersSaveCancelOnlyItsDestination]' passed (0.034 seconds).
Test Case '-[TesseraCoreTests.StagedLibraryFilterTests testHeldCloseComposesDistinctPersonFacets]' started.
develop original L2 calibration [first, tone, WB] ms: CPU [0.38587499999999997, 0.27458400000000005, 0.363834]; GPU [1.155334, 0.749709, 0.784]
Test Case '-[TesseraCoreTests.StagedLibraryFilterTests testHeldCloseComposesDistinctPersonFacets]' passed (0.036 seconds).
Test Case '-[TesseraCoreTests.StagedLibraryFilterTests testHeldCloseComposesRepeatedTextAndCancellingPersonToggle]' started.
develop original L2 calibration [first, tone, WB] ms: CPU [0.368041, 0.264292, 0.308375]; GPU [1.1379579999999998, 0.980666, 0.7909590000000001]
Test Case '-[TesseraCoreTests.StagedLibraryFilterTests testHeldCloseComposesRepeatedTextAndCancellingPersonToggle]' passed (0.036 seconds).
Test Case '-[TesseraCoreTests.StagedLibraryFilterTests testHeldCloseComposesTwoFilterFieldsWithoutEarlyPublication]' started.
develop original L2 calibration [first, tone, WB] ms: CPU [0.380375, 0.26337499999999997, 0.285958]; GPU [1.0719589999999999, 0.754291, 0.92725]
Test Case '-[TesseraCoreTests.StagedLibraryFilterTests testHeldCloseComposesTwoFilterFieldsWithoutEarlyPublication]' passed (0.034 seconds).
Test Case '-[TesseraCoreTests.StagedLibraryFilterTests testKeepEditingDiscardsFailedFilterDraft]' started.
develop original L2 calibration [first, tone, WB] ms: CPU [0.37375, 0.29645900000000003, 0.299792]; GPU [1.0695, 0.808333, 0.860959]
Test Case '-[TesseraCoreTests.StagedLibraryFilterTests testKeepEditingDiscardsFailedFilterDraft]' passed (0.043 seconds).
Test Case '-[TesseraCoreTests.StagedLibraryFilterTests testOwnerReplacementDropsHeldFilterDraft]' started.
develop original L2 calibration [first, tone, WB] ms: CPU [0.39879200000000004, 0.267833, 0.267875]; GPU [1.477625, 0.877083, 0.940125]
Test Case '-[TesseraCoreTests.StagedLibraryFilterTests testOwnerReplacementDropsHeldFilterDraft]' passed (0.035 seconds).
Test Case '-[TesseraCoreTests.StagedLibraryFilterTests testPersonFacetAloneDuringLayersSaveCancelsItsDestination]' started.
develop original L2 calibration [first, tone, WB] ms: CPU [0.40900000000000003, 0.265792, 0.289083]; GPU [1.426667, 0.869541, 1.805542]
Test Case '-[TesseraCoreTests.StagedLibraryFilterTests testPersonFacetAloneDuringLayersSaveCancelsItsDestination]' passed (0.035 seconds).
Test Case '-[TesseraCoreTests.StagedLibraryFilterTests testUnrelatedNavigationSupersedesHeldFilterDraft]' started.
develop original L2 calibration [first, tone, WB] ms: CPU [0.41895899999999997, 0.266833, 0.29120799999999997]; GPU [1.3317080000000001, 1.047833, 0.668083]
Test Case '-[TesseraCoreTests.StagedLibraryFilterTests testUnrelatedNavigationSupersedesHeldFilterDraft]' passed (0.036 seconds).
Test Suite 'StagedLibraryFilterTests' passed at 2026-09-28 18:10:03.202.
	 Executed 9 tests, with 0 failures (0 unexpected) in 0.328 (0.329) seconds
Test Suite 'StubDocumentBackendTests' started at 2026-09-28 18:10:03.202.
Test Case '-[TesseraCoreTests.StubDocumentBackendTests testCompositeHasTransparentMarginAndThumbnailsAreCached]' started.
Test Case '-[TesseraCoreTests.StubDocumentBackendTests testCompositeHasTransparentMarginAndThumbnailsAreCached]' passed (0.014 seconds).
Test Case '-[TesseraCoreTests.StubDocumentBackendTests testDragPlanAppliesThroughMoveLayer]' started.
Test Case '-[TesseraCoreTests.StubDocumentBackendTests testDragPlanAppliesThroughMoveLayer]' passed (0.000 seconds).
Test Case '-[TesseraCoreTests.StubDocumentBackendTests testInteractiveEditsWaitForCommit]' started.
Test Case '-[TesseraCoreTests.StubDocumentBackendTests testInteractiveEditsWaitForCommit]' passed (0.000 seconds).
Test Case '-[TesseraCoreTests.StubDocumentBackendTests testSaveOpenAndExport]' started.
Test Case '-[TesseraCoreTests.StubDocumentBackendTests testSaveOpenAndExport]' passed (0.148 seconds).
Test Case '-[TesseraCoreTests.StubDocumentBackendTests testStructuralEdits]' started.
Test Case '-[TesseraCoreTests.StubDocumentBackendTests testStructuralEdits]' passed (0.000 seconds).
Test Case '-[TesseraCoreTests.StubDocumentBackendTests testUndoRedoCheckoutAndSnapshots]' started.
Test Case '-[TesseraCoreTests.StubDocumentBackendTests testUndoRedoCheckoutAndSnapshots]' passed (0.000 seconds).
Test Case '-[TesseraCoreTests.StubDocumentBackendTests testViewportFramesArriveOnTheListener]' started.
Test Case '-[TesseraCoreTests.StubDocumentBackendTests testViewportFramesArriveOnTheListener]' passed (0.028 seconds).
Test Suite 'StubDocumentBackendTests' passed at 2026-09-28 18:10:03.394.
	 Executed 7 tests, with 0 failures (0 unexpected) in 0.191 (0.192) seconds
Test Suite 'SuggestionChipTests' started at 2026-09-28 18:10:03.394.
Test Case '-[TesseraCoreTests.SuggestionChipTests testBridgeRecordConversion]' started.
Test Case '-[TesseraCoreTests.SuggestionChipTests testBridgeRecordConversion]' passed (0.000 seconds).
Test Case '-[TesseraCoreTests.SuggestionChipTests testClickAcceptsOneAndRejectRemovesOne]' started.
Test Case '-[TesseraCoreTests.SuggestionChipTests testClickAcceptsOneAndRejectRemovesOne]' passed (0.000 seconds).
Test Case '-[TesseraCoreTests.SuggestionChipTests testOrderingDeduplicationAndMapping]' started.
Test Case '-[TesseraCoreTests.SuggestionChipTests testOrderingDeduplicationAndMapping]' passed (0.000 seconds).
Test Case '-[TesseraCoreTests.SuggestionChipTests testReplaceKeepsTheThreshold]' started.
Test Case '-[TesseraCoreTests.SuggestionChipTests testReplaceKeepsTheThreshold]' passed (0.000 seconds).
Test Case '-[TesseraCoreTests.SuggestionChipTests testShiftClickAcceptsEverythingAtOrAboveTheThreshold]' started.
Test Case '-[TesseraCoreTests.SuggestionChipTests testShiftClickAcceptsEverythingAtOrAboveTheThreshold]' passed (0.000 seconds).
Test Suite 'SuggestionChipTests' passed at 2026-09-28 18:10:03.396.
	 Executed 5 tests, with 0 failures (0 unexpected) in 0.002 (0.002) seconds
Test Suite 'TetherBridgeTests' started at 2026-09-28 18:10:03.396.
Test Case '-[TesseraCoreTests.TetherBridgeTests testFakeCameraFrameArrivesNamedIndexedAndScored]' started.
Test Case '-[TesseraCoreTests.TetherBridgeTests testFakeCameraFrameArrivesNamedIndexedAndScored]' passed (0.295 seconds).
Test Case '-[TesseraCoreTests.TetherBridgeTests testLaunchArguments]' started.
Test Case '-[TesseraCoreTests.TetherBridgeTests testLaunchArguments]' passed (0.000 seconds).
Test Suite 'TetherBridgeTests' passed at 2026-09-28 18:10:03.691.
	 Executed 2 tests, with 0 failures (0 unexpected) in 0.295 (0.295) seconds
Test Suite 'TetherNamingTests' started at 2026-09-28 18:10:03.691.
Test Case '-[TesseraCoreTests.TetherNamingTests testRejectsWhatTheEngineRejects]' started.
Test Case '-[TesseraCoreTests.TetherNamingTests testRejectsWhatTheEngineRejects]' passed (0.001 seconds).
Test Case '-[TesseraCoreTests.TetherNamingTests testRendersTokensWithFourDigitSequence]' started.
Test Case '-[TesseraCoreTests.TetherNamingTests testRendersTokensWithFourDigitSequence]' passed (0.000 seconds).
Test Case '-[TesseraCoreTests.TetherNamingTests testSessionNames]' started.
Test Case '-[TesseraCoreTests.TetherNamingTests testSessionNames]' passed (0.000 seconds).
Test Case '-[TesseraCoreTests.TetherNamingTests testTokenMenuInsertsBeforeTheExtension]' started.
Test Case '-[TesseraCoreTests.TetherNamingTests testTokenMenuInsertsBeforeTheExtension]' passed (0.000 seconds).
Test Suite 'TetherNamingTests' passed at 2026-09-28 18:10:03.693.
	 Executed 4 tests, with 0 failures (0 unexpected) in 0.001 (0.002) seconds
Test Suite 'ThemeLintTests' started at 2026-09-28 18:10:03.693.
Test Case '-[TesseraCoreTests.ThemeLintTests testViewsUseThemeTokensOnly]' started.
/Users/rutmehta/.codex/worktrees/render-resource-bounds/tessera/apps/mac/Tests/TesseraCoreTests/ThemeLintTests.swift:55: error: -[TesseraCoreTests.ThemeLintTests testViewsUseThemeTokensOnly] : XCTAssertTrue failed - Use Theme tokens (DESIGN.md):
Document/DocumentHistoryHeightControl.swift:57: ad-hoc NSFont: readout.font = .monospacedDigitSystemFont(ofSize: NSFont.smallSystemFontSize, weight: .regular)
Test Case '-[TesseraCoreTests.ThemeLintTests testViewsUseThemeTokensOnly]' failed (0.248 seconds).
Test Suite 'ThemeLintTests' failed at 2026-09-28 18:10:03.941.
	 Executed 1 test, with 1 failure (0 unexpected) in 0.248 (0.248) seconds
Test Suite 'ThumbnailFlightDrainTests' started at 2026-09-28 18:10:03.941.
Test Case '-[TesseraCoreTests.ThumbnailFlightDrainTests testCachedHitNeedsNoFlightHandle]' started.
Test Case '-[TesseraCoreTests.ThumbnailFlightDrainTests testCachedHitNeedsNoFlightHandle]' passed (0.001 seconds).
Test Case '-[TesseraCoreTests.ThumbnailFlightDrainTests testCancelledCoalescedSubscriberSharesRunningDrain]' started.
Test Case '-[TesseraCoreTests.ThumbnailFlightDrainTests testCancelledCoalescedSubscriberSharesRunningDrain]' passed (0.007 seconds).
Test Case '-[TesseraCoreTests.ThumbnailFlightDrainTests testCancelledPendingReplacementWaitsForOlderSameKeyWorker]' started.
Test Case '-[TesseraCoreTests.ThumbnailFlightDrainTests testCancelledPendingReplacementWaitsForOlderSameKeyWorker]' passed (0.007 seconds).
Test Case '-[TesseraCoreTests.ThumbnailFlightDrainTests testInvalidateDetachesSubscriberButWaitsForRunningWorkerDrain]' started.
Test Case '-[TesseraCoreTests.ThumbnailFlightDrainTests testInvalidateDetachesSubscriberButWaitsForRunningWorkerDrain]' passed (0.007 seconds).
Test Case '-[TesseraCoreTests.ThumbnailFlightDrainTests testPendingOnlyCancellationDrainsImmediately]' started.
Test Case '-[TesseraCoreTests.ThumbnailFlightDrainTests testPendingOnlyCancellationDrainsImmediately]' passed (0.001 seconds).
Test Case '-[TesseraCoreTests.ThumbnailFlightDrainTests testRemoveAllAndLoaderReleaseDoNotStrandRunningDrain]' started.
Test Case '-[TesseraCoreTests.ThumbnailFlightDrainTests testRemoveAllAndLoaderReleaseDoNotStrandRunningDrain]' passed (0.007 seconds).
Test Suite 'ThumbnailFlightDrainTests' passed at 2026-09-28 18:10:03.971.
	 Executed 6 tests, with 0 failures (0 unexpected) in 0.029 (0.030) seconds
Test Suite 'ThumbnailQueueTests' started at 2026-09-28 18:10:03.971.
Test Case '-[TesseraCoreTests.ThumbnailQueueTests testCancelAndImmediatelyResubscribeDoesNotOverlapSameKey]' started.
Test Case '-[TesseraCoreTests.ThumbnailQueueTests testCancelAndImmediatelyResubscribeDoesNotOverlapSameKey]' passed (0.001 seconds).
Test Case '-[TesseraCoreTests.ThumbnailQueueTests testCancellingSharedSubscriberKeepsOtherTierAndSubscriber]' started.
Test Case '-[TesseraCoreTests.ThumbnailQueueTests testCancellingSharedSubscriberKeepsOtherTierAndSubscriber]' passed (0.010 seconds).
Test Case '-[TesseraCoreTests.ThumbnailQueueTests testGridAndFilmstripShareOneDecodedImage]' started.
Test Case '-[TesseraCoreTests.ThumbnailQueueTests testGridAndFilmstripShareOneDecodedImage]' passed (0.001 seconds).
Test Case '-[TesseraCoreTests.ThumbnailQueueTests testLateSubscriberAfterCacheEvictionStillReceivesResult]' started.
Test Case '-[TesseraCoreTests.ThumbnailQueueTests testLateSubscriberAfterCacheEvictionStillReceivesResult]' passed (0.001 seconds).
Test Case '-[TesseraCoreTests.ThumbnailQueueTests testLoupeIsNextAdmissionAheadOfThumbnailBacklog]' started.
Test Case '-[TesseraCoreTests.ThumbnailQueueTests testLoupeIsNextAdmissionAheadOfThumbnailBacklog]' passed (0.010 seconds).
Test Case '-[TesseraCoreTests.ThumbnailQueueTests testMixedTiersShareViewportPendingBudget]' started.
Test Case '-[TesseraCoreTests.ThumbnailQueueTests testMixedTiersShareViewportPendingBudget]' passed (0.000 seconds).
Test Case '-[TesseraCoreTests.ThumbnailQueueTests testPendingCancellationRemovesSubscriberSynchronously]' started.
Test Case '-[TesseraCoreTests.ThumbnailQueueTests testPendingCancellationRemovesSubscriberSynchronously]' passed (0.000 seconds).
Test Case '-[TesseraCoreTests.ThumbnailQueueTests testReentrantInvalidationPreventsOtherSharedDeliveryAndCanReload]' started.
Test Case '-[TesseraCoreTests.ThumbnailQueueTests testReentrantInvalidationPreventsOtherSharedDeliveryAndCanReload]' passed (0.001 seconds).
Test Case '-[TesseraCoreTests.ThumbnailQueueTests testTwentyThousandRequestsKeepOnlyNewestBoundedBacklog]' started.
Test Case '-[TesseraCoreTests.ThumbnailQueueTests testTwentyThousandRequestsKeepOnlyNewestBoundedBacklog]' passed (0.393 seconds).
Test Case '-[TesseraCoreTests.ThumbnailQueueTests testTwentyThousandReversalDeliversOnlyFinalViewport]' started.
Test Case '-[TesseraCoreTests.ThumbnailQueueTests testTwentyThousandReversalDeliversOnlyFinalViewport]' passed (0.514 seconds).
Test Case '-[TesseraCoreTests.ThumbnailQueueTests testViewportOwnersResizeAndReleaseBound]' started.
Test Case '-[TesseraCoreTests.ThumbnailQueueTests testViewportOwnersResizeAndReleaseBound]' passed (0.002 seconds).
Test Suite 'ThumbnailQueueTests' passed at 2026-09-28 18:10:04.903.
	 Executed 11 tests, with 0 failures (0 unexpected) in 0.931 (0.932) seconds
Test Suite 'ThumbnailViewportTests' started at 2026-09-28 18:10:04.903.
Test Case '-[TesseraCoreTests.ThumbnailViewportTests testHiddenRetainedGridDoesNotContributeViewportBudget]' started.
Test Case '-[TesseraCoreTests.ThumbnailViewportTests testHiddenRetainedGridDoesNotContributeViewportBudget]' passed (0.002 seconds).
Test Suite 'ThumbnailViewportTests' passed at 2026-09-28 18:10:04.906.
	 Executed 1 test, with 0 failures (0 unexpected) in 0.002 (0.002) seconds
Test Suite 'TransformLensBlurTests' started at 2026-09-28 18:10:04.906.
Test Case '-[TesseraCoreTests.TransformLensBlurTests testAIDenoiseTogglesTheNeuralModeAndAmount]' started.
Test Case '-[TesseraCoreTests.TransformLensBlurTests testAIDenoiseTogglesTheNeuralModeAndAmount]' passed (0.000 seconds).
Test Case '-[TesseraCoreTests.TransformLensBlurTests testGuidedEditorKeepsTwoToFourGuidesInTheImage]' started.
Test Case '-[TesseraCoreTests.TransformLensBlurTests testGuidedEditorKeepsTwoToFourGuidesInTheImage]' passed (0.000 seconds).
Test Case '-[TesseraCoreTests.TransformLensBlurTests testLensBlurApplyBokehAndFocalRange]' started.
Test Case '-[TesseraCoreTests.TransformLensBlurTests testLensBlurApplyBokehAndFocalRange]' passed (0.000 seconds).
Test Case '-[TesseraCoreTests.TransformLensBlurTests testTransformSlidersWriteTheirPatchesAndResetPerGroup]' started.
Test Case '-[TesseraCoreTests.TransformLensBlurTests testTransformSlidersWriteTheirPatchesAndResetPerGroup]' passed (0.000 seconds).
Test Case '-[TesseraCoreTests.TransformLensBlurTests testUprightButtonsWriteTheirModeAndClearGuides]' started.
Test Case '-[TesseraCoreTests.TransformLensBlurTests testUprightButtonsWriteTheirModeAndClearGuides]' passed (0.000 seconds).
Test Suite 'TransformLensBlurTests' passed at 2026-09-28 18:10:04.907.
	 Executed 5 tests, with 0 failures (0 unexpected) in 0.001 (0.001) seconds
Test Suite 'TransformSessionTests' started at 2026-09-28 18:10:04.907.
Test Case '-[TesseraCoreTests.TransformSessionTests testTransformDragsAndUprightButtonsAreOneHistoryStepEach]' started.
develop original L2 calibration [first, tone, WB] ms: CPU [447.009208, 190.748375, 217.14725]; GPU [310.564208, 1.770958, 7.000833]
Test Case '-[TesseraCoreTests.TransformSessionTests testTransformDragsAndUprightButtonsAreOneHistoryStepEach]' passed (4.299 seconds).
Test Case '-[TesseraCoreTests.TransformSessionTests testUprightAutoChangesTheRenderedFrame]' started.
develop original L2 calibration [first, tone, WB] ms: CPU [446.44812499999995, 195.496084, 221.132625]; GPU [270.26375, 1.899916, 6.557167]
Test Case '-[TesseraCoreTests.TransformSessionTests testUprightAutoChangesTheRenderedFrame]' passed (20.356 seconds).
Test Suite 'TransformSessionTests' passed at 2026-09-28 18:10:29.562.
	 Executed 2 tests, with 0 failures (0 unexpected) in 24.655 (24.655) seconds
Test Suite 'UncorrectedPlacementTests' started at 2026-09-28 18:10:29.562.
Test Case '-[TesseraCoreTests.UncorrectedPlacementTests testGuidedEnterAndExitToggleTheUncorrectedView]' started.
Test Case '-[TesseraCoreTests.UncorrectedPlacementTests testGuidedEnterAndExitToggleTheUncorrectedView]' passed (0.000 seconds).
Test Suite 'UncorrectedPlacementTests' passed at 2026-09-28 18:10:29.562.
	 Executed 1 test, with 0 failures (0 unexpected) in 0.000 (0.000) seconds
Test Suite 'WorkspaceBrowserRestoreTests' started at 2026-09-28 18:10:29.562.
Test Case '-[TesseraCoreTests.WorkspaceBrowserRestoreTests testReturnRestoresGridAnchorWithoutFocusSnap]' started.
Test Case '-[TesseraCoreTests.WorkspaceBrowserRestoreTests testReturnRestoresGridAnchorWithoutFocusSnap]' passed (0.018 seconds).
Test Case '-[TesseraCoreTests.WorkspaceBrowserRestoreTests testReviewEditRoundTripRestoresNativeAnchorAfterColumnResize]' started.
Test Case '-[TesseraCoreTests.WorkspaceBrowserRestoreTests testReviewEditRoundTripRestoresNativeAnchorAfterColumnResize]' passed (0.017 seconds).
Test Suite 'WorkspaceBrowserRestoreTests' passed at 2026-09-28 18:10:29.597.
	 Executed 2 tests, with 0 failures (0 unexpected) in 0.035 (0.035) seconds
Test Suite 'WorkspaceNavigationTests' started at 2026-09-28 18:10:29.597.
Test Case '-[TesseraCoreTests.WorkspaceNavigationTests testChangingSourceExitsEditWithoutRestoringOldSource]' started.
Test Case '-[TesseraCoreTests.WorkspaceNavigationTests testChangingSourceExitsEditWithoutRestoringOldSource]' passed (0.000 seconds).
Test Case '-[TesseraCoreTests.WorkspaceNavigationTests testCompareReturnRestoresPairAndActiveSide]' started.
Test Case '-[TesseraCoreTests.WorkspaceNavigationTests testCompareReturnRestoresPairAndActiveSide]' passed (0.000 seconds).
Test Case '-[TesseraCoreTests.WorkspaceNavigationTests testEditTargetsOnePhotoAndReturnsOriginalSelection]' started.
Test Case '-[TesseraCoreTests.WorkspaceNavigationTests testEditTargetsOnePhotoAndReturnsOriginalSelection]' passed (0.000 seconds).
Test Case '-[TesseraCoreTests.WorkspaceNavigationTests testEveryExitDisarmsModelOwnedPointerTools]' started.
Test Case '-[TesseraCoreTests.WorkspaceNavigationTests testEveryExitDisarmsModelOwnedPointerTools]' passed (0.001 seconds).
Test Case '-[TesseraCoreTests.WorkspaceNavigationTests testInspectorTabKeepsTargetAndReturnState]' started.
Test Case '-[TesseraCoreTests.WorkspaceNavigationTests testInspectorTabKeepsTargetAndReturnState]' passed (0.000 seconds).
Test Case '-[TesseraCoreTests.WorkspaceNavigationTests testInstallingDifferentLibraryDiscardsBookmark]' started.
Test Case '-[TesseraCoreTests.WorkspaceNavigationTests testInstallingDifferentLibraryDiscardsBookmark]' passed (0.000 seconds).
Test Case '-[TesseraCoreTests.WorkspaceNavigationTests testPhotoEditUndoCannotConsumeCullHistory]' started.
Test Case '-[TesseraCoreTests.WorkspaceNavigationTests testPhotoEditUndoCannotConsumeCullHistory]' passed (0.000 seconds).
Test Case '-[TesseraCoreTests.WorkspaceNavigationTests testRenderedCopyRequestCapturesTargetAndCancelHasNoSideEffect]' started.
Test Case '-[TesseraCoreTests.WorkspaceNavigationTests testRenderedCopyRequestCapturesTargetAndCancelHasNoSideEffect]' passed (0.000 seconds).
Test Case '-[TesseraCoreTests.WorkspaceNavigationTests testScopeUsesCompareCandidateRatherThanOriginalSelection]' started.
Test Case '-[TesseraCoreTests.WorkspaceNavigationTests testScopeUsesCompareCandidateRatherThanOriginalSelection]' passed (0.000 seconds).
Test Case '-[TesseraCoreTests.WorkspaceNavigationTests testUnavailablePhotoExplainsItsActualStateInEdit]' started.
Test Case '-[TesseraCoreTests.WorkspaceNavigationTests testUnavailablePhotoExplainsItsActualStateInEdit]' passed (0.000 seconds).
Test Suite 'WorkspaceNavigationTests' passed at 2026-09-28 18:10:29.602.
	 Executed 10 tests, with 0 failures (0 unexpected) in 0.004 (0.004) seconds
Test Suite 'WorkspaceReadyPhotoTests' started at 2026-09-28 18:10:29.602.
Test Case '-[TesseraCoreTests.WorkspaceReadyPhotoTests testRealRAWDevelopAndMasksRemainReadyAcrossInspectorTabs]' started.
develop original L2 calibration [first, tone, WB] ms: CPU [449.247375, 189.177583, 216.466542]; GPU [284.032666, 2.275792, 9.777959]
Test Case '-[TesseraCoreTests.WorkspaceReadyPhotoTests testRealRAWDevelopAndMasksRemainReadyAcrossInspectorTabs]' passed (4.320 seconds).
Test Suite 'WorkspaceReadyPhotoTests' passed at 2026-09-28 18:10:33.922.
	 Executed 1 test, with 0 failures (0 unexpected) in 4.320 (4.321) seconds
Test Suite 'WorkspaceSelectionTests' started at 2026-09-28 18:10:33.922.
Test Case '-[TesseraCoreTests.WorkspaceSelectionTests testEmptyDestinationHasNoAccidentalTarget]' started.
Test Case '-[TesseraCoreTests.WorkspaceSelectionTests testEmptyDestinationHasNoAccidentalTarget]' passed (0.000 seconds).
Test Case '-[TesseraCoreTests.WorkspaceSelectionTests testRestorationUsesStableKeysAfterInsertionAndRemoval]' started.
Test Case '-[TesseraCoreTests.WorkspaceSelectionTests testRestorationUsesStableKeysAfterInsertionAndRemoval]' passed (0.000 seconds).
Test Suite 'WorkspaceSelectionTests' passed at 2026-09-28 18:10:33.922.
	 Executed 2 tests, with 0 failures (0 unexpected) in 0.000 (0.000) seconds
Test Suite 'TesseraPackageTests.xctest' failed at 2026-09-28 18:10:33.922.
	 Executed 720 tests, with 1 test skipped and 1 failure (0 unexpected) in 233.948 (234.007) seconds
Test Suite 'All tests' failed at 2026-09-28 18:10:33.923.
	 Executed 720 tests, with 1 test skipped and 1 failure (0 unexpected) in 233.948 (234.008) seconds
lensblur-export-warning: ["sony-arw.ARW: Lens Blur skipped: Lens Blur depth model is not cached; download depth/anything-v2-small in Models"]
M2-54 lookup count=1000 before_ms=0.028229951858520508 after_ms=0.002969503402709961
M2-54 lookup count=20000 before_ms=0.523219108581543 after_ms=0.0029599666595458984
M2-54 core_install_ms=0.16295909881591797 select_all_ms=0.02205371856689453
M2-54 warm_bottom_100 count=1000 before_median_ms=0.12195110321044922 median_ms=0.09703636169433594 max_ms=0.12302398681640625
M2-54 warm_bottom_100 count=20000 before_median_ms=0.6259679794311523 median_ms=0.0959634780883789 max_ms=0.14102458953857422
M2-54 warm_bottom_100 ratio=0.9889434889434889 target=1.2
P08 20k retained subscribers: 68
P08 20k forward/reverse: peak pending=24, active=4, subscribers=24, delivered=24, traceMs=513.2463332265615
upright-auto: 640x426 -> 640x426, 43.4% of pixels changed
◇ Test run started.
↳ Testing Library Version: 1902
↳ Target Platform: arm64e-apple-macos14.0
◇ Suite GroupingTests started.
◇ Suite CullStoreTests started.
◇ Test exifDateParsing() started.
◇ Test splitsOnGaps() started.
◇ Test syntheticLibraryIsGroupedAndSorted() started.
◇ Test decisionsGradesMarksBasket() started.
◇ Test undoRedo() started.
✔ Test decisionsGradesMarksBasket() passed after 0.001 seconds.
✔ Test undoRedo() passed after 0.001 seconds.
✔ Test splitsOnGaps() passed after 0.001 seconds.
✔ Test exifDateParsing() passed after 0.001 seconds.
✔ Suite CullStoreTests passed after 0.001 seconds.
✔ Test syntheticLibraryIsGroupedAndSorted() passed after 0.023 seconds.
✔ Suite GroupingTests passed after 0.023 seconds.
✔ Test run with 5 tests in 2 suites passed after 0.023 seconds.
