warning: libraw-ffi@0.1.0: vendor/LibRaw/LibRaw-0.22.2/src/write/file_write.cpp:78:3: warning: 'sprintf' is deprecated: This function is provided for compatibility reasons only.  Due to security concerns inherent in the design of sprintf(3), it is highly recommended that you use snprintf(3) instead. [-Wdeprecated-declarations]
warning: libraw-ffi@0.1.0:    78 |   sprintf(th->date, "%04d:%02d:%02d %02d:%02d:%02d", t->tm_year + 1900,
warning: libraw-ffi@0.1.0:       |   ^
warning: libraw-ffi@0.1.0: /Applications/Xcode.app/Contents/Developer/Platforms/MacOSX.platform/Developer/SDKs/MacOSX.sdk/usr/include/_stdio.h:278:1: note: 'sprintf' has been explicitly marked deprecated here
warning: libraw-ffi@0.1.0:   278 | __deprecated_msg("This function is provided for compatibility reasons only.  Due to security concerns inherent in the design of sprintf(3), it is highly recommended that you use snprintf(3) instead.")
warning: libraw-ffi@0.1.0:       | ^
warning: libraw-ffi@0.1.0: /Applications/Xcode.app/Contents/Developer/Platforms/MacOSX.platform/Developer/SDKs/MacOSX.sdk/usr/include/sys/cdefs.h:227:48: note: expanded from macro '__deprecated_msg'
warning: libraw-ffi@0.1.0:   227 |         #define __deprecated_msg(_msg) __attribute__((__deprecated__(_msg)))
warning: libraw-ffi@0.1.0:       |                                                       ^
warning: libraw-ffi@0.1.0: 1 warning generated.
warning: libraw-ffi@0.1.0: vendor/LibRaw/LibRaw-0.22.2/src/decompressors/losslessjpeg.cpp:24:9: warning: 'ZERO' macro redefined [-Wmacro-redefined]
warning: libraw-ffi@0.1.0:    24 | #define ZERO(a) do { memset(a,0,sizeof(a));} while(0)
warning: libraw-ffi@0.1.0:       |         ^
warning: libraw-ffi@0.1.0: vendor/LibRaw/LibRaw-0.22.2/src/decompressors/../../internal/libraw_cxx_defs.h:117:9: note: previous definition is here
warning: libraw-ffi@0.1.0:   117 | #define ZERO(a) memset(&a, 0, sizeof(a))
warning: libraw-ffi@0.1.0:       |         ^
warning: libraw-ffi@0.1.0: vendor/LibRaw/LibRaw-0.22.2/src/decompressors/losslessjpeg.cpp:375:17: warning: comparison of integers of different signs: 'int' and 'uint32_t' (aka 'unsigned int') [-Wsign-compare]
warning: libraw-ffi@0.1.0:   375 |           if (h >= tsize)
warning: libraw-ffi@0.1.0:       |               ~ ^  ~~~~~
warning: libraw-ffi@0.1.0: 2 warnings generated.
warning: libraw-ffi@0.1.0: vendor/LibRaw/LibRaw-0.22.2/src/libraw_datastream.cpp:138:48: warning: unused parameter 'jpegdata' [-Wunused-parameter]
warning: libraw-ffi@0.1.0:   138 | int LibRaw_abstract_datastream::jpeg_src(void *jpegdata)
warning: libraw-ffi@0.1.0:       |                                                ^
warning: libraw-ffi@0.1.0: vendor/LibRaw/LibRaw-0.22.2/src/libraw_datastream.cpp:452:46: warning: unused parameter 'jpegdata' [-Wunused-parameter]
warning: libraw-ffi@0.1.0:   452 | int LibRaw_buffer_datastream::jpeg_src(void *jpegdata)
warning: libraw-ffi@0.1.0:       |                                              ^
warning: libraw-ffi@0.1.0: 2 warnings generated.
warning: libraw-ffi@0.1.0: vendor/LibRaw/LibRaw-0.22.2/src/integration/dngsdk_glue.cpp:527:33: warning: unused parameter 'p' [-Wunused-parameter]
warning: libraw-ffi@0.1.0:   527 | void LibRaw::set_dng_host(void *p)
warning: libraw-ffi@0.1.0:       |                                 ^
warning: libraw-ffi@0.1.0: 1 warning generated.
warning: libraw-ffi@0.1.0: vendor/LibRaw/LibRaw-0.22.2/src/utils/open.cpp:476:11: warning: unused variable 'foveon_count' [-Wunused-const-variable]
warning: libraw-ffi@0.1.0:   476 | const int foveon_count = sizeof(foveon_data) / sizeof(foveon_data[0]);
warning: libraw-ffi@0.1.0:       |           ^~~~~~~~~~~~
warning: libraw-ffi@0.1.0: 1 warning generated.
warning: libraw-ffi@0.1.0: vendor/LibRaw/LibRaw-0.22.2/src/utils/thumb_utils.cpp:35:41: warning: comparison of integers of different signs: 'INT64' (aka 'long long') and 'unsigned long long' [-Wsign-compare]
warning: libraw-ffi@0.1.0:    35 |   if(INT64(T.theight) * INT64(T.twidth) > 1024ULL * 1024ULL * LIBRAW_MAX_THUMBNAIL_MB)
warning: libraw-ffi@0.1.0:       |      ~~~~~~~~~~~~~~~~~~~~~~~~~~~~~~~~~~ ^ ~~~~~~~~~~~~~~~~~~~~~~~~~~~~~~~~~~~~~~~~~~~
warning: libraw-ffi@0.1.0: vendor/LibRaw/LibRaw-0.22.2/src/utils/thumb_utils.cpp:38:42: warning: comparison of integers of different signs: 'INT64' (aka 'long long') and 'unsigned long long' [-Wsign-compare]
warning: libraw-ffi@0.1.0:    38 |   if (INT64(T.theight) * INT64(T.twidth) < 64ULL)
warning: libraw-ffi@0.1.0:       |       ~~~~~~~~~~~~~~~~~~~~~~~~~~~~~~~~~~ ^ ~~~~~
warning: libraw-ffi@0.1.0: 2 warnings generated.
warning: libraw-ffi@0.1.0: vendor/LibRaw/LibRaw-0.22.2/src/postprocessing/postprocessing_utils_dcrdefs.cpp:65:5: warning: 'sprintf' is deprecated: This function is provided for compatibility reasons only.  Due to security concerns inherent in the design of sprintf(3), it is highly recommended that you use snprintf(3) instead. [-Wdeprecated-declarations]
warning: libraw-ffi@0.1.0:    65 |     sprintf(prof_desc.data(), "%s gamma %g toe slope %g", name[output_color - 1], floor(1000. / gamm[0] + .5) / 1000.,
warning: libraw-ffi@0.1.0:       |     ^
warning: libraw-ffi@0.1.0: /Applications/Xcode.app/Contents/Developer/Platforms/MacOSX.platform/Developer/SDKs/MacOSX.sdk/usr/include/_stdio.h:278:1: note: 'sprintf' has been explicitly marked deprecated here
warning: libraw-ffi@0.1.0:   278 | __deprecated_msg("This function is provided for compatibility reasons only.  Due to security concerns inherent in the design of sprintf(3), it is highly recommended that you use snprintf(3) instead.")
warning: libraw-ffi@0.1.0:       | ^
warning: libraw-ffi@0.1.0: /Applications/Xcode.app/Contents/Developer/Platforms/MacOSX.platform/Developer/SDKs/MacOSX.sdk/usr/include/sys/cdefs.h:227:48: note: expanded from macro '__deprecated_msg'
warning: libraw-ffi@0.1.0:   227 |         #define __deprecated_msg(_msg) __attribute__((__deprecated__(_msg)))
warning: libraw-ffi@0.1.0:       |                                                       ^
warning: libraw-ffi@0.1.0: 1 warning generated.
warning: libraw-ffi@0.1.0: vendor/LibRaw/LibRaw-0.22.2/src/postprocessing/mem_image.cpp:43:24: warning: comparison of integers of different signs: 'INT64' (aka 'long long') and 'unsigned long long' [-Wsign-compare]
warning: libraw-ffi@0.1.0:    43 |   if (INT64(T.tlength) > 1024ULL * 1024ULL * LIBRAW_MAX_THUMBNAIL_MB)
warning: libraw-ffi@0.1.0:       |       ~~~~~~~~~~~~~~~~ ^ ~~~~~~~~~~~~~~~~~~~~~~~~~~~~~~~~~~~~~~~~~~~
warning: libraw-ffi@0.1.0: 1 warning generated.
warning: libraw-ffi@0.1.0: vendor/LibRaw/LibRaw-0.22.2/src/decoders/unpack_thumb.cpp:225:9: warning: comparison of integers of different signs: 'INT64' (aka 'long long') and 'unsigned long long' [-Wsign-compare]
warning: libraw-ffi@0.1.0:   225 |         THUMB_SIZE_CHECKWH(T.twidth, T.theight);
warning: libraw-ffi@0.1.0:       |         ^~~~~~~~~~~~~~~~~~~~~~~~~~~~~~~~~~~~~~~
warning: libraw-ffi@0.1.0: vendor/LibRaw/LibRaw-0.22.2/src/decoders/unpack_thumb.cpp:70:27: note: expanded from macro 'THUMB_SIZE_CHECKWH'
warning: libraw-ffi@0.1.0:    70 |     if (INT64(W)*INT64(H) > 1024ULL * 1024ULL * LIBRAW_MAX_THUMBNAIL_MB) return LIBRAW_UNSUPPORTED_THUMBNAIL; \
warning: libraw-ffi@0.1.0:       |         ~~~~~~~~~~~~~~~~~ ^ ~~~~~~~~~~~~~~~~~~~~~~~~~~~~~~~~~~~~~~~~~~~
warning: libraw-ffi@0.1.0: vendor/LibRaw/LibRaw-0.22.2/src/decoders/unpack_thumb.cpp:225:9: warning: comparison of integers of different signs: 'INT64' (aka 'long long') and 'unsigned long long' [-Wsign-compare]
warning: libraw-ffi@0.1.0:   225 |         THUMB_SIZE_CHECKWH(T.twidth, T.theight);
warning: libraw-ffi@0.1.0:       |         ^~~~~~~~~~~~~~~~~~~~~~~~~~~~~~~~~~~~~~~
warning: libraw-ffi@0.1.0: vendor/LibRaw/LibRaw-0.22.2/src/decoders/unpack_thumb.cpp:71:27: note: expanded from macro 'THUMB_SIZE_CHECKWH'
warning: libraw-ffi@0.1.0:    71 |     if (INT64(W)*INT64(H) < 64ULL)        return LIBRAW_NO_THUMBNAIL; \
warning: libraw-ffi@0.1.0:       |         ~~~~~~~~~~~~~~~~~ ^ ~~~~~
warning: libraw-ffi@0.1.0: vendor/LibRaw/LibRaw-0.22.2/src/decoders/unpack_thumb.cpp:266:9: warning: comparison of integers of different signs: 'INT64' (aka 'long long') and 'unsigned long long' [-Wsign-compare]
warning: libraw-ffi@0.1.0:   266 |         THUMB_SIZE_CHECKWH(T.twidth, T.theight);
warning: libraw-ffi@0.1.0:       |         ^~~~~~~~~~~~~~~~~~~~~~~~~~~~~~~~~~~~~~~
warning: libraw-ffi@0.1.0: vendor/LibRaw/LibRaw-0.22.2/src/decoders/unpack_thumb.cpp:70:27: note: expanded from macro 'THUMB_SIZE_CHECKWH'
warning: libraw-ffi@0.1.0:    70 |     if (INT64(W)*INT64(H) > 1024ULL * 1024ULL * LIBRAW_MAX_THUMBNAIL_MB) return LIBRAW_UNSUPPORTED_THUMBNAIL; \
warning: libraw-ffi@0.1.0:       |         ~~~~~~~~~~~~~~~~~ ^ ~~~~~~~~~~~~~~~~~~~~~~~~~~~~~~~~~~~~~~~~~~~
warning: libraw-ffi@0.1.0: vendor/LibRaw/LibRaw-0.22.2/src/decoders/unpack_thumb.cpp:266:9: warning: comparison of integers of different signs: 'INT64' (aka 'long long') and 'unsigned long long' [-Wsign-compare]
warning: libraw-ffi@0.1.0:   266 |         THUMB_SIZE_CHECKWH(T.twidth, T.theight);
warning: libraw-ffi@0.1.0:       |         ^~~~~~~~~~~~~~~~~~~~~~~~~~~~~~~~~~~~~~~
warning: libraw-ffi@0.1.0: vendor/LibRaw/LibRaw-0.22.2/src/decoders/unpack_thumb.cpp:71:27: note: expanded from macro 'THUMB_SIZE_CHECKWH'
warning: libraw-ffi@0.1.0:    71 |     if (INT64(W)*INT64(H) < 64ULL)        return LIBRAW_NO_THUMBNAIL; \
warning: libraw-ffi@0.1.0:       |         ~~~~~~~~~~~~~~~~~ ^ ~~~~~
warning: libraw-ffi@0.1.0: vendor/LibRaw/LibRaw-0.22.2/src/decoders/unpack_thumb.cpp:298:9: warning: comparison of integers of different signs: 'INT64' (aka 'long long') and 'unsigned long long' [-Wsign-compare]
warning: libraw-ffi@0.1.0:   298 |         THUMB_SIZE_CHECKWH(T.twidth, T.theight);
warning: libraw-ffi@0.1.0:       |         ^~~~~~~~~~~~~~~~~~~~~~~~~~~~~~~~~~~~~~~
warning: libraw-ffi@0.1.0: vendor/LibRaw/LibRaw-0.22.2/src/decoders/unpack_thumb.cpp:70:27: note: expanded from macro 'THUMB_SIZE_CHECKWH'
warning: libraw-ffi@0.1.0:    70 |     if (INT64(W)*INT64(H) > 1024ULL * 1024ULL * LIBRAW_MAX_THUMBNAIL_MB) return LIBRAW_UNSUPPORTED_THUMBNAIL; \
warning: libraw-ffi@0.1.0:       |         ~~~~~~~~~~~~~~~~~ ^ ~~~~~~~~~~~~~~~~~~~~~~~~~~~~~~~~~~~~~~~~~~~
warning: libraw-ffi@0.1.0: vendor/LibRaw/LibRaw-0.22.2/src/decoders/unpack_thumb.cpp:298:9: warning: comparison of integers of different signs: 'INT64' (aka 'long long') and 'unsigned long long' [-Wsign-compare]
warning: libraw-ffi@0.1.0:   298 |         THUMB_SIZE_CHECKWH(T.twidth, T.theight);
warning: libraw-ffi@0.1.0:       |         ^~~~~~~~~~~~~~~~~~~~~~~~~~~~~~~~~~~~~~~
warning: libraw-ffi@0.1.0: vendor/LibRaw/LibRaw-0.22.2/src/decoders/unpack_thumb.cpp:71:27: note: expanded from macro 'THUMB_SIZE_CHECKWH'
warning: libraw-ffi@0.1.0:    71 |     if (INT64(W)*INT64(H) < 64ULL)        return LIBRAW_NO_THUMBNAIL; \
warning: libraw-ffi@0.1.0:       |         ~~~~~~~~~~~~~~~~~ ^ ~~~~~
warning: libraw-ffi@0.1.0: vendor/LibRaw/LibRaw-0.22.2/src/decoders/unpack_thumb.cpp:383:3: warning: comparison of integers of different signs: 'INT64' (aka 'long long') and 'unsigned long long' [-Wsign-compare]
warning: libraw-ffi@0.1.0:   383 |                 THUMB_SIZE_CHECKWH(T.twidth, (INT64(T.theight)*INT64(o_bps)));
warning: libraw-ffi@0.1.0:       |                 ^~~~~~~~~~~~~~~~~~~~~~~~~~~~~~~~~~~~~~~~~~~~~~~~~~~~~~~~~~~~~
warning: libraw-ffi@0.1.0: vendor/LibRaw/LibRaw-0.22.2/src/decoders/unpack_thumb.cpp:70:27: note: expanded from macro 'THUMB_SIZE_CHECKWH'
warning: libraw-ffi@0.1.0:    70 |     if (INT64(W)*INT64(H) > 1024ULL * 1024ULL * LIBRAW_MAX_THUMBNAIL_MB) return LIBRAW_UNSUPPORTED_THUMBNAIL; \
warning: libraw-ffi@0.1.0:       |         ~~~~~~~~~~~~~~~~~ ^ ~~~~~~~~~~~~~~~~~~~~~~~~~~~~~~~~~~~~~~~~~~~
warning: libraw-ffi@0.1.0: vendor/LibRaw/LibRaw-0.22.2/src/decoders/unpack_thumb.cpp:383:3: warning: comparison of integers of different signs: 'INT64' (aka 'long long') and 'unsigned long long' [-Wsign-compare]
warning: libraw-ffi@0.1.0:   383 |                 THUMB_SIZE_CHECKWH(T.twidth, (INT64(T.theight)*INT64(o_bps)));
warning: libraw-ffi@0.1.0:       |                 ^~~~~~~~~~~~~~~~~~~~~~~~~~~~~~~~~~~~~~~~~~~~~~~~~~~~~~~~~~~~~
warning: libraw-ffi@0.1.0: vendor/LibRaw/LibRaw-0.22.2/src/decoders/unpack_thumb.cpp:71:27: note: expanded from macro 'THUMB_SIZE_CHECKWH'
warning: libraw-ffi@0.1.0:    71 |     if (INT64(W)*INT64(H) < 64ULL)        return LIBRAW_NO_THUMBNAIL; \
warning: libraw-ffi@0.1.0:       |         ~~~~~~~~~~~~~~~~~ ^ ~~~~~
warning: libraw-ffi@0.1.0: 8 warnings generated.
warning: libraw-ffi@0.1.0: vendor/LibRaw/LibRaw-0.22.2/src/decoders/decoders_libraw.cpp:894:2: warning: definition of implicit copy assignment operator for 'p1_row_info_t' is deprecated because it has a user-provided copy constructor [-Wdeprecated-copy-with-user-provided-copy]
warning: libraw-ffi@0.1.0:   894 |         p1_row_info_t(const p1_row_info_t& q): row(q.row),offset(q.offset){}
warning: libraw-ffi@0.1.0:       |         ^
warning: libraw-ffi@0.1.0: /Applications/Xcode.app/Contents/Developer/Platforms/MacOSX.platform/Developer/SDKs/MacOSX.sdk/usr/include/c++/v1/__algorithm/sift_down.h:61:14: note: in implicit copy assignment operator for 'p1_row_info_t' first required here
warning: libraw-ffi@0.1.0:    61 |     *__start = _Ops::__iter_move(__child_i);
warning: libraw-ffi@0.1.0:       |              ^
warning: libraw-ffi@0.1.0: /Applications/Xcode.app/Contents/Developer/Platforms/MacOSX.platform/Developer/SDKs/MacOSX.sdk/usr/include/c++/v1/__algorithm/make_heap.h:39:12: note: in instantiation of function template specialization 'std::__sift_down<std::_ClassicAlgPolicy, std::__less<void, void> &, p1_row_info_t *>' requested here
warning: libraw-ffi@0.1.0:    39 |       std::__sift_down<_AlgPolicy>(__first, __comp_ref, __n, __first + __start);
warning: libraw-ffi@0.1.0:       |            ^
warning: libraw-ffi@0.1.0: /Applications/Xcode.app/Contents/Developer/Platforms/MacOSX.platform/Developer/SDKs/MacOSX.sdk/usr/include/c++/v1/__algorithm/partial_sort.h:41:8: note: in instantiation of function template specialization 'std::__make_heap<std::_ClassicAlgPolicy, std::__less<void, void> &, p1_row_info_t *>' requested here
warning: libraw-ffi@0.1.0:    41 |   std::__make_heap<_AlgPolicy>(__first, __middle, __comp);
warning: libraw-ffi@0.1.0:       |        ^
warning: libraw-ffi@0.1.0: /Applications/Xcode.app/Contents/Developer/Platforms/MacOSX.platform/Developer/SDKs/MacOSX.sdk/usr/include/c++/v1/__algorithm/partial_sort.h:65:12: note: in instantiation of function template specialization 'std::__partial_sort_impl<std::_ClassicAlgPolicy, std::__less<void, void> &, p1_row_info_t *, p1_row_info_t *>' requested here
warning: libraw-ffi@0.1.0:    65 |       std::__partial_sort_impl<_AlgPolicy>(__first, __middle, __last, static_cast<__comp_ref_type<_Compare> >(__comp));
warning: libraw-ffi@0.1.0:       |            ^
warning: libraw-ffi@0.1.0: /Applications/Xcode.app/Contents/Developer/Platforms/MacOSX.platform/Developer/SDKs/MacOSX.sdk/usr/include/c++/v1/__algorithm/sort.h:934:10: note: in instantiation of function template specialization 'std::__partial_sort<std::_ClassicAlgPolicy, std::__less<void, void>, p1_row_info_t *, p1_row_info_t *>' requested here
warning: libraw-ffi@0.1.0:   934 |     std::__partial_sort<_AlgPolicy>(
warning: libraw-ffi@0.1.0:       |          ^
warning: libraw-ffi@0.1.0: /Applications/Xcode.app/Contents/Developer/Platforms/MacOSX.platform/Developer/SDKs/MacOSX.sdk/usr/include/c++/v1/__algorithm/sort.h:945:8: note: in instantiation of function template specialization 'std::__sort_impl<std::_ClassicAlgPolicy, std::__wrap_iter<p1_row_info_t *>, std::__less<void, void>>' requested here
warning: libraw-ffi@0.1.0:   945 |   std::__sort_impl<_ClassicAlgPolicy>(std::move(__first), std::move(__last), __comp);
warning: libraw-ffi@0.1.0:       |        ^
warning: libraw-ffi@0.1.0: /Applications/Xcode.app/Contents/Developer/Platforms/MacOSX.platform/Developer/SDKs/MacOSX.sdk/usr/include/c++/v1/__algorithm/sort.h:951:8: note: in instantiation of function template specialization 'std::sort<std::__wrap_iter<p1_row_info_t *>, std::__less<void, void>>' requested here
warning: libraw-ffi@0.1.0:   951 |   std::sort(__first, __last, __less<>());
warning: libraw-ffi@0.1.0:       |        ^
warning: libraw-ffi@0.1.0: vendor/LibRaw/LibRaw-0.22.2/src/decoders/decoders_libraw.cpp:911:7: note: in instantiation of function template specialization 'std::sort<std::__wrap_iter<p1_row_info_t *>>' requested here
warning: libraw-ffi@0.1.0:   911 |         std::sort(stripes.begin(), stripes.end());
warning: libraw-ffi@0.1.0:       |              ^
warning: libraw-ffi@0.1.0: 1 warning generated.
warning: libraw-ffi@0.1.0: vendor/LibRaw/LibRaw-0.22.2/src/decoders/olympus14.cpp:242:30: warning: comparison of integers of different signs: 'uint32_t' (aka 'unsigned int') and 'const int32_t' (aka 'const int') [-Wsign-compare]
warning: libraw-ffi@0.1.0:   242 |                 for (uint32_t col = 0; col < raw_width; col++)
warning: libraw-ffi@0.1.0:       |                                        ~~~ ^ ~~~~~~~~~
warning: libraw-ffi@0.1.0: 1 warning generated.
warning: libraw-ffi@0.1.0: vendor/LibRaw/LibRaw-0.22.2/src/decoders/load_mfbacks.cpp:534:45: warning: comparison of integers of different signs: 'int' and 'unsigned int' [-Wsign-compare]
warning: libraw-ffi@0.1.0:   534 |                         if (j == 0 || j == head[1] || k < 1 || k >= w0+w1)
warning: libraw-ffi@0.1.0:       |                                                                ~ ^  ~~~~~
warning: libraw-ffi@0.1.0: vendor/LibRaw/LibRaw-0.22.2/src/decoders/load_mfbacks.cpp:541:10: warning: comparison of integers of different signs: 'int' and 'unsigned int' [-Wsign-compare]
warning: libraw-ffi@0.1.0:   541 |                         if (k < w0 + w1)
warning: libraw-ffi@0.1.0:       |                             ~ ^ ~~~~~~~
warning: libraw-ffi@0.1.0: 2 warnings generated.
warning: libraw-ffi@0.1.0: vendor/LibRaw/LibRaw-0.22.2/src/decoders/fp_dng.cpp:361:21: warning: comparison of integers of different signs: 'int' and 'size_type' (aka 'unsigned long') [-Wsign-compare]
warning: libraw-ffi@0.1.0:   361 |   for (int i = 1; i < tiles.tBytes.size(); i++)
warning: libraw-ffi@0.1.0:       |                   ~ ^ ~~~~~~~~~~~~~~~~~~~
warning: libraw-ffi@0.1.0: vendor/LibRaw/LibRaw-0.22.2/src/decoders/fp_dng.cpp:528:31: warning: comparison of integers of different signs: 'unsigned long long' and 'long long' [-Wsign-compare]
warning: libraw-ffi@0.1.0:   528 |   if (pixcnt * sizeof(ushort) > INT64(imgdata.rawparams.max_raw_memory_mb) * 1024LL * 1024LL)
warning: libraw-ffi@0.1.0:       |       ~~~~~~~~~~~~~~~~~~~~~~~ ^ ~~~~~~~~~~~~~~~~~~~~~~~~~~~~~~~~~~~~~~~~~~~~~~~~~~~~~~~~~~~~
warning: libraw-ffi@0.1.0: vendor/LibRaw/LibRaw-0.22.2/src/decoders/fp_dng.cpp:560:24: warning: comparison of integers of different signs: 'size_t' (aka 'unsigned long') and 'INT64' (aka 'long long') [-Wsign-compare]
warning: libraw-ffi@0.1.0:   560 |   for (size_t i = 0; i < pixcnt; ++i)
warning: libraw-ffi@0.1.0:       |                      ~ ^ ~~~~~~
warning: libraw-ffi@0.1.0: 3 warnings generated.
warning: libraw-ffi@0.1.0: vendor/LibRaw/LibRaw-0.22.2/src/decoders/decoders_dcraw.cpp:545:14: warning: variable 'jhigh' set but not used [-Wunused-but-set-variable]
warning: libraw-ffi@0.1.0:   545 |   int jwide, jhigh, jrow, jcol, val, jidx, i, j, row = 0, col = 0;
warning: libraw-ffi@0.1.0:       |              ^
warning: libraw-ffi@0.1.0: 1 warning generated.
warning: libraw-ffi@0.1.0: vendor/LibRaw/LibRaw-0.22.2/src/metadata/identify.cpp:280:73: warning: missing field 'offset' initializer [-Wmissing-field-initializers]
warning: libraw-ffi@0.1.0:   280 |           { 786432,   1024,  768, 0, 0,  0, 0,  0, 0x94, 0, 0, "AVT", "F-080C" },
warning: libraw-ffi@0.1.0:       |                                                                                ^
warning: libraw-ffi@0.1.0: vendor/LibRaw/LibRaw-0.22.2/src/metadata/identify.cpp:281:73: warning: missing field 'offset' initializer [-Wmissing-field-initializers]
warning: libraw-ffi@0.1.0:   281 |           { 1447680,  1392, 1040, 0, 0,  0, 0,  0, 0x94, 0, 0, "AVT", "F-145C" },
warning: libraw-ffi@0.1.0:       |                                                                                ^
warning: libraw-ffi@0.1.0: vendor/LibRaw/LibRaw-0.22.2/src/metadata/identify.cpp:282:73: warning: missing field 'offset' initializer [-Wmissing-field-initializers]
warning: libraw-ffi@0.1.0:   282 |           { 1920000,  1600, 1200, 0, 0,  0, 0,  0, 0x94, 0, 0, "AVT", "F-201C" },
warning: libraw-ffi@0.1.0:       |                                                                                ^
warning: libraw-ffi@0.1.0: vendor/LibRaw/LibRaw-0.22.2/src/metadata/identify.cpp:283:73: warning: missing field 'offset' initializer [-Wmissing-field-initializers]
warning: libraw-ffi@0.1.0:   283 |           { 5067304,  2588, 1958, 0, 0,  0, 0,  0, 0x94, 0, 0, "AVT", "F-510C" },
warning: libraw-ffi@0.1.0:       |                                                                                ^
warning: libraw-ffi@0.1.0: vendor/LibRaw/LibRaw-0.22.2/src/metadata/identify.cpp:285:73: warning: missing field 'offset' initializer [-Wmissing-field-initializers]
warning: libraw-ffi@0.1.0:   285 |           { 10134608, 2588, 1958, 0, 0,  0, 0,  9, 0x94, 0, 0, "AVT", "F-510C" },
warning: libraw-ffi@0.1.0:       |                                                                                ^
warning: libraw-ffi@0.1.0: vendor/LibRaw/LibRaw-0.22.2/src/metadata/identify.cpp:287:73: warning: missing field 'offset' initializer [-Wmissing-field-initializers]
warning: libraw-ffi@0.1.0:   287 |           { 16157136, 3272, 2469, 0, 0,  0, 0,  9, 0x94, 0, 0, "AVT", "F-810C" },
warning: libraw-ffi@0.1.0:       |                                                                                ^
warning: libraw-ffi@0.1.0: vendor/LibRaw/LibRaw-0.22.2/src/metadata/identify.cpp:288:80: warning: missing field 'offset' initializer [-Wmissing-field-initializers]
warning: libraw-ffi@0.1.0:   288 |           { 3995136,  1632, 1224, 0, 0,  0, 0,  8, 0x61, 0, 1, "AgfaPhoto", "DC-833m" },
warning: libraw-ffi@0.1.0:       |                                                                                       ^
warning: libraw-ffi@0.1.0: vendor/LibRaw/LibRaw-0.22.2/src/metadata/identify.cpp:289:80: warning: missing field 'offset' initializer [-Wmissing-field-initializers]
warning: libraw-ffi@0.1.0:   289 |           { 15980544, 3264, 2448, 0, 0,  0, 0,  8, 0x61, 0, 1, "AgfaPhoto", "DC-833m" },
warning: libraw-ffi@0.1.0:       |                                                                                       ^
warning: libraw-ffi@0.1.0: vendor/LibRaw/LibRaw-0.22.2/src/metadata/identify.cpp:290:76: warning: missing field 'offset' initializer [-Wmissing-field-initializers]
warning: libraw-ffi@0.1.0:   290 |           { 9631728,  2532, 1902, 0, 0,  0, 0, 96, 0x61, 0, 0, "Alcatel", "5035D" },
warning: libraw-ffi@0.1.0:       |                                                                                   ^
warning: libraw-ffi@0.1.0: vendor/LibRaw/LibRaw-0.22.2/src/metadata/identify.cpp:291:77: warning: missing field 'offset' initializer [-Wmissing-field-initializers]
warning: libraw-ffi@0.1.0:   291 |           { 31850496, 4608, 3456, 0, 0,  0, 0,  0, 0x94, 0, 0, "GITUP", "GIT2 4:3" },
warning: libraw-ffi@0.1.0:       |                                                                                    ^
warning: libraw-ffi@0.1.0: vendor/LibRaw/LibRaw-0.22.2/src/metadata/identify.cpp:292:78: warning: missing field 'offset' initializer [-Wmissing-field-initializers]
warning: libraw-ffi@0.1.0:   292 |           { 23887872, 4608, 2592, 0, 0,  0, 0,  0, 0x94, 0, 0, "GITUP", "GIT2 16:9" },
warning: libraw-ffi@0.1.0:       |                                                                                     ^
warning: libraw-ffi@0.1.0: vendor/LibRaw/LibRaw-0.22.2/src/metadata/identify.cpp:293:78: warning: missing field 'offset' initializer [-Wmissing-field-initializers]
warning: libraw-ffi@0.1.0:   293 |           { 32257024, 4624, 3488, 8, 2, 16, 2,  0, 0x94, 0, 0, "GITUP", "GIT2P 4:3" },
warning: libraw-ffi@0.1.0:       |                                                                                     ^
warning: libraw-ffi@0.1.0: vendor/LibRaw/LibRaw-0.22.2/src/metadata/identify.cpp:294:79: warning: missing field 'offset' initializer [-Wmissing-field-initializers]
warning: libraw-ffi@0.1.0:   294 |           { 24192768, 4624, 2616, 8, 2, 16, 2,  0, 0x94, 0, 0, "GITUP", "GIT2P 16:9" },
warning: libraw-ffi@0.1.0:       |                                                                                      ^
warning: libraw-ffi@0.1.0: vendor/LibRaw/LibRaw-0.22.2/src/metadata/identify.cpp:295:79: warning: missing field 'offset' initializer [-Wmissing-field-initializers]
warning: libraw-ffi@0.1.0:   295 |           { 18016000, 4000, 2252, 0, 0,  0, 0,  0, 0x94, 0, 0, "GITUP", "G3DUO 16:9" },
warning: libraw-ffi@0.1.0:       |                                                                                      ^
warning: libraw-ffi@0.1.0: vendor/LibRaw/LibRaw-0.22.2/src/metadata/identify.cpp:302:74: warning: missing field 'offset' initializer [-Wmissing-field-initializers]
warning: libraw-ffi@0.1.0:   302 |           {  1540857, 2688, 1520,   0, 0, 0, 0,  1, 0x61, 0, 0, "Samsung", "S3" },
warning: libraw-ffi@0.1.0:       |                                                                                 ^
warning: libraw-ffi@0.1.0: vendor/LibRaw/LibRaw-0.22.2/src/metadata/identify.cpp:303:78: warning: missing field 'offset' initializer [-Wmissing-field-initializers]
warning: libraw-ffi@0.1.0:   303 |           {  2658304, 1212, 1096,   0, 0, 0, 0,  1, 0x16, 0, 0, "LG", "G3FrontMipi" },
warning: libraw-ffi@0.1.0:       |                                                                                     ^
warning: libraw-ffi@0.1.0: vendor/LibRaw/LibRaw-0.22.2/src/metadata/identify.cpp:304:78: warning: missing field 'offset' initializer [-Wmissing-field-initializers]
warning: libraw-ffi@0.1.0:   304 |           {  2842624, 1296, 1096,   0, 0, 0, 0,  1, 0x16, 0, 0, "LG", "G3FrontQCOM" },
warning: libraw-ffi@0.1.0:       |                                                                                     ^
warning: libraw-ffi@0.1.0: vendor/LibRaw/LibRaw-0.22.2/src/metadata/identify.cpp:305:79: warning: missing field 'offset' initializer [-Wmissing-field-initializers]
warning: libraw-ffi@0.1.0:   305 |           {  2969600, 1976, 1200,   0, 0, 0, 0,  1, 0x16, 0, 0, "Xiaomi", "MI3wMipi" },
warning: libraw-ffi@0.1.0:       |                                                                                      ^
warning: libraw-ffi@0.1.0: vendor/LibRaw/LibRaw-0.22.2/src/metadata/identify.cpp:306:79: warning: missing field 'offset' initializer [-Wmissing-field-initializers]
warning: libraw-ffi@0.1.0:   306 |           {  3170304, 1976, 1200,   0, 0, 0, 0,  1, 0x16, 0, 0, "Xiaomi", "MI3wQCOM" },
warning: libraw-ffi@0.1.0:       |                                                                                      ^
warning: libraw-ffi@0.1.0: vendor/LibRaw/LibRaw-0.22.2/src/metadata/identify.cpp:307:82: warning: missing field 'offset' initializer [-Wmissing-field-initializers]
warning: libraw-ffi@0.1.0:   307 |           {  3763584, 1584, 1184,   0, 0, 0, 0, 96, 0x61, 0, 0, "I_Mobile", "I_StyleQ6" },
warning: libraw-ffi@0.1.0:       |                                                                                         ^
warning: libraw-ffi@0.1.0: vendor/LibRaw/LibRaw-0.22.2/src/metadata/identify.cpp:308:84: warning: missing field 'offset' initializer [-Wmissing-field-initializers]
warning: libraw-ffi@0.1.0:   308 |           {  5107712, 2688, 1520,   0, 0, 0, 0,  1, 0x61, 0, 0, "OmniVisi", "UltraPixel1" },
warning: libraw-ffi@0.1.0:       |                                                                                           ^
warning: libraw-ffi@0.1.0: vendor/LibRaw/LibRaw-0.22.2/src/metadata/identify.cpp:309:84: warning: missing field 'offset' initializer [-Wmissing-field-initializers]
warning: libraw-ffi@0.1.0:   309 |           {  5382640, 2688, 1520,   0, 0, 0, 0,  1, 0x61, 0, 0, "OmniVisi", "UltraPixel2" },
warning: libraw-ffi@0.1.0:       |                                                                                           ^
warning: libraw-ffi@0.1.0: vendor/LibRaw/LibRaw-0.22.2/src/metadata/identify.cpp:310:77: warning: missing field 'offset' initializer [-Wmissing-field-initializers]
warning: libraw-ffi@0.1.0:   310 |           {  5664912, 2688, 1520,   0, 0, 0, 0,  1, 0x61, 0, 0, "OmniVisi", "4688" },
warning: libraw-ffi@0.1.0:       |                                                                                    ^
warning: libraw-ffi@0.1.0: vendor/LibRaw/LibRaw-0.22.2/src/metadata/identify.cpp:311:77: warning: missing field 'offset' initializer [-Wmissing-field-initializers]
warning: libraw-ffi@0.1.0:   311 |           {  5664912, 2688, 1520,   0, 0, 0, 0,  1, 0x61, 0, 0, "OmniVisi", "4688" },
warning: libraw-ffi@0.1.0:       |                                                                                    ^
warning: libraw-ffi@0.1.0: vendor/LibRaw/LibRaw-0.22.2/src/metadata/identify.cpp:312:77: warning: missing field 'offset' initializer [-Wmissing-field-initializers]
warning: libraw-ffi@0.1.0:   312 |           {  5364240, 2688, 1520,   0, 0, 0, 0,  1, 0x61, 0, 0, "OmniVisi", "4688" },
warning: libraw-ffi@0.1.0:       |                                                                                    ^
warning: libraw-ffi@0.1.0: vendor/LibRaw/LibRaw-0.22.2/src/metadata/identify.cpp:313:79: warning: missing field 'offset' initializer [-Wmissing-field-initializers]
warning: libraw-ffi@0.1.0:   313 |           {  6299648, 2592, 1944,   0, 0, 0, 0,  1, 0x16, 0, 0, "OmniVisi", "OV5648" },
warning: libraw-ffi@0.1.0:       |                                                                                      ^
warning: libraw-ffi@0.1.0: vendor/LibRaw/LibRaw-0.22.2/src/metadata/identify.cpp:314:80: warning: missing field 'offset' initializer [-Wmissing-field-initializers]
warning: libraw-ffi@0.1.0:   314 |           {  6721536, 2592, 1944,   0, 0, 0, 0,  0, 0x16, 0, 0, "OmniVisi", "OV56482" },
warning: libraw-ffi@0.1.0:       |                                                                                       ^
warning: libraw-ffi@0.1.0: vendor/LibRaw/LibRaw-0.22.2/src/metadata/identify.cpp:315:73: warning: missing field 'offset' initializer [-Wmissing-field-initializers]
warning: libraw-ffi@0.1.0:   315 |           {  6746112, 2592, 1944,   0, 0, 0, 0,  0, 0x16, 0, 0, "HTC", "OneSV" },
warning: libraw-ffi@0.1.0:       |                                                                                ^
warning: libraw-ffi@0.1.0: vendor/LibRaw/LibRaw-0.22.2/src/metadata/identify.cpp:316:72: warning: missing field 'offset' initializer [-Wmissing-field-initializers]
warning: libraw-ffi@0.1.0:   316 |           {  9631728, 2532, 1902,   0, 0, 0, 0, 96, 0x61, 0, 0, "Sony", "5mp" },
warning: libraw-ffi@0.1.0:       |                                                                               ^
warning: libraw-ffi@0.1.0: vendor/LibRaw/LibRaw-0.22.2/src/metadata/identify.cpp:317:78: warning: missing field 'offset' initializer [-Wmissing-field-initializers]
warning: libraw-ffi@0.1.0:   317 |           {  9830400, 2560, 1920,   0, 0, 0, 0, 96, 0x61, 0, 0, "NGM", "ForwardArt" },
warning: libraw-ffi@0.1.0:       |                                                                                     ^
warning: libraw-ffi@0.1.0: vendor/LibRaw/LibRaw-0.22.2/src/metadata/identify.cpp:318:84: warning: missing field 'offset' initializer [-Wmissing-field-initializers]
warning: libraw-ffi@0.1.0:   318 |           { 10186752, 3264, 2448,   0, 0, 0, 0,  1, 0x94, 0, 0, "Sony", "IMX219-mipi 8mp" },
warning: libraw-ffi@0.1.0:       |                                                                                           ^
warning: libraw-ffi@0.1.0: vendor/LibRaw/LibRaw-0.22.2/src/metadata/identify.cpp:319:72: warning: missing field 'offset' initializer [-Wmissing-field-initializers]
warning: libraw-ffi@0.1.0:   319 |           { 10223360, 2608, 1944,   0, 0, 0, 0, 96, 0x16, 0, 0, "Sony", "IMX" },
warning: libraw-ffi@0.1.0:       |                                                                               ^
warning: libraw-ffi@0.1.0: vendor/LibRaw/LibRaw-0.22.2/src/metadata/identify.cpp:320:82: warning: missing field 'offset' initializer [-Wmissing-field-initializers]
warning: libraw-ffi@0.1.0:   320 |           { 10782464, 3282, 2448,   0, 0, 0, 0,  0, 0x16, 0, 0, "HTC", "MyTouch4GSlide" },
warning: libraw-ffi@0.1.0:       |                                                                                         ^
warning: libraw-ffi@0.1.0: vendor/LibRaw/LibRaw-0.22.2/src/metadata/identify.cpp:321:72: warning: missing field 'offset' initializer [-Wmissing-field-initializers]
warning: libraw-ffi@0.1.0:   321 |           { 10788864, 3282, 2448,   0, 0, 0, 0,  0, 0x16, 0, 0, "Xperia", "L" },
warning: libraw-ffi@0.1.0:       |                                                                               ^
warning: libraw-ffi@0.1.0: vendor/LibRaw/LibRaw-0.22.2/src/metadata/identify.cpp:322:80: warning: missing field 'offset' initializer [-Wmissing-field-initializers]
warning: libraw-ffi@0.1.0:   322 |           { 15967488, 3264, 2446,   0, 0, 0, 0, 96, 0x16, 0, 0, "OmniVison", "OV8850" },
warning: libraw-ffi@0.1.0:       |                                                                                       ^
warning: libraw-ffi@0.1.0: vendor/LibRaw/LibRaw-0.22.2/src/metadata/identify.cpp:323:74: warning: missing field 'offset' initializer [-Wmissing-field-initializers]
warning: libraw-ffi@0.1.0:   323 |           { 16224256, 4208, 3082,   0, 0, 0, 0,  1, 0x16, 0, 0, "LG", "G3MipiL" },
warning: libraw-ffi@0.1.0:       |                                                                                 ^
warning: libraw-ffi@0.1.0: vendor/LibRaw/LibRaw-0.22.2/src/metadata/identify.cpp:324:76: warning: missing field 'offset' initializer [-Wmissing-field-initializers]
warning: libraw-ffi@0.1.0:   324 |           { 16424960, 4208, 3120,   0, 0, 0, 0,  1, 0x16, 0, 0, "IMX135", "MipiL" },
warning: libraw-ffi@0.1.0:       |                                                                                   ^
warning: libraw-ffi@0.1.0: vendor/LibRaw/LibRaw-0.22.2/src/metadata/identify.cpp:325:74: warning: missing field 'offset' initializer [-Wmissing-field-initializers]
warning: libraw-ffi@0.1.0:   325 |           { 17326080, 4164, 3120,   0, 0, 0, 0,  1, 0x16, 0, 0, "LG", "G3LQCom" },
warning: libraw-ffi@0.1.0:       |                                                                                 ^
warning: libraw-ffi@0.1.0: vendor/LibRaw/LibRaw-0.22.2/src/metadata/identify.cpp:326:80: warning: missing field 'offset' initializer [-Wmissing-field-initializers]
warning: libraw-ffi@0.1.0:   326 |           { 17522688, 4212, 3120,   0, 0, 0, 0,  0, 0x16, 0, 0, "Sony", "IMX135-QCOM" },
warning: libraw-ffi@0.1.0:       |                                                                                       ^
warning: libraw-ffi@0.1.0: vendor/LibRaw/LibRaw-0.22.2/src/metadata/identify.cpp:327:76: warning: missing field 'offset' initializer [-Wmissing-field-initializers]
warning: libraw-ffi@0.1.0:   327 |           { 19906560, 4608, 3456,   0, 0, 0, 0,  1, 0x16, 0, 0, "Gione", "E7mipi" },
warning: libraw-ffi@0.1.0:       |                                                                                   ^
warning: libraw-ffi@0.1.0: vendor/LibRaw/LibRaw-0.22.2/src/metadata/identify.cpp:328:69: warning: missing field 'offset' initializer [-Wmissing-field-initializers]
warning: libraw-ffi@0.1.0:   328 |           { 19976192, 5312, 2988,   0, 0, 0, 0,  1, 0x16, 0, 0, "LG", "G4" },
warning: libraw-ffi@0.1.0:       |                                                                            ^
warning: libraw-ffi@0.1.0: vendor/LibRaw/LibRaw-0.22.2/src/metadata/identify.cpp:329:84: warning: missing field 'offset' initializer [-Wmissing-field-initializers]
warning: libraw-ffi@0.1.0:   329 |           { 20389888, 4632, 3480,   0, 0, 0, 0,  1, 0x16, 0, 0, "Xiaomi", "RedmiNote3Pro" },
warning: libraw-ffi@0.1.0:       |                                                                                           ^
warning: libraw-ffi@0.1.0: vendor/LibRaw/LibRaw-0.22.2/src/metadata/identify.cpp:330:85: warning: missing field 'offset' initializer [-Wmissing-field-initializers]
warning: libraw-ffi@0.1.0:   330 |           { 20500480, 4656, 3496,   0, 0, 0, 0,  1, 0x94, 0, 0, "Sony", "IMX298-mipi 16mp" },
warning: libraw-ffi@0.1.0:       |                                                                                            ^
warning: libraw-ffi@0.1.0: vendor/LibRaw/LibRaw-0.22.2/src/metadata/identify.cpp:331:76: warning: missing field 'offset' initializer [-Wmissing-field-initializers]
warning: libraw-ffi@0.1.0:   331 |           { 21233664, 4608, 3456,   0, 0, 0, 0,  1, 0x16, 0, 0, "Gione", "E7qcom" },
warning: libraw-ffi@0.1.0:       |                                                                                   ^
warning: libraw-ffi@0.1.0: vendor/LibRaw/LibRaw-0.22.2/src/metadata/identify.cpp:332:72: warning: missing field 'offset' initializer [-Wmissing-field-initializers]
warning: libraw-ffi@0.1.0:   332 |           { 26023936, 4192, 3104,   0, 0, 0, 0, 96, 0x94, 0, 0, "THL", "5000" },
warning: libraw-ffi@0.1.0:       |                                                                               ^
warning: libraw-ffi@0.1.0: vendor/LibRaw/LibRaw-0.22.2/src/metadata/identify.cpp:333:75: warning: missing field 'offset' initializer [-Wmissing-field-initializers]
warning: libraw-ffi@0.1.0:   333 |           { 26257920, 4208, 3120,   0, 0, 0, 0, 96, 0x94, 0, 0, "Sony", "IMX214" },
warning: libraw-ffi@0.1.0:       |                                                                                  ^
warning: libraw-ffi@0.1.0: vendor/LibRaw/LibRaw-0.22.2/src/metadata/identify.cpp:334:72: warning: missing field 'offset' initializer [-Wmissing-field-initializers]
warning: libraw-ffi@0.1.0:   334 |           { 26357760, 4224, 3120,   0, 0, 0, 0, 96, 0x61, 0, 0, "OV", "13860" },
warning: libraw-ffi@0.1.0:       |                                                                               ^
warning: libraw-ffi@0.1.0: vendor/LibRaw/LibRaw-0.22.2/src/metadata/identify.cpp:335:73: warning: missing field 'offset' initializer [-Wmissing-field-initializers]
warning: libraw-ffi@0.1.0:   335 |           { 41312256, 5248, 3936,   0, 0, 0, 0, 96, 0x61, 0, 0, "Meizu", "MX4" },
warning: libraw-ffi@0.1.0:       |                                                                                ^
warning: libraw-ffi@0.1.0: vendor/LibRaw/LibRaw-0.22.2/src/metadata/identify.cpp:336:75: warning: missing field 'offset' initializer [-Wmissing-field-initializers]
warning: libraw-ffi@0.1.0:   336 |           { 42923008, 5344, 4016,   0, 0, 0, 0, 96, 0x61, 0, 0, "Sony", "IMX230" },
warning: libraw-ffi@0.1.0:       |                                                                                  ^
warning: libraw-ffi@0.1.0: vendor/LibRaw/LibRaw-0.22.2/src/metadata/identify.cpp:340:87: warning: missing field 'offset' initializer [-Wmissing-field-initializers]
warning: libraw-ffi@0.1.0:   340 |           {  6553440, 2664, 1968,   4,  4, 44,  4, 40, 0x94, 0, 2, "Canon", "PowerShot A460" }, // chdk hack
warning: libraw-ffi@0.1.0:       |                                                                                              ^
warning: libraw-ffi@0.1.0: vendor/LibRaw/LibRaw-0.22.2/src/metadata/identify.cpp:341:87: warning: missing field 'offset' initializer [-Wmissing-field-initializers]
warning: libraw-ffi@0.1.0:   341 |           {  9243240, 3152, 2346,  12,  7, 44, 13, 40, 0x49, 0, 2, "Canon", "PowerShot A470" }, // chdk hack
warning: libraw-ffi@0.1.0:       |                                                                                              ^
warning: libraw-ffi@0.1.0: vendor/LibRaw/LibRaw-0.22.2/src/metadata/identify.cpp:342:87: warning: missing field 'offset' initializer [-Wmissing-field-initializers]
warning: libraw-ffi@0.1.0:   342 |           {  6653280, 2672, 1992,  10,  6, 42,  2, 40, 0x94, 0, 2, "Canon", "PowerShot A530" }, // chdk hack
warning: libraw-ffi@0.1.0:       |                                                                                              ^
warning: libraw-ffi@0.1.0: vendor/LibRaw/LibRaw-0.22.2/src/metadata/identify.cpp:343:87: warning: missing field 'offset' initializer [-Wmissing-field-initializers]
warning: libraw-ffi@0.1.0:   343 |           {  6573120, 2672, 1968,  12,  8, 44,  0, 40, 0x94, 0, 2, "Canon", "PowerShot A610" }, // chdk hack
warning: libraw-ffi@0.1.0:       |                                                                                              ^
warning: libraw-ffi@0.1.0: vendor/LibRaw/LibRaw-0.22.2/src/metadata/identify.cpp:344:87: warning: missing field 'offset' initializer [-Wmissing-field-initializers]
warning: libraw-ffi@0.1.0:   344 |           {  9219600, 3152, 2340,  36, 12,  4,  0, 40, 0x94, 0, 2, "Canon", "PowerShot A620" }, // chdk hack
warning: libraw-ffi@0.1.0:       |                                                                                              ^
warning: libraw-ffi@0.1.0: vendor/LibRaw/LibRaw-0.22.2/src/metadata/identify.cpp:345:87: warning: missing field 'offset' initializer [-Wmissing-field-initializers]
warning: libraw-ffi@0.1.0:   345 |           { 10383120, 3344, 2484,  12,  6, 44,  6, 40, 0x94, 0, 2, "Canon", "PowerShot A630" }, // chdk hack
warning: libraw-ffi@0.1.0:       |                                                                                              ^
warning: libraw-ffi@0.1.0: vendor/LibRaw/LibRaw-0.22.2/src/metadata/identify.cpp:346:87: warning: missing field 'offset' initializer [-Wmissing-field-initializers]
warning: libraw-ffi@0.1.0:   346 |           { 12945240, 3736, 2772,  12,  6, 52,  6, 40, 0x94, 0, 2, "Canon", "PowerShot A640" }, // chdk hack
warning: libraw-ffi@0.1.0:       |                                                                                              ^
warning: libraw-ffi@0.1.0: vendor/LibRaw/LibRaw-0.22.2/src/metadata/identify.cpp:347:90: warning: missing field 'offset' initializer [-Wmissing-field-initializers]
warning: libraw-ffi@0.1.0:   347 |           { 15636240, 4104, 3048,  48, 12, 24, 12, 40, 0x94, 0, 2, "Canon", "PowerShot A650 IS" }, // chdk hack
warning: libraw-ffi@0.1.0:       |                                                                                                 ^
warning: libraw-ffi@0.1.0: vendor/LibRaw/LibRaw-0.22.2/src/metadata/identify.cpp:348:90: warning: missing field 'offset' initializer [-Wmissing-field-initializers]
warning: libraw-ffi@0.1.0:   348 |           { 10341600, 3336, 2480,   6,  5, 32,  3, 40, 0x94, 0, 2, "Canon", "PowerShot A720 IS" }, // chdk hack
warning: libraw-ffi@0.1.0:       |                                                                                                 ^
warning: libraw-ffi@0.1.0: vendor/LibRaw/LibRaw-0.22.2/src/metadata/identify.cpp:349:91: warning: missing field 'offset' initializer [-Wmissing-field-initializers]
warning: libraw-ffi@0.1.0:   349 |           { 24724224, 4704, 3504,   8, 16, 56,  8, 40, 0x49, 0, 2, "Canon", "PowerShot A3300 IS" }, // chdk hack
warning: libraw-ffi@0.1.0:       |                                                                                                  ^
warning: libraw-ffi@0.1.0: vendor/LibRaw/LibRaw-0.22.2/src/metadata/identify.cpp:350:86: warning: missing field 'offset' initializer [-Wmissing-field-initializers]
warning: libraw-ffi@0.1.0:   350 |           { 18763488, 4104, 3048,  10, 22, 82, 22,  8, 0x49, 0, 0, "Canon", "PowerShot D10" }, // ? chdk hack ?
warning: libraw-ffi@0.1.0:       |                                                                                             ^
warning: libraw-ffi@0.1.0: vendor/LibRaw/LibRaw-0.22.2/src/metadata/identify.cpp:351:88: warning: missing field 'offset' initializer [-Wmissing-field-initializers]
warning: libraw-ffi@0.1.0:   351 |           { 19493760, 4160, 3124, 104, 12,  8, 66, 40, 0x49, 0, 2,  "Canon", "PowerShot S100" }, // chdk hack CRW
warning: libraw-ffi@0.1.0:       |                                                                                               ^
warning: libraw-ffi@0.1.0: vendor/LibRaw/LibRaw-0.22.2/src/metadata/identify.cpp:352:88: warning: missing field 'offset' initializer [-Wmissing-field-initializers]
warning: libraw-ffi@0.1.0:   352 |           {  7710960, 2888, 2136,  44,  8,  4,  0, 40, 0x94, 0, 2, "Canon", "PowerShot S3 IS" }, // chdk hack
warning: libraw-ffi@0.1.0:       |                                                                                               ^
warning: libraw-ffi@0.1.0: vendor/LibRaw/LibRaw-0.22.2/src/metadata/identify.cpp:353:88: warning: missing field 'offset' initializer [-Wmissing-field-initializers]
warning: libraw-ffi@0.1.0:   353 |           {  5298000, 2400, 1766,  12, 12, 44,  2, 40, 0x94, 0, 2, "Canon", "PowerShot SD300" }, // chdk hack
warning: libraw-ffi@0.1.0:       |                                                                                               ^
warning: libraw-ffi@0.1.0: vendor/LibRaw/LibRaw-0.22.2/src/metadata/identify.cpp:354:90: warning: missing field 'offset' initializer [-Wmissing-field-initializers]
warning: libraw-ffi@0.1.0:   354 |           { 18653760, 4080, 3048,  24, 12, 24, 12, 40, 0x94, 0, 2, "Canon", "PowerShot SX20 IS" }, // chdk hack
warning: libraw-ffi@0.1.0:       |                                                                                                 ^
warning: libraw-ffi@0.1.0: vendor/LibRaw/LibRaw-0.22.2/src/metadata/identify.cpp:355:90: warning: missing field 'offset' initializer [-Wmissing-field-initializers]
warning: libraw-ffi@0.1.0:   355 |           { 21936096, 4464, 3276,  25, 10, 73, 12, 40, 0x16, 0, 2, "Canon", "PowerShot SX30 IS" }, // chdk hack
warning: libraw-ffi@0.1.0:       |                                                                                                 ^
warning: libraw-ffi@0.1.0: vendor/LibRaw/LibRaw-0.22.2/src/metadata/identify.cpp:356:90: warning: missing field 'offset' initializer [-Wmissing-field-initializers]
warning: libraw-ffi@0.1.0:   356 |           { 19167840, 4176, 3060,  96, 16,  8,  0, 40, 0x94, 0, 2, "Canon", "PowerShot SX40 HS" }, // chdk hack CR2
warning: libraw-ffi@0.1.0:       |                                                                                                 ^
warning: libraw-ffi@0.1.0: vendor/LibRaw/LibRaw-0.22.2/src/metadata/identify.cpp:357:91: warning: missing field 'offset' initializer [-Wmissing-field-initializers]
warning: libraw-ffi@0.1.0:   357 |           { 15467760, 3720, 2772,   6, 12, 30,  0, 40, 0x94, 0, 2, "Canon", "PowerShot SX110 IS" }, // chdk hack
warning: libraw-ffi@0.1.0:       |                                                                                                  ^
warning: libraw-ffi@0.1.0: vendor/LibRaw/LibRaw-0.22.2/src/metadata/identify.cpp:358:91: warning: missing field 'offset' initializer [-Wmissing-field-initializers]
warning: libraw-ffi@0.1.0:   358 |           { 15534576, 3728, 2778,  12,  9, 44,  9, 40, 0x94, 0, 2, "Canon", "PowerShot SX120 IS" }, // chdk hack
warning: libraw-ffi@0.1.0:       |                                                                                                  ^
warning: libraw-ffi@0.1.0: vendor/LibRaw/LibRaw-0.22.2/src/metadata/identify.cpp:359:91: warning: missing field 'offset' initializer [-Wmissing-field-initializers]
warning: libraw-ffi@0.1.0:   359 |           { 19131120, 4168, 3060,  92, 16,  4,  1, 40, 0x94, 0, 2, "Canon", "PowerShot SX220 HS" }, // chdk hack
warning: libraw-ffi@0.1.0:       |                                                                                                  ^
warning: libraw-ffi@0.1.0: vendor/LibRaw/LibRaw-0.22.2/src/metadata/identify.cpp:360:91: warning: missing field 'offset' initializer [-Wmissing-field-initializers]
warning: libraw-ffi@0.1.0:   360 |           { 31663200, 5344, 3950,  96, 18,  0,  0, 40, 0x94, 0, 2, "Canon", "PowerShot SX710 HS" }, // chdk hack
warning: libraw-ffi@0.1.0:       |                                                                                                  ^
warning: libraw-ffi@0.1.0: vendor/LibRaw/LibRaw-0.22.2/src/metadata/identify.cpp:361:81: warning: missing field 'offset' initializer [-Wmissing-field-initializers]
warning: libraw-ffi@0.1.0:   361 |           { 30858240, 5248, 3920,   8, 16, 56, 16, 40, 0x94, 0, 2, "Canon", "IXUS 160" }, // chdk hack
warning: libraw-ffi@0.1.0:       |                                                                                        ^
warning: libraw-ffi@0.1.0: vendor/LibRaw/LibRaw-0.22.2/src/metadata/identify.cpp:362:82: warning: missing field 'offset' initializer [-Wmissing-field-initializers]
warning: libraw-ffi@0.1.0:   362 |           {  1976352, 1632, 1211,   0,  2,  0,  1,  0, 0x94, 0, 1, "Casio", "QV-2000UX" },
warning: libraw-ffi@0.1.0:       |                                                                                         ^
warning: libraw-ffi@0.1.0: vendor/LibRaw/LibRaw-0.22.2/src/metadata/identify.cpp:363:82: warning: missing field 'offset' initializer [-Wmissing-field-initializers]
warning: libraw-ffi@0.1.0:   363 |           {  3217760, 2080, 1547,   0,  0, 10,  1,  0, 0x94, 0, 1, "Casio", "QV-3*00EX" },
warning: libraw-ffi@0.1.0:       |                                                                                         ^
warning: libraw-ffi@0.1.0: vendor/LibRaw/LibRaw-0.22.2/src/metadata/identify.cpp:364:80: warning: missing field 'offset' initializer [-Wmissing-field-initializers]
warning: libraw-ffi@0.1.0:   364 |           {  6218368, 2585, 1924,   0,  0,  9,  0,  0, 0x94, 0, 1, "Casio", "QV-5700" },
warning: libraw-ffi@0.1.0:       |                                                                                       ^
warning: libraw-ffi@0.1.0: vendor/LibRaw/LibRaw-0.22.2/src/metadata/identify.cpp:365:79: warning: missing field 'offset' initializer [-Wmissing-field-initializers]
warning: libraw-ffi@0.1.0:   365 |           {  7816704, 2867, 2181,   0,  0, 34, 36,  0, 0x16, 0, 1, "Casio", "EX-Z60" },
warning: libraw-ffi@0.1.0:       |                                                                                      ^
warning: libraw-ffi@0.1.0: vendor/LibRaw/LibRaw-0.22.2/src/metadata/identify.cpp:366:80: warning: missing field 'offset' initializer [-Wmissing-field-initializers]
warning: libraw-ffi@0.1.0:   366 |           {  2937856, 1621, 1208,   0,  0,  1,  0,  0, 0x94, 7, 13, "Casio", "EX-S20" },
warning: libraw-ffi@0.1.0:       |                                                                                       ^
warning: libraw-ffi@0.1.0: vendor/LibRaw/LibRaw-0.22.2/src/metadata/identify.cpp:367:80: warning: missing field 'offset' initializer [-Wmissing-field-initializers]
warning: libraw-ffi@0.1.0:   367 |           {  4948608, 2090, 1578,   0,  0, 32, 34,  0, 0x94, 7, 1, "Casio", "EX-S100" },
warning: libraw-ffi@0.1.0:       |                                                                                       ^
warning: libraw-ffi@0.1.0: vendor/LibRaw/LibRaw-0.22.2/src/metadata/identify.cpp:368:79: warning: missing field 'offset' initializer [-Wmissing-field-initializers]
warning: libraw-ffi@0.1.0:   368 |           {  6054400, 2346, 1720,   2,  0, 32,  0,  0, 0x94, 7, 1, "Casio", "QV-R41" },
warning: libraw-ffi@0.1.0:       |                                                                                      ^
warning: libraw-ffi@0.1.0: vendor/LibRaw/LibRaw-0.22.2/src/metadata/identify.cpp:369:80: warning: missing field 'offset' initializer [-Wmissing-field-initializers]
warning: libraw-ffi@0.1.0:   369 |           {  7426656, 2568, 1928,   0,  0,  0,  0,  0, 0x94, 0, 1, "Casio", "EX-P505" },
warning: libraw-ffi@0.1.0:       |                                                                                       ^
warning: libraw-ffi@0.1.0: vendor/LibRaw/LibRaw-0.22.2/src/metadata/identify.cpp:370:79: warning: missing field 'offset' initializer [-Wmissing-field-initializers]
warning: libraw-ffi@0.1.0:   370 |           {  7530816, 2602, 1929,   0,  0, 22,  0,  0, 0x94, 7, 1, "Casio", "QV-R51" },
warning: libraw-ffi@0.1.0:       |                                                                                      ^
warning: libraw-ffi@0.1.0: vendor/LibRaw/LibRaw-0.22.2/src/metadata/identify.cpp:371:79: warning: missing field 'offset' initializer [-Wmissing-field-initializers]
warning: libraw-ffi@0.1.0:   371 |           {  7542528, 2602, 1932,   0,  0, 32,  0,  0, 0x94, 7, 1, "Casio", "EX-Z50" },
warning: libraw-ffi@0.1.0:       |                                                                                      ^
warning: libraw-ffi@0.1.0: vendor/LibRaw/LibRaw-0.22.2/src/metadata/identify.cpp:372:80: warning: missing field 'offset' initializer [-Wmissing-field-initializers]
warning: libraw-ffi@0.1.0:   372 |           {  7562048, 2602, 1937,   0,  0, 25,  0,  0, 0x16, 7, 1, "Casio", "EX-Z500" },
warning: libraw-ffi@0.1.0:       |                                                                                       ^
warning: libraw-ffi@0.1.0: vendor/LibRaw/LibRaw-0.22.2/src/metadata/identify.cpp:373:79: warning: missing field 'offset' initializer [-Wmissing-field-initializers]
warning: libraw-ffi@0.1.0:   373 |           {  7753344, 2602, 1986,   0,  0, 32, 26,  0, 0x94, 7, 1, "Casio", "EX-Z55" },
warning: libraw-ffi@0.1.0:       |                                                                                      ^
warning: libraw-ffi@0.1.0: vendor/LibRaw/LibRaw-0.22.2/src/metadata/identify.cpp:374:80: warning: missing field 'offset' initializer [-Wmissing-field-initializers]
warning: libraw-ffi@0.1.0:   374 |           {  9313536, 2858, 2172,   0,  0, 14, 30,  0, 0x94, 7, 1, "Casio", "EX-P600" },
warning: libraw-ffi@0.1.0:       |                                                                                       ^
warning: libraw-ffi@0.1.0: vendor/LibRaw/LibRaw-0.22.2/src/metadata/identify.cpp:375:80: warning: missing field 'offset' initializer [-Wmissing-field-initializers]
warning: libraw-ffi@0.1.0:   375 |           { 10834368, 3114, 2319,   0,  0, 27,  0,  0, 0x94, 0, 1, "Casio", "EX-Z750" },
warning: libraw-ffi@0.1.0:       |                                                                                       ^
warning: libraw-ffi@0.1.0: vendor/LibRaw/LibRaw-0.22.2/src/metadata/identify.cpp:376:79: warning: missing field 'offset' initializer [-Wmissing-field-initializers]
warning: libraw-ffi@0.1.0:   376 |           { 10843712, 3114, 2321,   0,  0, 25,  0,  0, 0x94, 0, 1, "Casio", "EX-Z75" },
warning: libraw-ffi@0.1.0:       |                                                                                      ^
warning: libraw-ffi@0.1.0: vendor/LibRaw/LibRaw-0.22.2/src/metadata/identify.cpp:377:80: warning: missing field 'offset' initializer [-Wmissing-field-initializers]
warning: libraw-ffi@0.1.0:   377 |           { 10979200, 3114, 2350,   0,  0, 32, 32,  0, 0x94, 7, 1, "Casio", "EX-P700" },
warning: libraw-ffi@0.1.0:       |                                                                                       ^
warning: libraw-ffi@0.1.0: vendor/LibRaw/LibRaw-0.22.2/src/metadata/identify.cpp:378:80: warning: missing field 'offset' initializer [-Wmissing-field-initializers]
warning: libraw-ffi@0.1.0:   378 |           { 12310144, 3285, 2498,   0,  0,  6, 30,  0, 0x94, 0, 1, "Casio", "EX-Z850" },
warning: libraw-ffi@0.1.0:       |                                                                                       ^
warning: libraw-ffi@0.1.0: vendor/LibRaw/LibRaw-0.22.2/src/metadata/identify.cpp:379:78: warning: missing field 'offset' initializer [-Wmissing-field-initializers]
warning: libraw-ffi@0.1.0:   379 |           { 12489984, 3328, 2502,   0,  0, 47, 35,  0, 0x94, 0, 1, "Casio", "EX-Z8" },
warning: libraw-ffi@0.1.0:       |                                                                                     ^
warning: libraw-ffi@0.1.0: vendor/LibRaw/LibRaw-0.22.2/src/metadata/identify.cpp:380:81: warning: missing field 'offset' initializer [-Wmissing-field-initializers]
warning: libraw-ffi@0.1.0:   380 |           { 15499264, 3754, 2752,   0,  0, 82,  0,  0, 0x94, 0, 1, "Casio", "EX-Z1050" },
warning: libraw-ffi@0.1.0:       |                                                                                        ^
warning: libraw-ffi@0.1.0: vendor/LibRaw/LibRaw-0.22.2/src/metadata/identify.cpp:381:81: warning: missing field 'offset' initializer [-Wmissing-field-initializers]
warning: libraw-ffi@0.1.0:   381 |           { 18702336, 4096, 3044,   0,  0, 24,  0, 80, 0x94, 7, 1, "Casio", "EX-ZR100" },
warning: libraw-ffi@0.1.0:       |                                                                                        ^
warning: libraw-ffi@0.1.0: vendor/LibRaw/LibRaw-0.22.2/src/metadata/identify.cpp:382:80: warning: missing field 'offset' initializer [-Wmissing-field-initializers]
warning: libraw-ffi@0.1.0:   382 |           {  7684000, 2260, 1700,   0,  0,  0,  0, 13, 0x94, 0, 1, "Casio", "QV-4000" },
warning: libraw-ffi@0.1.0:       |                                                                                       ^
warning: libraw-ffi@0.1.0: vendor/LibRaw/LibRaw-0.22.2/src/metadata/identify.cpp:383:86: warning: missing field 'offset' initializer [-Wmissing-field-initializers]
warning: libraw-ffi@0.1.0:   383 |           {   787456, 1024,  769,   0,  1,  0,  0,  0, 0x49, 0, 0, "Creative", "PC-CAM 600" },
warning: libraw-ffi@0.1.0:       |                                                                                             ^
warning: libraw-ffi@0.1.0: vendor/LibRaw/LibRaw-0.22.2/src/metadata/identify.cpp:384:67: warning: missing field 't_model' initializer [-Wmissing-field-initializers]
warning: libraw-ffi@0.1.0:   384 |           { 28829184, 4384, 3288,   0,  0,  0,  0, 36, 0x61, 0, 0, "DJI" },
warning: libraw-ffi@0.1.0:       |                                                                          ^
warning: libraw-ffi@0.1.0: vendor/LibRaw/LibRaw-0.22.2/src/metadata/identify.cpp:385:70: warning: missing field 't_model' initializer [-Wmissing-field-initializers]
warning: libraw-ffi@0.1.0:   385 |           { 15151104, 4608, 3288,   0,  0,  0,  0,  0, 0x94, 0, 0, "Matrix" },
warning: libraw-ffi@0.1.0:       |                                                                             ^
warning: libraw-ffi@0.1.0: vendor/LibRaw/LibRaw-0.22.2/src/metadata/identify.cpp:386:79: warning: missing field 'offset' initializer [-Wmissing-field-initializers]
warning: libraw-ffi@0.1.0:   386 |           {  3840000, 1600, 1200,   0,  0,  0,  0, 65, 0x49, 0, 0, "Foculus", "531C" },
warning: libraw-ffi@0.1.0:       |                                                                                      ^
warning: libraw-ffi@0.1.0: vendor/LibRaw/LibRaw-0.22.2/src/metadata/identify.cpp:387:71: warning: missing field 't_model' initializer [-Wmissing-field-initializers]
warning: libraw-ffi@0.1.0:   387 |           {   307200,  640,  480,   0,  0,  0,  0,  0, 0x94, 0, 0, "Generic" },
warning: libraw-ffi@0.1.0:       |                                                                              ^
warning: libraw-ffi@0.1.0: vendor/LibRaw/LibRaw-0.22.2/src/metadata/identify.cpp:388:77: warning: missing field 'offset' initializer [-Wmissing-field-initializers]
warning: libraw-ffi@0.1.0:   388 |           {    62464,  256,  244,   1,  1,  6,  1,  0, 0x8d, 0, 0, "Kodak", "DC20" },
warning: libraw-ffi@0.1.0:       |                                                                                    ^
warning: libraw-ffi@0.1.0: vendor/LibRaw/LibRaw-0.22.2/src/metadata/identify.cpp:389:77: warning: missing field 'offset' initializer [-Wmissing-field-initializers]
warning: libraw-ffi@0.1.0:   389 |           {   124928,  512,  244,   1,  1, 10,  1,  0, 0x8d, 0, 0, "Kodak", "DC20" },
warning: libraw-ffi@0.1.0:       |                                                                                    ^
warning: libraw-ffi@0.1.0: vendor/LibRaw/LibRaw-0.22.2/src/metadata/identify.cpp:390:79: warning: missing field 'offset' initializer [-Wmissing-field-initializers]
warning: libraw-ffi@0.1.0:   390 |           {  1652736, 1536, 1076,   0, 52,  0,  0,  0, 0x61, 0, 0, "Kodak", "DCS200" },
warning: libraw-ffi@0.1.0:       |                                                                                      ^
warning: libraw-ffi@0.1.0: vendor/LibRaw/LibRaw-0.22.2/src/metadata/identify.cpp:391:77: warning: missing field 'offset' initializer [-Wmissing-field-initializers]
warning: libraw-ffi@0.1.0:   391 |           {  4159302, 2338, 1779,   1, 33,  1,  2,  0, 0x94, 0, 0, "Kodak", "C330" },
warning: libraw-ffi@0.1.0:       |                                                                                    ^
warning: libraw-ffi@0.1.0: vendor/LibRaw/LibRaw-0.22.2/src/metadata/identify.cpp:393:77: warning: missing field 'offset' initializer [-Wmissing-field-initializers]
warning: libraw-ffi@0.1.0:   393 |           {  2247168, 1232,  912,   0,  0, 16,  0,  0, 0x00, 0, 0, "Kodak", "C330" },
warning: libraw-ffi@0.1.0:       |                                                                                    ^
warning: libraw-ffi@0.1.0: vendor/LibRaw/LibRaw-0.22.2/src/metadata/identify.cpp:394:77: warning: missing field 'offset' initializer [-Wmissing-field-initializers]
warning: libraw-ffi@0.1.0:   394 |           {  3370752, 1232,  912,   0,  0, 16,  0,  0, 0x00, 0, 0, "Kodak", "C330" },
warning: libraw-ffi@0.1.0:       |                                                                                    ^
warning: libraw-ffi@0.1.0: vendor/LibRaw/LibRaw-0.22.2/src/metadata/identify.cpp:395:77: warning: missing field 'offset' initializer [-Wmissing-field-initializers]
warning: libraw-ffi@0.1.0:   395 |           {  6163328, 2864, 2152,   0,  0,  0,  0,  0, 0x94, 0, 0, "Kodak", "C603" },
warning: libraw-ffi@0.1.0:       |                                                                                    ^
warning: libraw-ffi@0.1.0: vendor/LibRaw/LibRaw-0.22.2/src/metadata/identify.cpp:397:77: warning: missing field 'offset' initializer [-Wmissing-field-initializers]
warning: libraw-ffi@0.1.0:   397 |           {   460800,  640,  480,   0,  0,  0,  0,  0, 0x00, 0, 0, "Kodak", "C603" },
warning: libraw-ffi@0.1.0:       |                                                                                    ^
warning: libraw-ffi@0.1.0: vendor/LibRaw/LibRaw-0.22.2/src/metadata/identify.cpp:398:77: warning: missing field 'offset' initializer [-Wmissing-field-initializers]
warning: libraw-ffi@0.1.0:   398 |           {  9116448, 2848, 2134,   0,  0,  0,  0,  0, 0x00, 0, 0, "Kodak", "C603" },
warning: libraw-ffi@0.1.0:       |                                                                                    ^
warning: libraw-ffi@0.1.0: vendor/LibRaw/LibRaw-0.22.2/src/metadata/identify.cpp:399:77: warning: missing field 'offset' initializer [-Wmissing-field-initializers]
warning: libraw-ffi@0.1.0:   399 |           { 12241200, 4040, 3030,   2,  0,  0, 13,  0, 0x49, 0, 0, "Kodak", "12MP" },
warning: libraw-ffi@0.1.0:       |                                                                                    ^
warning: libraw-ffi@0.1.0: vendor/LibRaw/LibRaw-0.22.2/src/metadata/identify.cpp:401:77: warning: missing field 'offset' initializer [-Wmissing-field-initializers]
warning: libraw-ffi@0.1.0:   401 |           { 18000000, 4000, 3000,   0,  0,  0,  0,  0, 0x00, 0, 0, "Kodak", "12MP" },
warning: libraw-ffi@0.1.0:       |                                                                                    ^
warning: libraw-ffi@0.1.0: vendor/LibRaw/LibRaw-0.22.2/src/metadata/identify.cpp:402:81: warning: missing field 'offset' initializer [-Wmissing-field-initializers]
warning: libraw-ffi@0.1.0:   402 |           {   614400,  640,  480,   0,  3,  0,  0, 64, 0x94, 0, 0, "Kodak", "KAI-0340" },
warning: libraw-ffi@0.1.0:       |                                                                                        ^
warning: libraw-ffi@0.1.0: vendor/LibRaw/LibRaw-0.22.2/src/metadata/identify.cpp:403:78: warning: missing field 'offset' initializer [-Wmissing-field-initializers]
warning: libraw-ffi@0.1.0:   403 |           { 15360000, 3200, 2400,   0,  0,  0,  0, 96, 0x16, 0, 0, "Lenovo", "A820" },
warning: libraw-ffi@0.1.0:       |                                                                                     ^
warning: libraw-ffi@0.1.0: vendor/LibRaw/LibRaw-0.22.2/src/metadata/identify.cpp:406:77: warning: missing field 'offset' initializer [-Wmissing-field-initializers]
warning: libraw-ffi@0.1.0:   406 |           {  1581060, 1305,  969,   0,  0, 18,  6,  6, 0x1e, 4, 1, "Nikon", "E900" }, // "diag raw" hack
warning: libraw-ffi@0.1.0:       |                                                                                    ^
warning: libraw-ffi@0.1.0: vendor/LibRaw/LibRaw-0.22.2/src/metadata/identify.cpp:407:77: warning: missing field 'offset' initializer [-Wmissing-field-initializers]
warning: libraw-ffi@0.1.0:   407 |           {  2465792, 1638, 1204,   0,  0, 22,  1,  6, 0x4b, 5, 1, "Nikon", "E950" }, // "diag raw" hack; possibly also Nikon E700, E800, E775;
warning: libraw-ffi@0.1.0:       |                                                                                    ^
warning: libraw-ffi@0.1.0: vendor/LibRaw/LibRaw-0.22.2/src/metadata/identify.cpp:409:78: warning: missing field 'offset' initializer [-Wmissing-field-initializers]
warning: libraw-ffi@0.1.0:   409 |           {  2940928, 1616, 1213,   0,  0,  0,  7, 30, 0x94, 0, 1, "Nikon", "E2100" }, // "diag raw" hack; also Nikon E2500
warning: libraw-ffi@0.1.0:       |                                                                                     ^
warning: libraw-ffi@0.1.0: vendor/LibRaw/LibRaw-0.22.2/src/metadata/identify.cpp:410:77: warning: missing field 'offset' initializer [-Wmissing-field-initializers]
warning: libraw-ffi@0.1.0:   410 |           {  4771840, 2064, 1541,   0,  0,  0,  1,  6, 0xe1, 0, 1, "Nikon", "E990" }, // "diag raw" hack; possibly also Nikon E880, E885, E995;
warning: libraw-ffi@0.1.0:       |                                                                                    ^
warning: libraw-ffi@0.1.0: vendor/LibRaw/LibRaw-0.22.2/src/metadata/identify.cpp:412:78: warning: missing field 'offset' initializer [-Wmissing-field-initializers]
warning: libraw-ffi@0.1.0:   412 |           {  4775936, 2064, 1542,   0,  0,  0,  0, 30, 0x94, 0, 1, "Nikon", "E3700" }, // "diag raw" hack; Nikon E3100, E3200, E3500;
warning: libraw-ffi@0.1.0:       |                                                                                     ^
warning: libraw-ffi@0.1.0: vendor/LibRaw/LibRaw-0.22.2/src/metadata/identify.cpp:414:78: warning: missing field 'offset' initializer [-Wmissing-field-initializers]
warning: libraw-ffi@0.1.0:   414 |           {  5865472, 2288, 1709,   0,  0,  0,  1,  6, 0xb4, 0, 1, "Nikon", "E4500" }, // "diag raw" hack; possibly also Olympus C-4040Z
warning: libraw-ffi@0.1.0:       |                                                                                     ^
warning: libraw-ffi@0.1.0: vendor/LibRaw/LibRaw-0.22.2/src/metadata/identify.cpp:415:78: warning: missing field 'offset' initializer [-Wmissing-field-initializers]
warning: libraw-ffi@0.1.0:   415 |           {  5869568, 2288, 1710,   0,  0,  0,  0,  6, 0x16, 0, 1, "Nikon", "E4300" }, // "diag raw" hack; also Minolta "DiMAGE Z2"
warning: libraw-ffi@0.1.0:       |                                                                                     ^
warning: libraw-ffi@0.1.0: vendor/LibRaw/LibRaw-0.22.2/src/metadata/identify.cpp:416:78: warning: missing field 'offset' initializer [-Wmissing-field-initializers]
warning: libraw-ffi@0.1.0:   416 |           {  7438336, 2576, 1925,   0,  0,  0,  1,  6, 0xb4, 0, 1, "Nikon", "E5000" }, // also Nikon E5700
warning: libraw-ffi@0.1.0:       |                                                                                     ^
warning: libraw-ffi@0.1.0: vendor/LibRaw/LibRaw-0.22.2/src/metadata/identify.cpp:417:83: warning: missing field 'offset' initializer [-Wmissing-field-initializers]
warning: libraw-ffi@0.1.0:   417 |           {  8998912, 2832, 2118,   0,  0,  0,  0, 30, 0x94, 7, 1, "Nikon", "COOLPIX S6" }, // "diag raw" hack
warning: libraw-ffi@0.1.0:       |                                                                                          ^
warning: libraw-ffi@0.1.0: vendor/LibRaw/LibRaw-0.22.2/src/metadata/identify.cpp:418:82: warning: missing field 'offset' initializer [-Wmissing-field-initializers]
warning: libraw-ffi@0.1.0:   418 |           {  5939200, 2304, 1718,   0,  0,  0,  0, 30, 0x16, 0, 0, "Olympus", "C-770UZ" }, // possibly also Olympus C-4100Z, C-765UZ
warning: libraw-ffi@0.1.0:       |                                                                                         ^
warning: libraw-ffi@0.1.0: vendor/LibRaw/LibRaw-0.22.2/src/metadata/identify.cpp:419:87: warning: missing field 'offset' initializer [-Wmissing-field-initializers]
warning: libraw-ffi@0.1.0:   419 |           {  3178560, 2064, 1540,   0,  0,  0,  0,  0, 0x94, 0, 1, "Pentax", "Optio S V1.01" },
warning: libraw-ffi@0.1.0:       |                                                                                              ^
warning: libraw-ffi@0.1.0: vendor/LibRaw/LibRaw-0.22.2/src/metadata/identify.cpp:420:81: warning: missing field 'offset' initializer [-Wmissing-field-initializers]
warning: libraw-ffi@0.1.0:   420 |           {  4841984, 2090, 1544,   0,  0, 22,  0,  0, 0x94, 7, 1, "Pentax", "Optio S" },
warning: libraw-ffi@0.1.0:       |                                                                                        ^
warning: libraw-ffi@0.1.0: vendor/LibRaw/LibRaw-0.22.2/src/metadata/identify.cpp:421:82: warning: missing field 'offset' initializer [-Wmissing-field-initializers]
warning: libraw-ffi@0.1.0:   421 |           {  6114240, 2346, 1737,   0,  0, 22,  0,  0, 0x94, 7, 1, "Pentax", "Optio S4" },
warning: libraw-ffi@0.1.0:       |                                                                                         ^
warning: libraw-ffi@0.1.0: vendor/LibRaw/LibRaw-0.22.2/src/metadata/identify.cpp:422:84: warning: missing field 'offset' initializer [-Wmissing-field-initializers]
warning: libraw-ffi@0.1.0:   422 |           { 10702848, 3072, 2322,   0,  0,  0, 21, 30, 0x94, 0, 1, "Pentax", "Optio 750Z" },
warning: libraw-ffi@0.1.0:       |                                                                                           ^
warning: libraw-ffi@0.1.0: vendor/LibRaw/LibRaw-0.22.2/src/metadata/identify.cpp:423:81: warning: missing field 'offset' initializer [-Wmissing-field-initializers]
warning: libraw-ffi@0.1.0:   423 |           {  4147200, 1920, 1080,   0,  0,  0,  0,  0, 0x49, 0, 0, "Photron", "BC2-HD" },
warning: libraw-ffi@0.1.0:       |                                                                                        ^
warning: libraw-ffi@0.1.0: vendor/LibRaw/LibRaw-0.22.2/src/metadata/identify.cpp:425:80: warning: missing field 'offset' initializer [-Wmissing-field-initializers]
warning: libraw-ffi@0.1.0:   425 |           { 13248000, 2208, 3000,   0,  0,  0,  0, 13, 0x61, 0, 0, "Pixelink", "A782" },
warning: libraw-ffi@0.1.0:       |                                                                                       ^
warning: libraw-ffi@0.1.0: vendor/LibRaw/LibRaw-0.22.2/src/metadata/identify.cpp:426:83: warning: missing field 'offset' initializer [-Wmissing-field-initializers]
warning: libraw-ffi@0.1.0:   426 |           {  6291456, 2048, 1536,   0,  0,  0,  0, 96, 0x61, 0, 0, "RoverShot", "3320AF" },
warning: libraw-ffi@0.1.0:       |                                                                                          ^
warning: libraw-ffi@0.1.0: vendor/LibRaw/LibRaw-0.22.2/src/metadata/identify.cpp:427:86: warning: missing field 'offset' initializer [-Wmissing-field-initializers]
warning: libraw-ffi@0.1.0:   427 |           {   311696,  644,  484,   0,  0,  0,  0,  0, 0x16, 0, 8, "ST Micro", "STV680 VGA" },
warning: libraw-ffi@0.1.0:       |                                                                                             ^
warning: libraw-ffi@0.1.0: vendor/LibRaw/LibRaw-0.22.2/src/metadata/identify.cpp:428:78: warning: missing field 'offset' initializer [-Wmissing-field-initializers]
warning: libraw-ffi@0.1.0:   428 |           { 16098048, 3288, 2448,   0,  0, 24,  0,  9, 0x94, 0, 1, "Samsung", "S85" }, // hack
warning: libraw-ffi@0.1.0:       |                                                                                     ^
warning: libraw-ffi@0.1.0: vendor/LibRaw/LibRaw-0.22.2/src/metadata/identify.cpp:429:78: warning: missing field 'offset' initializer [-Wmissing-field-initializers]
warning: libraw-ffi@0.1.0:   429 |           { 16215552, 3312, 2448,   0,  0, 48,  0,  9, 0x94, 0, 1, "Samsung", "S85" }, // hack
warning: libraw-ffi@0.1.0:       |                                                                                     ^
warning: libraw-ffi@0.1.0: vendor/LibRaw/LibRaw-0.22.2/src/metadata/identify.cpp:430:80: warning: missing field 'offset' initializer [-Wmissing-field-initializers]
warning: libraw-ffi@0.1.0:   430 |           { 20487168, 3648, 2808,   0,  0,  0,  0, 13, 0x94, 5, 1, "Samsung", "WB550" },
warning: libraw-ffi@0.1.0:       |                                                                                       ^
warning: libraw-ffi@0.1.0: vendor/LibRaw/LibRaw-0.22.2/src/metadata/identify.cpp:431:80: warning: missing field 'offset' initializer [-Wmissing-field-initializers]
warning: libraw-ffi@0.1.0:   431 |           { 24000000, 4000, 3000,   0,  0,  0,  0, 13, 0x94, 5, 1, "Samsung", "WB550" },
warning: libraw-ffi@0.1.0:       |                                                                                       ^
warning: libraw-ffi@0.1.0: vendor/LibRaw/LibRaw-0.22.2/src/metadata/identify.cpp:435:83: warning: missing field 'offset' initializer [-Wmissing-field-initializers]
warning: libraw-ffi@0.1.0:   435 |           {  1409024, 1376, 1024,   0,  0,  1,  0,  0, 0x49, 0, 0, "Sony", "XCD-SX910CR" },
warning: libraw-ffi@0.1.0:       |                                                                                          ^
warning: libraw-ffi@0.1.0: vendor/LibRaw/LibRaw-0.22.2/src/metadata/identify.cpp:436:83: warning: missing field 'offset' initializer [-Wmissing-field-initializers]
warning: libraw-ffi@0.1.0:   436 |           {  2818048, 1376, 1024,   0,  0,  1,  0, 97, 0x49, 0, 0, "Sony", "XCD-SX910CR" },
warning: libraw-ffi@0.1.0:       |                                                                                          ^
warning: libraw-ffi@0.1.0: vendor/LibRaw/LibRaw-0.22.2/src/metadata/identify.cpp:1124:5: warning: 'sprintf' is deprecated: This function is provided for compatibility reasons only.  Due to security concerns inherent in the design of sprintf(3), it is highly recommended that you use snprintf(3) instead. [-Wdeprecated-declarations]
warning: libraw-ffi@0.1.0:  1124 |     sprintf(model, "%dx%d", width, height);
warning: libraw-ffi@0.1.0:       |     ^
warning: libraw-ffi@0.1.0: /Applications/Xcode.app/Contents/Developer/Platforms/MacOSX.platform/Developer/SDKs/MacOSX.sdk/usr/include/_stdio.h:278:1: note: 'sprintf' has been explicitly marked deprecated here
warning: libraw-ffi@0.1.0:   278 | __deprecated_msg("This function is provided for compatibility reasons only.  Due to security concerns inherent in the design of sprintf(3), it is highly recommended that you use snprintf(3) instead.")
warning: libraw-ffi@0.1.0:       | ^
warning: libraw-ffi@0.1.0: /Applications/Xcode.app/Contents/Developer/Platforms/MacOSX.platform/Developer/SDKs/MacOSX.sdk/usr/include/sys/cdefs.h:227:48: note: expanded from macro '__deprecated_msg'
warning: libraw-ffi@0.1.0:   227 |         #define __deprecated_msg(_msg) __attribute__((__deprecated__(_msg)))
warning: libraw-ffi@0.1.0:       |                                                       ^
warning: libraw-ffi@0.1.0: vendor/LibRaw/LibRaw-0.22.2/src/metadata/identify.cpp:2292:5: warning: comparison of integers of different signs: 'int' and 'unsigned int' [-Wsign-compare]
warning: libraw-ffi@0.1.0:  2292 |                                 FORC(MIN(cblack[4] * cblack[5], LIBRAW_CBLACK_SIZE - 6)) cblack[c] *= 4;
warning: libraw-ffi@0.1.0:       |                                 ^~~~~~~~~~~~~~~~~~~~~~~~~~~~~~~~~~~~~~~~~~~~~~~~~~~~~~~~
warning: libraw-ffi@0.1.0: vendor/LibRaw/LibRaw-0.22.2/internal/defines.h:94:33: note: expanded from macro 'FORC'
warning: libraw-ffi@0.1.0:    94 | #define FORC(cnt) for (c = 0; c < cnt; c++)
warning: libraw-ffi@0.1.0:       |                               ~ ^ ~~~
warning: libraw-ffi@0.1.0: 136 warnings generated.
warning: libraw-ffi@0.1.0: vendor/LibRaw/LibRaw-0.22.2/src/metadata/sony.cpp:785:5: warning: 'sprintf' is deprecated: This function is provided for compatibility reasons only.  Due to security concerns inherent in the design of sprintf(3), it is highly recommended that you use snprintf(3) instead. [-Wdeprecated-declarations]
warning: libraw-ffi@0.1.0:   785 |     sprintf(imgdata.shootinginfo.InternalBodySerial, "%06llx",
warning: libraw-ffi@0.1.0:       |     ^
warning: libraw-ffi@0.1.0: /Applications/Xcode.app/Contents/Developer/Platforms/MacOSX.platform/Developer/SDKs/MacOSX.sdk/usr/include/_stdio.h:278:1: note: 'sprintf' has been explicitly marked deprecated here
warning: libraw-ffi@0.1.0:   278 | __deprecated_msg("This function is provided for compatibility reasons only.  Due to security concerns inherent in the design of sprintf(3), it is highly recommended that you use snprintf(3) instead.")
warning: libraw-ffi@0.1.0:       | ^
warning: libraw-ffi@0.1.0: /Applications/Xcode.app/Contents/Developer/Platforms/MacOSX.platform/Developer/SDKs/MacOSX.sdk/usr/include/sys/cdefs.h:227:48: note: expanded from macro '__deprecated_msg'
warning: libraw-ffi@0.1.0:   227 |         #define __deprecated_msg(_msg) __attribute__((__deprecated__(_msg)))
warning: libraw-ffi@0.1.0:       |                                                       ^
warning: libraw-ffi@0.1.0: vendor/LibRaw/LibRaw-0.22.2/src/metadata/sony.cpp:797:5: warning: 'sprintf' is deprecated: This function is provided for compatibility reasons only.  Due to security concerns inherent in the design of sprintf(3), it is highly recommended that you use snprintf(3) instead. [-Wdeprecated-declarations]
warning: libraw-ffi@0.1.0:   797 |     sprintf(imgdata.shootinginfo.InternalBodySerial, "%06llx",
warning: libraw-ffi@0.1.0:       |     ^
warning: libraw-ffi@0.1.0: /Applications/Xcode.app/Contents/Developer/Platforms/MacOSX.platform/Developer/SDKs/MacOSX.sdk/usr/include/_stdio.h:278:1: note: 'sprintf' has been explicitly marked deprecated here
warning: libraw-ffi@0.1.0:   278 | __deprecated_msg("This function is provided for compatibility reasons only.  Due to security concerns inherent in the design of sprintf(3), it is highly recommended that you use snprintf(3) instead.")
warning: libraw-ffi@0.1.0:       | ^
warning: libraw-ffi@0.1.0: /Applications/Xcode.app/Contents/Developer/Platforms/MacOSX.platform/Developer/SDKs/MacOSX.sdk/usr/include/sys/cdefs.h:227:48: note: expanded from macro '__deprecated_msg'
warning: libraw-ffi@0.1.0:   227 |         #define __deprecated_msg(_msg) __attribute__((__deprecated__(_msg)))
warning: libraw-ffi@0.1.0:       |                                                       ^
warning: libraw-ffi@0.1.0: vendor/LibRaw/LibRaw-0.22.2/src/metadata/sony.cpp:810:7: warning: 'sprintf' is deprecated: This function is provided for compatibility reasons only.  Due to security concerns inherent in the design of sprintf(3), it is highly recommended that you use snprintf(3) instead. [-Wdeprecated-declarations]
warning: libraw-ffi@0.1.0:   810 |       sprintf(imgdata.shootinginfo.InternalBodySerial, "%04x",
warning: libraw-ffi@0.1.0:       |       ^
warning: libraw-ffi@0.1.0: /Applications/Xcode.app/Contents/Developer/Platforms/MacOSX.platform/Developer/SDKs/MacOSX.sdk/usr/include/_stdio.h:278:1: note: 'sprintf' has been explicitly marked deprecated here
warning: libraw-ffi@0.1.0:   278 | __deprecated_msg("This function is provided for compatibility reasons only.  Due to security concerns inherent in the design of sprintf(3), it is highly recommended that you use snprintf(3) instead.")
warning: libraw-ffi@0.1.0:       | ^
warning: libraw-ffi@0.1.0: /Applications/Xcode.app/Contents/Developer/Platforms/MacOSX.platform/Developer/SDKs/MacOSX.sdk/usr/include/sys/cdefs.h:227:48: note: expanded from macro '__deprecated_msg'
warning: libraw-ffi@0.1.0:   227 |         #define __deprecated_msg(_msg) __attribute__((__deprecated__(_msg)))
warning: libraw-ffi@0.1.0:       |                                                       ^
warning: libraw-ffi@0.1.0: vendor/LibRaw/LibRaw-0.22.2/src/metadata/sony.cpp:820:7: warning: 'sprintf' is deprecated: This function is provided for compatibility reasons only.  Due to security concerns inherent in the design of sprintf(3), it is highly recommended that you use snprintf(3) instead. [-Wdeprecated-declarations]
warning: libraw-ffi@0.1.0:   820 |       sprintf(imgdata.shootinginfo.InternalBodySerial, "%05llx",
warning: libraw-ffi@0.1.0:       |       ^
warning: libraw-ffi@0.1.0: /Applications/Xcode.app/Contents/Developer/Platforms/MacOSX.platform/Developer/SDKs/MacOSX.sdk/usr/include/_stdio.h:278:1: note: 'sprintf' has been explicitly marked deprecated here
warning: libraw-ffi@0.1.0:   278 | __deprecated_msg("This function is provided for compatibility reasons only.  Due to security concerns inherent in the design of sprintf(3), it is highly recommended that you use snprintf(3) instead.")
warning: libraw-ffi@0.1.0:       | ^
warning: libraw-ffi@0.1.0: /Applications/Xcode.app/Contents/Developer/Platforms/MacOSX.platform/Developer/SDKs/MacOSX.sdk/usr/include/sys/cdefs.h:227:48: note: expanded from macro '__deprecated_msg'
warning: libraw-ffi@0.1.0:   227 |         #define __deprecated_msg(_msg) __attribute__((__deprecated__(_msg)))
warning: libraw-ffi@0.1.0:       |                                                       ^
warning: libraw-ffi@0.1.0: vendor/LibRaw/LibRaw-0.22.2/src/metadata/sony.cpp:2339:20: warning: comparison of integers of different signs: 'int' and 'unsigned int' [-Wsign-compare]
warning: libraw-ffi@0.1.0:  2339 |           if (ioffset + 3 >= len)
warning: libraw-ffi@0.1.0:       |               ~~~~~~~~~~~ ^  ~~~
warning: libraw-ffi@0.1.0: 5 warnings generated.
warning: libraw-ffi@0.1.0: vendor/LibRaw/LibRaw-0.22.2/src/metadata/ciff.cpp:264:9: warning: 'sprintf' is deprecated: This function is provided for compatibility reasons only.  Due to security concerns inherent in the design of sprintf(3), it is highly recommended that you use snprintf(3) instead. [-Wdeprecated-declarations]
warning: libraw-ffi@0.1.0:   264 |         sprintf(imgdata.shootinginfo.BodySerial, "%d", len);
warning: libraw-ffi@0.1.0:       |         ^
warning: libraw-ffi@0.1.0: /Applications/Xcode.app/Contents/Developer/Platforms/MacOSX.platform/Developer/SDKs/MacOSX.sdk/usr/include/_stdio.h:278:1: note: 'sprintf' has been explicitly marked deprecated here
warning: libraw-ffi@0.1.0:   278 | __deprecated_msg("This function is provided for compatibility reasons only.  Due to security concerns inherent in the design of sprintf(3), it is highly recommended that you use snprintf(3) instead.")
warning: libraw-ffi@0.1.0:       | ^
warning: libraw-ffi@0.1.0: /Applications/Xcode.app/Contents/Developer/Platforms/MacOSX.platform/Developer/SDKs/MacOSX.sdk/usr/include/sys/cdefs.h:227:48: note: expanded from macro '__deprecated_msg'
warning: libraw-ffi@0.1.0:   227 |         #define __deprecated_msg(_msg) __attribute__((__deprecated__(_msg)))
warning: libraw-ffi@0.1.0:       |                                                       ^
warning: libraw-ffi@0.1.0: vendor/LibRaw/LibRaw-0.22.2/src/metadata/ciff.cpp:266:9: warning: 'sprintf' is deprecated: This function is provided for compatibility reasons only.  Due to security concerns inherent in the design of sprintf(3), it is highly recommended that you use snprintf(3) instead. [-Wdeprecated-declarations]
warning: libraw-ffi@0.1.0:   266 |         sprintf(imgdata.shootinginfo.BodySerial, "%0x-%05d", len >> 16,
warning: libraw-ffi@0.1.0:       |         ^
warning: libraw-ffi@0.1.0: /Applications/Xcode.app/Contents/Developer/Platforms/MacOSX.platform/Developer/SDKs/MacOSX.sdk/usr/include/_stdio.h:278:1: note: 'sprintf' has been explicitly marked deprecated here
warning: libraw-ffi@0.1.0:   278 | __deprecated_msg("This function is provided for compatibility reasons only.  Due to security concerns inherent in the design of sprintf(3), it is highly recommended that you use snprintf(3) instead.")
warning: libraw-ffi@0.1.0:       | ^
warning: libraw-ffi@0.1.0: /Applications/Xcode.app/Contents/Developer/Platforms/MacOSX.platform/Developer/SDKs/MacOSX.sdk/usr/include/sys/cdefs.h:227:48: note: expanded from macro '__deprecated_msg'
warning: libraw-ffi@0.1.0:   227 |         #define __deprecated_msg(_msg) __attribute__((__deprecated__(_msg)))
warning: libraw-ffi@0.1.0:       |                                                       ^
warning: libraw-ffi@0.1.0: 2 warnings generated.
warning: libraw-ffi@0.1.0: vendor/LibRaw/LibRaw-0.22.2/src/metadata/nikon.cpp:525:11: warning: 'sprintf' is deprecated: This function is provided for compatibility reasons only.  Due to security concerns inherent in the design of sprintf(3), it is highly recommended that you use snprintf(3) instead. [-Wdeprecated-declarations]
warning: libraw-ffi@0.1.0:   525 |           sprintf(imgdata.shootinginfo.BodySerial, "%d", serial);
warning: libraw-ffi@0.1.0:       |           ^
warning: libraw-ffi@0.1.0: /Applications/Xcode.app/Contents/Developer/Platforms/MacOSX.platform/Developer/SDKs/MacOSX.sdk/usr/include/_stdio.h:278:1: note: 'sprintf' has been explicitly marked deprecated here
warning: libraw-ffi@0.1.0:   278 | __deprecated_msg("This function is provided for compatibility reasons only.  Due to security concerns inherent in the design of sprintf(3), it is highly recommended that you use snprintf(3) instead.")
warning: libraw-ffi@0.1.0:       | ^
warning: libraw-ffi@0.1.0: /Applications/Xcode.app/Contents/Developer/Platforms/MacOSX.platform/Developer/SDKs/MacOSX.sdk/usr/include/sys/cdefs.h:227:48: note: expanded from macro '__deprecated_msg'
warning: libraw-ffi@0.1.0:   227 |         #define __deprecated_msg(_msg) __attribute__((__deprecated__(_msg)))
warning: libraw-ffi@0.1.0:       |                                                       ^
warning: libraw-ffi@0.1.0: 1 warning generated.
warning: libraw-ffi@0.1.0: vendor/LibRaw/LibRaw-0.22.2/src/metadata/pentax.cpp:493:5: warning: 'sprintf' is deprecated: This function is provided for compatibility reasons only.  Due to security concerns inherent in the design of sprintf(3), it is highly recommended that you use snprintf(3) instead. [-Wdeprecated-declarations]
warning: libraw-ffi@0.1.0:   493 |     sprintf(imgdata.shootinginfo.InternalBodySerial, "%d", get4());
warning: libraw-ffi@0.1.0:       |     ^
warning: libraw-ffi@0.1.0: /Applications/Xcode.app/Contents/Developer/Platforms/MacOSX.platform/Developer/SDKs/MacOSX.sdk/usr/include/_stdio.h:278:1: note: 'sprintf' has been explicitly marked deprecated here
warning: libraw-ffi@0.1.0:   278 | __deprecated_msg("This function is provided for compatibility reasons only.  Due to security concerns inherent in the design of sprintf(3), it is highly recommended that you use snprintf(3) instead.")
warning: libraw-ffi@0.1.0:       | ^
warning: libraw-ffi@0.1.0: /Applications/Xcode.app/Contents/Developer/Platforms/MacOSX.platform/Developer/SDKs/MacOSX.sdk/usr/include/sys/cdefs.h:227:48: note: expanded from macro '__deprecated_msg'
warning: libraw-ffi@0.1.0:   227 |         #define __deprecated_msg(_msg) __attribute__((__deprecated__(_msg)))
warning: libraw-ffi@0.1.0:       |                                                       ^
warning: libraw-ffi@0.1.0: vendor/LibRaw/LibRaw-0.22.2/src/metadata/pentax.cpp:553:9: warning: 'sprintf' is deprecated: This function is provided for compatibility reasons only.  Due to security concerns inherent in the design of sprintf(3), it is highly recommended that you use snprintf(3) instead. [-Wdeprecated-declarations]
warning: libraw-ffi@0.1.0:   553 |         sprintf(imgdata.shootinginfo.BodySerial, "%8s", buffer + 8);
warning: libraw-ffi@0.1.0:       |         ^
warning: libraw-ffi@0.1.0: /Applications/Xcode.app/Contents/Developer/Platforms/MacOSX.platform/Developer/SDKs/MacOSX.sdk/usr/include/_stdio.h:278:1: note: 'sprintf' has been explicitly marked deprecated here
warning: libraw-ffi@0.1.0:   278 | __deprecated_msg("This function is provided for compatibility reasons only.  Due to security concerns inherent in the design of sprintf(3), it is highly recommended that you use snprintf(3) instead.")
warning: libraw-ffi@0.1.0:       | ^
warning: libraw-ffi@0.1.0: /Applications/Xcode.app/Contents/Developer/Platforms/MacOSX.platform/Developer/SDKs/MacOSX.sdk/usr/include/sys/cdefs.h:227:48: note: expanded from macro '__deprecated_msg'
warning: libraw-ffi@0.1.0:   227 |         #define __deprecated_msg(_msg) __attribute__((__deprecated__(_msg)))
warning: libraw-ffi@0.1.0:       |                                                       ^
warning: libraw-ffi@0.1.0: vendor/LibRaw/LibRaw-0.22.2/src/metadata/pentax.cpp:556:7: warning: 'sprintf' is deprecated: This function is provided for compatibility reasons only.  Due to security concerns inherent in the design of sprintf(3), it is highly recommended that you use snprintf(3) instead. [-Wdeprecated-declarations]
warning: libraw-ffi@0.1.0:   556 |       sprintf(imgdata.shootinginfo.InternalBodySerial, "%8s", buffer);
warning: libraw-ffi@0.1.0:       |       ^
warning: libraw-ffi@0.1.0: /Applications/Xcode.app/Contents/Developer/Platforms/MacOSX.platform/Developer/SDKs/MacOSX.sdk/usr/include/_stdio.h:278:1: note: 'sprintf' has been explicitly marked deprecated here
warning: libraw-ffi@0.1.0:   278 | __deprecated_msg("This function is provided for compatibility reasons only.  Due to security concerns inherent in the design of sprintf(3), it is highly recommended that you use snprintf(3) instead.")
warning: libraw-ffi@0.1.0:       | ^
warning: libraw-ffi@0.1.0: /Applications/Xcode.app/Contents/Developer/Platforms/MacOSX.platform/Developer/SDKs/MacOSX.sdk/usr/include/sys/cdefs.h:227:48: note: expanded from macro '__deprecated_msg'
warning: libraw-ffi@0.1.0:   227 |         #define __deprecated_msg(_msg) __attribute__((__deprecated__(_msg)))
warning: libraw-ffi@0.1.0:       |                                                       ^
warning: libraw-ffi@0.1.0: vendor/LibRaw/LibRaw-0.22.2/src/metadata/pentax.cpp:560:7: warning: 'sprintf' is deprecated: This function is provided for compatibility reasons only.  Due to security concerns inherent in the design of sprintf(3), it is highly recommended that you use snprintf(3) instead. [-Wdeprecated-declarations]
warning: libraw-ffi@0.1.0:   560 |       sprintf(imgdata.shootinginfo.BodySerial, "%02x%02x%02x%02x", buffer[4],
warning: libraw-ffi@0.1.0:       |       ^
warning: libraw-ffi@0.1.0: /Applications/Xcode.app/Contents/Developer/Platforms/MacOSX.platform/Developer/SDKs/MacOSX.sdk/usr/include/_stdio.h:278:1: note: 'sprintf' has been explicitly marked deprecated here
warning: libraw-ffi@0.1.0:   278 | __deprecated_msg("This function is provided for compatibility reasons only.  Due to security concerns inherent in the design of sprintf(3), it is highly recommended that you use snprintf(3) instead.")
warning: libraw-ffi@0.1.0:       | ^
warning: libraw-ffi@0.1.0: /Applications/Xcode.app/Contents/Developer/Platforms/MacOSX.platform/Developer/SDKs/MacOSX.sdk/usr/include/sys/cdefs.h:227:48: note: expanded from macro '__deprecated_msg'
warning: libraw-ffi@0.1.0:   227 |         #define __deprecated_msg(_msg) __attribute__((__deprecated__(_msg)))
warning: libraw-ffi@0.1.0:       |                                                       ^
warning: libraw-ffi@0.1.0: vendor/LibRaw/LibRaw-0.22.2/src/metadata/pentax.cpp:562:7: warning: 'sprintf' is deprecated: This function is provided for compatibility reasons only.  Due to security concerns inherent in the design of sprintf(3), it is highly recommended that you use snprintf(3) instead. [-Wdeprecated-declarations]
warning: libraw-ffi@0.1.0:   562 |       sprintf(imgdata.shootinginfo.InternalBodySerial, "%02x%02x%02x%02x",
warning: libraw-ffi@0.1.0:       |       ^
warning: libraw-ffi@0.1.0: /Applications/Xcode.app/Contents/Developer/Platforms/MacOSX.platform/Developer/SDKs/MacOSX.sdk/usr/include/_stdio.h:278:1: note: 'sprintf' has been explicitly marked deprecated here
warning: libraw-ffi@0.1.0:   278 | __deprecated_msg("This function is provided for compatibility reasons only.  Due to security concerns inherent in the design of sprintf(3), it is highly recommended that you use snprintf(3) instead.")
warning: libraw-ffi@0.1.0:       | ^
warning: libraw-ffi@0.1.0: /Applications/Xcode.app/Contents/Developer/Platforms/MacOSX.platform/Developer/SDKs/MacOSX.sdk/usr/include/sys/cdefs.h:227:48: note: expanded from macro '__deprecated_msg'
warning: libraw-ffi@0.1.0:   227 |         #define __deprecated_msg(_msg) __attribute__((__deprecated__(_msg)))
warning: libraw-ffi@0.1.0:       |                                                       ^
warning: libraw-ffi@0.1.0: vendor/LibRaw/LibRaw-0.22.2/src/metadata/normalize_model.cpp:552:130: warning: suspicious concatenation of string literals in an array initialization; did you mean to separate the elements with a comma? [-Wstring-concatenation]
warning: libraw-ffi@0.1.0:   552 |     "@DC-ZS200", "DC-ZS220", "DC-TZ200", "DC-TZ202", "DC-TZ220", "DC-TZ200D", "DC-TZ202D", "DC-TZ220D", "DC-ZS200D", "DC-ZS220D" "DC-TX2", "C-Lux", "CAM-DC25",
warning: libraw-ffi@0.1.0:       |                                                                                                                                  ^
warning: libraw-ffi@0.1.0:       |                                                                                                                                 ,
warning: libraw-ffi@0.1.0: vendor/LibRaw/LibRaw-0.22.2/src/metadata/normalize_model.cpp:552:118: note: place parentheses around the string literal to silence warning
warning: libraw-ffi@0.1.0:   552 |     "@DC-ZS200", "DC-ZS220", "DC-TZ200", "DC-TZ202", "DC-TZ220", "DC-TZ200D", "DC-TZ202D", "DC-TZ220D", "DC-ZS200D", "DC-ZS220D" "DC-TX2", "C-Lux", "CAM-DC25",
warning: libraw-ffi@0.1.0:       |                                                                                                                      ^
warning: libraw-ffi@0.1.0: 5 warnings generated.
warning: libraw-ffi@0.1.0: 1 warning generated.
warning: libraw-ffi@0.1.0: vendor/LibRaw/LibRaw-0.22.2/src/metadata/canon.cpp:864:5: warning: 'sprintf' is deprecated: This function is provided for compatibility reasons only.  Due to security concerns inherent in the design of sprintf(3), it is highly recommended that you use snprintf(3) instead. [-Wdeprecated-declarations]
warning: libraw-ffi@0.1.0:   864 |     sprintf(imgdata.shootinginfo.BodySerial, "%d", tS);
warning: libraw-ffi@0.1.0:       |     ^
warning: libraw-ffi@0.1.0: /Applications/Xcode.app/Contents/Developer/Platforms/MacOSX.platform/Developer/SDKs/MacOSX.sdk/usr/include/_stdio.h:278:1: note: 'sprintf' has been explicitly marked deprecated here
warning: libraw-ffi@0.1.0:   278 | __deprecated_msg("This function is provided for compatibility reasons only.  Due to security concerns inherent in the design of sprintf(3), it is highly recommended that you use snprintf(3) instead.")
warning: libraw-ffi@0.1.0:       | ^
warning: libraw-ffi@0.1.0: /Applications/Xcode.app/Contents/Developer/Platforms/MacOSX.platform/Developer/SDKs/MacOSX.sdk/usr/include/sys/cdefs.h:227:48: note: expanded from macro '__deprecated_msg'
warning: libraw-ffi@0.1.0:   227 |         #define __deprecated_msg(_msg) __attribute__((__deprecated__(_msg)))
warning: libraw-ffi@0.1.0:       |                                                       ^
warning: libraw-ffi@0.1.0: 1 warning generated.
warning: libraw-ffi@0.1.0: vendor/LibRaw/LibRaw-0.22.2/src/metadata/tiff.cpp:1029:7: warning: 'sprintf' is deprecated: This function is provided for compatibility reasons only.  Due to security concerns inherent in the design of sprintf(3), it is highly recommended that you use snprintf(3) instead. [-Wdeprecated-declarations]
warning: libraw-ffi@0.1.0:  1029 |       sprintf(model, "Ixpress %d-Mp", c);
warning: libraw-ffi@0.1.0:       |       ^
warning: libraw-ffi@0.1.0: /Applications/Xcode.app/Contents/Developer/Platforms/MacOSX.platform/Developer/SDKs/MacOSX.sdk/usr/include/_stdio.h:278:1: note: 'sprintf' has been explicitly marked deprecated here
warning: libraw-ffi@0.1.0:   278 | __deprecated_msg("This function is provided for compatibility reasons only.  Due to security concerns inherent in the design of sprintf(3), it is highly recommended that you use snprintf(3) instead.")
warning: libraw-ffi@0.1.0:       | ^
warning: libraw-ffi@0.1.0: /Applications/Xcode.app/Contents/Developer/Platforms/MacOSX.platform/Developer/SDKs/MacOSX.sdk/usr/include/sys/cdefs.h:227:48: note: expanded from macro '__deprecated_msg'
warning: libraw-ffi@0.1.0:   227 |         #define __deprecated_msg(_msg) __attribute__((__deprecated__(_msg)))
warning: libraw-ffi@0.1.0:       |                                                       ^
warning: libraw-ffi@0.1.0: vendor/LibRaw/LibRaw-0.22.2/src/metadata/tiff.cpp:1230:13: warning: comparison of integers of different signs: 'int' and 'unsigned int' [-Wsign-compare]
warning: libraw-ffi@0.1.0:  1230 |                                         if (fj > libraw_internal_data.unpacker_data.lenRAFData - 3)
warning: libraw-ffi@0.1.0:       |                                             ~~ ^ ~~~~~~~~~~~~~~~~~~~~~~~~~~~~~~~~~~~~~~~~~~~~~~~~~
warning: libraw-ffi@0.1.0: vendor/LibRaw/LibRaw-0.22.2/src/metadata/tiff.cpp:1239:15: warning: comparison of integers of different signs: 'int' and 'unsigned int' [-Wsign-compare]
warning: libraw-ffi@0.1.0:  1239 |                                                 && ofst < libraw_internal_data.unpacker_data.lenRAFData - 3;
warning: libraw-ffi@0.1.0:       |                                                    ~~~~ ^ ~~~~~~~~~~~~~~~~~~~~~~~~~~~~~~~~~~~~~~~~~~~~~~~~~
warning: libraw-ffi@0.1.0: vendor/LibRaw/LibRaw-0.22.2/src/metadata/tiff.cpp:1635:17: warning: comparison of integers of different signs: 'int' and 'unsigned int' [-Wsign-compare]
warning: libraw-ffi@0.1.0:  1635 |                                   if (items == SR2SubIFDLength)
warning: libraw-ffi@0.1.0:       |                                       ~~~~~ ^  ~~~~~~~~~~~~~~~
warning: libraw-ffi@0.1.0: vendor/LibRaw/LibRaw-0.22.2/src/metadata/tiff.cpp:1748:12: warning: comparison of integers of different signs: 'int' and 'unsigned int' [-Wsign-compare]
warning: libraw-ffi@0.1.0:  1748 |         if (items == sony_length)
warning: libraw-ffi@0.1.0:       |             ~~~~~ ^  ~~~~~~~~~~~
warning: libraw-ffi@0.1.0: vendor/LibRaw/LibRaw-0.22.2/src/metadata/tiff.cpp:2005:4: warning: misleading indentation; statement is not part of the previous 'if' [-Wmisleading-indentation]
warning: libraw-ffi@0.1.0:  2005 |           if (!strncasecmp(make, "Sony", 4) && tiff_ifd[i].bps == 8 && tiff_ifd[i].phint == 6 && tiff_ifd[i].comp == 7 &&
warning: libraw-ffi@0.1.0:       |           ^
warning: libraw-ffi@0.1.0: vendor/LibRaw/LibRaw-0.22.2/src/metadata/tiff.cpp:2002:7: note: previous statement is here
warning: libraw-ffi@0.1.0:  2002 |       if (tiff_ifd[i].phint == 2 && tiff_ifd[i].extrasamples > 0 && tiff_ifd[i].samples > 3)
warning: libraw-ffi@0.1.0:       |       ^
warning: libraw-ffi@0.1.0: 6 warnings generated.
warning: libraw-ffi@0.1.0: vendor/LibRaw/LibRaw-0.22.2/src/metadata/misc_parsers.cpp:123:3: warning: 'sprintf' is deprecated: This function is provided for compatibility reasons only.  Due to security concerns inherent in the design of sprintf(3), it is highly recommended that you use snprintf(3) instead. [-Wdeprecated-declarations]
warning: libraw-ffi@0.1.0:   123 |   sprintf(model, "%d", get4());
warning: libraw-ffi@0.1.0:       |   ^
warning: libraw-ffi@0.1.0: /Applications/Xcode.app/Contents/Developer/Platforms/MacOSX.platform/Developer/SDKs/MacOSX.sdk/usr/include/_stdio.h:278:1: note: 'sprintf' has been explicitly marked deprecated here
warning: libraw-ffi@0.1.0:   278 | __deprecated_msg("This function is provided for compatibility reasons only.  Due to security concerns inherent in the design of sprintf(3), it is highly recommended that you use snprintf(3) instead.")
warning: libraw-ffi@0.1.0:       | ^
warning: libraw-ffi@0.1.0: /Applications/Xcode.app/Contents/Developer/Platforms/MacOSX.platform/Developer/SDKs/MacOSX.sdk/usr/include/sys/cdefs.h:227:48: note: expanded from macro '__deprecated_msg'
warning: libraw-ffi@0.1.0:   227 |         #define __deprecated_msg(_msg) __attribute__((__deprecated__(_msg)))
warning: libraw-ffi@0.1.0:       |                                                       ^
warning: libraw-ffi@0.1.0: vendor/LibRaw/LibRaw-0.22.2/src/metadata/misc_parsers.cpp:209:3: warning: 'sprintf' is deprecated: This function is provided for compatibility reasons only.  Due to security concerns inherent in the design of sprintf(3), it is highly recommended that you use snprintf(3) instead. [-Wdeprecated-declarations]
warning: libraw-ffi@0.1.0:   209 |   sprintf(model, "v%d %dx%d", ver, width, height);
warning: libraw-ffi@0.1.0:       |   ^
warning: libraw-ffi@0.1.0: /Applications/Xcode.app/Contents/Developer/Platforms/MacOSX.platform/Developer/SDKs/MacOSX.sdk/usr/include/_stdio.h:278:1: note: 'sprintf' has been explicitly marked deprecated here
warning: libraw-ffi@0.1.0:   278 | __deprecated_msg("This function is provided for compatibility reasons only.  Due to security concerns inherent in the design of sprintf(3), it is highly recommended that you use snprintf(3) instead.")
warning: libraw-ffi@0.1.0:       | ^
warning: libraw-ffi@0.1.0: /Applications/Xcode.app/Contents/Developer/Platforms/MacOSX.platform/Developer/SDKs/MacOSX.sdk/usr/include/sys/cdefs.h:227:48: note: expanded from macro '__deprecated_msg'
warning: libraw-ffi@0.1.0:   227 |         #define __deprecated_msg(_msg) __attribute__((__deprecated__(_msg)))
warning: libraw-ffi@0.1.0:       |                                                       ^
warning: libraw-ffi@0.1.0: 2 warnings generated.
   Compiling pipeline-cpu v0.1.0 (/Users/rutmehta/.codex/worktrees/export-integration/tessera/crates/pipeline-cpu)
   Compiling image-core v0.1.0 (/Users/rutmehta/.codex/worktrees/export-integration/tessera/crates/image-core)
    Finished `release` profile [optimized] target(s) in 35.59s
     Running unittests src/lib.rs (/Volumes/betterSSD/tessera-cache/target/depth-histogram-readonly-77eb68d0-relocated/release/deps/image_core-28a44f5eedbd1e48)

running 23 tests
test cache::tests::f16_round_trip ... ok
test cache::tests::lru_eviction_respects_budget_and_recency ... ok
test graph::tests::dirty_stage_and_rerun_set ... ok
test graph::tests::order_and_flags ... ok
test render::review_tests::nonresident_scalar_preview_uses_l0_upright_with_manual_transforms ... ok
test render::review_tests::nonresident_upright_analysis_is_cached_across_manual_transforms ... ok
test resample::tests::phase_clamp_matches_reference ... ok
test resample::tests::sources_cover_halo_and_edges ... ok
test resident_model::cfa_resident_scheduler_matches_cpu_and_reuses_fullstrength ... ok
test resident_model::disabled_detail_still_validates_controls ... ok
test resident_model::preview_matrices_run_only_at_output_resolution ... ok
test resident_model::resident_graph_preserves_crop_phase_parity_and_edit_invalidation ... ok
test rgb::tests::corrupt_input_and_invalid_icc_are_errors ... ok
test rgb::tests::heic_pixels_are_decoded_through_imageio ... ok
test rgb::tests::heic_reports_unsupported_instead_of_raw_decode_failure ... ok
test rgb::tests::jpeg_embedded_adobe_rgb_is_not_treated_as_srgb ... ok
test rgb::tests::jpeg_exif_rotation_swaps_dimensions_once ... ok
test rgb::tests::png_defaults_to_srgb_and_exposes_linear_planes ... ok
test rgb::tests::raster_constructor_preserves_linear_hdr_and_rejects_monochrome ... ok
test rgb::tests::raster_constructor_uses_linear_profile_primaries_not_encoded_trcs ... ok
test rgb::tests::recognizes_supported_extensions_case_insensitively ... ok
test rgb::tests::tiff_16_bit_preserves_precision_and_applies_each_orientation_once ... ok
test rgb::tests::tiff_float_with_linear_icc_retains_hdr_and_sub_byte_precision ... ok

test result: ok. 23 passed; 0 failed; 0 ignored; 0 measured; 0 filtered out; finished in 14.82s

     Running tests/adobe.rs (/Volumes/betterSSD/tessera-cache/target/depth-histogram-readonly-77eb68d0-relocated/release/deps/adobe-75fb410400ed9085)

running 3 tests
test adobe_dispatch_changes_pixels_but_reuses_demosaic ... ok
test compat_matches_standalone_with_and_without_dcp ... ok
test op_set_hash_starts_at_camera_profile ... ok

test result: ok. 3 passed; 0 failed; 0 ignored; 0 measured; 0 filtered out; finished in 0.06s

     Running tests/automatic_post_denoise.rs (/Volumes/betterSSD/tessera-cache/target/depth-histogram-readonly-77eb68d0-relocated/release/deps/automatic_post_denoise-9e360ff22ad9c224)

running 1 test
test cached_post_adapter_uses_automatic_sigma_for_masked_and_unmasked_images ... ok

test result: ok. 1 passed; 0 failed; 0 ignored; 0 measured; 0 filtered out; finished in 0.00s

     Running tests/batch.rs (/Volumes/betterSSD/tessera-cache/target/depth-histogram-readonly-77eb68d0-relocated/release/deps/batch-caa5cd8b3d1c758d)

running 1 test
test cpu_batch_hook_preserves_in_place_ownership ... ok

test result: ok. 1 passed; 0 failed; 0 ignored; 0 measured; 0 filtered out; finished in 0.22s

     Running tests/cfa_denoise.rs (/Volumes/betterSSD/tessera-cache/target/depth-histogram-readonly-77eb68d0-relocated/release/deps/cfa_denoise-1358eda7b5e834a4)

running 1 test
test cfa_denoise_is_cached_before_demosaic ... ok

test result: ok. 1 passed; 0 failed; 0 ignored; 0 measured; 0 filtered out; finished in 0.04s

     Running tests/denoise.rs (/Volumes/betterSSD/tessera-cache/target/depth-histogram-readonly-77eb68d0-relocated/release/deps/denoise-ce7414d3ff2dc91d)

running 2 tests
test denoise_dirties_demosaic_not_reserved_raw_stage ... ok
test full_image_inference_cached_at_demosaic ... ok

test result: ok. 2 passed; 0 failed; 0 ignored; 0 measured; 0 filtered out; finished in 0.04s

     Running tests/depth_hook.rs (/Volumes/betterSSD/tessera-cache/target/depth-histogram-readonly-77eb68d0-relocated/release/deps/depth_hook-d013212832d1241e)

running 7 tests
test cached_provider_histogram_tracks_source_and_clears_after_failed_estimate ... ok
test cached_provider_rejects_unknown_model_before_loading_weights ... ok
test depth_hook_applies_blur_and_visualises_without_weights ... ok
test direct_rgb_linear_depth_and_visualisation_use_separate_memo_entries ... ok
test replacing_depth_provider_invalidates_direct_rgb_memo ... ok
test rgb_render_with_cached_depth_blurs_and_invalidates_visualisation_cache ... ok
test zero_blur_amount_is_exact_without_a_depth_provider ... ok

test result: ok. 7 passed; 0 failed; 0 ignored; 0 measured; 0 filtered out; finished in 0.02s

     Running tests/fixture.rs (/Volumes/betterSSD/tessera-cache/target/depth-histogram-readonly-77eb68d0-relocated/release/deps/fixture-97d5174d4d3036f1)

running 3 tests
test bench_tone_only_change_at_level_2 ... ignored
test fixture_level3_m2_extremes_are_finite ... ok
test fixture_level3_matches_pipeline_cpu ... ok

test result: ok. 2 passed; 0 failed; 1 ignored; 0 measured; 0 filtered out; finished in 14.55s

     Running tests/geometry_edr.rs (/Volumes/betterSSD/tessera-cache/target/depth-histogram-readonly-77eb68d0-relocated/release/deps/geometry_edr-6895376a6f6bf886)

running 1 test
test composed_optics_edr_matches_f32_scalar_reference ... ok

test result: ok. 1 passed; 0 failed; 0 ignored; 0 measured; 0 filtered out; finished in 0.41s

     Running tests/linear_dng.rs (/Volumes/betterSSD/tessera-cache/target/depth-histogram-readonly-77eb68d0-relocated/release/deps/linear_dng-f9b552836a32618e)

running 6 tests
test cfa_dng_stays_raw_and_corrupt_linear_dng_does_not_fall_back ... ok
test d65_cross_channel_calibration_is_inverted_without_row_normalization ... ok
test float_linear_dng_uses_calibrated_working_rgb_without_clipping ... ok
test integer_linear_dng_normalizes_white_level_without_byte_quantization ... ok
test linear_dng_boundary_rejects_inconsistent_dimensions_without_panicking ... ok
test linear_dng_consumes_all_orientations_once ... ok

test result: ok. 6 passed; 0 failed; 0 ignored; 0 measured; 0 filtered out; finished in 0.06s

     Running tests/locals.rs (/Volumes/betterSSD/tessera-cache/target/depth-histogram-readonly-77eb68d0-relocated/release/deps/locals-2a048ce5db9b54bb)

running 2 tests
test graph_reuses_raster_for_sliders_but_not_upstream_or_mask_edits ... ok
test locals_stage_applies_masked_exposure_after_color ... ok

test result: ok. 2 passed; 0 failed; 0 ignored; 0 measured; 0 filtered out; finished in 0.02s

     Running tests/locals_order.rs (/Volumes/betterSSD/tessera-cache/target/depth-histogram-readonly-77eb68d0-relocated/release/deps/locals_order-0c5e484510968324)

running 1 test
test empty_masks_are_identity_and_groups_add_deltas_from_prelocal_color ... ok

test result: ok. 1 passed; 0 failed; 0 ignored; 0 measured; 0 filtered out; finished in 0.02s

     Running tests/m2.rs (/Volumes/betterSSD/tessera-cache/target/depth-histogram-readonly-77eb68d0-relocated/release/deps/m2-c11d14dd081be620)

running 4 tests
test image_stage_fallbacks_match_reference_and_count_global_barriers ... ok
test m2_cache_reuses_wb_but_dispatches_changed_controls ... ok
test m2_cropped_regions_levels_and_cancellation ... ok
test m2_matches_whole_image_reference_across_seams_and_crop ... ok

test result: ok. 4 passed; 0 failed; 0 ignored; 0 measured; 0 filtered out; finished in 3.21s

     Running tests/mask_cache.rs (/Volumes/betterSSD/tessera-cache/target/depth-histogram-readonly-77eb68d0-relocated/release/deps/mask_cache-67b4c73adc9e8bd5)

running 3 tests
test raster_cache_is_byte_bounded_and_rejects_oversized_entries ... ok
test raster_cache_reuses_sliders_and_invalidates_every_raster_input ... ok
test warm_geometric_cache_does_not_bypass_rgb_validation ... ok

test result: ok. 3 passed; 0 failed; 0 ignored; 0 measured; 0 filtered out; finished in 0.00s

     Running tests/ml_cfa.rs (/Volumes/betterSSD/tessera-cache/target/depth-histogram-readonly-77eb68d0-relocated/release/deps/ml_cfa-de4848afb83444b7)

running 5 tests
test all_zero_site_mask_never_loads_weights_for_odd_rotations ... ok
test automatic_noise_backend_preserves_zero_amount_without_weights ... ok
test calibration_and_runtime_policy_change_adapter_identity ... ok
test cfa_adapter_zero_amount_never_loads_missing_weights ... ok
test estimate_available_raw_fixtures_without_weights ... ok

test result: ok. 5 passed; 0 failed; 0 ignored; 0 measured; 0 filtered out; finished in 1.02s

     Running tests/ml_cfa_local.rs (/Volumes/betterSSD/tessera-cache/target/depth-histogram-readonly-77eb68d0-relocated/release/deps/ml_cfa_local-92c97fa97faa13da)

running 1 test
test local_trained_adapter_preserves_sensor_mask_for_every_pattern ... ignored, requires locally trained weights; run after documented training/export

test result: ok. 0 passed; 0 failed; 1 ignored; 0 measured; 0 filtered out; finished in 0.00s

     Running tests/ml_denoise.rs (/Volumes/betterSSD/tessera-cache/target/depth-histogram-readonly-77eb68d0-relocated/release/deps/ml_denoise-3ee19ee7e312e041)

running 3 tests
test cached_model_runs_through_renderer_and_reference_pipeline ... ok
test lazy_adapter_zero_never_creates_model_cache ... ok
test zero_sensor_mask_skips_download_and_changes_cache_revision ... ok

test result: ok. 3 passed; 0 failed; 0 ignored; 0 measured; 0 filtered out; finished in 0.00s

     Running tests/packed_cfa.rs (/Volumes/betterSSD/tessera-cache/target/depth-histogram-readonly-77eb68d0-relocated/release/deps/packed_cfa-c6e382e62d5e78cd)

running 3 tests
test inference_identity_excludes_amount_tone_but_includes_image_upstream_model_adapter ... ok
test packed_cfa_preserves_all_rotations_odd_edges_and_site_masks ... ok
test packed_handoff_retains_owned_tensor_storage ... ok

test result: ok. 3 passed; 0 failed; 0 ignored; 0 measured; 0 filtered out; finished in 0.02s

     Running tests/pinned_raw_cpu_profile.rs (/Volumes/betterSSD/tessera-cache/target/depth-histogram-readonly-77eb68d0-relocated/release/deps/pinned_raw_cpu_profile-56e92a290a31d3e6)

running 1 test
test pinned_native2_bilinear_profile_has_float_scene_and_u16_display_contract ... ok

test result: ok. 1 passed; 0 failed; 0 ignored; 0 measured; 0 filtered out; finished in 0.12s

     Running tests/render.rs (/Volumes/betterSSD/tessera-cache/target/depth-histogram-readonly-77eb68d0-relocated/release/deps/render-f68efee9046f304a)

running 10 tests
test cache_budget_is_respected_and_does_not_change_cold_output ... ok
test cold_render_matches_reference_at_every_level ... ok
test level_zero_matches_reference_for_non_default_settings ... ok
test progressive_job_runs_on_the_scheduler ... ok
test progressive_render_delivers_coarse_first ... ok
test progressive_render_is_cancellable_between_tiles ... ok
test rejects_unsupported_settings_and_bad_requests ... ok
test sub_region_equals_the_same_tiles_of_a_full_render ... ok
test tone_change_reuses_white_balance_and_reruns_uncached_detail ... ok
test xtrans_matches_reference ... ok

test result: ok. 10 passed; 0 failed; 0 ignored; 0 measured; 0 filtered out; finished in 9.22s

     Running tests/rgb.rs (/Volumes/betterSSD/tessera-cache/target/depth-histogram-readonly-77eb68d0-relocated/release/deps/rgb-ceeb88afde64299e)

running 2 tests
test jpeg_opens_and_renders_nonblack ... ok
test rgb_skips_raw_denoise_in_cpu_reference_and_graph ... ok

test result: ok. 2 passed; 0 failed; 0 ignored; 0 measured; 0 filtered out; finished in 0.01s

     Running tests/rgb_memo.rs (/Volumes/betterSSD/tessera-cache/target/depth-histogram-readonly-77eb68d0-relocated/release/deps/rgb_memo-b6c317f0ba0eaa4d)

running 7 tests
test automatic_rgb_ca_and_vignette_are_real_corrections ... ok
test exact_rgb_memo_reuses_only_upstream_and_bounds_payload ... ok
test final_checkpoint_avoids_rebuilding_evicted_upstream ... ok
test full_width_image_ids_never_collapse_to_json_null ... ok
test linear_boundary_preserves_bits_and_rejects_nonfinite_mutation ... ok
test tone_crop_and_identity_invalidation_and_cancel ... ok
test white_balance_edit_reuses_lens_analysis_and_alignment ... ok

test result: ok. 7 passed; 0 failed; 0 ignored; 0 measured; 0 filtered out; finished in 0.16s

     Running tests/smart_preview.rs (/Volumes/betterSSD/tessera-cache/target/depth-histogram-readonly-77eb68d0-relocated/release/deps/smart_preview-f66bca0577dd4ed7)

running 7 tests
test cancellation_from_sink_prevents_later_tile_delivery ... ok
test compact_scale_three_persisted_route_keeps_original_metadata_and_edit_geometry ... ok
test ordinary_and_m2_wb_region_tiles_and_progressive_are_scalar_camera_linear ... ok
test persisted_proxy_reopens_into_the_same_camera_linear_render_route ... ok
test resident_metrics_surfaces_and_export_rows_decline_without_touching_buffers ... ok
test source_preserves_physical_metadata_and_separates_owner_and_render_identity ... ok
test unsupported_prefix_process_and_external_masks_fail_before_delivery ... ok

test result: ok. 7 passed; 0 failed; 0 ignored; 0 measured; 0 filtered out; finished in 0.09s

     Running unittests src/lib.rs (/Volumes/betterSSD/tessera-cache/target/depth-histogram-readonly-77eb68d0-relocated/release/deps/pipeline_cpu-8f53306c1b2753df)

running 53 tests
test color_detail::tests::active_detail_requires_real_halo_without_partial_write ... ok
test color_detail::tests::chroma_nr_smooths_opponents_preserving_linear_luminance ... ok
test color_detail::tests::defaults_apply_sharpening_and_keep_halos ... ok
test color_detail::tests::detail_is_partition_invariant_and_keeps_input_halo ... ok
test color_detail::tests::detail_subsettings_are_independent_and_halo_is_bounded ... ok
test color_detail::tests::eight_hsl_bands_change_their_centers_smoothly ... ok
test color_detail::tests::grading_wheels_balance_and_blending_are_effective ... ok
test color_detail::tests::hsl_windows_partition_and_wrap_and_lightness_is_independent ... ok
test color_detail::tests::invalid_inputs_and_unsupported_controls_are_rejected_atomically ... ok
test color_detail::tests::luminance_nr_reduces_noise_with_sharpening_disabled ... ok
test color_detail::tests::saturation_minus_100_removes_chroma ... ok
test color_detail::tests::sharpening_controls_boost_and_mask_texture ... ok
test color_detail::tests::signed_hdr_roundtrip_and_neutral_bit_patterns ... ok
test color_detail::tests::vibrance_boosts_muted_colors_and_protects_skin ... ok
test display::hdr_tests::headroom_extends_highlights_and_keeps_mid_grey ... ok
test display::hdr_tests::unit_headroom_is_the_sdr_curve_without_encoding ... ok
test embedded_lens::tests::file_order_warp_then_vignette_is_not_reversed ... ok
test embedded_lens::tests::gain_map_bilinear_origin_pitch_and_area ... ok
test embedded_lens::tests::invalid_stage_plane_range_fails_closed ... ok
test embedded_lens::tests::list1_warp_preserves_all_bayer_phases_and_xtrans_phases ... ok
test geometry_effects::composed_map_tests::one_lookup_per_channel_combines_crop_transform_and_lens ... ok
test geometry_effects::tests::effects_default_is_exact_and_shares_storage ... ok
test geometry_effects::tests::effects_errors_are_atomic_and_extremes_finite ... ok
test geometry_effects::tests::effects_global_coordinates_match_halos_and_levels ... ok
test geometry_effects::tests::geometry_and_lab_extreme_samples_stay_finite ... ok
test geometry_effects::tests::geometry_identity_and_integer_crop ... ok
test geometry_effects::tests::lanczos_uses_scalar_f32_rounding ... ok
test geometry_effects::tests::rotation_constant_center_and_black_corners ... ok
test geometry_effects::tests::straighten_fractional_crop_and_validation ... ok
test geometry_effects::tests::vignette_styles_controls_and_grain_are_active ... ok
test lens_resolve::tests::sparse_sensor_analysis_matches_whole_frame ... ok
test optics::tests::defringe_hue_ranges_wrap_and_full_circle ... ok
test optics::tests::independent_defringe_is_in_lateral_pass ... ok
test render::tests::parallel_detail_is_bit_exact_across_tiles_and_edges ... ok
test smart_preview::codec::tests::f16_overflow_uses_exact_f32_for_entire_payload ... ok
test smart_preview::codec::tests::finite_signed_hdr_uses_f16_only_within_error_bound ... ok
test smart_preview::codec::tests::image_estimated_sample_is_restored_without_reresolution ... ok
test tone_extra::tests::airlight_rejects_isolated_hdr_outlier ... ok
test tone_extra::tests::channel_and_luminance_curves_have_distinct_semantics ... ok
test tone_extra::tests::clarity_changes_midscale_but_preserves_constant_rgb ... ok
test tone_extra::tests::dehaze_removes_or_adds_haze_and_protects_white_scene ... ok
test tone_extra::tests::finite_extremes_and_subnormal_knots_stay_bounded ... ok
test tone_extra::tests::invalid_parameters_reject_before_mutation ... ok
test tone_extra::tests::log_axis_is_scalar_single_precision ... ok
test tone_extra::tests::luminance_curve_can_lift_absolute_black ... ok
test tone_extra::tests::master_curve_lifts_and_preserves_hdr ... ok
test tone_extra::tests::negative_presence_reduces_contrast_and_extremes_remain_finite ... ok
test tone_extra::tests::neutral_is_bit_exact_and_keeps_shared_storage ... ok
test tone_extra::tests::parametric_regions_lift_on_log_axis_and_are_monotone ... ok
test tone_extra::tests::presence_halo_matches_overlapping_reference ... ok
test tone_extra::tests::spline_is_monotone_including_flat_and_steep_segments ... ok
test tone_extra::tests::texture_changes_fine_contrast_without_step_ringing ... ok
test tone_extra::tests::whole_image_uses_global_statistics_beyond_tile_extent ... ok

test result: ok. 53 passed; 0 failed; 0 ignored; 0 measured; 0 filtered out; finished in 0.77s

     Running tests/denoise.rs (/Volumes/betterSSD/tessera-cache/target/depth-histogram-readonly-77eb68d0-relocated/release/deps/denoise-35ff663f70f5f10d)

running 4 tests
test colour_residual_preserves_hdr_and_out_of_gamut ... ok
test neural_zero_is_supported_without_a_runtime ... ok
test off_and_zero_skip_colour_transform_and_runtime_exactly ... ok
test unsupported_settings_fail_even_at_zero ... ok

test result: ok. 4 passed; 0 failed; 0 ignored; 0 measured; 0 filtered out; finished in 0.00s

     Running tests/depth_render.rs (/Volumes/betterSSD/tessera-cache/target/depth-histogram-readonly-77eb68d0-relocated/release/deps/depth_render-b97dd1c5918b954f)

running 1 test
test supplied_depth_reaches_local_depth_masks ... ok

test result: ok. 1 passed; 0 failed; 0 ignored; 0 measured; 0 filtered out; finished in 0.00s

     Running tests/detail_defaults.rs (/Volumes/betterSSD/tessera-cache/target/depth-histogram-readonly-77eb68d0-relocated/release/deps/detail_defaults-044dd53863614b59)

running 1 test
test default_detail_is_active_continuous_and_applied_once ... ok

test result: ok. 1 passed; 0 failed; 0 ignored; 0 measured; 0 filtered out; finished in 0.00s

     Running tests/display_float.rs (/Volumes/betterSSD/tessera-cache/target/depth-histogram-readonly-77eb68d0-relocated/release/deps/display_float-2bb916e91d53409b)

running 1 test
test float_display_preserves_sub_byte_detail_and_matches_legacy_quantization ... ok

test result: ok. 1 passed; 0 failed; 0 ignored; 0 measured; 0 filtered out; finished in 0.00s

     Running tests/golden.rs (/Volumes/betterSSD/tessera-cache/target/depth-histogram-readonly-77eb68d0-relocated/release/deps/golden-cfc24bc35e204b8b)

running 1 test
test raw_fixture_goldens ... ok

test result: ok. 1 passed; 0 failed; 0 ignored; 0 measured; 0 filtered out; finished in 11.56s

     Running tests/invariants.rs (/Volumes/betterSSD/tessera-cache/target/depth-histogram-readonly-77eb68d0-relocated/release/deps/invariants-7384c60e034a4728)

running 6 tests
test bayer_mhc_all_kernel_taps_match_paper ... ok
test neutral_tone_is_bit_exact_and_copy_on_write ... ok
test positive_tint_moves_output_toward_magenta ... ok
test tone_extremes_remain_finite_and_monotone ... ok
test unsupported_algorithms_are_not_silently_accepted ... ok
test xtrans_mean_uses_global_phase_across_tile_boundaries ... ok

test result: ok. 6 passed; 0 failed; 0 ignored; 0 measured; 0 filtered out; finished in 0.01s

     Running tests/lens_blur.rs (/Volumes/betterSSD/tessera-cache/target/depth-histogram-readonly-77eb68d0-relocated/release/deps/lens_blur-c06a53cc0dc97a57)

running 12 tests
test all_apertures_preserve_constant_hdr_at_edges_with_radial_clipping ... ok
test aperture_shapes_have_distinct_normalized_impulse_footprints ... ok
test boost_increases_only_out_of_focus_highlights_and_invalid_cat_eye_is_rejected ... ok
test depth_render_runs_blur_before_effects_geometry_and_downsample ... ok
test disabled_blur_preserves_signed_zero_and_hdr_bits ... ok
test documented_bokeh_aliases_are_identical ... ok
test extended_apertures_and_radial_cat_eye_preserve_focus_and_change_footprints ... ok
test inclusive_focus_boundaries_tiny_images_and_cross_tile_support ... ok
test invalid_inputs_are_rejected_even_when_off ... ok
test nearer_layers_composite_over_farther_layers ... ok
test normalized_layers_do_not_darken_edges_or_bleed_sharp_foreground_into_background ... ok
test two_planes_keep_focus_exact_and_reduce_background_contrast ... ok

test result: ok. 12 passed; 0 failed; 0 ignored; 0 measured; 0 filtered out; finished in 0.05s

     Running tests/lens_embedded.rs (/Volumes/betterSSD/tessera-cache/target/depth-histogram-readonly-77eb68d0-relocated/release/deps/lens_embedded-a002c6fae061bfd4)

running 13 tests
test all_stages_are_accepted_but_malformed_embedded_errors ... ok
test auto_database_matching_and_manual_fallback ... ok
test automatic_upright_resident_analysis_and_manual_edits_share_decision ... ok
test composed_plan_scalar_sampler_matches_geometry_reference_at_preview_extent ... ok
test database_resolves_third_party_lens_for_the_actual_camera ... ok
test embedded_has_priority_and_applies_gain ... ok
test gain_map_stage_changes_channel_mixing_and_cfa_phase ... ok
test guided_upright_has_composed_resident_plan ... ok
test required_bad_pixel_operations_are_deliberately_ignored ... ok
test resolved_embedded_keeps_manual_ca ... ok
test staged_gain_maps_apply_once_with_embedded_priority ... ok
test three_plane_embedded_warp_does_not_average_ca ... ok
test unknown_required_opcode_is_not_silently_ignored ... ok

test result: ok. 13 passed; 0 failed; 0 ignored; 0 measured; 0 filtered out; finished in 0.02s

     Running tests/lens_fixtures.rs (/Volumes/betterSSD/tessera-cache/target/depth-histogram-readonly-77eb68d0-relocated/release/deps/lens_fixtures-c0605b6a0182a87d)

running 1 test
test five_actual_raws_auto_lens_and_upright_are_finite ... ignored, full-resolution five-camera acceptance: cargo test --release -p pipeline-cpu --test lens_fixtures -- --ignored --nocapture

test result: ok. 0 passed; 0 failed; 1 ignored; 0 measured; 0 filtered out; finished in 0.00s

     Running tests/lens_m2.rs (/Volumes/betterSSD/tessera-cache/target/depth-histogram-readonly-77eb68d0-relocated/release/deps/lens_m2-dac62ed3e1a1f24c)

running 4 tests
test defringe_hue_band_changes_edge_but_not_flat_colour ... ok
test geometry_combines_manual_lens_and_transform ... ok
test guided_upright_and_manual_transform_compose ... ok
test manual_vignette_runs_before_tone_and_off_is_exact ... ok

test result: ok. 4 passed; 0 failed; 0 ignored; 0 measured; 0 filtered out; finished in 0.01s

     Running tests/lens_profiles.rs (/Volumes/betterSSD/tessera-cache/target/depth-histogram-readonly-77eb68d0-relocated/release/deps/lens_profiles-0246a5600cf23554)

running 5 tests
test auto_calibration_recovers_synthetic_radial_falloff ... ok
test postdemosaic_auto_ca_reduces_channel_edge_error ... ok
test profile_render_applies_vignette_and_channel_maps ... ok
test supplied_profile_beats_image_and_none_bypasses_it ... ok
test zero_profile_strengths_are_bit_exact_to_off ... ok

test result: ok. 5 passed; 0 failed; 0 ignored; 0 measured; 0 filtered out; finished in 0.05s

     Running tests/lens_stages.rs (/Volumes/betterSSD/tessera-cache/target/depth-histogram-readonly-77eb68d0-relocated/release/deps/lens_stages-62e52879a5ec9b9f)

running 2 tests
test exact_profile_ca_precedes_bayer_demosaic_and_channel_mixing ... ok
test list2_aligns_camera_planes_before_matrix_and_nonlinear_tone ... ok

test result: ok. 2 passed; 0 failed; 0 ignored; 0 measured; 0 filtered out; finished in 0.00s

     Running tests/locals.rs (/Volumes/betterSSD/tessera-cache/target/depth-histogram-readonly-77eb68d0-relocated/release/deps/locals-02b911e0da6a3f8b)

running 2 tests
test every_local_slider_changes_a_textured_colour_image ... ok
test local_exposure_only_doubles_selected_linear_pixels ... ok

test result: ok. 2 passed; 0 failed; 0 ignored; 0 measured; 0 filtered out; finished in 0.00s

     Running tests/locals_invariants.rs (/Volumes/betterSSD/tessera-cache/target/depth-histogram-readonly-77eb68d0-relocated/release/deps/locals_invariants-55db78a665ac2652)

running 4 tests
test amount_scales_ev_not_alpha_and_disabled_groups_are_identity ... ok
test invalid_controls_and_blend_layouts_reject ... ok
test moire_is_a_documented_neutral_placeholder ... ok
test signed_hue_is_scaled_before_wrapping ... ok

test result: ok. 4 passed; 0 failed; 0 ignored; 0 measured; 0 filtered out; finished in 0.00s

     Running tests/m2.rs (/Volumes/betterSSD/tessera-cache/target/depth-histogram-readonly-77eb68d0-relocated/release/deps/m2-cb67b55f1bef67c2)

running 1 test
test m2_render_controls_and_crop_are_wired ... ok

test result: ok. 1 passed; 0 failed; 0 ignored; 0 measured; 0 filtered out; finished in 0.02s

     Running tests/manual_ca.rs (/Volumes/betterSSD/tessera-cache/target/depth-histogram-readonly-77eb68d0-relocated/release/deps/manual_ca-91feee9785d4a9be)

running 3 tests
test independent_manual_ca_works_without_auto_ca_or_profile ... ok
test manual_ca_maps_crs_keys_independently ... ok
test nonfinite_manual_ca_rejected ... ok

test result: ok. 3 passed; 0 failed; 0 ignored; 0 measured; 0 filtered out; finished in 0.00s

     Running tests/masks.rs (/Volumes/betterSSD/tessera-cache/target/depth-histogram-readonly-77eb68d0-relocated/release/deps/masks-6f98ace3125342ca)

running 17 tests
test brush_interpolates_path_in_pixel_metric ... ok
test brush_stamps_accumulate_pressure_and_erase ... ok
test brush_zero_pressure_flow_and_erase_paths ... ok
test color_range_oklab_distance_and_smoothness ... ok
test composition_and_inversion ... ok
test depth_feather_and_hdr_luminance_are_not_clipped ... ok
test diagonal_gradient_clamps_and_is_level_relative ... ok
test empty_group_never_selects_even_if_inverted ... ok
test guided_refinement_smooths_flat_guide_but_preserves_edges ... ok
test guided_two_dimensional_flat_reference_and_large_radius ... ok
test linear_centres_and_empty ... ok
test luminance_and_depth_ranges ... ok
test radial_feather_and_rotation ... ok
test rejects_invalid_options_and_geometry ... ok
test rejects_nonfinite_rgb_inserted_by_tile ... ok
test rejects_unsafe_brush_and_all_unsupported_ai ... ok
test stamp_budget_is_checked_before_rasterising ... ok

test result: ok. 17 passed; 0 failed; 0 ignored; 0 measured; 0 filtered out; finished in 0.00s

     Running tests/mosaic.rs (/Volumes/betterSSD/tessera-cache/target/depth-histogram-readonly-77eb68d0-relocated/release/deps/mosaic-b562a38d65f17ca0)

running 3 tests
test both_algorithms_preserve_flat_colours_all_bayer_phases ... ok
test clipping_and_channel_propagation_are_distinct ... ok
test mhc_impulse_has_paper_gradient_coefficients ... ok

test result: ok. 3 passed; 0 failed; 0 ignored; 0 measured; 0 filtered out; finished in 0.00s

     Running tests/opcode_fixtures.rs (/Volumes/betterSSD/tessera-cache/target/depth-histogram-readonly-77eb68d0-relocated/release/deps/opcode_fixtures-5cd43f5a9fa3480a)

running 1 test
test real_opcode_fixtures_when_available ... ok

test result: ok. 1 passed; 0 failed; 0 ignored; 0 measured; 0 filtered out; finished in 0.00s

     Running tests/operators.rs (/Volumes/betterSSD/tessera-cache/target/depth-histogram-readonly-77eb68d0-relocated/release/deps/operators-f9a8679be508d106)

running 2 tests
test exposure_doubles_linear_before_display ... ok
test profile_then_cat16_neutralises_grey ... ok

test result: ok. 2 passed; 0 failed; 0 ignored; 0 measured; 0 filtered out; finished in 0.00s

     Running tests/output.rs (/Volumes/betterSSD/tessera-cache/target/depth-histogram-readonly-77eb68d0-relocated/release/deps/output-402a5e73ca485e9d)

running 3 tests
test managed_render_uses_selected_target_without_srgb_intermediate ... ok
test output_gamut_mapping_bounds_saturated_pixels_and_keeps_warnings ... ok
test proof_handle_is_checked_and_shared_proof_transform_is_used ... ok

test result: ok. 3 passed; 0 failed; 0 ignored; 0 measured; 0 filtered out; finished in 0.02s

     Running tests/render.rs (/Volumes/betterSSD/tessera-cache/target/depth-histogram-readonly-77eb68d0-relocated/release/deps/render-2271c08feefacc76)

running 2 tests
test rgb_render_handles_edge_tiles_and_is_deterministic ... ok
test sigmoid_is_black_anchored_monotone_and_pivoted ... ok

test result: ok. 2 passed; 0 failed; 0 ignored; 0 measured; 0 filtered out; finished in 0.01s

     Running tests/smart_preview.rs (/Volumes/betterSSD/tessera-cache/target/depth-histogram-readonly-77eb68d0-relocated/release/deps/smart_preview-c096ef47fee58364)

running 6 tests
test camera_linear_scale_one_preserves_calibration_wb_and_exposure ... ok
test default_auto_lens_correction_is_applied_once ... ok
test embedded_prefix_stages_agree_and_late_stage_requires_original ... ok
test geometry_remains_editable_but_lens_and_raw_denoise_require_original ... ok
test odd_crop_area_bins_match_independent_demosaic_and_keep_negative_values ... ok
test odd_crop_is_bounded_and_keeps_sensor_orientation_and_hdr ... ok

test result: ok. 6 passed; 0 failed; 0 ignored; 0 measured; 0 filtered out; finished in 0.04s

     Running tests/smart_preview_codec.rs (/Volumes/betterSSD/tessera-cache/target/depth-histogram-readonly-77eb68d0-relocated/release/deps/smart_preview_codec-1618fb9e23237c70)

running 14 tests
test authenticated_but_invalid_snapshot_is_rejected ... ok
test authenticated_duplicate_nested_member_is_rejected_before_value_validation ... ok
test authenticated_lens_mode_source_mismatches_are_rejected ... ok
test authenticated_missing_and_unknown_nested_members_fail_closed ... ok
test bounded_decompression_rejects_compressed_bomb_with_small_declared_output ... ok
test container_identity_binds_metadata_source_length_and_encoded_payload ... ok
test deterministic_round_trip_preserves_metadata_lens_prefix_and_editable_wb ... ok
test explicit_tiers_round_trip_with_validated_scale_and_unchanged_default ... ok
test legacy_v1_detail_decodes_but_new_container_requires_explicit_supported_tier ... ok
test legacy_v1_rejects_even_null_tier_metadata ... ok
test malformed_header_lengths_versions_payload_digest_and_corruption_fail_closed ... ok
test odd_crop_scale_and_original_embedded_opcode_bytes_survive_reopen ... ok
test real_legacy_v1_asset_reopen_and_edit_parity ... ignored, requires TESSERA_CODEC_LEGACY_ASSET, TESSERA_CODEC_LEGACY_REPORT and TESSERA_CODEC_OUTPUT_DIR
test real_raw_fixture_measurement ... ignored, requires TESSERA_CODEC_RAW_FIXTURE and TESSERA_CODEC_OUTPUT_DIR

test result: ok. 12 passed; 0 failed; 2 ignored; 0 measured; 0 filtered out; finished in 0.06s

     Running tests/white_balance_v2.rs (/Volumes/betterSSD/tessera-cache/target/depth-histogram-readonly-77eb68d0-relocated/release/deps/white_balance_v2-a5ca22cb8f0d106b)

running 3 tests
test camera_calibration_preserves_known_illuminant_chromaticity ... ok
test fixture_as_shot_roundtrip_and_slider_directions ... ok
test tint_is_perpendicular_duv_with_full_slider_range ... ok

test result: ok. 3 passed; 0 failed; 0 ignored; 0 measured; 0 filtered out; finished in 0.67s

   Doc-tests image_core

running 0 tests

test result: ok. 0 passed; 0 failed; 0 ignored; 0 measured; 0 filtered out; finished in 0.00s

   Doc-tests pipeline_cpu

running 0 tests

test result: ok. 0 passed; 0 failed; 0 ignored; 0 measured; 0 filtered out; finished in 0.00s

