[0/1] Planning build
Building for production...
[0/4] Write sources
[1/4] Write swift-version--58304C5D6DBC2206.txt
[3/4] Compiling TesseraCoreTests AgentReviewLayoutTests.swift
/Users/rutmehta/.codex/worktrees/workspace-redesign/tessera/apps/mac/Tests/TesseraCoreTests/DocumentLoadSettlementTests.swift:59:18: warning: weak variable 'weakWorkspace' was never mutated; consider changing to 'let' constant [#WeakMutability]
57 |     func testReleasedWorkspaceStillSettlesAfterBackendReturns() {
58 |         var workspace: DocumentWorkspace? = DocumentWorkspace()
59 |         weak var weakWorkspace = workspace
   |                  `- warning: weak variable 'weakWorkspace' was never mutated; consider changing to 'let' constant [#WeakMutability]
60 |         var finish: (@MainActor (Result<any DocumentBackend, Error>) -> Void)?
61 |         workspace?.documentLoadExecutor = { _, _, done in finish = done }

/Users/rutmehta/.codex/worktrees/workspace-redesign/tessera/apps/mac/Tests/TesseraCoreTests/DocumentOverlayAnimationTests.swift:72:18: warning: weak variable 'weakView' was never mutated; consider changing to 'let' constant [#WeakMutability]
 70 |     func testReleasedOwnerInvalidatesRetainedTimerWithoutTicks() {
 71 |         var view: Overlay? = makeOverlay()
 72 |         weak var weakView = view
    |                  `- warning: weak variable 'weakView' was never mutated; consider changing to 'let' constant [#WeakMutability]
 73 |         view?.updateAnimation()
 74 |         let timer = view?.animationTimer

/Users/rutmehta/.codex/worktrees/workspace-redesign/tessera/apps/mac/Tests/TesseraCoreTests/DocumentViewportOwnershipTests.swift:32:18: warning: weak variable 'released' was never mutated; consider changing to 'let' constant [#WeakMutability]
30 |     func testControllerReleasedBeforeDismantleStillClearsLocalResources() throws {
31 |         var doc: DocumentController? = try document()
32 |         weak var released = doc
   |                  `- warning: weak variable 'released' was never mutated; consider changing to 'let' constant [#WeakMutability]
33 |         let view = DocumentViewportView(frame: .zero)
34 |         view.attach(doc)

/Users/rutmehta/.codex/worktrees/workspace-redesign/tessera/apps/mac/Tests/TesseraCoreTests/EngineDocumentBackendTests.swift:190:54: warning: capture of 'self' with non-Sendable type 'EngineDocumentBackendTests' in a '@Sendable' closure [#SendableClosureCaptures]
  9 | /// history ids, listener coalescing, a real `DocumentSession` behind `DocumentBackend`, and the
 10 | /// workspace's engine-vs-stub choice.
 11 | final class EngineDocumentBackendTests: XCTestCase {
    |             `- note: class 'EngineDocumentBackendTests' does not conform to the 'Sendable' protocol
 12 |     private func temp() throws -> URL {
 13 |         let dir = FileManager.default.temporaryDirectory.appendingPathComponent("engine-doc-\(UUID().uuidString)")
    :
188 |         let done = expectation(description: "delivered")
189 |         DispatchQueue.global().async {
190 |             for e in 1...20 { adapter.onFrame(frame: self.frameInfo(epoch: UInt64(e))) }
    |                                                      `- warning: capture of 'self' with non-Sendable type 'EngineDocumentBackendTests' in a '@Sendable' closure [#SendableClosureCaptures]
191 |             DispatchQueue.main.async { done.fulfill() }
192 |         }

[#SendableClosureCaptures]: <https://docs.swift.org/compiler/documentation/diagnostics/sendable-closure-captures>
[#WeakMutability]: <https://docs.swift.org/compiler/documentation/diagnostics/weak-mutability>
[4/6] Compiling TesseraPackageTests runner.swift
[4/6] Write Objects.LinkFileList
[5/6] Linking TesseraPackageTests
Build complete! (29.28s)
Test Suite 'All tests' started at 2026-09-28 08:37:38.546.
Test Suite 'TesseraPackageTests.xctest' started at 2026-09-28 08:37:38.547.
Test Suite 'AISettingsTests' started at 2026-09-28 08:37:38.547.
Test Case '-[TesseraCoreTests.AISettingsTests testKeychainStoreRoundTripUsesItsOwnService]' started.
Test Case '-[TesseraCoreTests.AISettingsTests testKeychainStoreRoundTripUsesItsOwnService]' passed (0.031 seconds).
Test Case '-[TesseraCoreTests.AISettingsTests testKeysLiveOnlyInTheSecretStoreAndProvidersReadThemLate]' started.
Test Case '-[TesseraCoreTests.AISettingsTests testKeysLiveOnlyInTheSecretStoreAndProvidersReadThemLate]' passed (0.003 seconds).
Test Case '-[TesseraCoreTests.AISettingsTests testPreferencesToleratePartialFilesAndClampGuardrails]' started.
Test Case '-[TesseraCoreTests.AISettingsTests testPreferencesToleratePartialFilesAndClampGuardrails]' passed (0.001 seconds).
Test Suite 'AISettingsTests' passed at 2026-09-28 08:37:38.581.
	 Executed 3 tests, with 0 failures (0 unexpected) in 0.034 (0.034) seconds
Test Suite 'AgentFadeTests' started at 2026-09-28 08:37:38.581.
Test Case '-[TesseraCoreTests.AgentFadeTests testBlendInterpolatesNumbersAndSwitchesOtherValuesAtHalf]' started.
Test Case '-[TesseraCoreTests.AgentFadeTests testBlendInterpolatesNumbersAndSwitchesOtherValuesAtHalf]' passed (0.000 seconds).
Test Case '-[TesseraCoreTests.AgentFadeTests testMergePatchRemovesMembersWithNull]' started.
Test Case '-[TesseraCoreTests.AgentFadeTests testMergePatchRemovesMembersWithNull]' passed (0.000 seconds).
Test Case '-[TesseraCoreTests.AgentFadeTests testPatchOnlyTouchesWhatTheAmountChangesAndKeepsLaterEdits]' started.
Test Case '-[TesseraCoreTests.AgentFadeTests testPatchOnlyTouchesWhatTheAmountChangesAndKeepsLaterEdits]' passed (0.000 seconds).
Test Suite 'AgentFadeTests' passed at 2026-09-28 08:37:38.582.
	 Executed 3 tests, with 0 failures (0 unexpected) in 0.001 (0.001) seconds
Test Suite 'AgentReviewLayoutTests' started at 2026-09-28 08:37:38.582.
Test Case '-[TesseraCoreTests.AgentReviewLayoutTests testReviewEmptyAndRealQueueAtEverySizeAndAppearance]' started.
Test Case '-[TesseraCoreTests.AgentReviewLayoutTests testReviewEmptyAndRealQueueAtEverySizeAndAppearance]' passed (30.836 seconds).
Test Case '-[TesseraCoreTests.AgentReviewLayoutTests testRowsOnlyRecipeAndFileUpdateReloadsCurrentReviewPreview]' started.
develop L2 calibration [first, tone, WB] ms: CPU [16.778084, 0.3305, 0.3805]; GPU [20.138916, 1.074208, 0.963]
Test Case '-[TesseraCoreTests.AgentReviewLayoutTests testRowsOnlyRecipeAndFileUpdateReloadsCurrentReviewPreview]' passed (1.728 seconds).
Test Suite 'AgentReviewLayoutTests' passed at 2026-09-28 08:38:11.146.
	 Executed 2 tests, with 0 failures (0 unexpected) in 32.564 (32.564) seconds
Test Suite 'AgentReviewNavigationStateTests' started at 2026-09-28 08:38:11.146.
Test Case '-[TesseraCoreTests.AgentReviewNavigationStateTests testAcceptAndNextRequiresSuccessfulCurrentSelectionAndSkipsFailedReviewed]' started.
Test Case '-[TesseraCoreTests.AgentReviewNavigationStateTests testAcceptAndNextRequiresSuccessfulCurrentSelectionAndSkipsFailedReviewed]' passed (0.000 seconds).
Test Case '-[TesseraCoreTests.AgentReviewNavigationStateTests testRedoReorderKeepsSelectedIdentityAndInvalidatesOldDraft]' started.
Test Case '-[TesseraCoreTests.AgentReviewNavigationStateTests testRedoReorderKeepsSelectedIdentityAndInvalidatesOldDraft]' passed (0.000 seconds).
Test Case '-[TesseraCoreTests.AgentReviewNavigationStateTests testRestoredCursorUsesStableIDsAndFallsBackWhenTheyAreMissing]' started.
Test Case '-[TesseraCoreTests.AgentReviewNavigationStateTests testRestoredCursorUsesStableIDsAndFallsBackWhenTheyAreMissing]' passed (0.000 seconds).
Test Case '-[TesseraCoreTests.AgentReviewNavigationStateTests testStatusUpdateKeepsDraftButSelectingAnotherPhotoClearsIt]' started.
Test Case '-[TesseraCoreTests.AgentReviewNavigationStateTests testStatusUpdateKeepsDraftButSelectingAnotherPhotoClearsIt]' passed (0.000 seconds).
Test Case '-[TesseraCoreTests.AgentReviewNavigationStateTests testUserSelectionChangeDoesNotAdvanceOnLateAcceptCompletion]' started.
Test Case '-[TesseraCoreTests.AgentReviewNavigationStateTests testUserSelectionChangeDoesNotAdvanceOnLateAcceptCompletion]' passed (0.000 seconds).
Test Suite 'AgentReviewNavigationStateTests' passed at 2026-09-28 08:38:11.147.
	 Executed 5 tests, with 0 failures (0 unexpected) in 0.000 (0.001) seconds
Test Suite 'AgentReviewNavigationTests' started at 2026-09-28 08:38:11.147.
Test Case '-[TesseraCoreTests.AgentReviewNavigationTests testEmptyReviewIsReachableAndDoesNotConsumeLibraryUndoOrSelection]' started.
Test Case '-[TesseraCoreTests.AgentReviewNavigationTests testEmptyReviewIsReachableAndDoesNotConsumeLibraryUndoOrSelection]' passed (0.000 seconds).
Test Case '-[TesseraCoreTests.AgentReviewNavigationTests testExplicitReviewEditBackUnwindsBeforeLibraryAndSourceChangeClearsIt]' started.
Test Case '-[TesseraCoreTests.AgentReviewNavigationTests testExplicitReviewEditBackUnwindsBeforeLibraryAndSourceChangeClearsIt]' passed (0.000 seconds).
Test Case '-[TesseraCoreTests.AgentReviewNavigationTests testFirstLayeredCopyIncludesPendingPhotoAdjustment]' started.
develop L2 calibration [first, tone, WB] ms: CPU [12.482750000000001, 0.37887499999999996, 0.460416]; GPU [16.673417, 1.082916, 0.959792]
Test Case '-[TesseraCoreTests.AgentReviewNavigationTests testFirstLayeredCopyIncludesPendingPhotoAdjustment]' passed (0.752 seconds).
Test Case '-[TesseraCoreTests.AgentReviewNavigationTests testForeignFolderRejectsCapturedReviewTarget]' started.
Test Case '-[TesseraCoreTests.AgentReviewNavigationTests testForeignFolderRejectsCapturedReviewTarget]' passed (0.530 seconds).
Test Case '-[TesseraCoreTests.AgentReviewNavigationTests testLayeredHandoffCancelsWhenSelectionOrOwnerChangesBeforeSaveWaitReturns]' started.
develop L2 calibration [first, tone, WB] ms: CPU [12.401459000000001, 0.34212499999999996, 0.419334]; GPU [14.563875000000001, 0.956458, 0.967625]
develop L2 calibration [first, tone, WB] ms: CPU [12.337417, 0.40875, 0.432583]; GPU [13.637125, 0.8901249999999999, 1.093625]
develop L2 calibration [first, tone, WB] ms: CPU [12.642709, 0.369042, 0.455709]; GPU [14.352416999999999, 0.875042, 0.927834]
Test Case '-[TesseraCoreTests.AgentReviewNavigationTests testLayeredHandoffCancelsWhenSelectionOrOwnerChangesBeforeSaveWaitReturns]' passed (1.909 seconds).
Test Case '-[TesseraCoreTests.AgentReviewNavigationTests testLegacyPeopleAndTetherInspectionKeepsLibraryLoupe]' started.
Test Case '-[TesseraCoreTests.AgentReviewNavigationTests testLegacyPeopleAndTetherInspectionKeepsLibraryLoupe]' passed (0.000 seconds).
Test Case '-[TesseraCoreTests.AgentReviewNavigationTests testNewFolderRestoresLibraryInspectorPreferenceWhenLeavingReview]' started.
Test Case '-[TesseraCoreTests.AgentReviewNavigationTests testNewFolderRestoresLibraryInspectorPreferenceWhenLeavingReview]' passed (0.000 seconds).
Test Case '-[TesseraCoreTests.AgentReviewNavigationTests testOpeningReviewedPhotoOutsideFilterPreservesLibraryPlace]' started.
Test Case '-[TesseraCoreTests.AgentReviewNavigationTests testOpeningReviewedPhotoOutsideFilterPreservesLibraryPlace]' passed (0.000 seconds).
Test Case '-[TesseraCoreTests.AgentReviewNavigationTests testRealQueueFilteredEditRoundTripDraftAndSuccessfulAcceptNext]' started.
develop L2 calibration [first, tone, WB] ms: CPU [13.035084000000001, 0.38175, 0.46487500000000004]; GPU [14.789083, 0.646792, 0.8588330000000001]
Test Case '-[TesseraCoreTests.AgentReviewNavigationTests testRealQueueFilteredEditRoundTripDraftAndSuccessfulAcceptNext]' passed (0.789 seconds).
Test Case '-[TesseraCoreTests.AgentReviewNavigationTests testReviewEditKeysAndMenuCannotOpenTargetDuringRunOrAcceptance]' started.
Test Case '-[TesseraCoreTests.AgentReviewNavigationTests testReviewEditKeysAndMenuCannotOpenTargetDuringRunOrAcceptance]' passed (0.979 seconds).
Test Case '-[TesseraCoreTests.AgentReviewNavigationTests testSamePathLibraryReopenRehydratesAllReviewedQueueAndRejectsStaleTarget]' started.
Test Case '-[TesseraCoreTests.AgentReviewNavigationTests testSamePathLibraryReopenRehydratesAllReviewedQueueAndRejectsStaleTarget]' passed (0.774 seconds).
Test Suite 'AgentReviewNavigationTests' passed at 2026-09-28 08:38:16.882.
	 Executed 11 tests, with 0 failures (0 unexpected) in 5.734 (5.735) seconds
Test Suite 'AgentReviewOwnershipTests' started at 2026-09-28 08:38:16.882.
Test Case '-[TesseraCoreTests.AgentReviewOwnershipTests testAcceptAlreadyInFlightCannotPublishStatusInNewLibrary]' started.
Test Case '-[TesseraCoreTests.AgentReviewOwnershipTests testAcceptAlreadyInFlightCannotPublishStatusInNewLibrary]' passed (0.519 seconds).
Test Case '-[TesseraCoreTests.AgentReviewOwnershipTests testAcceptWaitsForAlreadyClosingDevelopSave]' started.
develop L2 calibration [first, tone, WB] ms: CPU [25.147167000000003, 0.480042, 0.609833]; GPU [27.067999999999998, 0.658541, 0.724208]
Test Case '-[TesseraCoreTests.AgentReviewOwnershipTests testAcceptWaitsForAlreadyClosingDevelopSave]' passed (0.796 seconds).
Test Case '-[TesseraCoreTests.AgentReviewOwnershipTests testAlreadyClosingDevelopSavePrecedesCapturedRun]' started.
develop L2 calibration [first, tone, WB] ms: CPU [24.9875, 0.469584, 0.595542]; GPU [26.840042, 0.6107079999999999, 4.329625]
Test Case '-[TesseraCoreTests.AgentReviewOwnershipTests testAlreadyClosingDevelopSavePrecedesCapturedRun]' passed (0.376 seconds).
Test Case '-[TesseraCoreTests.AgentReviewOwnershipTests testCancelledRunReleasesMutationExclusion]' started.
develop L2 calibration [first, tone, WB] ms: CPU [25.10575, 0.46875, 0.602333]; GPU [26.910666, 0.620875, 4.520458]
Test Case '-[TesseraCoreTests.AgentReviewOwnershipTests testCancelledRunReleasesMutationExclusion]' passed (0.104 seconds).
Test Case '-[TesseraCoreTests.AgentReviewOwnershipTests testCapturedOwnerBarrierDoesNotCancelNewLibraryPendingOpen]' started.
develop L2 calibration [first, tone, WB] ms: CPU [25.684625, 0.49954199999999993, 0.6170410000000001]; GPU [28.213042, 0.763125, 4.724667]
develop L2 calibration [first, tone, WB] ms: CPU [25.686500000000002, 0.498917, 0.611208]; GPU [28.209792, 0.78325, 4.727666]
Test Case '-[TesseraCoreTests.AgentReviewOwnershipTests testCapturedOwnerBarrierDoesNotCancelNewLibraryPendingOpen]' passed (0.084 seconds).
Test Case '-[TesseraCoreTests.AgentReviewOwnershipTests testClosePersistsCoalescedMaskParametersAndAmount]' started.
develop L2 calibration [first, tone, WB] ms: CPU [25.123416, 0.5656669999999999, 0.591792]; GPU [26.938084, 0.823666, 0.9202499999999999]
Test Case '-[TesseraCoreTests.AgentReviewOwnershipTests testClosePersistsCoalescedMaskParametersAndAmount]' passed (0.100 seconds).
Test Case '-[TesseraCoreTests.AgentReviewOwnershipTests testCompletedQueueRestoresRecipeStatusAndCursorWithFreshOwner]' started.
Test Case '-[TesseraCoreTests.AgentReviewOwnershipTests testCompletedQueueRestoresRecipeStatusAndCursorWithFreshOwner]' passed (0.701 seconds).
Test Case '-[TesseraCoreTests.AgentReviewOwnershipTests testConcurrentCloseWaitsForOneActualSessionFlush]' started.
develop L2 calibration [first, tone, WB] ms: CPU [25.125625, 0.4695, 0.5745]; GPU [26.706500000000002, 0.771333, 0.68675]
Test Case '-[TesseraCoreTests.AgentReviewOwnershipTests testConcurrentCloseWaitsForOneActualSessionFlush]' passed (0.167 seconds).
Test Case '-[TesseraCoreTests.AgentReviewOwnershipTests testCurrentOwnerAcceptCompletesAndPreservesQueuePosition]' started.
Test Case '-[TesseraCoreTests.AgentReviewOwnershipTests testCurrentOwnerAcceptCompletesAndPreservesQueuePosition]' passed (0.690 seconds).
Test Case '-[TesseraCoreTests.AgentReviewOwnershipTests testCurrentPhotoContextWorksWhileQueueBelongsToAnotherLibrary]' started.
Test Case '-[TesseraCoreTests.AgentReviewOwnershipTests testCurrentPhotoContextWorksWhileQueueBelongsToAnotherLibrary]' passed (1.303 seconds).
Test Case '-[TesseraCoreTests.AgentReviewOwnershipTests testCursorUpdateDuringRedoIsMergedIntoCompletionRevision]' started.
Test Case '-[TesseraCoreTests.AgentReviewOwnershipTests testCursorUpdateDuringRedoIsMergedIntoCompletionRevision]' passed (1.295 seconds).
Test Case '-[TesseraCoreTests.AgentReviewOwnershipTests testDevelopFailureCallbackCanQueueAnotherPatchForExplicitRetry]' started.
develop L2 calibration [first, tone, WB] ms: CPU [25.039417, 0.460333, 0.579916]; GPU [28.681874999999998, 0.883375, 0.705666]
Test Case '-[TesseraCoreTests.AgentReviewOwnershipTests testDevelopFailureCallbackCanQueueAnotherPatchForExplicitRetry]' passed (0.103 seconds).
Test Case '-[TesseraCoreTests.AgentReviewOwnershipTests testDirtyDevelopSavePrecedesCapturedRunAfterFolderSwitch]' started.
develop L2 calibration [first, tone, WB] ms: CPU [25.042709, 0.469625, 0.6104580000000001]; GPU [26.895083, 0.5479999999999999, 0.778792]
Test Case '-[TesseraCoreTests.AgentReviewOwnershipTests testDirtyDevelopSavePrecedesCapturedRunAfterFolderSwitch]' passed (0.376 seconds).
Test Case '-[TesseraCoreTests.AgentReviewOwnershipTests testExplicitRejectedRetryCancelsAnOlderDeferredFlush]' started.
develop L2 calibration [first, tone, WB] ms: CPU [24.731416999999997, 0.45825, 0.5924170000000001]; GPU [26.547375000000002, 0.854042, 0.904541]
Test Case '-[TesseraCoreTests.AgentReviewOwnershipTests testExplicitRejectedRetryCancelsAnOlderDeferredFlush]' passed (0.099 seconds).
Test Case '-[TesseraCoreTests.AgentReviewOwnershipTests testFailedFinalPatchKeepsFinalRenderModeWhenNewerInteractivePatchArrives]' started.
develop L2 calibration [first, tone, WB] ms: CPU [25.067708, 0.459041, 0.5920409999999999]; GPU [26.967583, 0.812084, 0.725375]
Test Case '-[TesseraCoreTests.AgentReviewOwnershipTests testFailedFinalPatchKeepsFinalRenderModeWhenNewerInteractivePatchArrives]' passed (0.100 seconds).
Test Case '-[TesseraCoreTests.AgentReviewOwnershipTests testForeignRedoAndShowRejectCapturedQueueTarget]' started.
Test Case '-[TesseraCoreTests.AgentReviewOwnershipTests testForeignRedoAndShowRejectCapturedQueueTarget]' passed (0.514 seconds).
Test Case '-[TesseraCoreTests.AgentReviewOwnershipTests testInterruptedIntentRestoresUnknownTargetWithoutReplaying]' started.
Test Case '-[TesseraCoreTests.AgentReviewOwnershipTests testInterruptedIntentRestoresUnknownTargetWithoutReplaying]' passed (0.011 seconds).
Test Case '-[TesseraCoreTests.AgentReviewOwnershipTests testMissingAndSupersededTargetsStayVisibleButDisabledAfterRestore]' started.
Test Case '-[TesseraCoreTests.AgentReviewOwnershipTests testMissingAndSupersededTargetsStayVisibleButDisabledAfterRestore]' passed (0.519 seconds).
Test Case '-[TesseraCoreTests.AgentReviewOwnershipTests testPendingDevelopOpenSettlesBeforeAcceptAndRevert]' started.
develop L2 calibration [first, tone, WB] ms: CPU [25.316458, 0.464, 0.671583]; GPU [27.084500000000002, 4.46875, 1.0728339999999998]
Test Case '-[TesseraCoreTests.AgentReviewOwnershipTests testPendingDevelopOpenSettlesBeforeAcceptAndRevert]' passed (0.805 seconds).
Test Case '-[TesseraCoreTests.AgentReviewOwnershipTests testPendingDevelopOpenSettlesBeforeRun]' started.
develop L2 calibration [first, tone, WB] ms: CPU [25.166125, 0.477, 0.67825]; GPU [27.083292, 0.5972500000000001, 0.719584]
Test Case '-[TesseraCoreTests.AgentReviewOwnershipTests testPendingDevelopOpenSettlesBeforeRun]' passed (0.562 seconds).
Test Case '-[TesseraCoreTests.AgentReviewOwnershipTests testRedoInvalidatesOldTargetAndCurrentRevertStillWorks]' started.
Test Case '-[TesseraCoreTests.AgentReviewOwnershipTests testRedoInvalidatesOldTargetAndCurrentRevertStillWorks]' passed (0.844 seconds).
Test Case '-[TesseraCoreTests.AgentReviewOwnershipTests testRejectedDevelopPatchPreservesReentrantNewerSettings]' started.
develop L2 calibration [first, tone, WB] ms: CPU [25.21375, 0.4695, 0.585667]; GPU [28.470583, 0.883083, 0.699875]
Test Case '-[TesseraCoreTests.AgentReviewOwnershipTests testRejectedDevelopPatchPreservesReentrantNewerSettings]' passed (0.102 seconds).
Test Case '-[TesseraCoreTests.AgentReviewOwnershipTests testRejectedDevelopPatchRemainsPendingForRetry]' started.
develop L2 calibration [first, tone, WB] ms: CPU [25.502208, 0.47524999999999995, 0.5996670000000001]; GPU [26.744125, 0.578375, 0.687791]
Test Case '-[TesseraCoreTests.AgentReviewOwnershipTests testRejectedDevelopPatchRemainsPendingForRetry]' passed (0.102 seconds).
Test Case '-[TesseraCoreTests.AgentReviewOwnershipTests testReopenedOwnerAndFileAliasesCannotOpenAcrossCapturedMutation]' started.
develop L2 calibration [first, tone, WB] ms: CPU [25.158458000000003, 0.48825, 0.602291]; GPU [26.860209, 0.8172919999999999, 0.956125]
Test Case '-[TesseraCoreTests.AgentReviewOwnershipTests testReopenedOwnerAndFileAliasesCannotOpenAcrossCapturedMutation]' passed (0.573 seconds).
Test Case '-[TesseraCoreTests.AgentReviewOwnershipTests testResumeSaveFailureKeepsInMemoryQueueAndExposesWarningState]' started.
Test Case '-[TesseraCoreTests.AgentReviewOwnershipTests testResumeSaveFailureKeepsInMemoryQueueAndExposesWarningState]' passed (0.509 seconds).
Test Case '-[TesseraCoreTests.AgentReviewOwnershipTests testRetainedQueueAcceptCannotTrainNewLibraryProfile]' started.
Test Case '-[TesseraCoreTests.AgentReviewOwnershipTests testRetainedQueueAcceptCannotTrainNewLibraryProfile]' passed (0.508 seconds).
Test Case '-[TesseraCoreTests.AgentReviewOwnershipTests testRetainedQueueRevertCannotRefreshNewLibraryOrMutateOldRecipe]' started.
Test Case '-[TesseraCoreTests.AgentReviewOwnershipTests testRetainedQueueRevertCannotRefreshNewLibraryOrMutateOldRecipe]' passed (0.512 seconds).
Test Case '-[TesseraCoreTests.AgentReviewOwnershipTests testRevertWaitsForAlreadyClosingDevelopSave]' started.
develop L2 calibration [first, tone, WB] ms: CPU [26.321167, 0.48475, 0.633791]; GPU [28.410833999999998, 0.619875, 4.3055840000000005]
Test Case '-[TesseraCoreTests.AgentReviewOwnershipTests testRevertWaitsForAlreadyClosingDevelopSave]' passed (0.660 seconds).
Test Case '-[TesseraCoreTests.AgentReviewOwnershipTests testReviewMutationsRejectNewTargetDevelopOpenAndReleaseOnCompletion]' started.
develop L2 calibration [first, tone, WB] ms: CPU [25.053708, 0.481084, 0.613042]; GPU [27.168416, 0.88025, 0.964625]
Test Case '-[TesseraCoreTests.AgentReviewOwnershipTests testReviewMutationsRejectNewTargetDevelopOpenAndReleaseOnCompletion]' passed (0.775 seconds).
Test Case '-[TesseraCoreTests.AgentReviewOwnershipTests testRunCompletionAfterFolderSwitchDoesNotRefreshNewLibrary]' started.
Test Case '-[TesseraCoreTests.AgentReviewOwnershipTests testRunCompletionAfterFolderSwitchDoesNotRefreshNewLibrary]' passed (0.512 seconds).
Test Case '-[TesseraCoreTests.AgentReviewOwnershipTests testRunningOwnerDoesNotBlockAnotherLibraryDevelopOpen]' started.
develop L2 calibration [first, tone, WB] ms: CPU [25.646542, 0.505959, 0.591375]; GPU [27.78425, 0.902458, 0.9644159999999999]
Test Case '-[TesseraCoreTests.AgentReviewOwnershipTests testRunningOwnerDoesNotBlockAnotherLibraryDevelopOpen]' passed (0.515 seconds).
Test Case '-[TesseraCoreTests.AgentReviewOwnershipTests testRunOnAnotherPhotoWaitsForAcceptAndRevertCompletion]' started.
Test Case '-[TesseraCoreTests.AgentReviewOwnershipTests testRunOnAnotherPhotoWaitsForAcceptAndRevertCompletion]' passed (0.725 seconds).
Test Case '-[TesseraCoreTests.AgentReviewOwnershipTests testRunRejectsNewTargetDevelopOpenAndCompletionOpensFreshRecipe]' started.
develop L2 calibration [first, tone, WB] ms: CPU [25.260458, 0.45375, 0.620375]; GPU [27.046917, 0.785792, 0.912959]
Test Case '-[TesseraCoreTests.AgentReviewOwnershipTests testRunRejectsNewTargetDevelopOpenAndCompletionOpensFreshRecipe]' passed (0.559 seconds).
Test Case '-[TesseraCoreTests.AgentReviewOwnershipTests testSamePathReopenDuringLiveRunDoesNotMarkItInterrupted]' started.
Test Case '-[TesseraCoreTests.AgentReviewOwnershipTests testSamePathReopenDuringLiveRunDoesNotMarkItInterrupted]' passed (0.513 seconds).
Test Case '-[TesseraCoreTests.AgentReviewOwnershipTests testSuccessfulReentrantNoninteractivePatchFlushesAfterCurrentAttempt]' started.
develop L2 calibration [first, tone, WB] ms: CPU [24.977, 0.541417, 0.6105]; GPU [29.790083, 0.9205409999999999, 0.713042]
Test Case '-[TesseraCoreTests.AgentReviewOwnershipTests testSuccessfulReentrantNoninteractivePatchFlushesAfterCurrentAttempt]' passed (0.123 seconds).
Test Case '-[TesseraCoreTests.AgentReviewOwnershipTests testSynchronousNeedsFlushHandlerDoesNotReenterBackendCall]' started.
develop L2 calibration [first, tone, WB] ms: CPU [25.204041, 0.48070799999999997, 0.61925]; GPU [26.898667, 0.902709, 0.957333]
Test Case '-[TesseraCoreTests.AgentReviewOwnershipTests testSynchronousNeedsFlushHandlerDoesNotReenterBackendCall]' passed (0.118 seconds).
Test Suite 'AgentReviewOwnershipTests' passed at 2026-09-28 08:38:33.759.
	 Executed 36 tests, with 0 failures (0 unexpected) in 16.875 (16.878) seconds
Test Suite 'AgentReviewQueueTests' started at 2026-09-28 08:38:33.760.
Test Case '-[TesseraCoreTests.AgentReviewQueueTests testOrdersFailuresThenLeastConfidentFirst]' started.
Test Case '-[TesseraCoreTests.AgentReviewQueueTests testOrdersFailuresThenLeastConfidentFirst]' passed (0.000 seconds).
Test Case '-[TesseraCoreTests.AgentReviewQueueTests testRedoMergeReplacesOnlyThosePhotos]' started.
Test Case '-[TesseraCoreTests.AgentReviewQueueTests testRedoMergeReplacesOnlyThosePhotos]' passed (0.000 seconds).
Test Case '-[TesseraCoreTests.AgentReviewQueueTests testStatusesChangeInPlaceAndNextSkipsReviewed]' started.
Test Case '-[TesseraCoreTests.AgentReviewQueueTests testStatusesChangeInPlaceAndNextSkipsReviewed]' passed (0.000 seconds).
Test Case '-[TesseraCoreTests.AgentReviewQueueTests testUnavailableResumeRowsStayVisibleButDoNotCountAsActionableFailures]' started.
Test Case '-[TesseraCoreTests.AgentReviewQueueTests testUnavailableResumeRowsStayVisibleButDoNotCountAsActionableFailures]' passed (0.000 seconds).
Test Suite 'AgentReviewQueueTests' passed at 2026-09-28 08:38:33.760.
	 Executed 4 tests, with 0 failures (0 unexpected) in 0.000 (0.001) seconds
Test Suite 'AssistBridgeTests' started at 2026-09-28 08:38:33.760.
Test Case '-[TesseraCoreTests.AssistBridgeTests testAutomatedSuggestionsConfirmAndFacesThroughTheController]' started.
Test Case '-[TesseraCoreTests.AssistBridgeTests testAutomatedSuggestionsConfirmAndFacesThroughTheController]' passed (0.091 seconds).
Test Suite 'AssistBridgeTests' passed at 2026-09-28 08:38:33.851.
	 Executed 1 test, with 0 failures (0 unexpected) in 0.091 (0.091) seconds
Test Suite 'BatchSettingsDraftTests' started at 2026-09-28 08:38:33.851.
Test Case '-[TesseraCoreTests.BatchSettingsDraftTests testChangingGroupsRebuildsPreviewWithoutChangingSourceOrTargets]' started.
Test Case '-[TesseraCoreTests.BatchSettingsDraftTests testChangingGroupsRebuildsPreviewWithoutChangingSourceOrTargets]' passed (0.000 seconds).
Test Case '-[TesseraCoreTests.BatchSettingsDraftTests testCropAndEmptyFieldsAreRejected]' started.
Test Case '-[TesseraCoreTests.BatchSettingsDraftTests testCropAndEmptyFieldsAreRejected]' passed (0.000 seconds).
Test Case '-[TesseraCoreTests.BatchSettingsDraftTests testDefaultPatchCopiesToneAndColorButExcludesImageSpecificWork]' started.
Test Case '-[TesseraCoreTests.BatchSettingsDraftTests testDefaultPatchCopiesToneAndColorButExcludesImageSpecificWork]' passed (0.000 seconds).
Test Case '-[TesseraCoreTests.BatchSettingsDraftTests testEmptyOpaqueIDsAreRejectedAtDraftBoundary]' started.
Test Case '-[TesseraCoreTests.BatchSettingsDraftTests testEmptyOpaqueIDsAreRejectedAtDraftBoundary]' passed (0.000 seconds).
Test Case '-[TesseraCoreTests.BatchSettingsDraftTests testInvalidSourceSettingsCannotCreateMisleadingPreview]' started.
Test Case '-[TesseraCoreTests.BatchSettingsDraftTests testInvalidSourceSettingsCannotCreateMisleadingPreview]' passed (0.000 seconds).
Test Case '-[TesseraCoreTests.BatchSettingsDraftTests testOnlyReferenceOrDuplicatesCannotApply]' started.
Test Case '-[TesseraCoreTests.BatchSettingsDraftTests testOnlyReferenceOrDuplicatesCannotApply]' passed (0.000 seconds).
Test Case '-[TesseraCoreTests.BatchSettingsDraftTests testPatchLeavesExcludedAndUnselectedNestedTargetValuesIntact]' started.
Test Case '-[TesseraCoreTests.BatchSettingsDraftTests testPatchLeavesExcludedAndUnselectedNestedTargetValuesIntact]' passed (0.000 seconds).
Test Case '-[TesseraCoreTests.BatchSettingsDraftTests testReferenceMustBeInExplicitSelection]' started.
Test Case '-[TesseraCoreTests.BatchSettingsDraftTests testReferenceMustBeInExplicitSelection]' passed (0.000 seconds).
Test Case '-[TesseraCoreTests.BatchSettingsDraftTests testTargetsAreFrozenDeduplicatedAndNeverIncludeReference]' started.
Test Case '-[TesseraCoreTests.BatchSettingsDraftTests testTargetsAreFrozenDeduplicatedAndNeverIncludeReference]' passed (0.000 seconds).
Test Case '-[TesseraCoreTests.BatchSettingsDraftTests testValidSourceWithoutSelectedPathsCannotClaimASettingsCopy]' started.
Test Case '-[TesseraCoreTests.BatchSettingsDraftTests testValidSourceWithoutSelectedPathsCannotClaimASettingsCopy]' passed (0.000 seconds).
Test Suite 'BatchSettingsDraftTests' passed at 2026-09-28 08:38:33.853.
	 Executed 10 tests, with 0 failures (0 unexpected) in 0.002 (0.002) seconds
Test Suite 'BridgeTests' started at 2026-09-28 08:38:33.853.
Test Case '-[TesseraCoreTests.BridgeTests testBasketAlbumsSafeDeleteAndDefectSweep]' started.
Test Case '-[TesseraCoreTests.BridgeTests testBasketAlbumsSafeDeleteAndDefectSweep]' passed (0.266 seconds).
Test Case '-[TesseraCoreTests.BridgeTests testDeleteFromDiskTrashesFileAndLeavesTheQueue]' started.
Test Case '-[TesseraCoreTests.BridgeTests testDeleteFromDiskTrashesFileAndLeavesTheQueue]' passed (0.053 seconds).
Test Case '-[TesseraCoreTests.BridgeTests testGroupNavigationComesFromTheSession]' started.
Test Case '-[TesseraCoreTests.BridgeTests testGroupNavigationComesFromTheSession]' passed (0.015 seconds).
Test Case '-[TesseraCoreTests.BridgeTests testKeepBestRejectRestIsOneUndoableStepThatPersists]' started.
Test Case '-[TesseraCoreTests.BridgeTests testKeepBestRejectRestIsOneUndoableStepThatPersists]' passed (0.150 seconds).
Test Case '-[TesseraCoreTests.BridgeTests testRawFixturesPersistAcrossReopenThroughTheSession]' started.
Test Case '-[TesseraCoreTests.BridgeTests testRawFixturesPersistAcrossReopenThroughTheSession]' passed (2.788 seconds).
Test Case '-[TesseraCoreTests.BridgeTests testRestoreDoesNotCreateUndoHistory]' started.
Test Case '-[TesseraCoreTests.BridgeTests testRestoreDoesNotCreateUndoHistory]' passed (0.000 seconds).
Test Suite 'BridgeTests' passed at 2026-09-28 08:38:37.126.
	 Executed 6 tests, with 0 failures (0 unexpected) in 3.272 (3.273) seconds
Test Suite 'DetailPreviewSchedulingTests' started at 2026-09-28 08:38:37.126.
Test Case '-[TesseraCoreTests.DetailPreviewSchedulingTests testCompletionDuringDragCannotPublishOrLaunchMoreWork]' started.
Test Case '-[TesseraCoreTests.DetailPreviewSchedulingTests testCompletionDuringDragCannotPublishOrLaunchMoreWork]' passed (0.000 seconds).
Test Case '-[TesseraCoreTests.DetailPreviewSchedulingTests testDragDefersEveryFrameAndSettleStartsWithoutAnotherFrame]' started.
Test Case '-[TesseraCoreTests.DetailPreviewSchedulingTests testDragDefersEveryFrameAndSettleStartsWithoutAnotherFrame]' passed (0.000 seconds).
Test Case '-[TesseraCoreTests.DetailPreviewSchedulingTests testEngineMutationRejectsDetailBeforeViewportCallback]' started.
Test Case '-[TesseraCoreTests.DetailPreviewSchedulingTests testEngineMutationRejectsDetailBeforeViewportCallback]' passed (0.000 seconds).
Test Case '-[TesseraCoreTests.DetailPreviewSchedulingTests testInFlightWorkIsSupersededAndExactlyOneLatestRequestFollows]' started.
Test Case '-[TesseraCoreTests.DetailPreviewSchedulingTests testInFlightWorkIsSupersededAndExactlyOneLatestRequestFollows]' passed (0.000 seconds).
Test Case '-[TesseraCoreTests.DetailPreviewSchedulingTests testModelNotifiesBeforeMutationAndSettlesAfterFinalSetter]' started.
Test Case '-[TesseraCoreTests.DetailPreviewSchedulingTests testModelNotifiesBeforeMutationAndSettlesAfterFinalSetter]' passed (0.001 seconds).
Test Case '-[TesseraCoreTests.DetailPreviewSchedulingTests testSessionChangeResetsGestureButRetainsSingleFlightOwnership]' started.
Test Case '-[TesseraCoreTests.DetailPreviewSchedulingTests testSessionChangeResetsGestureButRetainsSingleFlightOwnership]' passed (0.000 seconds).
Test Case '-[TesseraCoreTests.DetailPreviewSchedulingTests testSettingsChangingBeforeCompletionRejectsOldDetail]' started.
Test Case '-[TesseraCoreTests.DetailPreviewSchedulingTests testSettingsChangingBeforeCompletionRejectsOldDetail]' passed (0.000 seconds).
Test Case '-[TesseraCoreTests.DetailPreviewSchedulingTests testSurfaceOrVisibilityChangeRejectsInFlightResult]' started.
Test Case '-[TesseraCoreTests.DetailPreviewSchedulingTests testSurfaceOrVisibilityChangeRejectsInFlightResult]' passed (0.000 seconds).
Test Case '-[TesseraCoreTests.DetailPreviewSchedulingTests testViewportCompletionDoesNotSupersedeMatchingSettleWork]' started.
Test Case '-[TesseraCoreTests.DetailPreviewSchedulingTests testViewportCompletionDoesNotSupersedeMatchingSettleWork]' passed (0.000 seconds).
Test Suite 'DetailPreviewSchedulingTests' passed at 2026-09-28 08:38:37.128.
	 Executed 9 tests, with 0 failures (0 unexpected) in 0.001 (0.001) seconds
Test Suite 'DevelopCloseResultTests' started at 2026-09-28 08:38:37.128.
Test Case '-[TesseraCoreTests.DevelopCloseResultTests testAdmissionFailureCallbackCannotReenterIndefinitely]' started.
develop L2 calibration [first, tone, WB] ms: CPU [0.384834, 0.25725, 0.24449999999999997]; GPU [2.762584, 1.043083, 0.935958]
Test Case '-[TesseraCoreTests.DevelopCloseResultTests testAdmissionFailureCallbackCannotReenterIndefinitely]' passed (0.022 seconds).
Test Case '-[TesseraCoreTests.DevelopCloseResultTests testCancelingOneWaiterDoesNotCancelSharedNativeClose]' started.
develop L2 calibration [first, tone, WB] ms: CPU [0.354042, 0.241667, 0.280834]; GPU [2.3584169999999998, 0.816083, 0.721792]
Test Case '-[TesseraCoreTests.DevelopCloseResultTests testCancelingOneWaiterDoesNotCancelSharedNativeClose]' passed (0.022 seconds).
Test Case '-[TesseraCoreTests.DevelopCloseResultTests testCloseInvalidatesDeferredMaskDrain]' started.
develop L2 calibration [first, tone, WB] ms: CPU [0.37266699999999997, 0.271542, 0.254166]; GPU [3.760958, 0.8761249999999999, 0.973459]
Test Case '-[TesseraCoreTests.DevelopCloseResultTests testCloseInvalidatesDeferredMaskDrain]' passed (0.038 seconds).
Test Case '-[TesseraCoreTests.DevelopCloseResultTests testCloseInvalidatesDeferredSettingsDrain]' started.
develop L2 calibration [first, tone, WB] ms: CPU [0.37266699999999997, 0.248042, 0.27754100000000004]; GPU [2.407792, 0.781875, 0.9783330000000001]
Test Case '-[TesseraCoreTests.DevelopCloseResultTests testCloseInvalidatesDeferredSettingsDrain]' passed (0.037 seconds).
Test Case '-[TesseraCoreTests.DevelopCloseResultTests testClosingRejectsMutationsBeforeChangingHostState]' started.
develop L2 calibration [first, tone, WB] ms: CPU [0.325, 0.23308399999999999, 0.251709]; GPU [2.3776669999999998, 0.808667, 1.121]
Test Case '-[TesseraCoreTests.DevelopCloseResultTests testClosingRejectsMutationsBeforeChangingHostState]' passed (0.035 seconds).
Test Case '-[TesseraCoreTests.DevelopCloseResultTests testConcurrentCloseCallersShareFailureAndSessionCanRetry]' started.
develop L2 calibration [first, tone, WB] ms: CPU [0.378417, 0.243959, 0.24987499999999999]; GPU [2.3733750000000002, 0.821, 0.715542]
Test Case '-[TesseraCoreTests.DevelopCloseResultTests testConcurrentCloseCallersShareFailureAndSessionCanRetry]' passed (0.036 seconds).
Test Case '-[TesseraCoreTests.DevelopCloseResultTests testDelayedCallbackChildKeepsOriginOutcomeAfterIndependentRetry]' started.
develop L2 calibration [first, tone, WB] ms: CPU [0.35175, 0.25145799999999996, 0.248958]; GPU [2.488042, 0.5869169999999999, 4.249083]
Test Case '-[TesseraCoreTests.DevelopCloseResultTests testDelayedCallbackChildKeepsOriginOutcomeAfterIndependentRetry]' passed (0.037 seconds).
Test Case '-[TesseraCoreTests.DevelopCloseResultTests testFailureCallbackCloseDoesNotStartAutomaticRetry]' started.
develop L2 calibration [first, tone, WB] ms: CPU [0.406209, 0.275083, 0.266083]; GPU [3.3393339999999996, 1.09375, 0.9965830000000001]
Test Case '-[TesseraCoreTests.DevelopCloseResultTests testFailureCallbackCloseDoesNotStartAutomaticRetry]' passed (0.036 seconds).
Test Case '-[TesseraCoreTests.DevelopCloseResultTests testMaskFlushFailurePreventsNativeCloseAndRetainsPendingValue]' started.
develop L2 calibration [first, tone, WB] ms: CPU [0.371166, 0.24904199999999999, 0.268167]; GPU [2.325125, 0.874625, 0.7108340000000001]
Test Case '-[TesseraCoreTests.DevelopCloseResultTests testMaskFlushFailurePreventsNativeCloseAndRetainsPendingValue]' passed (0.035 seconds).
Test Case '-[TesseraCoreTests.DevelopCloseResultTests testPatchCallbackCloseJoinsPublishedAttempt]' started.
develop L2 calibration [first, tone, WB] ms: CPU [0.3635, 0.24504099999999998, 0.287208]; GPU [2.4179589999999997, 0.632042, 1.029041]
Test Case '-[TesseraCoreTests.DevelopCloseResultTests testPatchCallbackCloseJoinsPublishedAttempt]' passed (0.034 seconds).
Test Case '-[TesseraCoreTests.DevelopCloseResultTests testSettingsFlushFailurePreventsNativeCloseAndRemainsRetryable]' started.
develop L2 calibration [first, tone, WB] ms: CPU [0.363709, 0.246375, 0.27025]; GPU [2.59, 0.875042, 0.956667]
Test Case '-[TesseraCoreTests.DevelopCloseResultTests testSettingsFlushFailurePreventsNativeCloseAndRemainsRetryable]' passed (0.035 seconds).
Test Case '-[TesseraCoreTests.DevelopCloseResultTests testSuccessfulCloseDrainsOnceAndIsIdempotent]' started.
develop L2 calibration [first, tone, WB] ms: CPU [0.31229199999999996, 0.21412499999999998, 0.23825]; GPU [2.355334, 1.067375, 0.875916]
Test Case '-[TesseraCoreTests.DevelopCloseResultTests testSuccessfulCloseDrainsOnceAndIsIdempotent]' passed (0.033 seconds).
Test Case '-[TesseraCoreTests.DevelopCloseResultTests testUnencodableSettingsBlockCloseAndRemainPending]' started.
develop L2 calibration [first, tone, WB] ms: CPU [0.431875, 0.27712499999999995, 0.27954199999999996]; GPU [2.262875, 0.838, 1.064208]
Test Case '-[TesseraCoreTests.DevelopCloseResultTests testUnencodableSettingsBlockCloseAndRemainPending]' passed (0.035 seconds).
Test Suite 'DevelopCloseResultTests' passed at 2026-09-28 08:38:37.565.
	 Executed 13 tests, with 0 failures (0 unexpected) in 0.437 (0.438) seconds
Test Suite 'DevelopMaskPendingRetentionTests' started at 2026-09-28 08:38:37.565.
Test Case '-[TesseraCoreTests.DevelopMaskPendingRetentionTests testAcceptedPrefixAndBrushPointsNeverReplayOnLaterFailure]' started.
Test Case '-[TesseraCoreTests.DevelopMaskPendingRetentionTests testAcceptedPrefixAndBrushPointsNeverReplayOnLaterFailure]' passed (0.000 seconds).
Test Case '-[TesseraCoreTests.DevelopMaskPendingRetentionTests testBrushRejectionRetainsSamplesAndSuccessKeepsReentrantSample]' started.
Test Case '-[TesseraCoreTests.DevelopMaskPendingRetentionTests testBrushRejectionRetainsSamplesAndSuccessKeepsReentrantSample]' passed (0.000 seconds).
Test Case '-[TesseraCoreTests.DevelopMaskPendingRetentionTests testExplicitRejectedFlushInvalidatesOlderQueuedDrain]' started.
Test Case '-[TesseraCoreTests.DevelopMaskPendingRetentionTests testExplicitRejectedFlushInvalidatesOlderQueuedDrain]' passed (0.000 seconds).
Test Case '-[TesseraCoreTests.DevelopMaskPendingRetentionTests testFailedBatchDoesNotScheduleReentrantRetry]' started.
Test Case '-[TesseraCoreTests.DevelopMaskPendingRetentionTests testFailedBatchDoesNotScheduleReentrantRetry]' passed (0.000 seconds).
Test Case '-[TesseraCoreTests.DevelopMaskPendingRetentionTests testNilHandlerDrainsTwoReentrantGenerations]' started.
Test Case '-[TesseraCoreTests.DevelopMaskPendingRetentionTests testNilHandlerDrainsTwoReentrantGenerations]' passed (0.000 seconds).
Test Case '-[TesseraCoreTests.DevelopMaskPendingRetentionTests testParameterFailureKeepsRejectedSuffixOnly]' started.
Test Case '-[TesseraCoreTests.DevelopMaskPendingRetentionTests testParameterFailureKeepsRejectedSuffixOnly]' passed (0.000 seconds).
Test Case '-[TesseraCoreTests.DevelopMaskPendingRetentionTests testReentrantNewerComponentAndParamSurviveFailedAttempt]' started.
Test Case '-[TesseraCoreTests.DevelopMaskPendingRetentionTests testReentrantNewerComponentAndParamSurviveFailedAttempt]' passed (0.000 seconds).
Test Case '-[TesseraCoreTests.DevelopMaskPendingRetentionTests testRejectedComponentAndUnattemptedGroupsParamsSurvive]' started.
Test Case '-[TesseraCoreTests.DevelopMaskPendingRetentionTests testRejectedComponentAndUnattemptedGroupsParamsSurvive]' passed (0.000 seconds).
Test Case '-[TesseraCoreTests.DevelopMaskPendingRetentionTests testRejectedGroupMergesOlderFieldsUnderNewerPatch]' started.
Test Case '-[TesseraCoreTests.DevelopMaskPendingRetentionTests testRejectedGroupMergesOlderFieldsUnderNewerPatch]' passed (0.000 seconds).
Test Case '-[TesseraCoreTests.DevelopMaskPendingRetentionTests testSuccessfulAcknowledgementKeepsNewerSameKeyValues]' started.
Test Case '-[TesseraCoreTests.DevelopMaskPendingRetentionTests testSuccessfulAcknowledgementKeepsNewerSameKeyValues]' passed (0.000 seconds).
Test Case '-[TesseraCoreTests.DevelopMaskPendingRetentionTests testSynchronousHandlerDrainsTwoReentrantGenerations]' started.
Test Case '-[TesseraCoreTests.DevelopMaskPendingRetentionTests testSynchronousHandlerDrainsTwoReentrantGenerations]' passed (0.000 seconds).
Test Suite 'DevelopMaskPendingRetentionTests' passed at 2026-09-28 08:38:37.567.
	 Executed 11 tests, with 0 failures (0 unexpected) in 0.001 (0.002) seconds
Test Suite 'DevelopPanelsSessionTests' started at 2026-09-28 08:38:37.567.
Test Case '-[TesseraCoreTests.DevelopPanelsSessionTests testPanelsDriveTheSession]' started.
develop L2 calibration [first, tone, WB] ms: CPU [463.001709, 196.11066699999998, 228.017]; GPU [344.888042, 1.614584, 6.940125]
Test Case '-[TesseraCoreTests.DevelopPanelsSessionTests testPanelsDriveTheSession]' passed (1.696 seconds).
Test Suite 'DevelopPanelsSessionTests' passed at 2026-09-28 08:38:39.263.
	 Executed 1 test, with 0 failures (0 unexpected) in 1.696 (1.696) seconds
Test Suite 'DevelopPanelsTests' started at 2026-09-28 08:38:39.264.
Test Case '-[TesseraCoreTests.DevelopPanelsTests testCropOrientationRoundTripAndConstraints]' started.
Test Case '-[TesseraCoreTests.DevelopPanelsTests testCropOrientationRoundTripAndConstraints]' passed (0.000 seconds).
Test Case '-[TesseraCoreTests.DevelopPanelsTests testCurveEditorKeepsMonotoneValidPoints]' started.
Test Case '-[TesseraCoreTests.DevelopPanelsTests testCurveEditorKeepsMonotoneValidPoints]' passed (0.033 seconds).
Test Case '-[TesseraCoreTests.DevelopPanelsTests testCurveEvaluationMatchesKnotsAndIdentity]' started.
Test Case '-[TesseraCoreTests.DevelopPanelsTests testCurveEvaluationMatchesKnotsAndIdentity]' passed (0.000 seconds).
Test Case '-[TesseraCoreTests.DevelopPanelsTests testEachPanelControlWritesItsPatch]' started.
Test Case '-[TesseraCoreTests.DevelopPanelsTests testEachPanelControlWritesItsPatch]' passed (0.000 seconds).
Test Case '-[TesseraCoreTests.DevelopPanelsTests testHueBandWeightsAndTargetedAdjustment]' started.
Test Case '-[TesseraCoreTests.DevelopPanelsTests testHueBandWeightsAndTargetedAdjustment]' passed (0.000 seconds).
Test Case '-[TesseraCoreTests.DevelopPanelsTests testMergePatchAccumulatesLikeRFC7386]' started.
Test Case '-[TesseraCoreTests.DevelopPanelsTests testMergePatchAccumulatesLikeRFC7386]' passed (0.000 seconds).
Test Case '-[TesseraCoreTests.DevelopPanelsTests testPresetsArePartialRecipesSavedAsJSON]' started.
Test Case '-[TesseraCoreTests.DevelopPanelsTests testPresetsArePartialRecipesSavedAsJSON]' passed (0.001 seconds).
Test Suite 'DevelopPanelsTests' passed at 2026-09-28 08:38:39.298.
	 Executed 7 tests, with 0 failures (0 unexpected) in 0.035 (0.035) seconds
Test Suite 'DevelopRecoveryAdmissionBehaviorTests' started at 2026-09-28 08:38:39.298.
Test Case '-[TesseraCoreTests.DevelopRecoveryAdmissionBehaviorTests testDevelopReuseUsesImageIdentityAcrossDenseIDChanges]' started.
develop L2 calibration [first, tone, WB] ms: CPU [0.567875, 0.277334, 0.32083300000000003]; GPU [2.25625, 0.660208, 0.721417]
Test Case '-[TesseraCoreTests.DevelopRecoveryAdmissionBehaviorTests testDevelopReuseUsesImageIdentityAcrossDenseIDChanges]' passed (0.029 seconds).
Test Case '-[TesseraCoreTests.DevelopRecoveryAdmissionBehaviorTests testFailedClosePreservesSavedSmartAlbumSourceAndFilter]' started.
develop L2 calibration [first, tone, WB] ms: CPU [0.6034579999999999, 0.261958, 0.28420799999999996]; GPU [2.4325, 1.044666, 1.087209]
Test Case '-[TesseraCoreTests.DevelopRecoveryAdmissionBehaviorTests testFailedClosePreservesSavedSmartAlbumSourceAndFilter]' passed (0.037 seconds).
Test Case '-[TesseraCoreTests.DevelopRecoveryAdmissionBehaviorTests testFailedSaveKeepsWorkspaceAndExplicitRetryCommitsThenReopensFreshController]' started.
develop L2 calibration [first, tone, WB] ms: CPU [0.490042, 0.24195799999999998, 0.28025]; GPU [2.468166, 0.88875, 0.9495410000000001]
Test Case '-[TesseraCoreTests.DevelopRecoveryAdmissionBehaviorTests testFailedSaveKeepsWorkspaceAndExplicitRetryCommitsThenReopensFreshController]' passed (0.045 seconds).
Test Case '-[TesseraCoreTests.DevelopRecoveryAdmissionBehaviorTests testHeldCloseCommitsGridDoubleClickSelectionAndLoupeTogether]' started.
develop L2 calibration [first, tone, WB] ms: CPU [0.521208, 0.363917, 0.294917]; GPU [2.623666, 0.917208, 1.032]
Test Case '-[TesseraCoreTests.DevelopRecoveryAdmissionBehaviorTests testHeldCloseCommitsGridDoubleClickSelectionAndLoupeTogether]' passed (0.028 seconds).
Test Case '-[TesseraCoreTests.DevelopRecoveryAdmissionBehaviorTests testHeldCloseKeepsTetherAutoAdvanceTargetAndLoupeTogether]' started.
develop L2 calibration [first, tone, WB] ms: CPU [0.536875, 0.278708, 0.304208]; GPU [2.583666, 1.029542, 0.957375]
Test Case '-[TesseraCoreTests.DevelopRecoveryAdmissionBehaviorTests testHeldCloseKeepsTetherAutoAdvanceTargetAndLoupeTogether]' passed (0.030 seconds).
Test Case '-[TesseraCoreTests.DevelopRecoveryAdmissionBehaviorTests testHeldCloseMovesPeoplePhotoToAllPhotosAndLoupeTogether]' started.
develop L2 calibration [first, tone, WB] ms: CPU [0.516709, 0.28237500000000004, 0.29975]; GPU [2.612834, 1.060125, 0.985625]
Test Case '-[TesseraCoreTests.DevelopRecoveryAdmissionBehaviorTests testHeldCloseMovesPeoplePhotoToAllPhotosAndLoupeTogether]' passed (0.031 seconds).
Test Case '-[TesseraCoreTests.DevelopRecoveryAdmissionBehaviorTests testHeldCloseOpensSavedSmartAlbumAndClearsFilterAsOneIntent]' started.
develop L2 calibration [first, tone, WB] ms: CPU [0.5115000000000001, 0.277625, 0.292875]; GPU [2.586792, 0.8867919999999999, 0.889375]
Test Case '-[TesseraCoreTests.DevelopRecoveryAdmissionBehaviorTests testHeldCloseOpensSavedSmartAlbumAndClearsFilterAsOneIntent]' passed (0.037 seconds).
Test Case '-[TesseraCoreTests.DevelopRecoveryAdmissionBehaviorTests testHeldCloseReturnsToLibraryAndEntersCompareAsOneIntent]' started.
develop L2 calibration [first, tone, WB] ms: CPU [0.5737500000000001, 0.288875, 0.30554200000000004]; GPU [5.59575, 0.950875, 0.942667]
Test Case '-[TesseraCoreTests.DevelopRecoveryAdmissionBehaviorTests testHeldCloseReturnsToLibraryAndEntersCompareAsOneIntent]' passed (0.032 seconds).
Test Case '-[TesseraCoreTests.DevelopRecoveryAdmissionBehaviorTests testHeldGridDestinationResolvesTargetByImageIdentityAfterLibraryRevisionChanges]' started.
develop L2 calibration [first, tone, WB] ms: CPU [0.533875, 0.287792, 0.304584]; GPU [6.425917, 0.866625, 0.9951669999999999]
Test Case '-[TesseraCoreTests.DevelopRecoveryAdmissionBehaviorTests testHeldGridDestinationResolvesTargetByImageIdentityAfterLibraryRevisionChanges]' passed (0.036 seconds).
Test Case '-[TesseraCoreTests.DevelopRecoveryAdmissionBehaviorTests testLatestViewIntentCommitsAfterOneHeldDevelopClose]' started.
develop L2 calibration [first, tone, WB] ms: CPU [0.568959, 0.28633400000000003, 0.354709]; GPU [3.8651660000000003, 0.9115, 0.9991659999999999]
Test Case '-[TesseraCoreTests.DevelopRecoveryAdmissionBehaviorTests testLatestViewIntentCommitsAfterOneHeldDevelopClose]' passed (0.031 seconds).
Test Case '-[TesseraCoreTests.DevelopRecoveryAdmissionBehaviorTests testLayeredCompletionCannotTakeOverAfterLibraryReplacement]' started.
develop L2 calibration [first, tone, WB] ms: CPU [0.541416, 0.270417, 0.276041]; GPU [2.356, 1.179458, 0.806875]
Test Case '-[TesseraCoreTests.DevelopRecoveryAdmissionBehaviorTests testLayeredCompletionCannotTakeOverAfterLibraryReplacement]' passed (0.040 seconds).
Test Case '-[TesseraCoreTests.DevelopRecoveryAdmissionBehaviorTests testLibraryDestinationDuringLayersCloseInvalidatesCopyUntilReissued]' started.
develop L2 calibration [first, tone, WB] ms: CPU [0.53625, 0.266208, 0.28279200000000004]; GPU [2.434584, 0.865209, 0.912709]
Test Case '-[TesseraCoreTests.DevelopRecoveryAdmissionBehaviorTests testLibraryDestinationDuringLayersCloseInvalidatesCopyUntilReissued]' passed (0.034 seconds).
Test Case '-[TesseraCoreTests.DevelopRecoveryAdmissionBehaviorTests testPresentingExportSheetDoesNotCloseOrReserveDevelopPixels]' started.
develop L2 calibration [first, tone, WB] ms: CPU [0.543584, 0.27545800000000004, 0.277625]; GPU [2.3600000000000003, 0.757167, 1.031375]
Test Case '-[TesseraCoreTests.DevelopRecoveryAdmissionBehaviorTests testPresentingExportSheetDoesNotCloseOrReserveDevelopPixels]' passed (0.043 seconds).
Test Case '-[TesseraCoreTests.DevelopRecoveryAdmissionBehaviorTests testSelectionDuringHeldLayerBackendKeepsReservationAndPreventsStaleViewStatus]' started.
develop L2 calibration [first, tone, WB] ms: CPU [0.5565, 0.271459, 0.31645799999999996]; GPU [3.7675, 0.7962079999999999, 0.892625]
Test Case '-[TesseraCoreTests.DevelopRecoveryAdmissionBehaviorTests testSelectionDuringHeldLayerBackendKeepsReservationAndPreventsStaleViewStatus]' passed (0.036 seconds).
Test Case '-[TesseraCoreTests.DevelopRecoveryAdmissionBehaviorTests testSelectionDuringLayersCloseInvalidatesCopyButStillRequiresFreshSelection]' started.
develop L2 calibration [first, tone, WB] ms: CPU [0.58325, 0.265334, 0.27962499999999996]; GPU [2.401625, 0.807041, 0.9468340000000001]
Test Case '-[TesseraCoreTests.DevelopRecoveryAdmissionBehaviorTests testSelectionDuringLayersCloseInvalidatesCopyButStillRequiresFreshSelection]' passed (0.033 seconds).
Test Case '-[TesseraCoreTests.DevelopRecoveryAdmissionBehaviorTests testStaleLayeredFailurePreservesReplacementStatusAndReleasesSourceGate]' started.
develop L2 calibration [first, tone, WB] ms: CPU [0.667167, 0.27841600000000005, 0.27399999999999997]; GPU [2.152292, 0.7573340000000001, 0.836125]
Test Case '-[TesseraCoreTests.DevelopRecoveryAdmissionBehaviorTests testStaleLayeredFailurePreservesReplacementStatusAndReleasesSourceGate]' passed (0.040 seconds).
Test Case '-[TesseraCoreTests.DevelopRecoveryAdmissionBehaviorTests testSuccessfulRetryClearsRecoveryOwnedBlockedNavigationStatus]' started.
develop L2 calibration [first, tone, WB] ms: CPU [0.543833, 0.273625, 0.308958]; GPU [2.501541, 0.8066669999999999, 0.873208]
Test Case '-[TesseraCoreTests.DevelopRecoveryAdmissionBehaviorTests testSuccessfulRetryClearsRecoveryOwnedBlockedNavigationStatus]' passed (0.045 seconds).
Test Case '-[TesseraCoreTests.DevelopRecoveryAdmissionBehaviorTests testSuccessfulRetryPreservesNewerUnrelatedStatus]' started.
develop L2 calibration [first, tone, WB] ms: CPU [0.5396249999999999, 0.26733300000000004, 0.29508300000000004]; GPU [2.3435, 1.0597919999999998, 0.7387910000000001]
Test Case '-[TesseraCoreTests.DevelopRecoveryAdmissionBehaviorTests testSuccessfulRetryPreservesNewerUnrelatedStatus]' passed (0.044 seconds).
Test Case '-[TesseraCoreTests.DevelopRecoveryAdmissionBehaviorTests testSupersededFolderCallbackSettlesOnceAndMayReenterOpenFolder]' started.
develop L2 calibration [first, tone, WB] ms: CPU [0.55475, 0.285792, 0.32899999999999996]; GPU [6.374875, 0.924084, 0.7627499999999999]
Test Case '-[TesseraCoreTests.DevelopRecoveryAdmissionBehaviorTests testSupersededFolderCallbackSettlesOnceAndMayReenterOpenFolder]' passed (0.057 seconds).
Test Suite 'DevelopRecoveryAdmissionBehaviorTests' passed at 2026-09-28 08:38:40.008.
	 Executed 19 tests, with 0 failures (0 unexpected) in 0.708 (0.709) seconds
Test Suite 'DevelopRecoveryAdmissionTests' started at 2026-09-28 08:38:40.008.
Test Case '-[TesseraCoreTests.DevelopRecoveryAdmissionTests testLaterConflictingAliasGateWaitsForEarlierReservationBeforeClosing]' started.
develop L2 calibration [first, tone, WB] ms: CPU [0.557042, 0.271042, 0.31854099999999996]; GPU [2.444458, 0.885625, 0.664]
Test Case '-[TesseraCoreTests.DevelopRecoveryAdmissionTests testLaterConflictingAliasGateWaitsForEarlierReservationBeforeClosing]' passed (0.040 seconds).
Test Case '-[TesseraCoreTests.DevelopRecoveryAdmissionTests testReservationsCoverSamePathAndHardLinkAliasesButNotUnrelatedSources]' started.
Test Case '-[TesseraCoreTests.DevelopRecoveryAdmissionTests testReservationsCoverSamePathAndHardLinkAliasesButNotUnrelatedSources]' passed (0.029 seconds).
Test Suite 'DevelopRecoveryAdmissionTests' passed at 2026-09-28 08:38:40.077.
	 Executed 2 tests, with 0 failures (0 unexpected) in 0.069 (0.069) seconds
Test Suite 'DevelopRecoveryCoordinatorTests' started at 2026-09-28 08:38:40.077.
Test Case '-[TesseraCoreTests.DevelopRecoveryCoordinatorTests testFailedActiveCloseDoesNotAdmitAnotherSamePhotoOpen]' started.
develop L2 calibration [first, tone, WB] ms: CPU [4.422083000000001, 0.2685, 0.310666]; GPU [9.841959000000001, 0.936917, 0.691542]
Test Case '-[TesseraCoreTests.DevelopRecoveryCoordinatorTests testFailedActiveCloseDoesNotAdmitAnotherSamePhotoOpen]' passed (0.034 seconds).
Test Case '-[TesseraCoreTests.DevelopRecoveryCoordinatorTests testFailedCleanupOfStaleOpenDoesNotAdmitSameOwnerPhotoOpen]' started.
develop L2 calibration [first, tone, WB] ms: CPU [4.472417, 0.296708, 0.325916]; GPU [6.0925839999999996, 0.9217500000000001, 0.681625]
Test Case '-[TesseraCoreTests.DevelopRecoveryCoordinatorTests testFailedCleanupOfStaleOpenDoesNotAdmitSameOwnerPhotoOpen]' passed (0.034 seconds).
Test Case '-[TesseraCoreTests.DevelopRecoveryCoordinatorTests testSupersededAdmissionErrorPreservesReplacementLoadingAndReadyState]' started.
develop L2 calibration [first, tone, WB] ms: CPU [4.463208, 0.304666, 0.330584]; GPU [6.485458, 0.762958, 1.155417]
develop L2 calibration [first, tone, WB] ms: CPU [4.414750000000001, 0.299916, 0.322292]; GPU [6.193333, 0.513583, 0.639042]
Test Case '-[TesseraCoreTests.DevelopRecoveryCoordinatorTests testSupersededAdmissionErrorPreservesReplacementLoadingAndReadyState]' passed (0.068 seconds).
Test Case '-[TesseraCoreTests.DevelopRecoveryCoordinatorTests testThrownAdmissionErrorIsVisibleAndFreshOpenSucceedsAfterReentry]' started.
develop L2 calibration [first, tone, WB] ms: CPU [4.459375, 0.306583, 0.33108299999999996]; GPU [6.397166, 0.913167, 0.673416]
Test Case '-[TesseraCoreTests.DevelopRecoveryCoordinatorTests testThrownAdmissionErrorIsVisibleAndFreshOpenSucceedsAfterReentry]' passed (0.034 seconds).
Test Suite 'DevelopRecoveryCoordinatorTests' passed at 2026-09-28 08:38:40.247.
	 Executed 4 tests, with 0 failures (0 unexpected) in 0.170 (0.170) seconds
Test Suite 'DevelopRecoveryStateTests' started at 2026-09-28 08:38:40.247.
Test Case '-[TesseraCoreTests.DevelopRecoveryStateTests testFailedCloseRetainsOwnerAndControllerUntilExplicitRetrySucceeds]' started.
develop L2 calibration [first, tone, WB] ms: CPU [4.42375, 0.28275, 0.315875]; GPU [6.120625, 0.516791, 0.6235]
Test Case '-[TesseraCoreTests.DevelopRecoveryStateTests testFailedCloseRetainsOwnerAndControllerUntilExplicitRetrySucceeds]' passed (0.032 seconds).
Test Case '-[TesseraCoreTests.DevelopRecoveryStateTests testFailedStaleOpenCleanupRegistersBeforeInitiatingBarrierReturns]' started.
develop L2 calibration [first, tone, WB] ms: CPU [4.378833, 0.276208, 0.31625000000000003]; GPU [7.164833, 0.581875, 0.645583]
Test Case '-[TesseraCoreTests.DevelopRecoveryStateTests testFailedStaleOpenCleanupRegistersBeforeInitiatingBarrierReturns]' passed (0.033 seconds).
Test Case '-[TesseraCoreTests.DevelopRecoveryStateTests testFinishOpenClosesProducedControllerThatWasNotTransferred]' started.
develop L2 calibration [first, tone, WB] ms: CPU [4.3455, 0.273625, 0.313834]; GPU [7.061042, 0.542292, 0.650416]
Test Case '-[TesseraCoreTests.DevelopRecoveryStateTests testFinishOpenClosesProducedControllerThatWasNotTransferred]' passed (0.032 seconds).
Test Case '-[TesseraCoreTests.DevelopRecoveryStateTests testJoinedCloseCallersShareOneFailureAndDoNotAutoRetry]' started.
develop L2 calibration [first, tone, WB] ms: CPU [4.372916, 0.270333, 0.295958]; GPU [8.583042, 0.525083, 0.650291]
Test Case '-[TesseraCoreTests.DevelopRecoveryStateTests testJoinedCloseCallersShareOneFailureAndDoNotAutoRetry]' passed (0.033 seconds).
Test Case '-[TesseraCoreTests.DevelopRecoveryStateTests testLateProducedControllerIsRetainedAndCanBeRetried]' started.
develop L2 calibration [first, tone, WB] ms: CPU [4.35075, 0.271459, 0.297292]; GPU [6.040792, 0.877875, 0.693583]
Test Case '-[TesseraCoreTests.DevelopRecoveryStateTests testLateProducedControllerIsRetainedAndCanBeRetried]' passed (0.032 seconds).
Test Case '-[TesseraCoreTests.DevelopRecoveryStateTests testOwnerlessRecoveryRecordBlocksEveryLibraryUntilResolved]' started.
develop L2 calibration [first, tone, WB] ms: CPU [4.420583, 0.27479099999999995, 0.300458]; GPU [6.743083, 0.568875, 0.949959]
Test Case '-[TesseraCoreTests.DevelopRecoveryStateTests testOwnerlessRecoveryRecordBlocksEveryLibraryUntilResolved]' passed (0.031 seconds).
Test Case '-[TesseraCoreTests.DevelopRecoveryStateTests testSuccessfulBarrierKeepsAdmissionReservedUntilGateFinish]' started.
develop L2 calibration [first, tone, WB] ms: CPU [4.350791, 0.28275, 0.329458]; GPU [6.2924169999999995, 0.615, 0.913541]
Test Case '-[TesseraCoreTests.DevelopRecoveryStateTests testSuccessfulBarrierKeepsAdmissionReservedUntilGateFinish]' passed (0.031 seconds).
Test Case '-[TesseraCoreTests.DevelopRecoveryStateTests testTransferRequiresMatchingOwnerAndExactControllerRecipient]' started.
develop L2 calibration [first, tone, WB] ms: CPU [4.491042, 0.27225, 0.306458]; GPU [6.244000000000001, 0.597792, 1.470375]
Test Case '-[TesseraCoreTests.DevelopRecoveryStateTests testTransferRequiresMatchingOwnerAndExactControllerRecipient]' passed (0.033 seconds).
Test Case '-[TesseraCoreTests.DevelopRecoveryStateTests testUnknownSessionCloseFailsClosed]' started.
Test Case '-[TesseraCoreTests.DevelopRecoveryStateTests testUnknownSessionCloseFailsClosed]' passed (0.000 seconds).
Test Suite 'DevelopRecoveryStateTests' passed at 2026-09-28 08:38:40.506.
	 Executed 9 tests, with 0 failures (0 unexpected) in 0.258 (0.259) seconds
Test Suite 'DevelopTests' started at 2026-09-28 08:38:40.506.
Test Case '-[TesseraCoreTests.DevelopTests testAppModelOpensRenderedJpegAndHeic]' started.
/Users/rutmehta/.codex/worktrees/workspace-redesign/tessera/apps/mac/build/develop-app-rendered-DC6EC701-45E2-4B91-9CA8-CCD7B8F7A453/shoot/photo.jpg
  /Users/rutmehta/.codex/worktrees/workspace-redesign/tessera/apps/mac/build/develop-app-rendered-DC6EC701-45E2-4B91-9CA8-CCD7B8F7A453/shoot/photo.heic
develop L2 calibration [first, tone, WB] ms: CPU [0.5158330000000001, 0.290792, 0.281958]; GPU [2.433208, 0.6323340000000001, 0.872334]
Test Case '-[TesseraCoreTests.DevelopTests testAppModelOpensRenderedJpegAndHeic]' passed (0.310 seconds).
Test Case '-[TesseraCoreTests.DevelopTests testAutoUprightMainSetterAndFinalIdentity]' started.
develop L2 calibration [first, tone, WB] ms: CPU [456.423625, 192.36325000000002, 224.79808400000002]; GPU [278.010792, 1.440208, 7.079875]
Test Case '-[TesseraCoreTests.DevelopTests testAutoUprightMainSetterAndFinalIdentity]' passed (6.792 seconds).
Test Case '-[TesseraCoreTests.DevelopTests testJpegIsDevelopable]' started.
develop L2 calibration [first, tone, WB] ms: CPU [0.332291, 0.24104199999999998, 0.228292]; GPU [2.2656669999999997, 0.8280409999999999, 0.7086669999999999]
Test Case '-[TesseraCoreTests.DevelopTests testJpegIsDevelopable]' passed (0.034 seconds).
Test Case '-[TesseraCoreTests.DevelopTests testSettingsChangeRendersIntoTheSurfaceAndReopenRestoresExposure]' started.
develop L2 calibration [first, tone, WB] ms: CPU [458.727833, 193.82358299999999, 221.041833]; GPU [283.146791, 1.43925, 6.846042]
develop L2 calibration [first, tone, WB] ms: CPU [452.170542, 201.54779100000002, 229.693875]; GPU [280.22729200000003, 1.714791, 6.614291]
Test Case '-[TesseraCoreTests.DevelopTests testSettingsChangeRendersIntoTheSurfaceAndReopenRestoresExposure]' passed (2.723 seconds).
Test Suite 'DevelopTests' passed at 2026-09-28 08:38:50.365.
	 Executed 4 tests, with 0 failures (0 unexpected) in 9.859 (9.859) seconds
Test Suite 'DocumentAdjustmentAnalysisTests' started at 2026-09-28 08:38:50.365.
Test Case '-[TesseraCoreTests.DocumentAdjustmentAnalysisTests testAutoToneStretchesEachChannelAndColorSetsGamma]' started.
Test Case '-[TesseraCoreTests.DocumentAdjustmentAnalysisTests testAutoToneStretchesEachChannelAndColorSetsGamma]' passed (0.001 seconds).
Test Case '-[TesseraCoreTests.DocumentAdjustmentAnalysisTests testBlackWhiteAutoMatchesLumaAndKeepsDefaultsForMissingHues]' started.
Test Case '-[TesseraCoreTests.DocumentAdjustmentAnalysisTests testBlackWhiteAutoMatchesLumaAndKeepsDefaultsForMissingHues]' passed (0.000 seconds).
Test Case '-[TesseraCoreTests.DocumentAdjustmentAnalysisTests testCompositeAnalysisNeutralizesTheLayerAndLeavesNoTrace]' started.
Test Case '-[TesseraCoreTests.DocumentAdjustmentAnalysisTests testCompositeAnalysisNeutralizesTheLayerAndLeavesNoTrace]' passed (0.021 seconds).
Test Case '-[TesseraCoreTests.DocumentAdjustmentAnalysisTests testCubeAnd3DLLoaders]' started.
Test Case '-[TesseraCoreTests.DocumentAdjustmentAnalysisTests testCubeAnd3DLLoaders]' passed (0.000 seconds).
Test Case '-[TesseraCoreTests.DocumentAdjustmentAnalysisTests testEqualizeMapsAreCDFMinNormalized]' started.
Test Case '-[TesseraCoreTests.DocumentAdjustmentAnalysisTests testEqualizeMapsAreCDFMinNormalized]' passed (0.000 seconds).
Test Case '-[TesseraCoreTests.DocumentAdjustmentAnalysisTests testHDREqualizeFreezesALuminanceMap]' started.
Test Case '-[TesseraCoreTests.DocumentAdjustmentAnalysisTests testHDREqualizeFreezesALuminanceMap]' passed (0.000 seconds).
Test Case '-[TesseraCoreTests.DocumentAdjustmentAnalysisTests testLabStatisticsAndMatchColor]' started.
Test Case '-[TesseraCoreTests.DocumentAdjustmentAnalysisTests testLabStatisticsAndMatchColor]' passed (0.000 seconds).
Test Case '-[TesseraCoreTests.DocumentAdjustmentAnalysisTests testMenusListEveryKindOnceInPhotoshopOrder]' started.
Test Case '-[TesseraCoreTests.DocumentAdjustmentAnalysisTests testMenusListEveryKindOnceInPhotoshopOrder]' passed (0.000 seconds).
Test Case '-[TesseraCoreTests.DocumentAdjustmentAnalysisTests testNewImageDependentLayersAreAnalysed]' started.
Test Case '-[TesseraCoreTests.DocumentAdjustmentAnalysisTests testNewImageDependentLayersAreAnalysed]' passed (0.021 seconds).
Test Case '-[TesseraCoreTests.DocumentAdjustmentAnalysisTests testPhotoFilterPresetsMatchTheEngineSwatches]' started.
Test Case '-[TesseraCoreTests.DocumentAdjustmentAnalysisTests testPhotoFilterPresetsMatchTheEngineSwatches]' passed (0.000 seconds).
Test Case '-[TesseraCoreTests.DocumentAdjustmentAnalysisTests testSaveAsNames]' started.
Test Case '-[TesseraCoreTests.DocumentAdjustmentAnalysisTests testSaveAsNames]' passed (0.000 seconds).
Test Case '-[TesseraCoreTests.DocumentAdjustmentAnalysisTests testStubRendersTheNewPointwiseKinds]' started.
Test Case '-[TesseraCoreTests.DocumentAdjustmentAnalysisTests testStubRendersTheNewPointwiseKinds]' passed (0.001 seconds).
Test Suite 'DocumentAdjustmentAnalysisTests' passed at 2026-09-28 08:38:50.410.
	 Executed 12 tests, with 0 failures (0 unexpected) in 0.045 (0.045) seconds
Test Suite 'DocumentAdjustmentJSONTests' started at 2026-09-28 08:38:50.410.
Test Case '-[TesseraCoreTests.DocumentAdjustmentJSONTests testAuto]' started.
Test Case '-[TesseraCoreTests.DocumentAdjustmentJSONTests testAuto]' passed (0.014 seconds).
Test Case '-[TesseraCoreTests.DocumentAdjustmentJSONTests testBlackWhite]' started.
Test Case '-[TesseraCoreTests.DocumentAdjustmentJSONTests testBlackWhite]' passed (0.012 seconds).
Test Case '-[TesseraCoreTests.DocumentAdjustmentJSONTests testBrightnessContrast]' started.
Test Case '-[TesseraCoreTests.DocumentAdjustmentJSONTests testBrightnessContrast]' passed (0.012 seconds).
Test Case '-[TesseraCoreTests.DocumentAdjustmentJSONTests testChannelMixer]' started.
Test Case '-[TesseraCoreTests.DocumentAdjustmentJSONTests testChannelMixer]' passed (0.012 seconds).
Test Case '-[TesseraCoreTests.DocumentAdjustmentJSONTests testColorBalance]' started.
Test Case '-[TesseraCoreTests.DocumentAdjustmentJSONTests testColorBalance]' passed (0.012 seconds).
Test Case '-[TesseraCoreTests.DocumentAdjustmentJSONTests testColorLookup]' started.
Test Case '-[TesseraCoreTests.DocumentAdjustmentJSONTests testColorLookup]' passed (0.011 seconds).
Test Case '-[TesseraCoreTests.DocumentAdjustmentJSONTests testCurves]' started.
Test Case '-[TesseraCoreTests.DocumentAdjustmentJSONTests testCurves]' passed (0.015 seconds).
Test Case '-[TesseraCoreTests.DocumentAdjustmentJSONTests testDesaturate]' started.
Test Case '-[TesseraCoreTests.DocumentAdjustmentJSONTests testDesaturate]' passed (0.011 seconds).
Test Case '-[TesseraCoreTests.DocumentAdjustmentJSONTests testEqualize]' started.
Test Case '-[TesseraCoreTests.DocumentAdjustmentJSONTests testEqualize]' passed (0.011 seconds).
Test Case '-[TesseraCoreTests.DocumentAdjustmentJSONTests testExposure]' started.
Test Case '-[TesseraCoreTests.DocumentAdjustmentJSONTests testExposure]' passed (0.011 seconds).
Test Case '-[TesseraCoreTests.DocumentAdjustmentJSONTests testFixtureCoversEveryKindAndRoundTrips]' started.
Test Case '-[TesseraCoreTests.DocumentAdjustmentJSONTests testFixtureCoversEveryKindAndRoundTrips]' passed (0.001 seconds).
Test Case '-[TesseraCoreTests.DocumentAdjustmentJSONTests testGradientMap]' started.
Test Case '-[TesseraCoreTests.DocumentAdjustmentJSONTests testGradientMap]' passed (0.012 seconds).
Test Case '-[TesseraCoreTests.DocumentAdjustmentJSONTests testHdrToning]' started.
Test Case '-[TesseraCoreTests.DocumentAdjustmentJSONTests testHdrToning]' passed (0.012 seconds).
Test Case '-[TesseraCoreTests.DocumentAdjustmentJSONTests testHueSaturation]' started.
Test Case '-[TesseraCoreTests.DocumentAdjustmentJSONTests testHueSaturation]' passed (0.012 seconds).
Test Case '-[TesseraCoreTests.DocumentAdjustmentJSONTests testInvert]' started.
Test Case '-[TesseraCoreTests.DocumentAdjustmentJSONTests testInvert]' passed (0.011 seconds).
Test Case '-[TesseraCoreTests.DocumentAdjustmentJSONTests testLevels]' started.
Test Case '-[TesseraCoreTests.DocumentAdjustmentJSONTests testLevels]' passed (0.013 seconds).
Test Case '-[TesseraCoreTests.DocumentAdjustmentJSONTests testMatchColor]' started.
Test Case '-[TesseraCoreTests.DocumentAdjustmentJSONTests testMatchColor]' passed (0.012 seconds).
Test Case '-[TesseraCoreTests.DocumentAdjustmentJSONTests testNeutralValuesRoundTripThroughTheEngine]' started.
Test Case '-[TesseraCoreTests.DocumentAdjustmentJSONTests testNeutralValuesRoundTripThroughTheEngine]' passed (0.014 seconds).
Test Case '-[TesseraCoreTests.DocumentAdjustmentJSONTests testPhotoFilter]' started.
Test Case '-[TesseraCoreTests.DocumentAdjustmentJSONTests testPhotoFilter]' passed (0.011 seconds).
Test Case '-[TesseraCoreTests.DocumentAdjustmentJSONTests testPosterize]' started.
Test Case '-[TesseraCoreTests.DocumentAdjustmentJSONTests testPosterize]' passed (0.012 seconds).
Test Case '-[TesseraCoreTests.DocumentAdjustmentJSONTests testReplaceColor]' started.
Test Case '-[TesseraCoreTests.DocumentAdjustmentJSONTests testReplaceColor]' passed (0.012 seconds).
Test Case '-[TesseraCoreTests.DocumentAdjustmentJSONTests testSelectiveColor]' started.
Test Case '-[TesseraCoreTests.DocumentAdjustmentJSONTests testSelectiveColor]' passed (0.013 seconds).
Test Case '-[TesseraCoreTests.DocumentAdjustmentJSONTests testShadowsHighlights]' started.
Test Case '-[TesseraCoreTests.DocumentAdjustmentJSONTests testShadowsHighlights]' passed (0.013 seconds).
Test Case '-[TesseraCoreTests.DocumentAdjustmentJSONTests testThreshold]' started.
Test Case '-[TesseraCoreTests.DocumentAdjustmentJSONTests testThreshold]' passed (0.013 seconds).
Test Case '-[TesseraCoreTests.DocumentAdjustmentJSONTests testVibrance]' started.
Test Case '-[TesseraCoreTests.DocumentAdjustmentJSONTests testVibrance]' passed (0.011 seconds).
Test Suite 'DocumentAdjustmentJSONTests' passed at 2026-09-28 08:38:50.705.
	 Executed 25 tests, with 0 failures (0 unexpected) in 0.294 (0.295) seconds
Test Suite 'DocumentAdjustmentModelTests' started at 2026-09-28 08:38:50.706.
Test Case '-[TesseraCoreTests.DocumentAdjustmentModelTests testEveryAdjustmentRoundTripsThroughJSON]' started.
Test Case '-[TesseraCoreTests.DocumentAdjustmentModelTests testEveryAdjustmentRoundTripsThroughJSON]' passed (0.000 seconds).
Test Case '-[TesseraCoreTests.DocumentAdjustmentModelTests testFillsRoundTrip]' started.
Test Case '-[TesseraCoreTests.DocumentAdjustmentModelTests testFillsRoundTrip]' passed (0.000 seconds).
Test Suite 'DocumentAdjustmentModelTests' passed at 2026-09-28 08:38:50.706.
	 Executed 2 tests, with 0 failures (0 unexpected) in 0.001 (0.001) seconds
Test Suite 'DocumentBlendModeTests' started at 2026-09-28 08:38:50.706.
Test Case '-[TesseraCoreTests.DocumentBlendModeTests testRoundTripAndGroups]' started.
Test Case '-[TesseraCoreTests.DocumentBlendModeTests testRoundTripAndGroups]' passed (0.000 seconds).
Test Case '-[TesseraCoreTests.DocumentBlendModeTests testStubAcceptsEveryModeAndRejectsOthers]' started.
Test Case '-[TesseraCoreTests.DocumentBlendModeTests testStubAcceptsEveryModeAndRejectsOthers]' passed (0.000 seconds).
Test Case '-[TesseraCoreTests.DocumentBlendModeTests testTwentySevenModesInPhotoshopOrder]' started.
Test Case '-[TesseraCoreTests.DocumentBlendModeTests testTwentySevenModesInPhotoshopOrder]' passed (0.000 seconds).
Test Suite 'DocumentBlendModeTests' passed at 2026-09-28 08:38:50.707.
	 Executed 3 tests, with 0 failures (0 unexpected) in 0.000 (0.001) seconds
Test Suite 'DocumentChannelsTests' started at 2026-09-28 08:38:50.707.
Test Case '-[TesseraCoreTests.DocumentChannelsTests testComponentVisibilityAndNames]' started.
Test Case '-[TesseraCoreTests.DocumentChannelsTests testComponentVisibilityAndNames]' passed (0.000 seconds).
Test Case '-[TesseraCoreTests.DocumentChannelsTests testEngineChannelsThroughTheAdapter]' started.
Test Case '-[TesseraCoreTests.DocumentChannelsTests testEngineChannelsThroughTheAdapter]' passed (0.021 seconds).
Test Case '-[TesseraCoreTests.DocumentChannelsTests testLoadSelectionFormMapping]' started.
Test Case '-[TesseraCoreTests.DocumentChannelsTests testLoadSelectionFormMapping]' passed (0.000 seconds).
Test Case '-[TesseraCoreTests.DocumentChannelsTests testPanelRowsFromRecords]' started.
Test Case '-[TesseraCoreTests.DocumentChannelsTests testPanelRowsFromRecords]' passed (0.000 seconds).
Test Case '-[TesseraCoreTests.DocumentChannelsTests testQuickMaskEnterExitOnTheStub]' started.
Test Case '-[TesseraCoreTests.DocumentChannelsTests testQuickMaskEnterExitOnTheStub]' passed (0.000 seconds).
Test Case '-[TesseraCoreTests.DocumentChannelsTests testSaveSelectionFormMapping]' started.
Test Case '-[TesseraCoreTests.DocumentChannelsTests testSaveSelectionFormMapping]' passed (0.000 seconds).
Test Case '-[TesseraCoreTests.DocumentChannelsTests testStubChannelsSaveLoadAndEdit]' started.
Test Case '-[TesseraCoreTests.DocumentChannelsTests testStubChannelsSaveLoadAndEdit]' passed (0.000 seconds).
Test Suite 'DocumentChannelsTests' passed at 2026-09-28 08:38:50.730.
	 Executed 7 tests, with 0 failures (0 unexpected) in 0.022 (0.023) seconds
Test Suite 'DocumentFiltersTests' started at 2026-09-28 08:38:50.730.
Test Case '-[TesseraCoreTests.DocumentFiltersTests testEngineFiltersThroughTheAdapter]' started.
Test Case '-[TesseraCoreTests.DocumentFiltersTests testEngineFiltersThroughTheAdapter]' passed (0.035 seconds).
Test Case '-[TesseraCoreTests.DocumentFiltersTests testFilterSettingsJSONRoundTrips]' started.
Test Case '-[TesseraCoreTests.DocumentFiltersTests testFilterSettingsJSONRoundTrips]' passed (0.001 seconds).
Test Case '-[TesseraCoreTests.DocumentFiltersTests testLastFilterMemoryRemembersPerFilterAndPersists]' started.
Test Case '-[TesseraCoreTests.DocumentFiltersTests testLastFilterMemoryRemembersPerFilterAndPersists]' passed (0.002 seconds).
Test Case '-[TesseraCoreTests.DocumentFiltersTests testMenusOpenDialogsAndLastFilterReapplies]' started.
Test Case '-[TesseraCoreTests.DocumentFiltersTests testMenusOpenDialogsAndLastFilterReapplies]' passed (0.045 seconds).
Test Case '-[TesseraCoreTests.DocumentFiltersTests testSchemaMapsEveryControlKind]' started.
Test Case '-[TesseraCoreTests.DocumentFiltersTests testSchemaMapsEveryControlKind]' passed (0.000 seconds).
Test Case '-[TesseraCoreTests.DocumentFiltersTests testTheEngineCatalogueDecodesAndGroups]' started.
Test Case '-[TesseraCoreTests.DocumentFiltersTests testTheEngineCatalogueDecodesAndGroups]' passed (0.000 seconds).
Test Case '-[TesseraCoreTests.DocumentFiltersTests testTheStubListsFiltersButNeedsTheEngineToApply]' started.
Test Case '-[TesseraCoreTests.DocumentFiltersTests testTheStubListsFiltersButNeedsTheEngineToApply]' passed (0.001 seconds).
Test Suite 'DocumentFiltersTests' passed at 2026-09-28 08:38:50.814.
	 Executed 7 tests, with 0 failures (0 unexpected) in 0.084 (0.085) seconds
Test Suite 'DocumentInspectorLayoutTests' started at 2026-09-28 08:38:50.814.
Test Case '-[TesseraCoreTests.DocumentInspectorLayoutTests testColumnBudgetAt1440AndAdjacentWidths]' started.
Test Case '-[TesseraCoreTests.DocumentInspectorLayoutTests testColumnBudgetAt1440AndAdjacentWidths]' passed (0.000 seconds).
Test Case '-[TesseraCoreTests.DocumentInspectorLayoutTests testInspectorFitsItsColumnForEveryLayerKindAt1440AndAdjacentWidths]' started.
Test Case '-[TesseraCoreTests.DocumentInspectorLayoutTests testInspectorFitsItsColumnForEveryLayerKindAt1440AndAdjacentWidths]' passed (7.218 seconds).
Test Suite 'DocumentInspectorLayoutTests' passed at 2026-09-28 08:38:58.033.
	 Executed 2 tests, with 0 failures (0 unexpected) in 7.218 (7.218) seconds
Test Suite 'DocumentKeyMapTests' started at 2026-09-28 08:38:58.033.
Test Case '-[TesseraCoreTests.DocumentKeyMapTests testCommandShortcuts]' started.
Test Case '-[TesseraCoreTests.DocumentKeyMapTests testCommandShortcuts]' passed (0.000 seconds).
Test Case '-[TesseraCoreTests.DocumentKeyMapTests testCullingKeysDoNothingInDocumentMode]' started.
Test Case '-[TesseraCoreTests.DocumentKeyMapTests testCullingKeysDoNothingInDocumentMode]' passed (0.000 seconds).
Test Case '-[TesseraCoreTests.DocumentKeyMapTests testToolsAndPanelKeys]' started.
Test Case '-[TesseraCoreTests.DocumentKeyMapTests testToolsAndPanelKeys]' passed (0.000 seconds).
Test Suite 'DocumentKeyMapTests' passed at 2026-09-28 08:38:58.033.
	 Executed 3 tests, with 0 failures (0 unexpected) in 0.000 (0.000) seconds
Test Suite 'DocumentKeyRoutingTests' started at 2026-09-28 08:38:58.033.
Test Case '-[TesseraCoreTests.DocumentKeyRoutingTests testCommandEInGridDisclosesRenderedCopyBeforeExistingHandoff]' started.
Test Case '-[TesseraCoreTests.DocumentKeyRoutingTests testCommandEInGridDisclosesRenderedCopyBeforeExistingHandoff]' passed (0.044 seconds).
Test Case '-[TesseraCoreTests.DocumentKeyRoutingTests testControllerGroupsAndDragsAsOneStepEach]' started.
Test Case '-[TesseraCoreTests.DocumentKeyRoutingTests testControllerGroupsAndDragsAsOneStepEach]' passed (0.001 seconds).
Test Case '-[TesseraCoreTests.DocumentKeyRoutingTests testCullingKeysDoNotFireInDocumentMode]' started.
Test Case '-[TesseraCoreTests.DocumentKeyRoutingTests testCullingKeysDoNotFireInDocumentMode]' passed (0.004 seconds).
Test Case '-[TesseraCoreTests.DocumentKeyRoutingTests testDocumentKeys]' started.
Test Case '-[TesseraCoreTests.DocumentKeyRoutingTests testDocumentKeys]' passed (0.007 seconds).
Test Case '-[TesseraCoreTests.DocumentKeyRoutingTests testUndoRoutesToTheDocumentInDocumentMode]' started.
Test Case '-[TesseraCoreTests.DocumentKeyRoutingTests testUndoRoutesToTheDocumentInDocumentMode]' passed (0.000 seconds).
Test Suite 'DocumentKeyRoutingTests' passed at 2026-09-28 08:38:58.089.
	 Executed 5 tests, with 0 failures (0 unexpected) in 0.056 (0.056) seconds
Test Suite 'DocumentLayersActivationTests' started at 2026-09-28 08:38:58.089.
Test Case '-[TesseraCoreTests.DocumentLayersActivationTests testDefaultActivationIsIndependentOfCallerOwnedStatus]' started.
Test Case '-[TesseraCoreTests.DocumentLayersActivationTests testDefaultActivationIsIndependentOfCallerOwnedStatus]' passed (0.000 seconds).
Test Case '-[TesseraCoreTests.DocumentLayersActivationTests testExistingBackendInstallSelectsInternallyWithoutModePublication]' started.
Test Case '-[TesseraCoreTests.DocumentLayersActivationTests testExistingBackendInstallSelectsInternallyWithoutModePublication]' passed (0.000 seconds).
Test Case '-[TesseraCoreTests.DocumentLayersActivationTests testHeldCallerOwnedLoadInstallsWithoutPublishingModeAndSettlesOnce]' started.
Test Case '-[TesseraCoreTests.DocumentLayersActivationTests testHeldCallerOwnedLoadInstallsWithoutPublishingModeAndSettlesOnce]' passed (0.000 seconds).
Test Case '-[TesseraCoreTests.DocumentLayersActivationTests testOpenRetainsDefaultModePublication]' started.
Test Case '-[TesseraCoreTests.DocumentLayersActivationTests testOpenRetainsDefaultModePublication]' passed (0.000 seconds).
Test Case '-[TesseraCoreTests.DocumentLayersActivationTests testSuppressedActivationStillAllowsWorkspaceStatus]' started.
Test Case '-[TesseraCoreTests.DocumentLayersActivationTests testSuppressedActivationStillAllowsWorkspaceStatus]' passed (0.000 seconds).
Test Suite 'DocumentLayersActivationTests' passed at 2026-09-28 08:38:58.090.
	 Executed 5 tests, with 0 failures (0 unexpected) in 0.001 (0.001) seconds
Test Suite 'DocumentLoadSettlementTests' started at 2026-09-28 08:38:58.090.
Test Case '-[TesseraCoreTests.DocumentLoadSettlementTests testBackendFailureSettlesOnceWithoutInstall]' started.
Test Case '-[TesseraCoreTests.DocumentLoadSettlementTests testBackendFailureSettlesOnceWithoutInstall]' passed (0.001 seconds).
Test Case '-[TesseraCoreTests.DocumentLoadSettlementTests testDelayedBackendCompletionDoesNotReleaseAtDispatch]' started.
Test Case '-[TesseraCoreTests.DocumentLoadSettlementTests testDelayedBackendCompletionDoesNotReleaseAtDispatch]' passed (0.000 seconds).
Test Case '-[TesseraCoreTests.DocumentLoadSettlementTests testEarlyRejectsSettleWithoutExecutor]' started.
Test Case '-[TesseraCoreTests.DocumentLoadSettlementTests testEarlyRejectsSettleWithoutExecutor]' passed (0.000 seconds).
Test Case '-[TesseraCoreTests.DocumentLoadSettlementTests testReleasedWorkspaceStillSettlesAfterBackendReturns]' started.
Test Case '-[TesseraCoreTests.DocumentLoadSettlementTests testReleasedWorkspaceStillSettlesAfterBackendReturns]' passed (0.000 seconds).
Test Suite 'DocumentLoadSettlementTests' passed at 2026-09-28 08:38:58.092.
	 Executed 4 tests, with 0 failures (0 unexpected) in 0.002 (0.002) seconds
Test Suite 'DocumentLoadStatusTests' started at 2026-09-28 08:38:58.092.
Test Case '-[TesseraCoreTests.DocumentLoadStatusTests testCallerOwnedFailureDoesNotOverwriteNewerStatus]' started.
Test Case '-[TesseraCoreTests.DocumentLoadStatusTests testCallerOwnedFailureDoesNotOverwriteNewerStatus]' passed (0.000 seconds).
Test Case '-[TesseraCoreTests.DocumentLoadStatusTests testCallerOwnedRejectionDoesNotPublishStatus]' started.
Test Case '-[TesseraCoreTests.DocumentLoadStatusTests testCallerOwnedRejectionDoesNotPublishStatus]' passed (0.000 seconds).
Test Case '-[TesseraCoreTests.DocumentLoadStatusTests testCallerOwnedSuccessPreservesStatusAndStillInstallsAndSettles]' started.
Test Case '-[TesseraCoreTests.DocumentLoadStatusTests testCallerOwnedSuccessPreservesStatusAndStillInstallsAndSettles]' passed (0.000 seconds).
Test Case '-[TesseraCoreTests.DocumentLoadStatusTests testDefaultRetainsStartFailureAndRejectionMessages]' started.
Test Case '-[TesseraCoreTests.DocumentLoadStatusTests testDefaultRetainsStartFailureAndRejectionMessages]' passed (0.000 seconds).
Test Case '-[TesseraCoreTests.DocumentLoadStatusTests testDefaultSuccessStillPublishesLegacyMessage]' started.
Test Case '-[TesseraCoreTests.DocumentLoadStatusTests testDefaultSuccessStillPublishesLegacyMessage]' passed (0.000 seconds).
Test Suite 'DocumentLoadStatusTests' passed at 2026-09-28 08:38:58.094.
	 Executed 5 tests, with 0 failures (0 unexpected) in 0.001 (0.001) seconds
Test Suite 'DocumentOutlineLifecycleTests' started at 2026-09-28 08:38:58.094.
Test Case '-[TesseraCoreTests.DocumentOutlineLifecycleTests testClearDropsPendingAndCannotResurrectOldOutline]' started.
Test Case '-[TesseraCoreTests.DocumentOutlineLifecycleTests testClearDropsPendingAndCannotResurrectOldOutline]' passed (0.036 seconds).
Test Case '-[TesseraCoreTests.DocumentOutlineLifecycleTests testCloseRejectsRunningResultAndDropsPendingWork]' started.
Test Case '-[TesseraCoreTests.DocumentOutlineLifecycleTests testCloseRejectsRunningResultAndDropsPendingWork]' passed (0.000 seconds).
Test Case '-[TesseraCoreTests.DocumentOutlineLifecycleTests testSwitchDiscardsOldOutlineAndRunsOnlyNewestPendingDocument]' started.
Test Case '-[TesseraCoreTests.DocumentOutlineLifecycleTests testSwitchDiscardsOldOutlineAndRunsOnlyNewestPendingDocument]' passed (0.000 seconds).
Test Suite 'DocumentOutlineLifecycleTests' passed at 2026-09-28 08:38:58.130.
	 Executed 3 tests, with 0 failures (0 unexpected) in 0.037 (0.037) seconds
Test Suite 'DocumentOutlineTests' started at 2026-09-28 08:38:58.131.
Test Case '-[TesseraCoreTests.DocumentOutlineTests testInsertRemoveAndUngroupDiffs]' started.
Test Case '-[TesseraCoreTests.DocumentOutlineTests testInsertRemoveAndUngroupDiffs]' passed (0.000 seconds).
Test Case '-[TesseraCoreTests.DocumentOutlineTests testListOrderDoesNotMatterOnlyIndices]' started.
Test Case '-[TesseraCoreTests.DocumentOutlineTests testListOrderDoesNotMatterOnlyIndices]' passed (0.000 seconds).
Test Case '-[TesseraCoreTests.DocumentOutlineTests testLongestIncreasingSubsequence]' started.
Test Case '-[TesseraCoreTests.DocumentOutlineTests testLongestIncreasingSubsequence]' passed (0.000 seconds).
Test Case '-[TesseraCoreTests.DocumentOutlineTests testMinimalMovesForUnchangedTree]' started.
Test Case '-[TesseraCoreTests.DocumentOutlineTests testMinimalMovesForUnchangedTree]' passed (0.000 seconds).
Test Case '-[TesseraCoreTests.DocumentOutlineTests testMoveIntoGroupAndOutIsOneMoveEach]' started.
Test Case '-[TesseraCoreTests.DocumentOutlineTests testMoveIntoGroupAndOutIsOneMoveEach]' passed (0.000 seconds).
Test Case '-[TesseraCoreTests.DocumentOutlineTests testRandomTreesDiffToTheirTarget]' started.
Test Case '-[TesseraCoreTests.DocumentOutlineTests testRandomTreesDiffToTheirTarget]' passed (0.009 seconds).
Test Case '-[TesseraCoreTests.DocumentOutlineTests testSampleDocumentFlattensTopFirst]' started.
Test Case '-[TesseraCoreTests.DocumentOutlineTests testSampleDocumentFlattensTopFirst]' passed (0.000 seconds).
Test Case '-[TesseraCoreTests.DocumentOutlineTests testSingleReorderIsOneMove]' started.
Test Case '-[TesseraCoreTests.DocumentOutlineTests testSingleReorderIsOneMove]' passed (0.000 seconds).
Test Suite 'DocumentOutlineTests' passed at 2026-09-28 08:38:58.140.
	 Executed 8 tests, with 0 failures (0 unexpected) in 0.009 (0.010) seconds
Test Suite 'DocumentOverlayAnimationTests' started at 2026-09-28 08:38:58.140.
Test Case '-[TesseraCoreTests.DocumentOverlayAnimationTests testConcreteOverlaysNeverScheduleWhileDetached]' started.
Test Case '-[TesseraCoreTests.DocumentOverlayAnimationTests testConcreteOverlaysNeverScheduleWhileDetached]' passed (0.000 seconds).
Test Case '-[TesseraCoreTests.DocumentOverlayAnimationTests testHideUnhideAndWindowDetachHooksReconcileTimer]' started.
Test Case '-[TesseraCoreTests.DocumentOverlayAnimationTests testHideUnhideAndWindowDetachHooksReconcileTimer]' passed (0.000 seconds).
Test Case '-[TesseraCoreTests.DocumentOverlayAnimationTests testReleasedOwnerInvalidatesRetainedTimerWithoutTicks]' started.
Test Case '-[TesseraCoreTests.DocumentOverlayAnimationTests testReleasedOwnerInvalidatesRetainedTimerWithoutTicks]' passed (0.000 seconds).
Test Case '-[TesseraCoreTests.DocumentOverlayAnimationTests testRepeatedUpdatesDoNotDuplicateTimerAndRestartOnce]' started.
Test Case '-[TesseraCoreTests.DocumentOverlayAnimationTests testRepeatedUpdatesDoNotDuplicateTimerAndRestartOnce]' passed (0.000 seconds).
Test Case '-[TesseraCoreTests.DocumentOverlayAnimationTests testTickRechecksVisibilityAndOwnershipBeforeDrawing]' started.
Test Case '-[TesseraCoreTests.DocumentOverlayAnimationTests testTickRechecksVisibilityAndOwnershipBeforeDrawing]' passed (0.000 seconds).
Test Suite 'DocumentOverlayAnimationTests' passed at 2026-09-28 08:38:58.141.
	 Executed 5 tests, with 0 failures (0 unexpected) in 0.001 (0.001) seconds
Test Suite 'DocumentRetouchTests' started at 2026-09-28 08:38:58.141.
Test Case '-[TesseraCoreTests.DocumentRetouchTests testCancelledRemoveNeverReachesHistory]' started.
Test Case '-[TesseraCoreTests.DocumentRetouchTests testCancelledRemoveNeverReachesHistory]' passed (0.014 seconds).
Test Case '-[TesseraCoreTests.DocumentRetouchTests testContentAwareFillIsEnabledWithAMarqueeAndDisabledWithoutASelection]' started.
Test Case '-[TesseraCoreTests.DocumentRetouchTests testContentAwareFillIsEnabledWithAMarqueeAndDisabledWithoutASelection]' passed (0.000 seconds).
Test Case '-[TesseraCoreTests.DocumentRetouchTests testContentAwareFillMenuFollowsTheDocumentSelection]' started.
Test Case '-[TesseraCoreTests.DocumentRetouchTests testContentAwareFillMenuFollowsTheDocumentSelection]' passed (0.008 seconds).
Test Case '-[TesseraCoreTests.DocumentRetouchTests testDownloadAllowedShowsProgressThenRunsTheOperation]' started.
Test Case '-[TesseraCoreTests.DocumentRetouchTests testDownloadAllowedShowsProgressThenRunsTheOperation]' passed (0.016 seconds).
Test Case '-[TesseraCoreTests.DocumentRetouchTests testDownloadFailureIsReportedAndRetryRequestsAgain]' started.
Test Case '-[TesseraCoreTests.DocumentRetouchTests testDownloadFailureIsReportedAndRetryRequestsAgain]' passed (0.015 seconds).
Test Case '-[TesseraCoreTests.DocumentRetouchTests testDownloadsOffNeverRequestsAndSaysSo]' started.
Test Case '-[TesseraCoreTests.DocumentRetouchTests testDownloadsOffNeverRequestsAndSaysSo]' passed (0.002 seconds).
Test Case '-[TesseraCoreTests.DocumentRetouchTests testEngineRetouchThroughTheAdapter]' started.
Test Case '-[TesseraCoreTests.DocumentRetouchTests testEngineRetouchThroughTheAdapter]' passed (0.022 seconds).
Test Case '-[TesseraCoreTests.DocumentRetouchTests testForgettingAWaitingOperationKeepsTheDownload]' started.
Test Case '-[TesseraCoreTests.DocumentRetouchTests testForgettingAWaitingOperationKeepsTheDownload]' passed (0.009 seconds).
Test Case '-[TesseraCoreTests.DocumentRetouchTests testJobsCancelAbandonsWithoutWaitingAndRefusesUntilStopped]' started.
Test Case '-[TesseraCoreTests.DocumentRetouchTests testJobsCancelAbandonsWithoutWaitingAndRefusesUntilStopped]' passed (0.030 seconds).
Test Case '-[TesseraCoreTests.DocumentRetouchTests testMissingWeightsAreNamedWithTheirSource]' started.
Test Case '-[TesseraCoreTests.DocumentRetouchTests testMissingWeightsAreNamedWithTheirSource]' passed (0.000 seconds).
Test Case '-[TesseraCoreTests.DocumentRetouchTests testNeuralCatalogueComesFromTheEngine]' started.
Test Case '-[TesseraCoreTests.DocumentRetouchTests testNeuralCatalogueComesFromTheEngine]' passed (0.000 seconds).
Test Case '-[TesseraCoreTests.DocumentRetouchTests testNeuralSheetDestinationsFollowTheLayer]' started.
Test Case '-[TesseraCoreTests.DocumentRetouchTests testNeuralSheetDestinationsFollowTheLayer]' passed (0.000 seconds).
Test Case '-[TesseraCoreTests.DocumentRetouchTests testOutlineGenerationDropsStaleResults]' started.
Test Case '-[TesseraCoreTests.DocumentRetouchTests testOutlineGenerationDropsStaleResults]' passed (0.000 seconds).
Test Case '-[TesseraCoreTests.DocumentRetouchTests testReEditingANeuralSmartFilterKeepsItsFacesAndOutput]' started.
Test Case '-[TesseraCoreTests.DocumentRetouchTests testReEditingANeuralSmartFilterKeepsItsFacesAndOutput]' passed (0.000 seconds).
Test Case '-[TesseraCoreTests.DocumentRetouchTests testRemoveOptionsMapToEngineParams]' started.
Test Case '-[TesseraCoreTests.DocumentRetouchTests testRemoveOptionsMapToEngineParams]' passed (0.000 seconds).
Test Case '-[TesseraCoreTests.DocumentRetouchTests testSuggestionReviewStartsAcceptedAndAppliesOnlyAccepted]' started.
Test Case '-[TesseraCoreTests.DocumentRetouchTests testSuggestionReviewStartsAcceptedAndAppliesOnlyAccepted]' passed (0.000 seconds).
Test Case '-[TesseraCoreTests.DocumentRetouchTests testTheStubNeedsTheEngine]' started.
Test Case '-[TesseraCoreTests.DocumentRetouchTests testTheStubNeedsTheEngine]' passed (0.000 seconds).
Test Suite 'DocumentRetouchTests' passed at 2026-09-28 08:38:58.259.
	 Executed 17 tests, with 0 failures (0 unexpected) in 0.117 (0.118) seconds
Test Suite 'DocumentSavePresenterTests' started at 2026-09-28 08:38:58.259.
Test Case '-[TesseraCoreTests.DocumentSavePresenterTests testCancelBeforeBeginFromFactoryNeverBeginsNativeSession]' started.
Test Case '-[TesseraCoreTests.DocumentSavePresenterTests testCancelBeforeBeginFromFactoryNeverBeginsNativeSession]' passed (0.000 seconds).
Test Case '-[TesseraCoreTests.DocumentSavePresenterTests testCancelThenWholeNativeLifetimeBeforeBeginReturnsStillDrains]' started.
Test Case '-[TesseraCoreTests.DocumentSavePresenterTests testCancelThenWholeNativeLifetimeBeforeBeginReturnsStillDrains]' passed (0.000 seconds).
Test Case '-[TesseraCoreTests.DocumentSavePresenterTests testCompletionWithCapturedSheetStillNativeQueuedCannotRelease]' started.
Test Case '-[TesseraCoreTests.DocumentSavePresenterTests testCompletionWithCapturedSheetStillNativeQueuedCannotRelease]' passed (0.000 seconds).
Test Case '-[TesseraCoreTests.DocumentSavePresenterTests testDuplicateCompletionBeforeDetachPreservesFirstResponse]' started.
Test Case '-[TesseraCoreTests.DocumentSavePresenterTests testDuplicateCompletionBeforeDetachPreservesFirstResponse]' passed (0.000 seconds).
Test Case '-[TesseraCoreTests.DocumentSavePresenterTests testHeldChildCancellationDefersParentEndIncludingReentrantChildReturn]' started.
Test Case '-[TesseraCoreTests.DocumentSavePresenterTests testHeldChildCancellationDefersParentEndIncludingReentrantChildReturn]' passed (0.000 seconds).
Test Case '-[TesseraCoreTests.DocumentSavePresenterTests testNewBindingMayWaitForOldDrainButOldCloseCannotRemoveNewHost]' started.
Test Case '-[TesseraCoreTests.DocumentSavePresenterTests testNewBindingMayWaitForOldDrainButOldCloseCannotRemoveNewHost]' passed (0.000 seconds).
Test Case '-[TesseraCoreTests.DocumentSavePresenterTests testOldWindowCloseForCurrentBridgeCannotShutdownReboundWindow]' started.
Test Case '-[TesseraCoreTests.DocumentSavePresenterTests testOldWindowCloseForCurrentBridgeCannotShutdownReboundWindow]' passed (0.000 seconds).
Test Case '-[TesseraCoreTests.DocumentSavePresenterTests testParentCloseSettlesLossButNativeMembershipStillMustDrain]' started.
Test Case '-[TesseraCoreTests.DocumentSavePresenterTests testParentCloseSettlesLossButNativeMembershipStillMustDrain]' passed (0.000 seconds).
Test Case '-[TesseraCoreTests.DocumentSavePresenterTests testParentLossCancelsHeldChildEvenIfNativeCompletionAlreadyArrived]' started.
Test Case '-[TesseraCoreTests.DocumentSavePresenterTests testParentLossCancelsHeldChildEvenIfNativeCompletionAlreadyArrived]' passed (0.000 seconds).
Test Case '-[TesseraCoreTests.DocumentSavePresenterTests testReentrantCancelDuringBeginAndCompletionDuringEndAreIdempotent]' started.
Test Case '-[TesseraCoreTests.DocumentSavePresenterTests testReentrantCancelDuringBeginAndCompletionDuringEndAreIdempotent]' passed (0.000 seconds).
Test Case '-[TesseraCoreTests.DocumentSavePresenterTests testSameWindowNewGenerationRejectsOldUpdateAndTeardown]' started.
Test Case '-[TesseraCoreTests.DocumentSavePresenterTests testSameWindowNewGenerationRejectsOldUpdateAndTeardown]' passed (0.000 seconds).
Test Case '-[TesseraCoreTests.DocumentSavePresenterTests testStaleCompletionCannotRetireSuccessorAndUnrelatedAdmissionFailsClosed]' started.
Test Case '-[TesseraCoreTests.DocumentSavePresenterTests testStaleCompletionCannotRetireSuccessorAndUnrelatedAdmissionFailsClosed]' passed (0.000 seconds).
Test Case '-[TesseraCoreTests.DocumentSavePresenterTests testWhollyUnseenAttachmentWithLiveViewWaitsCompletionAndDetachInEitherOrder]' started.
Test Case '-[TesseraCoreTests.DocumentSavePresenterTests testWhollyUnseenAttachmentWithLiveViewWaitsCompletionAndDetachInEitherOrder]' passed (0.000 seconds).
Test Suite 'DocumentSavePresenterTests' passed at 2026-09-28 08:38:58.260.
	 Executed 13 tests, with 0 failures (0 unexpected) in 0.001 (0.002) seconds
Test Suite 'DocumentSaveSettlementTests' started at 2026-09-28 08:38:58.260.
Test Case '-[TesseraCoreTests.DocumentSaveSettlementTests testCancelDuringFormDrainCannotStartReplacementOrWrite]' started.
Test Case '-[TesseraCoreTests.DocumentSaveSettlementTests testCancelDuringFormDrainCannotStartReplacementOrWrite]' passed (0.001 seconds).
Test Case '-[TesseraCoreTests.DocumentSaveSettlementTests testHostLossWhileWriterRunsReportsActualOutcomeWithCancelledContinuation]' started.
Test Case '-[TesseraCoreTests.DocumentSaveSettlementTests testHostLossWhileWriterRunsReportsActualOutcomeWithCancelledContinuation]' passed (0.000 seconds).
Test Case '-[TesseraCoreTests.DocumentSaveSettlementTests testKnownGapEntireAttachmentAfterCancelWithoutAnyObservationNeedsProgress]' started.
Test Case '-[TesseraCoreTests.DocumentSaveSettlementTests testKnownGapEntireAttachmentAfterCancelWithoutAnyObservationNeedsProgress]' passed (0.000 seconds).
Test Case '-[TesseraCoreTests.DocumentSaveSettlementTests testLegacyHeadlessSaveAsUsesAutomaticDestinationAndReportsSuccess]' started.
Test Case '-[TesseraCoreTests.DocumentSaveSettlementTests testLegacyHeadlessSaveAsUsesAutomaticDestinationAndReportsSuccess]' passed (0.000 seconds).
Test Case '-[TesseraCoreTests.DocumentSaveSettlementTests testMissingWindowFailsClosed]' started.
Test Case '-[TesseraCoreTests.DocumentSaveSettlementTests testMissingWindowFailsClosed]' passed (0.000 seconds).
Test Case '-[TesseraCoreTests.DocumentSaveSettlementTests testOldWriteCannotOverwriteNewPromptOrAdmitDuplicateDocumentWrite]' started.
Test Case '-[TesseraCoreTests.DocumentSaveSettlementTests testOldWriteCannotOverwriteNewPromptOrAdmitDuplicateDocumentWrite]' passed (0.000 seconds).
Test Case '-[TesseraCoreTests.DocumentSaveSettlementTests testParentCloseFailsQueuedSuccessorAndKeepsNativeDrain]' started.
Test Case '-[TesseraCoreTests.DocumentSaveSettlementTests testParentCloseFailsQueuedSuccessorAndKeepsNativeDrain]' passed (0.000 seconds).
Test Case '-[TesseraCoreTests.DocumentSaveSettlementTests testReentrantCancelledCallerSupersedesIntermediateQueuedRequest]' started.
Test Case '-[TesseraCoreTests.DocumentSaveSettlementTests testReentrantCancelledCallerSupersedesIntermediateQueuedRequest]' passed (0.000 seconds).
Test Case '-[TesseraCoreTests.DocumentSaveSettlementTests testReplaceCancelAndStaleApprovalCannotWrite]' started.
Test Case '-[TesseraCoreTests.DocumentSaveSettlementTests testReplaceCancelAndStaleApprovalCannotWrite]' passed (0.000 seconds).
Test Case '-[TesseraCoreTests.DocumentSaveSettlementTests testReplaceOwnsDistinctTokenAndWaitsForItsPhysicalDrainBeforeWrite]' started.
Test Case '-[TesseraCoreTests.DocumentSaveSettlementTests testReplaceOwnsDistinctTokenAndWaitsForItsPhysicalDrainBeforeWrite]' passed (0.000 seconds).
Test Case '-[TesseraCoreTests.DocumentSaveSettlementTests testSaveWaitsForCompletionAndMembershipThenWritesOnce]' started.
Test Case '-[TesseraCoreTests.DocumentSaveSettlementTests testSaveWaitsForCompletionAndMembershipThenWritesOnce]' passed (0.000 seconds).
Test Case '-[TesseraCoreTests.DocumentSaveSettlementTests testWriteFailurePreservesFolderAndAdmittedWriteDrainsThroughCancellation]' started.
Test Case '-[TesseraCoreTests.DocumentSaveSettlementTests testWriteFailurePreservesFolderAndAdmittedWriteDrainsThroughCancellation]' passed (0.000 seconds).
Test Case '-[TesseraCoreTests.DocumentSaveSettlementTests testWrongControllerAndStaleActionsCannotAffectSuccessor]' started.
Test Case '-[TesseraCoreTests.DocumentSaveSettlementTests testWrongControllerAndStaleActionsCannotAffectSuccessor]' passed (0.000 seconds).
Test Suite 'DocumentSaveSettlementTests' passed at 2026-09-28 08:38:58.264.
	 Executed 13 tests, with 0 failures (0 unexpected) in 0.003 (0.003) seconds
Test Suite 'DocumentSaveSheetAttachmentTests' started at 2026-09-28 08:38:58.264.
Test Case '-[TesseraCoreTests.DocumentSaveSheetAttachmentTests testNewSheetIsNotModifiedWhenOldSheetHasDetached]' started.
Test Case '-[TesseraCoreTests.DocumentSaveSheetAttachmentTests testNewSheetIsNotModifiedWhenOldSheetHasDetached]' passed (0.000 seconds).
Test Case '-[TesseraCoreTests.DocumentSaveSheetAttachmentTests testParentNoLongerAttachesOldSheetDespiteStaleChildParentMetadata]' started.
Test Case '-[TesseraCoreTests.DocumentSaveSheetAttachmentTests testParentNoLongerAttachesOldSheetDespiteStaleChildParentMetadata]' passed (0.000 seconds).
Test Case '-[TesseraCoreTests.DocumentSaveSheetAttachmentTests testQueuedCapturedSheetStillBelongsToParentUnderUnrelatedAttachedSheet]' started.
Test Case '-[TesseraCoreTests.DocumentSaveSheetAttachmentTests testQueuedCapturedSheetStillBelongsToParentUnderUnrelatedAttachedSheet]' passed (0.000 seconds).
Test Case '-[TesseraCoreTests.DocumentSaveSheetAttachmentTests testUnrelatedEventWhileOldSheetStillAttachedDoesNotComplete]' started.
Test Case '-[TesseraCoreTests.DocumentSaveSheetAttachmentTests testUnrelatedEventWhileOldSheetStillAttachedDoesNotComplete]' passed (0.000 seconds).
Test Suite 'DocumentSaveSheetAttachmentTests' passed at 2026-09-28 08:38:58.264.
	 Executed 4 tests, with 0 failures (0 unexpected) in 0.000 (0.000) seconds
Test Suite 'DocumentSaveSheetProbeTests' started at 2026-09-28 08:38:58.264.
Test Case '-[TesseraCoreTests.DocumentSaveSheetProbeTests testClosingCapturedParentDuringRealFolderChooserDrainsNativeSheet]' started.
Test Case '-[TesseraCoreTests.DocumentSaveSheetProbeTests testClosingCapturedParentDuringRealFolderChooserDrainsNativeSheet]' passed (0.971 seconds).
Test Case '-[TesseraCoreTests.DocumentSaveSheetProbeTests testDismantlingOldAttachedBridgeCannotClearNewBridgeOnSameWindow]' started.
Test Case '-[TesseraCoreTests.DocumentSaveSheetProbeTests testDismantlingOldAttachedBridgeCannotClearNewBridgeOnSameWindow]' passed (0.001 seconds).
Test Case '-[TesseraCoreTests.DocumentSaveSheetProbeTests testStaleSameWindowBridgeTeardownDoesNotShutdownNewBinding]' started.
Test Case '-[TesseraCoreTests.DocumentSaveSheetProbeTests testStaleSameWindowBridgeTeardownDoesNotShutdownNewBinding]' passed (0.000 seconds).
Test Suite 'DocumentSaveSheetProbeTests' passed at 2026-09-28 08:38:59.236.
	 Executed 3 tests, with 0 failures (0 unexpected) in 0.972 (0.972) seconds
Test Suite 'DocumentStylesTests' started at 2026-09-28 08:38:59.236.
Test Case '-[TesseraCoreTests.DocumentStylesTests testControllerAddsEditsAndFollowsTheGlobalLight]' started.
Test Case '-[TesseraCoreTests.DocumentStylesTests testControllerAddsEditsAndFollowsTheGlobalLight]' passed (0.032 seconds).
Test Case '-[TesseraCoreTests.DocumentStylesTests testEngineBackendRoundTripsAndRecordsOneNodePerGesture]' started.
Test Case '-[TesseraCoreTests.DocumentStylesTests testEngineBackendRoundTripsAndRecordsOneNodePerGesture]' passed (0.031 seconds).
Test Case '-[TesseraCoreTests.DocumentStylesTests testEveryEffectKindRoundTripsThroughTheModel]' started.
Test Case '-[TesseraCoreTests.DocumentStylesTests testEveryEffectKindRoundTripsThroughTheModel]' passed (0.015 seconds).
Test Case '-[TesseraCoreTests.DocumentStylesTests testGlobalLightPropagatesAcrossLayersInTheUIModel]' started.
Test Case '-[TesseraCoreTests.DocumentStylesTests testGlobalLightPropagatesAcrossLayersInTheUIModel]' passed (0.003 seconds).
Test Case '-[TesseraCoreTests.DocumentStylesTests testRepeatableEffectsOrderAndLimits]' started.
Test Case '-[TesseraCoreTests.DocumentStylesTests testRepeatableEffectsOrderAndLimits]' passed (0.003 seconds).
Test Case '-[TesseraCoreTests.DocumentStylesTests testSchemaDescribesEveryKindTopFirst]' started.
Test Case '-[TesseraCoreTests.DocumentStylesTests testSchemaDescribesEveryKindTopFirst]' passed (0.004 seconds).
Test Case '-[TesseraCoreTests.DocumentStylesTests testStubBackendKeepsStylesPerDocument]' started.
Test Case '-[TesseraCoreTests.DocumentStylesTests testStubBackendKeepsStylesPerDocument]' passed (0.005 seconds).
Test Suite 'DocumentStylesTests' passed at 2026-09-28 08:38:59.329.
	 Executed 7 tests, with 0 failures (0 unexpected) in 0.093 (0.093) seconds
Test Suite 'DocumentTextSessionTests' started at 2026-09-28 08:38:59.329.
Test Case '-[TesseraCoreTests.DocumentTextSessionTests testApplyAndCancelKeysReachTheSessionWhateverViewIsFocused]' started.
document: frames on the Cpu path (L0, requested Rect { x0: 0, y0: 0, x1: 1200, y1: 800 })
document: frames on the Viewport path (L0, requested Rect { x0: 0, y0: 0, x1: 1200, y1: 800 })
Test Case '-[TesseraCoreTests.DocumentTextSessionTests testApplyAndCancelKeysReachTheSessionWhateverViewIsFocused]' passed (0.296 seconds).
Test Case '-[TesseraCoreTests.DocumentTextSessionTests testClickJustRightOfTheLastGlyphResumesEditing]' started.
document: frames on the Viewport path (L0, requested Rect { x0: 0, y0: 0, x1: 1200, y1: 800 })
Test Case '-[TesseraCoreTests.DocumentTextSessionTests testClickJustRightOfTheLastGlyphResumesEditing]' passed (0.063 seconds).
Test Case '-[TesseraCoreTests.DocumentTextSessionTests testCommandReturnAppliesAfterABoxHandleDrag]' started.
document: frames on the Viewport path (L0, requested Rect { x0: 0, y0: 0, x1: 1200, y1: 800 })
Test Case '-[TesseraCoreTests.DocumentTextSessionTests testCommandReturnAppliesAfterABoxHandleDrag]' passed (0.113 seconds).
Test Case '-[TesseraCoreTests.DocumentTextSessionTests testHitRegionIsTheLineBoxPlusTheTrailingMargin]' started.
document: frames on the Cpu path (L0, requested Rect { x0: 0, y0: 0, x1: 1200, y1: 800 })
document: frames on the Viewport path (L0, requested Rect { x0: 0, y0: 0, x1: 1200, y1: 800 })
Test Case '-[TesseraCoreTests.DocumentTextSessionTests testHitRegionIsTheLineBoxPlusTheTrailingMargin]' passed (0.073 seconds).
Test Case '-[TesseraCoreTests.DocumentTextSessionTests testLatencyCountsKeystrokesOnlyAndExcludesInactiveTime]' started.
document: frames on the Cpu path (L0, requested Rect { x0: 0, y0: 0, x1: 1200, y1: 800 })
document: frames on the Viewport path (L0, requested Rect { x0: 0, y0: 0, x1: 1200, y1: 800 })
Test Case '-[TesseraCoreTests.DocumentTextSessionTests testLatencyCountsKeystrokesOnlyAndExcludesInactiveTime]' passed (0.064 seconds).
Test Case '-[TesseraCoreTests.DocumentTextSessionTests testSessionMeasuresKeystrokesNotGestures]' started.
document: frames on the Viewport path (L0, requested Rect { x0: 0, y0: 0, x1: 1200, y1: 800 })
Test Case '-[TesseraCoreTests.DocumentTextSessionTests testSessionMeasuresKeystrokesNotGestures]' passed (0.095 seconds).
Test Case '-[TesseraCoreTests.DocumentTextSessionTests testStatusHintFollowsTheSession]' started.
document: frames on the Cpu path (L0, requested Rect { x0: 0, y0: 0, x1: 1200, y1: 800 })
document: frames on the Viewport path (L0, requested Rect { x0: 0, y0: 0, x1: 1200, y1: 800 })
Test Case '-[TesseraCoreTests.DocumentTextSessionTests testStatusHintFollowsTheSession]' passed (0.104 seconds).
Test Case '-[TesseraCoreTests.DocumentTextSessionTests testTextFrameIsDashedForPointAndAreaText]' started.
document: frames on the Viewport path (L0, requested Rect { x0: 0, y0: 0, x1: 1200, y1: 800 })
Test Case '-[TesseraCoreTests.DocumentTextSessionTests testTextFrameIsDashedForPointAndAreaText]' passed (0.067 seconds).
Test Suite 'DocumentTextSessionTests' passed at 2026-09-28 08:39:00.205.
	 Executed 8 tests, with 0 failures (0 unexpected) in 0.875 (0.875) seconds
Test Suite 'DocumentTextTests' started at 2026-09-28 08:39:00.205.
Test Case '-[TesseraCoreTests.DocumentTextTests testAffineConversionToCoreGraphicsKeepsTranslationAndSkew]' started.
Test Case '-[TesseraCoreTests.DocumentTextTests testAffineConversionToCoreGraphicsKeepsTranslationAndSkew]' passed (0.000 seconds).
Test Case '-[TesseraCoreTests.DocumentTextTests testApplyStyleSplitsOnlyAtTheSelectionAndSpliceMatchesTheEngine]' started.
Test Case '-[TesseraCoreTests.DocumentTextTests testApplyStyleSplitsOnlyAtTheSelectionAndSpliceMatchesTheEngine]' passed (0.000 seconds).
Test Case '-[TesseraCoreTests.DocumentTextTests testDeletionAcrossMixedStyleRunsKeepsUntouchedRuns]' started.
Test Case '-[TesseraCoreTests.DocumentTextTests testDeletionAcrossMixedStyleRunsKeepsUntouchedRuns]' passed (0.000 seconds).
Test Case '-[TesseraCoreTests.DocumentTextTests testDraftsThroughTheSessionAreOneNodeCancelAndLocks]' started.
Test Case '-[TesseraCoreTests.DocumentTextTests testDraftsThroughTheSessionAreOneNodeCancelAndLocks]' passed (0.041 seconds).
Test Case '-[TesseraCoreTests.DocumentTextTests testEngineLayoutClustersAgreeWithTheIndexOnRealText]' started.
Test Case '-[TesseraCoreTests.DocumentTextTests testEngineLayoutClustersAgreeWithTheIndexOnRealText]' passed (0.001 seconds).
Test Case '-[TesseraCoreTests.DocumentTextTests testInsertJoinsTheRunBeforeTheCaretAndSplitsForATypingStyle]' started.
Test Case '-[TesseraCoreTests.DocumentTextTests testInsertJoinsTheRunBeforeTheCaretAndSplitsForATypingStyle]' passed (0.000 seconds).
Test Case '-[TesseraCoreTests.DocumentTextTests testLigatureInteriorIsNotACaretStopAndHitsSnapToClusterEdges]' started.
Test Case '-[TesseraCoreTests.DocumentTextTests testLigatureInteriorIsNotACaretStopAndHitsSnapToClusterEdges]' passed (0.000 seconds).
Test Case '-[TesseraCoreTests.DocumentTextTests testMarkedTextCancelRestoresAndCommitKeepsOneComposition]' started.
Test Case '-[TesseraCoreTests.DocumentTextTests testMarkedTextCancelRestoresAndCommitKeepsOneComposition]' passed (0.000 seconds).
Test Case '-[TesseraCoreTests.DocumentTextTests testMixedBidiCaretAndHitTestFollowTheVisualLayout]' started.
Test Case '-[TesseraCoreTests.DocumentTextTests testMixedBidiCaretAndHitTestFollowTheVisualLayout]' passed (0.000 seconds).
Test Case '-[TesseraCoreTests.DocumentTextTests testModelJSONMatchesTheEngineSchemaAndKeepsPathData]' started.
Test Case '-[TesseraCoreTests.DocumentTextTests testModelJSONMatchesTheEngineSchemaAndKeepsPathData]' passed (0.000 seconds).
Test Case '-[TesseraCoreTests.DocumentTextTests testRunMappingPrefersTheRunBeforeTheCaret]' started.
Test Case '-[TesseraCoreTests.DocumentTextTests testRunMappingPrefersTheRunBeforeTheCaret]' passed (0.000 seconds).
Test Case '-[TesseraCoreTests.DocumentTextTests testTrailingNewlineVerticalMovesAndLineBounds]' started.
Test Case '-[TesseraCoreTests.DocumentTextTests testTrailingNewlineVerticalMovesAndLineBounds]' passed (0.000 seconds).
Test Case '-[TesseraCoreTests.DocumentTextTests testTypingStyleAndDeleteBackwardOverNonBMP]' started.
Test Case '-[TesseraCoreTests.DocumentTextTests testTypingStyleAndDeleteBackwardOverNonBMP]' passed (0.000 seconds).
Test Case '-[TesseraCoreTests.DocumentTextTests testUTF16UTF8AndGraphemeMappingAcrossNonBMPAndCombiningMarks]' started.
Test Case '-[TesseraCoreTests.DocumentTextTests testUTF16UTF8AndGraphemeMappingAcrossNonBMPAndCombiningMarks]' passed (0.000 seconds).
Test Suite 'DocumentTextTests' passed at 2026-09-28 08:39:00.249.
	 Executed 14 tests, with 0 failures (0 unexpected) in 0.043 (0.044) seconds
Test Suite 'DocumentToolsTests' started at 2026-09-28 08:39:00.249.
Test Case '-[TesseraCoreTests.DocumentToolsTests testAffineComposition]' started.
Test Case '-[TesseraCoreTests.DocumentToolsTests testAffineComposition]' passed (0.000 seconds).
Test Case '-[TesseraCoreTests.DocumentToolsTests testBracketKeysAndHardness]' started.
Test Case '-[TesseraCoreTests.DocumentToolsTests testBracketKeysAndHardness]' passed (0.000 seconds).
Test Case '-[TesseraCoreTests.DocumentToolsTests testCoalescerBatchesSamplesWhileAFrameIsInFlight]' started.
Test Case '-[TesseraCoreTests.DocumentToolsTests testCoalescerBatchesSamplesWhileAFrameIsInFlight]' passed (0.000 seconds).
Test Case '-[TesseraCoreTests.DocumentToolsTests testEngineToolsThroughTheAdapter]' started.
Test Case '-[TesseraCoreTests.DocumentToolsTests testEngineToolsThroughTheAdapter]' passed (0.024 seconds).
Test Case '-[TesseraCoreTests.DocumentToolsTests testFreeTransformHandleDrags]' started.
Test Case '-[TesseraCoreTests.DocumentToolsTests testFreeTransformHandleDrags]' passed (0.000 seconds).
Test Case '-[TesseraCoreTests.DocumentToolsTests testFreeTransformModel]' started.
Test Case '-[TesseraCoreTests.DocumentToolsTests testFreeTransformModel]' passed (0.000 seconds).
Test Case '-[TesseraCoreTests.DocumentToolsTests testFreeTransformRotateMoveAndHitTest]' started.
Test Case '-[TesseraCoreTests.DocumentToolsTests testFreeTransformRotateMoveAndHitTest]' passed (0.000 seconds).
Test Case '-[TesseraCoreTests.DocumentToolsTests testHUDDragMapsToSizeAndHardness]' started.
Test Case '-[TesseraCoreTests.DocumentToolsTests testHUDDragMapsToSizeAndHardness]' passed (0.000 seconds).
Test Case '-[TesseraCoreTests.DocumentToolsTests testMarqueeGeometry]' started.
Test Case '-[TesseraCoreTests.DocumentToolsTests testMarqueeGeometry]' passed (0.000 seconds).
Test Case '-[TesseraCoreTests.DocumentToolsTests testOpacityDigits]' started.
Test Case '-[TesseraCoreTests.DocumentToolsTests testOpacityDigits]' passed (0.000 seconds).
Test Case '-[TesseraCoreTests.DocumentToolsTests testPressureCurve]' started.
Test Case '-[TesseraCoreTests.DocumentToolsTests testPressureCurve]' passed (0.000 seconds).
Test Case '-[TesseraCoreTests.DocumentToolsTests testSelectionModifierMapping]' started.
Test Case '-[TesseraCoreTests.DocumentToolsTests testSelectionModifierMapping]' passed (0.000 seconds).
Test Case '-[TesseraCoreTests.DocumentToolsTests testStubAdoptsTheGeometricSubset]' started.
Test Case '-[TesseraCoreTests.DocumentToolsTests testStubAdoptsTheGeometricSubset]' passed (0.000 seconds).
Test Case '-[TesseraCoreTests.DocumentToolsTests testToolColors]' started.
Test Case '-[TesseraCoreTests.DocumentToolsTests testToolColors]' passed (0.000 seconds).
Test Case '-[TesseraCoreTests.DocumentToolsTests testToolKeyMap]' started.
Test Case '-[TesseraCoreTests.DocumentToolsTests testToolKeyMap]' passed (0.000 seconds).
Test Suite 'DocumentToolsTests' passed at 2026-09-28 08:39:00.275.
	 Executed 15 tests, with 0 failures (0 unexpected) in 0.026 (0.027) seconds
Test Suite 'DocumentTransformTests' started at 2026-09-28 08:39:00.275.
Test Case '-[TesseraCoreTests.DocumentTransformTests testChildMappingUsesTheRowMajorAffineWithSkewAndTranslation]' started.
Test Case '-[TesseraCoreTests.DocumentTransformTests testChildMappingUsesTheRowMajorAffineWithSkewAndTranslation]' passed (0.000 seconds).
Test Case '-[TesseraCoreTests.DocumentTransformTests testContentAwareBoxHandlesProportionsAndLimits]' started.
Test Case '-[TesseraCoreTests.DocumentTransformTests testContentAwareBoxHandlesProportionsAndLimits]' passed (0.000 seconds).
Test Case '-[TesseraCoreTests.DocumentTransformTests testCrossingAndDegenerateQuadsAreRejectedBeforeTheEngine]' started.
Test Case '-[TesseraCoreTests.DocumentTransformTests testCrossingAndDegenerateQuadsAreRejectedBeforeTheEngine]' passed (0.000 seconds).
Test Case '-[TesseraCoreTests.DocumentTransformTests testEnginePuppetMeshAndProtectionChannels]' started.
Test Case '-[TesseraCoreTests.DocumentTransformTests testEnginePuppetMeshAndProtectionChannels]' passed (0.020 seconds).
Test Case '-[TesseraCoreTests.DocumentTransformTests testEngineSessionNeedsConsentCancelsCleanlyAndAppliesOneNode]' started.
Test Case '-[TesseraCoreTests.DocumentTransformTests testEngineSessionNeedsConsentCancelsCleanlyAndAppliesOneNode]' passed (0.016 seconds).
Test Case '-[TesseraCoreTests.DocumentTransformTests testEngineSplitAddsLinesWithoutMovingTheSurface]' started.
Test Case '-[TesseraCoreTests.DocumentTransformTests testEngineSplitAddsLinesWithoutMovingTheSurface]' passed (0.000 seconds).
Test Case '-[TesseraCoreTests.DocumentTransformTests testOperationJSONCarriesKernelAndNeverAProtectMask]' started.
Test Case '-[TesseraCoreTests.DocumentTransformTests testOperationJSONCarriesKernelAndNeverAProtectMask]' passed (0.001 seconds).
Test Case '-[TesseraCoreTests.DocumentTransformTests testPerspectiveLayoutMovesBothSpacesAndWarpOnlyTheDestination]' started.
Test Case '-[TesseraCoreTests.DocumentTransformTests testPerspectiveLayoutMovesBothSpacesAndWarpOnlyTheDestination]' passed (0.000 seconds).
Test Case '-[TesseraCoreTests.DocumentTransformTests testPerspectiveQuadsArePerimeterOrderedAndRoundTrip]' started.
Test Case '-[TesseraCoreTests.DocumentTransformTests testPerspectiveQuadsArePerimeterOrderedAndRoundTrip]' passed (0.000 seconds).
Test Case '-[TesseraCoreTests.DocumentTransformTests testPerspectiveSplitKeepsTheWarpedImageInPlace]' started.
Test Case '-[TesseraCoreTests.DocumentTransformTests testPerspectiveSplitKeepsTheWarpedImageInPlace]' passed (0.000 seconds).
Test Case '-[TesseraCoreTests.DocumentTransformTests testPresetsBendZeroIsIdentityAndInvalidBendFails]' started.
Test Case '-[TesseraCoreTests.DocumentTransformTests testPresetsBendZeroIsIdentityAndInvalidBendFails]' passed (0.000 seconds).
Test Case '-[TesseraCoreTests.DocumentTransformTests testPuppetModelRoundTripsAndPinsNeverJump]' started.
Test Case '-[TesseraCoreTests.DocumentTransformTests testPuppetModelRoundTripsAndPinsNeverJump]' passed (0.000 seconds).
Test Case '-[TesseraCoreTests.DocumentTransformTests testPuppetRebaseKeepsPinsOnTheNearestNewVertex]' started.
Test Case '-[TesseraCoreTests.DocumentTransformTests testPuppetRebaseKeepsPinsOnTheNearestNewVertex]' passed (0.000 seconds).
Test Case '-[TesseraCoreTests.DocumentTransformTests testWarpAnchorDragCarriesItsHandles]' started.
Test Case '-[TesseraCoreTests.DocumentTransformTests testWarpAnchorDragCarriesItsHandles]' passed (0.000 seconds).
Test Case '-[TesseraCoreTests.DocumentTransformTests testWarpMeshJSONMatchesTheEngineSchema]' started.
Test Case '-[TesseraCoreTests.DocumentTransformTests testWarpMeshJSONMatchesTheEngineSchema]' passed (0.000 seconds).
Test Case '-[TesseraCoreTests.DocumentTransformTests testWarpSurfaceInterpolatesCornersAndIsLinearAtIdentity]' started.
Test Case '-[TesseraCoreTests.DocumentTransformTests testWarpSurfaceInterpolatesCornersAndIsLinearAtIdentity]' passed (0.000 seconds).
Test Suite 'DocumentTransformTests' passed at 2026-09-28 08:39:00.315.
	 Executed 16 tests, with 0 failures (0 unexpected) in 0.039 (0.039) seconds
Test Suite 'DocumentVectorTests' started at 2026-09-28 08:39:00.315.
Test Case '-[TesseraCoreTests.DocumentVectorTests testAffineLayoutsConvertExplicitlyWithSkewAndTranslation]' started.
Test Case '-[TesseraCoreTests.DocumentVectorTests testAffineLayoutsConvertExplicitlyWithSkewAndTranslation]' passed (0.000 seconds).
Test Case '-[TesseraCoreTests.DocumentVectorTests testCoincidentAnchorsMergeLikeTheEngine]' started.
Test Case '-[TesseraCoreTests.DocumentVectorTests testCoincidentAnchorsMergeLikeTheEngine]' passed (0.000 seconds).
Test Case '-[TesseraCoreTests.DocumentVectorTests testEllipseOverlayLiesOnTheEnginesEllipse]' started.
Test Case '-[TesseraCoreTests.DocumentVectorTests testEllipseOverlayLiesOnTheEnginesEllipse]' passed (0.000 seconds).
Test Case '-[TesseraCoreTests.DocumentVectorTests testEngineShapesDraftsMasksBooleansAndConversion]' started.
Test Case '-[TesseraCoreTests.DocumentVectorTests testEngineShapesDraftsMasksBooleansAndConversion]' passed (0.017 seconds).
Test Case '-[TesseraCoreTests.DocumentVectorTests testEvenOddHolesAndNonzeroContainment]' started.
Test Case '-[TesseraCoreTests.DocumentVectorTests testEvenOddHolesAndNonzeroContainment]' passed (0.000 seconds).
Test Case '-[TesseraCoreTests.DocumentVectorTests testInverseAffineHitsWithSkewAndTranslation]' started.
Test Case '-[TesseraCoreTests.DocumentVectorTests testInverseAffineHitsWithSkewAndTranslation]' passed (0.000 seconds).
Test Case '-[TesseraCoreTests.DocumentVectorTests testPathCommandJSONMatchesTheEngineSchema]' started.
Test Case '-[TesseraCoreTests.DocumentVectorTests testPathCommandJSONMatchesTheEngineSchema]' passed (0.000 seconds).
Test Case '-[TesseraCoreTests.DocumentVectorTests testPatternPaintIsCarriedOpaquely]' started.
Test Case '-[TesseraCoreTests.DocumentVectorTests testPatternPaintIsCarriedOpaquely]' passed (0.000 seconds).
Test Case '-[TesseraCoreTests.DocumentVectorTests testPenDraftBuildsCubicHandlesAndCloses]' started.
Test Case '-[TesseraCoreTests.DocumentVectorTests testPenDraftBuildsCubicHandlesAndCloses]' passed (0.000 seconds).
Test Case '-[TesseraCoreTests.DocumentVectorTests testPolygonStarAndLinePrimitivesMatchTheEngine]' started.
Test Case '-[TesseraCoreTests.DocumentVectorTests testPolygonStarAndLinePrimitivesMatchTheEngine]' passed (0.000 seconds).
Test Case '-[TesseraCoreTests.DocumentVectorTests testRectanglePrimitiveMatchesTheEngineConstruction]' started.
Test Case '-[TesseraCoreTests.DocumentVectorTests testRectanglePrimitiveMatchesTheEngineConstruction]' passed (0.000 seconds).
Test Case '-[TesseraCoreTests.DocumentVectorTests testShapeSourceDecodesAndReencodesTheEngineSchema]' started.
Test Case '-[TesseraCoreTests.DocumentVectorTests testShapeSourceDecodesAndReencodesTheEngineSchema]' passed (0.001 seconds).
Test Case '-[TesseraCoreTests.DocumentVectorTests testShapeToolConstraints]' started.
Test Case '-[TesseraCoreTests.DocumentVectorTests testShapeToolConstraints]' passed (0.000 seconds).
Test Case '-[TesseraCoreTests.DocumentVectorTests testSplitIsExactAndHandlesMirrorOrStayIndependent]' started.
Test Case '-[TesseraCoreTests.DocumentVectorTests testSplitIsExactAndHandlesMirrorOrStayIndependent]' passed (0.000 seconds).
Test Case '-[TesseraCoreTests.DocumentVectorTests testTargetsPreferSelectedHandlesThenAnchorsThenSegments]' started.
Test Case '-[TesseraCoreTests.DocumentVectorTests testTargetsPreferSelectedHandlesThenAnchorsThenSegments]' passed (0.000 seconds).
Test Case '-[TesseraCoreTests.DocumentVectorTests testToolRoutingKeysAndGroups]' started.
Test Case '-[TesseraCoreTests.DocumentVectorTests testToolRoutingKeysAndGroups]' passed (0.000 seconds).
Test Suite 'DocumentVectorTests' passed at 2026-09-28 08:39:00.335.
	 Executed 16 tests, with 0 failures (0 unexpected) in 0.020 (0.020) seconds
Test Suite 'DocumentVectorVerifyFixesTests' started at 2026-09-28 08:39:00.335.
Test Case '-[TesseraCoreTests.DocumentVectorVerifyFixesTests testAutoNamedTextLayerNameFollowsItsFirstLine]' started.
document: frames on the Viewport path (L0, requested Rect { x0: 0, y0: 0, x1: 1200, y1: 800 })
document: frames on the Cpu path (L0, requested Rect { x0: 0, y0: 0, x1: 1200, y1: 800 })
document: frames on the Viewport path (L0, requested Rect { x0: 0, y0: 0, x1: 1200, y1: 800 })
Test Case '-[TesseraCoreTests.DocumentVectorVerifyFixesTests testAutoNamedTextLayerNameFollowsItsFirstLine]' passed (0.107 seconds).
Test Case '-[TesseraCoreTests.DocumentVectorVerifyFixesTests testKeyboardStepsOfAShapeSliderAreOneHistoryNode]' started.
document: frames on the Cpu path (L0, requested Rect { x0: 0, y0: 0, x1: 1200, y1: 800 })
document: frames on the Viewport path (L0, requested Rect { x0: 0, y0: 0, x1: 1200, y1: 800 })
Test Case '-[TesseraCoreTests.DocumentVectorVerifyFixesTests testKeyboardStepsOfAShapeSliderAreOneHistoryNode]' passed (1.434 seconds).
Test Case '-[TesseraCoreTests.DocumentVectorVerifyFixesTests testLayersRowShowsAVectorMaskThumbnailNextToTheRasterMask]' started.
document: frames on the Viewport path (L0, requested Rect { x0: 0, y0: 0, x1: 1200, y1: 800 })
Test Case '-[TesseraCoreTests.DocumentVectorVerifyFixesTests testLayersRowShowsAVectorMaskThumbnailNextToTheRasterMask]' passed (0.123 seconds).
Test Case '-[TesseraCoreTests.DocumentVectorVerifyFixesTests testNewAreaTextResizedBeforeTheFirstApplyIsOneAddText]' started.
document: frames on the Viewport path (L0, requested Rect { x0: 0, y0: 0, x1: 1200, y1: 800 })
document: frames on the Cpu path (L0, requested Rect { x0: 0, y0: 0, x1: 1200, y1: 800 })
document: frames on the Viewport path (L0, requested Rect { x0: 0, y0: 0, x1: 1200, y1: 800 })
Test Case '-[TesseraCoreTests.DocumentVectorVerifyFixesTests testNewAreaTextResizedBeforeTheFirstApplyIsOneAddText]' passed (0.104 seconds).
Test Case '-[TesseraCoreTests.DocumentVectorVerifyFixesTests testNewStrokeTakesTheForegroundOrAContrastingColourNotTheFill]' started.
document: frames on the Cpu path (L0, requested Rect { x0: 0, y0: 0, x1: 1200, y1: 800 })
document: frames on the Viewport path (L0, requested Rect { x0: 0, y0: 0, x1: 1200, y1: 800 })
Test Case '-[TesseraCoreTests.DocumentVectorVerifyFixesTests testNewStrokeTakesTheForegroundOrAContrastingColourNotTheFill]' passed (0.070 seconds).
Test Case '-[TesseraCoreTests.DocumentVectorVerifyFixesTests testPathSelectionClickOnEmptyCanvasDeselects]' started.
document: frames on the Viewport path (L0, requested Rect { x0: 0, y0: 0, x1: 1200, y1: 800 })
Test Case '-[TesseraCoreTests.DocumentVectorVerifyFixesTests testPathSelectionClickOnEmptyCanvasDeselects]' passed (0.101 seconds).
Test Case '-[TesseraCoreTests.DocumentVectorVerifyFixesTests testPenDraftKeepsThePreviousAnchorsHandles]' started.
document: frames on the Viewport path (L0, requested Rect { x0: 0, y0: 0, x1: 1200, y1: 800 })
Test Case '-[TesseraCoreTests.DocumentVectorVerifyFixesTests testPenDraftKeepsThePreviousAnchorsHandles]' passed (0.064 seconds).
Test Case '-[TesseraCoreTests.DocumentVectorVerifyFixesTests testPropertiesReportTheShapesRealBoundsLiveDuringDrags]' started.
document: frames on the Viewport path (L0, requested Rect { x0: 0, y0: 0, x1: 1200, y1: 800 })
Test Case '-[TesseraCoreTests.DocumentVectorVerifyFixesTests testPropertiesReportTheShapesRealBoundsLiveDuringDrags]' passed (0.079 seconds).
Test Case '-[TesseraCoreTests.DocumentVectorVerifyFixesTests testRejectedRecolourRevertsTheColourWell]' started.
document: frames on the Viewport path (L0, requested Rect { x0: 0, y0: 0, x1: 1200, y1: 800 })
Test Case '-[TesseraCoreTests.DocumentVectorVerifyFixesTests testRejectedRecolourRevertsTheColourWell]' passed (0.376 seconds).
Test Case '-[TesseraCoreTests.DocumentVectorVerifyFixesTests testStatusHintsFollowTheToolAndPenState]' started.
document: frames on the Viewport path (L0, requested Rect { x0: 0, y0: 0, x1: 1200, y1: 800 })
Test Case '-[TesseraCoreTests.DocumentVectorVerifyFixesTests testStatusHintsFollowTheToolAndPenState]' passed (0.093 seconds).
Test Case '-[TesseraCoreTests.DocumentVectorVerifyFixesTests testToolLettersWorkWhileASliderOrTheLayersListHasTheKeyboard]' started.
document: frames on the Viewport path (L0, requested Rect { x0: 0, y0: 0, x1: 1200, y1: 800 })
Test Case '-[TesseraCoreTests.DocumentVectorVerifyFixesTests testToolLettersWorkWhileASliderOrTheLayersListHasTheKeyboard]' passed (0.091 seconds).
Test Suite 'DocumentVectorVerifyFixesTests' passed at 2026-09-28 08:39:02.979.
	 Executed 11 tests, with 0 failures (0 unexpected) in 2.642 (2.644) seconds
Test Suite 'DocumentViewportMathTests' started at 2026-09-28 08:39:02.979.
Test Case '-[TesseraCoreTests.DocumentViewportMathTests testAnchoredZoomKeepsThePointUnderThePointer]' started.
Test Case '-[TesseraCoreTests.DocumentViewportMathTests testAnchoredZoomKeepsThePointUnderThePointer]' passed (0.000 seconds).
Test Case '-[TesseraCoreTests.DocumentViewportMathTests testFitZoomAndSteps]' started.
Test Case '-[TesseraCoreTests.DocumentViewportMathTests testFitZoomAndSteps]' passed (0.000 seconds).
Test Case '-[TesseraCoreTests.DocumentViewportMathTests testLevelFromZoom]' started.
Test Case '-[TesseraCoreTests.DocumentViewportMathTests testLevelFromZoom]' passed (0.000 seconds).
Test Case '-[TesseraCoreTests.DocumentViewportMathTests testVisibleRectAndPan]' started.
Test Case '-[TesseraCoreTests.DocumentViewportMathTests testVisibleRectAndPan]' passed (0.000 seconds).
Test Suite 'DocumentViewportMathTests' passed at 2026-09-28 08:39:02.980.
	 Executed 4 tests, with 0 failures (0 unexpected) in 0.000 (0.001) seconds
Test Suite 'DocumentViewportOwnershipTests' started at 2026-09-28 08:39:02.980.
Test Case '-[TesseraCoreTests.DocumentViewportOwnershipTests testControllerReleasedBeforeDismantleStillClearsLocalResources]' started.
Test Case '-[TesseraCoreTests.DocumentViewportOwnershipTests testControllerReleasedBeforeDismantleStillClearsLocalResources]' passed (0.002 seconds).
Test Case '-[TesseraCoreTests.DocumentViewportOwnershipTests testDetachClearsCurrentOwnerAndFrameCallback]' started.
Test Case '-[TesseraCoreTests.DocumentViewportOwnershipTests testDetachClearsCurrentOwnerAndFrameCallback]' passed (0.013 seconds).
Test Case '-[TesseraCoreTests.DocumentViewportOwnershipTests testReplacementDetachesPriorOwnerBeforeOldViewDismantles]' started.
Test Case '-[TesseraCoreTests.DocumentViewportOwnershipTests testReplacementDetachesPriorOwnerBeforeOldViewDismantles]' passed (0.002 seconds).
Test Case '-[TesseraCoreTests.DocumentViewportOwnershipTests testStaleOwnerCannotClearNewOwnerCallback]' started.
Test Case '-[TesseraCoreTests.DocumentViewportOwnershipTests testStaleOwnerCannotClearNewOwnerCallback]' passed (0.002 seconds).
Test Suite 'DocumentViewportOwnershipTests' passed at 2026-09-28 08:39:02.999.
	 Executed 4 tests, with 0 failures (0 unexpected) in 0.019 (0.019) seconds
Test Suite 'EDRPresentationTests' started at 2026-09-28 08:39:02.999.
Test Case '-[TesseraCoreTests.EDRPresentationTests testEDRScreenUsesFloatSurfacesOnlyWithHDROn]' started.
Test Case '-[TesseraCoreTests.EDRPresentationTests testEDRScreenUsesFloatSurfacesOnlyWithHDROn]' passed (0.000 seconds).
Test Case '-[TesseraCoreTests.EDRPresentationTests testHeadroomChangesAreDebounced]' started.
Test Case '-[TesseraCoreTests.EDRPresentationTests testHeadroomChangesAreDebounced]' passed (0.000 seconds).
Test Case '-[TesseraCoreTests.EDRPresentationTests testHeadroomControlPatchesTheRecipe]' started.
Test Case '-[TesseraCoreTests.EDRPresentationTests testHeadroomControlPatchesTheRecipe]' passed (0.000 seconds).
Test Case '-[TesseraCoreTests.EDRPresentationTests testHeadroomIsCappedByTheCurrentDisplayHeadroom]' started.
Test Case '-[TesseraCoreTests.EDRPresentationTests testHeadroomIsCappedByTheCurrentDisplayHeadroom]' passed (0.000 seconds).
Test Case '-[TesseraCoreTests.EDRPresentationTests testOddScreenValuesAreSanitized]' started.
Test Case '-[TesseraCoreTests.EDRPresentationTests testOddScreenValuesAreSanitized]' passed (0.000 seconds).
Test Case '-[TesseraCoreTests.EDRPresentationTests testSDRScreenAlwaysKeepsTheRGBA8Path]' started.
Test Case '-[TesseraCoreTests.EDRPresentationTests testSDRScreenAlwaysKeepsTheRGBA8Path]' passed (0.000 seconds).
Test Suite 'EDRPresentationTests' passed at 2026-09-28 08:39:03.000.
	 Executed 6 tests, with 0 failures (0 unexpected) in 0.001 (0.001) seconds
Test Suite 'EngineDocumentBackendTests' started at 2026-09-28 08:39:03.000.
Test Case '-[TesseraCoreTests.EngineDocumentBackendTests testBlendModeStringsMatchTheEngine]' started.
Test Case '-[TesseraCoreTests.EngineDocumentBackendTests testBlendModeStringsMatchTheEngine]' passed (0.016 seconds).
Test Case '-[TesseraCoreTests.EngineDocumentBackendTests testEngineSessionThroughTheAdapter]' started.
Test Case '-[TesseraCoreTests.EngineDocumentBackendTests testEngineSessionThroughTheAdapter]' passed (0.017 seconds).
Test Case '-[TesseraCoreTests.EngineDocumentBackendTests testEnumsRoundTripEveryValue]' started.
Test Case '-[TesseraCoreTests.EngineDocumentBackendTests testEnumsRoundTripEveryValue]' passed (0.000 seconds).
Test Case '-[TesseraCoreTests.EngineDocumentBackendTests testFramesReachTheListenerOnMain]' started.
document: frames on the Cpu path (L1, requested Rect { x0: 0, y0: 0, x1: 128, y1: 64 })
document: frames on the Viewport path (L1, requested Rect { x0: 0, y0: 0, x1: 128, y1: 64 })
Test Case '-[TesseraCoreTests.EngineDocumentBackendTests testFramesReachTheListenerOnMain]' passed (0.036 seconds).
Test Case '-[TesseraCoreTests.EngineDocumentBackendTests testHistoryIDMapShowsTheBaseAsOpened]' started.
Test Case '-[TesseraCoreTests.EngineDocumentBackendTests testHistoryIDMapShowsTheBaseAsOpened]' passed (0.000 seconds).
Test Case '-[TesseraCoreTests.EngineDocumentBackendTests testListenerCoalescesUntilTheMainQueueDrains]' started.
Test Case '-[TesseraCoreTests.EngineDocumentBackendTests testListenerCoalescesUntilTheMainQueueDrains]' passed (0.000 seconds).
Test Case '-[TesseraCoreTests.EngineDocumentBackendTests testListenerDeliversOnTheMainThread]' started.
Test Case '-[TesseraCoreTests.EngineDocumentBackendTests testListenerDeliversOnTheMainThread]' passed (0.000 seconds).
Test Case '-[TesseraCoreTests.EngineDocumentBackendTests testRecordsRoundTripFieldByField]' started.
Test Case '-[TesseraCoreTests.EngineDocumentBackendTests testRecordsRoundTripFieldByField]' passed (0.000 seconds).
Test Case '-[TesseraCoreTests.EngineDocumentBackendTests testWorkspaceChoosesTheEngineOrTheStub]' started.
Test Case '-[TesseraCoreTests.EngineDocumentBackendTests testWorkspaceChoosesTheEngineOrTheStub]' passed (0.023 seconds).
Test Suite 'EngineDocumentBackendTests' passed at 2026-09-28 08:39:03.093.
	 Executed 9 tests, with 0 failures (0 unexpected) in 0.093 (0.093) seconds
Test Suite 'ExportFormatsWatermarkTests' started at 2026-09-28 08:39:03.093.
Test Case '-[TesseraCoreTests.ExportFormatsWatermarkTests testFormatSwitchesStayValidForTheEngine]' started.
Test Case '-[TesseraCoreTests.ExportFormatsWatermarkTests testFormatSwitchesStayValidForTheEngine]' passed (0.018 seconds).
Test Case '-[TesseraCoreTests.ExportFormatsWatermarkTests testJPEGSizeLimitConverges]' started.
Test Case '-[TesseraCoreTests.ExportFormatsWatermarkTests testJPEGSizeLimitConverges]' passed (0.818 seconds).
Test Case '-[TesseraCoreTests.ExportFormatsWatermarkTests testNewFieldsEncodeAsTheEngineExpects]' started.
Test Case '-[TesseraCoreTests.ExportFormatsWatermarkTests testNewFieldsEncodeAsTheEngineExpects]' passed (0.001 seconds).
Test Case '-[TesseraCoreTests.ExportFormatsWatermarkTests testPresetsKeepNewFieldsAndOldPresetsLoadUnchanged]' started.
Test Case '-[TesseraCoreTests.ExportFormatsWatermarkTests testPresetsKeepNewFieldsAndOldPresetsLoadUnchanged]' passed (0.011 seconds).
Test Case '-[TesseraCoreTests.ExportFormatsWatermarkTests testRealExportsAVIFJXLAndDNG]' started.
Test Case '-[TesseraCoreTests.ExportFormatsWatermarkTests testRealExportsAVIFJXLAndDNG]' passed (0.812 seconds).
Test Case '-[TesseraCoreTests.ExportFormatsWatermarkTests testWatermarkProblemsAndPlacement]' started.
Test Case '-[TesseraCoreTests.ExportFormatsWatermarkTests testWatermarkProblemsAndPlacement]' passed (0.001 seconds).
Test Case '-[TesseraCoreTests.ExportFormatsWatermarkTests testWatermarksAreBurnedIn]' started.
Test Case '-[TesseraCoreTests.ExportFormatsWatermarkTests testWatermarksAreBurnedIn]' passed (0.712 seconds).
Test Suite 'ExportFormatsWatermarkTests' passed at 2026-09-28 08:39:05.467.
	 Executed 7 tests, with 0 failures (0 unexpected) in 2.373 (2.373) seconds
Test Suite 'ExportPrintTests' started at 2026-09-28 08:39:05.467.
Test Case '-[TesseraCoreTests.ExportPrintTests testContactSheetGrid]' started.
Test Case '-[TesseraCoreTests.ExportPrintTests testContactSheetGrid]' passed (0.000 seconds).
Test Case '-[TesseraCoreTests.ExportPrintTests testNamingMatchesTheEngine]' started.
Test Case '-[TesseraCoreTests.ExportPrintTests testNamingMatchesTheEngine]' passed (0.001 seconds).
Test Case '-[TesseraCoreTests.ExportPrintTests testNamingTokensAndProblems]' started.
Test Case '-[TesseraCoreTests.ExportPrintTests testNamingTokensAndProblems]' passed (0.000 seconds).
Test Case '-[TesseraCoreTests.ExportPrintTests testOutputSizes]' started.
Test Case '-[TesseraCoreTests.ExportPrintTests testOutputSizes]' passed (0.000 seconds).
Test Case '-[TesseraCoreTests.ExportPrintTests testPlacementRotatesToFitAndSizesRenders]' started.
Test Case '-[TesseraCoreTests.ExportPrintTests testPlacementRotatesToFitAndSizesRenders]' passed (0.000 seconds).
Test Case '-[TesseraCoreTests.ExportPrintTests testPresetsPersistUnderTheAppDirectory]' started.
Test Case '-[TesseraCoreTests.ExportPrintTests testPresetsPersistUnderTheAppDirectory]' passed (0.010 seconds).
Test Case '-[TesseraCoreTests.ExportPrintTests testPrintSettingsPersist]' started.
Test Case '-[TesseraCoreTests.ExportPrintTests testPrintSettingsPersist]' passed (0.002 seconds).
Test Case '-[TesseraCoreTests.ExportPrintTests testSettingsRoundTripThroughTheEngine]' started.
Test Case '-[TesseraCoreTests.ExportPrintTests testSettingsRoundTripThroughTheEngine]' passed (0.000 seconds).
Test Case '-[TesseraCoreTests.ExportPrintTests testSingleAndCustomCells]' started.
Test Case '-[TesseraCoreTests.ExportPrintTests testSingleAndCustomCells]' passed (0.000 seconds).
Test Suite 'ExportPrintTests' passed at 2026-09-28 08:39:05.481.
	 Executed 9 tests, with 0 failures (0 unexpected) in 0.014 (0.015) seconds
Test Suite 'ExportWarningsTests' started at 2026-09-28 08:39:05.481.
Test Case '-[TesseraCoreTests.ExportWarningsTests testWarningFilesAreReadAndSurfacedInTheToast]' started.
Test Case '-[TesseraCoreTests.ExportWarningsTests testWarningFilesAreReadAndSurfacedInTheToast]' passed (0.001 seconds).
Test Suite 'ExportWarningsTests' passed at 2026-09-28 08:39:05.482.
	 Executed 1 test, with 0 failures (0 unexpected) in 0.001 (0.001) seconds
Test Suite 'IncomingStripTests' started at 2026-09-28 08:39:05.482.
Test Case '-[TesseraCoreTests.IncomingStripTests testBadgesPreferTheSubjectsFaceAndNeverInventEyes]' started.
Test Case '-[TesseraCoreTests.IncomingStripTests testBadgesPreferTheSubjectsFaceAndNeverInventEyes]' passed (0.000 seconds).
Test Case '-[TesseraCoreTests.IncomingStripTests testFailedFramesAreKeptButNotAdvancedTo]' started.
Test Case '-[TesseraCoreTests.IncomingStripTests testFailedFramesAreKeptButNotAdvancedTo]' passed (0.000 seconds).
Test Case '-[TesseraCoreTests.IncomingStripTests testFrameCountFieldCommitsTypedValueAndClamps]' started.
Test Case '-[TesseraCoreTests.IncomingStripTests testFrameCountFieldCommitsTypedValueAndClamps]' passed (0.000 seconds).
Test Case '-[TesseraCoreTests.IncomingStripTests testIncomingDecisionRevisionTracksLocalCullAndFeed]' started.
Test Case '-[TesseraCoreTests.IncomingStripTests testIncomingDecisionRevisionTracksLocalCullAndFeed]' passed (0.000 seconds).
Test Case '-[TesseraCoreTests.IncomingStripTests testIntervalPlanCountsDown]' started.
Test Case '-[TesseraCoreTests.IncomingStripTests testIntervalPlanCountsDown]' passed (0.000 seconds).
Test Case '-[TesseraCoreTests.IncomingStripTests testNewestFirstCappedWithPendingRequests]' started.
Test Case '-[TesseraCoreTests.IncomingStripTests testNewestFirstCappedWithPendingRequests]' passed (0.000 seconds).
Test Suite 'IncomingStripTests' passed at 2026-09-28 08:39:05.483.
	 Executed 6 tests, with 0 failures (0 unexpected) in 0.001 (0.001) seconds
Test Suite 'IncrementalLibraryTests' started at 2026-09-28 08:39:05.483.
Test Case '-[TesseraCoreTests.IncrementalLibraryTests testAppModelKeepsSelectionFilterAndGridAcrossUpdates]' started.
Test Case '-[TesseraCoreTests.IncrementalLibraryTests testAppModelKeepsSelectionFilterAndGridAcrossUpdates]' passed (0.293 seconds).
Test Case '-[TesseraCoreTests.IncrementalLibraryTests testLibraryInsertsUpdatesAndRemovesInPlaceKeepingUndo]' started.
Test Case '-[TesseraCoreTests.IncrementalLibraryTests testLibraryInsertsUpdatesAndRemovesInPlaceKeepingUndo]' passed (0.049 seconds).
Test Case '-[TesseraCoreTests.IncrementalLibraryTests testTwentyTetheredFramesKeepUndoAndFilters]' started.
Test Case '-[TesseraCoreTests.IncrementalLibraryTests testTwentyTetheredFramesKeepUndoAndFilters]' passed (5.227 seconds).
Test Suite 'IncrementalLibraryTests' passed at 2026-09-28 08:39:11.053.
	 Executed 3 tests, with 0 failures (0 unexpected) in 5.570 (5.570) seconds
Test Suite 'KeyFocusTests' started at 2026-09-28 08:39:11.053.
Test Case '-[TesseraCoreTests.KeyFocusTests testFocusedCurveOwnsArrowsWithoutSelectedPoint]' started.
Test Case '-[TesseraCoreTests.KeyFocusTests testFocusedCurveOwnsArrowsWithoutSelectedPoint]' passed (0.004 seconds).
Test Case '-[TesseraCoreTests.KeyFocusTests testFocusedSliderOwnsArrows]' started.
Test Case '-[TesseraCoreTests.KeyFocusTests testFocusedSliderOwnsArrows]' passed (0.004 seconds).
Test Case '-[TesseraCoreTests.KeyFocusTests testLoupeDisclosureLeavesKeysToPopoverWithoutWorkspaceRouting]' started.
Test Case '-[TesseraCoreTests.KeyFocusTests testLoupeDisclosureLeavesKeysToPopoverWithoutWorkspaceRouting]' passed (0.003 seconds).
Test Case '-[TesseraCoreTests.KeyFocusTests testPhotoEditConsumesCullKeysWithoutChangingDecisions]' started.
Test Case '-[TesseraCoreTests.KeyFocusTests testPhotoEditConsumesCullKeysWithoutChangingDecisions]' passed (0.010 seconds).
Test Case '-[TesseraCoreTests.KeyFocusTests testPhotoEditTextFieldStillOwnsLetters]' started.
Test Case '-[TesseraCoreTests.KeyFocusTests testPhotoEditTextFieldStillOwnsLetters]' passed (0.005 seconds).
Test Case '-[TesseraCoreTests.KeyFocusTests testReviewOwnsCullKeysAndEscapeCancelsDraftBeforeReturn]' started.
Test Case '-[TesseraCoreTests.KeyFocusTests testReviewOwnsCullKeysAndEscapeCancelsDraftBeforeReturn]' passed (0.010 seconds).
Test Case '-[TesseraCoreTests.KeyFocusTests testReviewTextAndNumericControlsKeepTheirInputAndDocumentWins]' started.
Test Case '-[TesseraCoreTests.KeyFocusTests testReviewTextAndNumericControlsKeepTheirInputAndDocumentWins]' passed (0.006 seconds).
Test Case '-[TesseraCoreTests.KeyFocusTests testSearchFieldOwnsCullKeys]' started.
Test Case '-[TesseraCoreTests.KeyFocusTests testSearchFieldOwnsCullKeys]' passed (0.012 seconds).
Test Case '-[TesseraCoreTests.KeyFocusTests testSliderModifiersBoundsAndBlurCommit]' started.
Test Case '-[TesseraCoreTests.KeyFocusTests testSliderModifiersBoundsAndBlurCommit]' passed (0.004 seconds).
Test Case '-[TesseraCoreTests.KeyFocusTests testUnfocusedLoupeReceivesArrows]' started.
Test Case '-[TesseraCoreTests.KeyFocusTests testUnfocusedLoupeReceivesArrows]' passed (0.003 seconds).
Test Suite 'KeyFocusTests' passed at 2026-09-28 08:39:11.115.
	 Executed 10 tests, with 0 failures (0 unexpected) in 0.061 (0.062) seconds
Test Suite 'LatestFrameMailboxTests' started at 2026-09-28 08:39:11.115.
Test Case '-[TesseraCoreTests.LatestFrameMailboxTests testDelayedDrainOnlyTakesNewestAndSchedulesOnce]' started.
Test Case '-[TesseraCoreTests.LatestFrameMailboxTests testDelayedDrainOnlyTakesNewestAndSchedulesOnce]' passed (0.000 seconds).
Test Case '-[TesseraCoreTests.LatestFrameMailboxTests testLateOldGenerationCannotReplacePendingOrDeliveredFrame]' started.
Test Case '-[TesseraCoreTests.LatestFrameMailboxTests testLateOldGenerationCannotReplacePendingOrDeliveredFrame]' passed (0.000 seconds).
Test Suite 'LatestFrameMailboxTests' passed at 2026-09-28 08:39:11.115.
	 Executed 2 tests, with 0 failures (0 unexpected) in 0.000 (0.000) seconds
Test Suite 'LatestRequestBufferTests' started at 2026-09-28 08:39:11.115.
Test Case '-[TesseraCoreTests.LatestRequestBufferTests testBurstRunsOnlyFirstAndLatest]' started.
Test Case '-[TesseraCoreTests.LatestRequestBufferTests testBurstRunsOnlyFirstAndLatest]' passed (0.000 seconds).
Test Case '-[TesseraCoreTests.LatestRequestBufferTests testClearDropsPendingButKeepsRunningSlotUntilCompletion]' started.
Test Case '-[TesseraCoreTests.LatestRequestBufferTests testClearDropsPendingButKeepsRunningSlotUntilCompletion]' passed (0.000 seconds).
Test Case '-[TesseraCoreTests.LatestRequestBufferTests testCloseRejectsLateResultWithoutStartingOldPendingWork]' started.
Test Case '-[TesseraCoreTests.LatestRequestBufferTests testCloseRejectsLateResultWithoutStartingOldPendingWork]' passed (0.000 seconds).
Test Case '-[TesseraCoreTests.LatestRequestBufferTests testDuplicateCompletionCannotReleaseAnotherRunningRequest]' started.
Test Case '-[TesseraCoreTests.LatestRequestBufferTests testDuplicateCompletionCannotReleaseAnotherRunningRequest]' passed (0.000 seconds).
Test Suite 'LatestRequestBufferTests' passed at 2026-09-28 08:39:11.116.
	 Executed 4 tests, with 0 failures (0 unexpected) in 0.000 (0.001) seconds
Test Suite 'LayoutContractTests' started at 2026-09-28 08:39:11.116.
Test Case '-[TesseraCoreTests.LayoutContractTests testAppDirDefaultsAreIsolatedFromTheSharedDomain]' started.
Test Case '-[TesseraCoreTests.LayoutContractTests testAppDirDefaultsAreIsolatedFromTheSharedDomain]' passed (0.003 seconds).
Test Case '-[TesseraCoreTests.LayoutContractTests testColorWheelPuckStaysInsideAtFullSaturation]' started.
Test Case '-[TesseraCoreTests.LayoutContractTests testColorWheelPuckStaysInsideAtFullSaturation]' passed (0.000 seconds).
Test Case '-[TesseraCoreTests.LayoutContractTests testCompareCaptionAndBadgeShareOnePartition]' started.
Test Case '-[TesseraCoreTests.LayoutContractTests testCompareCaptionAndBadgeShareOnePartition]' passed (0.000 seconds).
Test Case '-[TesseraCoreTests.LayoutContractTests testCurveEndKnotsStayInsideTheView]' started.
Test Case '-[TesseraCoreTests.LayoutContractTests testCurveEndKnotsStayInsideTheView]' passed (0.000 seconds).
Test Case '-[TesseraCoreTests.LayoutContractTests testFlowRowOffersOversizedItemsTheRowWidth]' started.
Test Case '-[TesseraCoreTests.LayoutContractTests testFlowRowOffersOversizedItemsTheRowWidth]' passed (0.000 seconds).
Test Case '-[TesseraCoreTests.LayoutContractTests testKeywordChipRowStaysInsideTheInspector]' started.
Test Case '-[TesseraCoreTests.LayoutContractTests testKeywordChipRowStaysInsideTheInspector]' passed (0.008 seconds).
Test Case '-[TesseraCoreTests.LayoutContractTests testShellBudgetYieldOrder]' started.
Test Case '-[TesseraCoreTests.LayoutContractTests testShellBudgetYieldOrder]' passed (0.000 seconds).
Test Case '-[TesseraCoreTests.LayoutContractTests testSidebarHiddenBadgeGivesItsWidthBack]' started.
Test Case '-[TesseraCoreTests.LayoutContractTests testSidebarHiddenBadgeGivesItsWidthBack]' passed (0.013 seconds).
Test Case '-[TesseraCoreTests.LayoutContractTests testSoftProofRowFitsTheMinimumInspector]' started.
Test Case '-[TesseraCoreTests.LayoutContractTests testSoftProofRowFitsTheMinimumInspector]' passed (0.021 seconds).
Test Case '-[TesseraCoreTests.LayoutContractTests testStatusBarFitsANarrowDetailWithLongStrings]' started.
Test Case '-[TesseraCoreTests.LayoutContractTests testStatusBarFitsANarrowDetailWithLongStrings]' passed (0.010 seconds).
Test Case '-[TesseraCoreTests.LayoutContractTests testThemeMenuTruncatesInsteadOfOverflowing]' started.
Test Case '-[TesseraCoreTests.LayoutContractTests testThemeMenuTruncatesInsteadOfOverflowing]' passed (0.005 seconds).
Test Case '-[TesseraCoreTests.LayoutContractTests testValueSliderDrawsWithoutOverflowAt80Points]' started.
Test Case '-[TesseraCoreTests.LayoutContractTests testValueSliderDrawsWithoutOverflowAt80Points]' passed (0.001 seconds).
Test Case '-[TesseraCoreTests.LayoutContractTests testValueSliderRingPaintsInsideTheThumb]' started.
Test Case '-[TesseraCoreTests.LayoutContractTests testValueSliderRingPaintsInsideTheThumb]' passed (0.000 seconds).
Test Case '-[TesseraCoreTests.LayoutContractTests testValueSliderTitleAndValueNeverTouch]' started.
Test Case '-[TesseraCoreTests.LayoutContractTests testValueSliderTitleAndValueNeverTouch]' passed (0.000 seconds).
Test Suite 'LayoutContractTests' passed at 2026-09-28 08:39:11.178.
	 Executed 14 tests, with 0 failures (0 unexpected) in 0.062 (0.063) seconds
Test Suite 'LazyLoupeTests' started at 2026-09-28 08:39:11.178.
Test Case '-[TesseraCoreTests.LazyLoupeTests testBackgroundAuditWindowCannotBecomeKeyOrMain]' started.
Test Case '-[TesseraCoreTests.LazyLoupeTests testBackgroundAuditWindowCannotBecomeKeyOrMain]' passed (0.181 seconds).
Test Case '-[TesseraCoreTests.LazyLoupeTests testEmptyLoupeConstructionDoesNotPrepareMetal]' started.
Test Case '-[TesseraCoreTests.LazyLoupeTests testEmptyLoupeConstructionDoesNotPrepareMetal]' passed (0.001 seconds).
Test Case '-[TesseraCoreTests.LazyLoupeTests testLateLoupeObserverSynchronizesExistingSelection]' started.
Test Case '-[TesseraCoreTests.LazyLoupeTests testLateLoupeObserverSynchronizesExistingSelection]' passed (0.001 seconds).
Test Case '-[TesseraCoreTests.LazyLoupeTests testPreparedResourcesAreSharedAndBuiltOffMain]' started.
Test Case '-[TesseraCoreTests.LazyLoupeTests testPreparedResourcesAreSharedAndBuiltOffMain]' passed (0.038 seconds).
Test Suite 'LazyLoupeTests' passed at 2026-09-28 08:39:11.399.
	 Executed 4 tests, with 0 failures (0 unexpected) in 0.220 (0.221) seconds
Test Suite 'LensBlurDepthModelTests' started at 2026-09-28 08:39:11.399.
Test Case '-[TesseraCoreTests.LensBlurDepthModelTests testHistogramBindsTheEngineBinsNormalised]' started.
Test Case '-[TesseraCoreTests.LensBlurDepthModelTests testHistogramBindsTheEngineBinsNormalised]' passed (0.001 seconds).
Test Case '-[TesseraCoreTests.LensBlurDepthModelTests testMissingWeightsAreAnInlineErrorAndNoEngineCall]' started.
Test Case '-[TesseraCoreTests.LensBlurDepthModelTests testMissingWeightsAreAnInlineErrorAndNoEngineCall]' passed (0.002 seconds).
Test Case '-[TesseraCoreTests.LensBlurDepthModelTests testSubjectAcquiresSegmentationAndAppliesTheEngineRange]' started.
Test Case '-[TesseraCoreTests.LensBlurDepthModelTests testSubjectAcquiresSegmentationAndAppliesTheEngineRange]' passed (0.002 seconds).
Test Case '-[TesseraCoreTests.LensBlurDepthModelTests testVisualizeToggleDrivesTheSessionOverlay]' started.
Test Case '-[TesseraCoreTests.LensBlurDepthModelTests testVisualizeToggleDrivesTheSessionOverlay]' passed (0.000 seconds).
Test Suite 'LensBlurDepthModelTests' passed at 2026-09-28 08:39:11.405.
	 Executed 4 tests, with 0 failures (0 unexpected) in 0.005 (0.006) seconds
Test Suite 'LensBlurExportWarningTests' started at 2026-09-28 08:39:11.405.
Test Case '-[TesseraCoreTests.LensBlurExportWarningTests testLensBlurWithoutDepthWeightsExportsWithAWarning]' started.
develop L2 calibration [first, tone, WB] ms: CPU [588.041792, 198.86058300000002, 241.64933299999998]; GPU [322.818958, 1.338042, 6.902583]
Test Case '-[TesseraCoreTests.LensBlurExportWarningTests testLensBlurWithoutDepthWeightsExportsWithAWarning]' passed (13.319 seconds).
Test Suite 'LensBlurExportWarningTests' passed at 2026-09-28 08:39:24.724.
	 Executed 1 test, with 0 failures (0 unexpected) in 13.319 (13.319) seconds
Test Suite 'LibraryResponsivenessTests' started at 2026-09-28 08:39:24.724.
Test Case '-[TesseraCoreTests.LibraryResponsivenessTests testBottomHundredLookupScaling]' started.
Test Case '-[TesseraCoreTests.LibraryResponsivenessTests testBottomHundredLookupScaling]' passed (0.060 seconds).
Test Case '-[TesseraCoreTests.LibraryResponsivenessTests testLatestRequestWinsEvenWhenOldWorkFinishesLast]' started.
Test Case '-[TesseraCoreTests.LibraryResponsivenessTests testLatestRequestWinsEvenWhenOldWorkFinishesLast]' passed (0.000 seconds).
Test Case '-[TesseraCoreTests.LibraryResponsivenessTests testSingletonsAndRemappedItems]' started.
Test Case '-[TesseraCoreTests.LibraryResponsivenessTests testSingletonsAndRemappedItems]' passed (0.024 seconds).
Test Case '-[TesseraCoreTests.LibraryResponsivenessTests testSuggestedBestUsesStableGroupIdentity]' started.
Test Case '-[TesseraCoreTests.LibraryResponsivenessTests testSuggestedBestUsesStableGroupIdentity]' passed (0.023 seconds).
Test Case '-[TesseraCoreTests.LibraryResponsivenessTests testTwentyThousandCoreInstallAndSelectAll]' started.
Test Case '-[TesseraCoreTests.LibraryResponsivenessTests testTwentyThousandCoreInstallAndSelectAll]' passed (0.021 seconds).
Test Case '-[TesseraCoreTests.LibraryResponsivenessTests testWarmBottomHundredCellConfiguration]' started.
Test Case '-[TesseraCoreTests.LibraryResponsivenessTests testWarmBottomHundredCellConfiguration]' passed (0.075 seconds).
Test Suite 'LibraryResponsivenessTests' passed at 2026-09-28 08:39:24.928.
	 Executed 6 tests, with 0 failures (0 unexpected) in 0.203 (0.204) seconds
Test Suite 'LibraryTests' started at 2026-09-28 08:39:24.928.
Test Case '-[TesseraCoreTests.LibraryTests testAlbumOrderingAndSidebarNestingPersist]' started.
Test Case '-[TesseraCoreTests.LibraryTests testAlbumOrderingAndSidebarNestingPersist]' passed (0.060 seconds).
Test Case '-[TesseraCoreTests.LibraryTests testBatchMetadataAndFacetOnlySnapshot]' started.
Test Case '-[TesseraCoreTests.LibraryTests testBatchMetadataAndFacetOnlySnapshot]' passed (0.025 seconds).
Test Case '-[TesseraCoreTests.LibraryTests testFilterBarFacetsAndNotInAnyAlbum]' started.
Test Case '-[TesseraCoreTests.LibraryTests testFilterBarFacetsAndNotInAnyAlbum]' passed (0.056 seconds).
Test Case '-[TesseraCoreTests.LibraryTests testRapidQueriesAndLibraryReplacementRejectOldResults]' started.
Test Case '-[TesseraCoreTests.LibraryTests testRapidQueriesAndLibraryReplacementRejectOldResults]' passed (0.367 seconds).
Test Case '-[TesseraCoreTests.LibraryTests testRuleDiagnosticsMapToSwiftRangesThroughTheBridge]' started.
Test Case '-[TesseraCoreTests.LibraryTests testRuleDiagnosticsMapToSwiftRangesThroughTheBridge]' passed (0.022 seconds).
Test Case '-[TesseraCoreTests.LibraryTests testSupportDirectoryResolution]' started.
Test Case '-[TesseraCoreTests.LibraryTests testSupportDirectoryResolution]' passed (0.000 seconds).
Test Case '-[TesseraCoreTests.LibraryTests testTwentyThousandEngineLibraryMeasurement]' started.
/Users/rutmehta/.codex/worktrees/workspace-redesign/tessera/apps/mac/Tests/TesseraCoreTests/LibraryTests.swift:146: -[TesseraCoreTests.LibraryTests testTwentyThousandEngineLibraryMeasurement] : Test skipped - Opt-in generated 20k-file engine fixture
Test Case '-[TesseraCoreTests.LibraryTests testTwentyThousandEngineLibraryMeasurement]' skipped (0.002 seconds).
Test Suite 'LibraryTests' passed at 2026-09-28 08:39:25.461.
	 Executed 7 tests, with 1 test skipped and 0 failures (0 unexpected) in 0.532 (0.533) seconds
Test Suite 'LightroomImportTests' started at 2026-09-28 08:39:25.461.
Test Case '-[TesseraCoreTests.LightroomImportTests testBridgeRejectsANonCatalog]' started.
Test Case '-[TesseraCoreTests.LightroomImportTests testBridgeRejectsANonCatalog]' passed (0.002 seconds).
Test Case '-[TesseraCoreTests.LightroomImportTests testCancelledReportSaysHowToResumeAndIsWrittenBesideLibraryJSON]' started.
Test Case '-[TesseraCoreTests.LightroomImportTests testCancelledReportSaysHowToResumeAndIsWrittenBesideLibraryJSON]' passed (0.002 seconds).
Test Case '-[TesseraCoreTests.LightroomImportTests testFidelityGridSortsAndFiltersLooksDifferent]' started.
Test Case '-[TesseraCoreTests.LightroomImportTests testFidelityGridSortsAndFiltersLooksDifferent]' passed (0.000 seconds).
Test Case '-[TesseraCoreTests.LightroomImportTests testFolderTableRelocatesRootsAndMovesTheLibraryWithThem]' started.
Test Case '-[TesseraCoreTests.LightroomImportTests testFolderTableRelocatesRootsAndMovesTheLibraryWithThem]' passed (0.000 seconds).
Test Case '-[TesseraCoreTests.LightroomImportTests testFolderTableTakesImageCountsFromThePlan]' started.
Test Case '-[TesseraCoreTests.LightroomImportTests testFolderTableTakesImageCountsFromThePlan]' passed (0.000 seconds).
Test Case '-[TesseraCoreTests.LightroomImportTests testMarkTableMapsKeepsAndDropsLabels]' started.
Test Case '-[TesseraCoreTests.LightroomImportTests testMarkTableMapsKeepsAndDropsLabels]' passed (0.000 seconds).
Test Case '-[TesseraCoreTests.LightroomImportTests testReportMarkdownListsImportedSkippedAndUnsupported]' started.
Test Case '-[TesseraCoreTests.LightroomImportTests testReportMarkdownListsImportedSkippedAndUnsupported]' passed (0.001 seconds).
Test Case '-[TesseraCoreTests.LightroomImportTests testSelectionText]' started.
Test Case '-[TesseraCoreTests.LightroomImportTests testSelectionText]' passed (0.000 seconds).
Test Suite 'LightroomImportTests' passed at 2026-09-28 08:39:25.467.
	 Executed 8 tests, with 0 failures (0 unexpected) in 0.006 (0.006) seconds
Test Suite 'LoupeOverlayPresentationTests' started at 2026-09-28 08:39:25.467.
Test Case '-[TesseraCoreTests.LoupeOverlayPresentationTests testDisplayInfoCarriesFullLibraryNameAndPhotoEditUsesHeaderInstead]' started.
Test Case '-[TesseraCoreTests.LoupeOverlayPresentationTests testDisplayInfoCarriesFullLibraryNameAndPhotoEditUsesHeaderInstead]' passed (0.001 seconds).
Test Case '-[TesseraCoreTests.LoupeOverlayPresentationTests testProofBadgeReflectsReadyPendingAndUnavailableStates]' started.
Test Case '-[TesseraCoreTests.LoupeOverlayPresentationTests testProofBadgeReflectsReadyPendingAndUnavailableStates]' passed (0.000 seconds).
Test Case '-[TesseraCoreTests.LoupeOverlayPresentationTests testReviewEditShortcutDisclosureNamesQueueAndReturnDestination]' started.
Test Case '-[TesseraCoreTests.LoupeOverlayPresentationTests testReviewEditShortcutDisclosureNamesQueueAndReturnDestination]' passed (0.000 seconds).
Test Suite 'LoupeOverlayPresentationTests' passed at 2026-09-28 08:39:25.469.
	 Executed 3 tests, with 0 failures (0 unexpected) in 0.001 (0.001) seconds
Test Suite 'MaskingTests' started at 2026-09-28 08:39:25.469.
Test Case '-[TesseraCoreTests.MaskingTests testAIProgressFollowsJobsAndTheEngineList]' started.
Test Case '-[TesseraCoreTests.MaskingTests testAIProgressFollowsJobsAndTheEngineList]' passed (0.001 seconds).
Test Case '-[TesseraCoreTests.MaskingTests testGradientShapesRoundTripTheirEngineJSON]' started.
Test Case '-[TesseraCoreTests.MaskingTests testGradientShapesRoundTripTheirEngineJSON]' passed (0.000 seconds).
Test Case '-[TesseraCoreTests.MaskingTests testListCyclesAndEditsTheSelectedGroupOptimistically]' started.
Test Case '-[TesseraCoreTests.MaskingTests testListCyclesAndEditsTheSelectedGroupOptimistically]' passed (0.000 seconds).
Test Case '-[TesseraCoreTests.MaskingTests testListSelectsNewGroupsAndNeighboursOfDeletedOnes]' started.
Test Case '-[TesseraCoreTests.MaskingTests testListSelectsNewGroupsAndNeighboursOfDeletedOnes]' passed (0.000 seconds).
Test Case '-[TesseraCoreTests.MaskingTests testMaskEditsAreCoalescedPerFrameAndCommittedAsOneStep]' started.
develop L2 calibration [first, tone, WB] ms: CPU [459.25462500000003, 197.06199999999998, 223.289875]; GPU [280.194, 1.325917, 6.902374999999999]
Test Case '-[TesseraCoreTests.MaskingTests testMaskEditsAreCoalescedPerFrameAndCommittedAsOneStep]' passed (1.857 seconds).
Test Case '-[TesseraCoreTests.MaskingTests testMaskSpaceRoundTripsThroughCropAndOrientation]' started.
Test Case '-[TesseraCoreTests.MaskingTests testMaskSpaceRoundTripsThroughCropAndOrientation]' passed (0.000 seconds).
Test Case '-[TesseraCoreTests.MaskingTests testStrokeCoalescerBatchesManyEventsPerFrame]' started.
Test Case '-[TesseraCoreTests.MaskingTests testStrokeCoalescerBatchesManyEventsPerFrame]' passed (0.000 seconds).
Test Case '-[TesseraCoreTests.MaskingTests testStrokeCoalescerDropsDenseSamplesAndKeepsTheLast]' started.
Test Case '-[TesseraCoreTests.MaskingTests testStrokeCoalescerDropsDenseSamplesAndKeepsTheLast]' passed (0.000 seconds).
Test Suite 'MaskingTests' passed at 2026-09-28 08:39:27.328.
	 Executed 8 tests, with 0 failures (0 unexpected) in 1.859 (1.860) seconds
Test Suite 'MasksPanelLayoutTests' started at 2026-09-28 08:39:27.328.
Test Case '-[TesseraCoreTests.MasksPanelLayoutTests testPopulatedInspectorKeepsComponentActionsReadableAtMinimumWidth]' started.
develop L2 calibration [first, tone, WB] ms: CPU [16.68675, 0.33808299999999997, 0.403625]; GPU [17.831584, 0.924, 0.9128339999999999]
Test Case '-[TesseraCoreTests.MasksPanelLayoutTests testPopulatedInspectorKeepsComponentActionsReadableAtMinimumWidth]' passed (10.718 seconds).
Test Suite 'MasksPanelLayoutTests' passed at 2026-09-28 08:39:38.047.
	 Executed 1 test, with 0 failures (0 unexpected) in 10.718 (10.718) seconds
Test Suite 'ModelAcquisitionTests' started at 2026-09-28 08:39:38.047.
Test Case '-[TesseraCoreTests.ModelAcquisitionTests testAllowDownloadsSettingPersistsAndReopensTheDownloader]' started.
Test Case '-[TesseraCoreTests.ModelAcquisitionTests testAllowDownloadsSettingPersistsAndReopensTheDownloader]' passed (0.002 seconds).
Test Case '-[TesseraCoreTests.ModelAcquisitionTests testDownloaderThatCannotOpenFailsWithTheReason]' started.
Test Case '-[TesseraCoreTests.ModelAcquisitionTests testDownloaderThatCannotOpenFailsWithTheReason]' passed (0.001 seconds).
Test Case '-[TesseraCoreTests.ModelAcquisitionTests testDownloadProgressQueuedBytesReady]' started.
Test Case '-[TesseraCoreTests.ModelAcquisitionTests testDownloadProgressQueuedBytesReady]' passed (0.016 seconds).
Test Case '-[TesseraCoreTests.ModelAcquisitionTests testFailureCarriesTheReasonAndRetryRequestsAgain]' started.
Test Case '-[TesseraCoreTests.ModelAcquisitionTests testFailureCarriesTheReasonAndRetryRequestsAgain]' passed (0.001 seconds).
Test Case '-[TesseraCoreTests.ModelAcquisitionTests testStandardPathsUseTheSupportModelsFolder]' started.
Test Case '-[TesseraCoreTests.ModelAcquisitionTests testStandardPathsUseTheSupportModelsFolder]' passed (0.001 seconds).
Test Case '-[TesseraCoreTests.ModelAcquisitionTests testStatesFollowTheEngineEvents]' started.
Test Case '-[TesseraCoreTests.ModelAcquisitionTests testStatesFollowTheEngineEvents]' passed (0.000 seconds).
Test Suite 'ModelAcquisitionTests' passed at 2026-09-28 08:39:38.069.
	 Executed 6 tests, with 0 failures (0 unexpected) in 0.022 (0.022) seconds
Test Suite 'OutputAdmissionCancellationTests' started at 2026-09-28 08:39:38.069.
Test Case '-[TesseraCoreTests.OutputAdmissionCancellationTests testExportCancelBeforeTaskStartsSettlesAndReleasesReservation]' started.
Test Case '-[TesseraCoreTests.OutputAdmissionCancellationTests testExportCancelBeforeTaskStartsSettlesAndReleasesReservation]' passed (0.020 seconds).
Test Case '-[TesseraCoreTests.OutputAdmissionCancellationTests testPrintPDFCancelBeforeTaskStartsCompletesOnceAndReleasesReservation]' started.
Test Case '-[TesseraCoreTests.OutputAdmissionCancellationTests testPrintPDFCancelBeforeTaskStartsCompletesOnceAndReleasesReservation]' passed (0.033 seconds).
Test Suite 'OutputAdmissionCancellationTests' passed at 2026-09-28 08:39:38.123.
	 Executed 2 tests, with 0 failures (0 unexpected) in 0.053 (0.053) seconds
Test Suite 'PeopleBridgeTests' started at 2026-09-28 08:39:38.123.
Test Case '-[TesseraCoreTests.PeopleBridgeTests testNameMergeSplitConfirmAndFilterThroughTheEngine]' started.
Test Case '-[TesseraCoreTests.PeopleBridgeTests testNameMergeSplitConfirmAndFilterThroughTheEngine]' passed (0.081 seconds).
Test Suite 'PeopleBridgeTests' passed at 2026-09-28 08:39:38.204.
	 Executed 1 test, with 0 failures (0 unexpected) in 0.081 (0.081) seconds
Test Suite 'PeopleLayoutTests' started at 2026-09-28 08:39:38.204.
Test Case '-[TesseraCoreTests.PeopleLayoutTests testDetailFitsWindowAndKeepsHeaderAtTop]' started.
Test Case '-[TesseraCoreTests.PeopleLayoutTests testDetailFitsWindowAndKeepsHeaderAtTop]' passed (0.389 seconds).
Test Suite 'PeopleLayoutTests' passed at 2026-09-28 08:39:38.593.
	 Executed 1 test, with 0 failures (0 unexpected) in 0.389 (0.390) seconds
Test Suite 'PeopleModelTests' started at 2026-09-28 08:39:38.593.
Test Case '-[TesseraCoreTests.PeopleModelTests testDetailLoadsMembersInOneCall]' started.
Test Case '-[TesseraCoreTests.PeopleModelTests testDetailLoadsMembersInOneCall]' passed (0.001 seconds).
Test Case '-[TesseraCoreTests.PeopleModelTests testEngineErrorsBecomeMessagesAndNothingIsHalfApplied]' started.
Test Case '-[TesseraCoreTests.PeopleModelTests testEngineErrorsBecomeMessagesAndNothingIsHalfApplied]' passed (0.001 seconds).
Test Case '-[TesseraCoreTests.PeopleModelTests testFootnoteReportsTheJobsSampleSize]' started.
Test Case '-[TesseraCoreTests.PeopleModelTests testFootnoteReportsTheJobsSampleSize]' passed (0.001 seconds).
Test Case '-[TesseraCoreTests.PeopleModelTests testInstallResetsAndLibraryUpdatesRemapItems]' started.
Test Case '-[TesseraCoreTests.PeopleModelTests testInstallResetsAndLibraryUpdatesRemapItems]' passed (0.001 seconds).
Test Case '-[TesseraCoreTests.PeopleModelTests testMergeSelectionKeepsTheNamedPersonAndItsName]' started.
Test Case '-[TesseraCoreTests.PeopleModelTests testMergeSelectionKeepsTheNamedPersonAndItsName]' passed (0.001 seconds).
Test Case '-[TesseraCoreTests.PeopleModelTests testNamingCommitsTrimmedNameWithOptInsAndReloads]' started.
Test Case '-[TesseraCoreTests.PeopleModelTests testNamingCommitsTrimmedNameWithOptInsAndReloads]' passed (0.002 seconds).
Test Case '-[TesseraCoreTests.PeopleModelTests testPersonFacetIsAUnionWithinAndIntersectsOtherFilters]' started.
Test Case '-[TesseraCoreTests.PeopleModelTests testPersonFacetIsAUnionWithinAndIntersectsOtherFilters]' passed (0.000 seconds).
Test Case '-[TesseraCoreTests.PeopleModelTests testReassignAndConfirmGoThroughTheEngine]' started.
Test Case '-[TesseraCoreTests.PeopleModelTests testReassignAndConfirmGoThroughTheEngine]' passed (0.000 seconds).
Test Case '-[TesseraCoreTests.PeopleModelTests testRefreshRunsTheJobOffTheMainActorAndReportsApproximation]' started.
Test Case '-[TesseraCoreTests.PeopleModelTests testRefreshRunsTheJobOffTheMainActorAndReportsApproximation]' passed (0.004 seconds).
Test Case '-[TesseraCoreTests.PeopleModelTests testSplitMovesSelectedFacesToANewUnconfirmedPerson]' started.
Test Case '-[TesseraCoreTests.PeopleModelTests testSplitMovesSelectedFacesToANewUnconfirmedPerson]' passed (0.001 seconds).
Test Case '-[TesseraCoreTests.PeopleModelTests testSuggestionsAreFilteredSortedAndAcceptingMerges]' started.
Test Case '-[TesseraCoreTests.PeopleModelTests testSuggestionsAreFilteredSortedAndAcceptingMerges]' passed (0.001 seconds).
Test Case '-[TesseraCoreTests.PeopleModelTests testTilesNamedFirstThenByFramesWithNamesMembersAndBadges]' started.
Test Case '-[TesseraCoreTests.PeopleModelTests testTilesNamedFirstThenByFramesWithNamesMembersAndBadges]' passed (0.000 seconds).
Test Case '-[TesseraCoreTests.PeopleModelTests testTilesUseTheMedoidAndEngineCountsWithoutScanningAssignments]' started.
Test Case '-[TesseraCoreTests.PeopleModelTests testTilesUseTheMedoidAndEngineCountsWithoutScanningAssignments]' passed (0.001 seconds).
Test Case '-[TesseraCoreTests.PeopleModelTests testUndoRedoReplayEngineHistoryWithItsDescriptions]' started.
Test Case '-[TesseraCoreTests.PeopleModelTests testUndoRedoReplayEngineHistoryWithItsDescriptions]' passed (0.000 seconds).
Test Suite 'PeopleModelTests' passed at 2026-09-28 08:39:38.608.
	 Executed 14 tests, with 0 failures (0 unexpected) in 0.014 (0.015) seconds
Test Suite 'PeopleUndoMenuTests' started at 2026-09-28 08:39:38.608.
Test Case '-[TesseraCoreTests.PeopleUndoMenuTests testUndoRedoCoverPeopleEditsWhileThePeopleViewIsFrontmost]' started.
Test Case '-[TesseraCoreTests.PeopleUndoMenuTests testUndoRedoCoverPeopleEditsWhileThePeopleViewIsFrontmost]' passed (0.000 seconds).
Test Suite 'PeopleUndoMenuTests' passed at 2026-09-28 08:39:38.609.
	 Executed 1 test, with 0 failures (0 unexpected) in 0.000 (0.001) seconds
Test Suite 'PerformanceTraceTests' started at 2026-09-28 08:39:38.609.
Test Case '-[TesseraCoreTests.PerformanceTraceTests testBoundedTraceReportsDropsAndPreservesIdentity]' started.
Test Case '-[TesseraCoreTests.PerformanceTraceTests testBoundedTraceReportsDropsAndPreservesIdentity]' passed (0.000 seconds).
Test Case '-[TesseraCoreTests.PerformanceTraceTests testDisabledTraceDoesNotRecord]' started.
Test Case '-[TesseraCoreTests.PerformanceTraceTests testDisabledTraceDoesNotRecord]' passed (0.000 seconds).
Test Case '-[TesseraCoreTests.PerformanceTraceTests testSpanDurationAndConcurrentCallbacks]' started.
Test Case '-[TesseraCoreTests.PerformanceTraceTests testSpanDurationAndConcurrentCallbacks]' passed (0.000 seconds).
Test Suite 'PerformanceTraceTests' passed at 2026-09-28 08:39:38.609.
	 Executed 3 tests, with 0 failures (0 unexpected) in 0.000 (0.000) seconds
Test Suite 'PhotoMergeEnhanceTests' started at 2026-09-28 08:39:38.609.
Test Case '-[TesseraCoreTests.PhotoMergeEnhanceTests testAppModelMenuStateFollowsTheSelection]' started.
Test Case '-[TesseraCoreTests.PhotoMergeEnhanceTests testAppModelMenuStateFollowsTheSelection]' passed (0.000 seconds).
Test Case '-[TesseraCoreTests.PhotoMergeEnhanceTests testCancelStopsTheJobAndReportsCancelled]' started.
Test Case '-[TesseraCoreTests.PhotoMergeEnhanceTests testCancelStopsTheJobAndReportsCancelled]' passed (0.048 seconds).
Test Case '-[TesseraCoreTests.PhotoMergeEnhanceTests testCommandRules]' started.
Test Case '-[TesseraCoreTests.PhotoMergeEnhanceTests testCommandRules]' passed (0.000 seconds).
Test Case '-[TesseraCoreTests.PhotoMergeEnhanceTests testDefaultsMatchTheEngineAndHDRIgnoresPanoramaControls]' started.
Test Case '-[TesseraCoreTests.PhotoMergeEnhanceTests testDefaultsMatchTheEngineAndHDRIgnoresPanoramaControls]' passed (0.000 seconds).
Test Case '-[TesseraCoreTests.PhotoMergeEnhanceTests testEnhanceOptionsMapping]' started.
Test Case '-[TesseraCoreTests.PhotoMergeEnhanceTests testEnhanceOptionsMapping]' passed (0.000 seconds).
Test Case '-[TesseraCoreTests.PhotoMergeEnhanceTests testExposureParsingAndSpreadWarnings]' started.
Test Case '-[TesseraCoreTests.PhotoMergeEnhanceTests testExposureParsingAndSpreadWarnings]' passed (0.000 seconds).
Test Case '-[TesseraCoreTests.PhotoMergeEnhanceTests testFailuresAreExplained]' started.
Test Case '-[TesseraCoreTests.PhotoMergeEnhanceTests testFailuresAreExplained]' passed (0.000 seconds).
Test Case '-[TesseraCoreTests.PhotoMergeEnhanceTests testMergeProblemsExplainWhyMergeIsDisabled]' started.
Test Case '-[TesseraCoreTests.PhotoMergeEnhanceTests testMergeProblemsExplainWhyMergeIsDisabled]' passed (0.000 seconds).
Test Case '-[TesseraCoreTests.PhotoMergeEnhanceTests testMergeRunsWithPreviewProgressAndCompletion]' started.
Test Case '-[TesseraCoreTests.PhotoMergeEnhanceTests testMergeRunsWithPreviewProgressAndCompletion]' passed (0.045 seconds).
Test Case '-[TesseraCoreTests.PhotoMergeEnhanceTests testPanoramaAndHDRPanoramaMapping]' started.
Test Case '-[TesseraCoreTests.PhotoMergeEnhanceTests testPanoramaAndHDRPanoramaMapping]' passed (0.000 seconds).
Test Case '-[TesseraCoreTests.PhotoMergeEnhanceTests testRealEngineMergesThreeBracketsIntoAnHDRDngThatOpensInDevelop]' started.
develop L2 calibration [first, tone, WB] ms: CPU [161.14175, 81.292917, 81.327792]; GPU [87.071333, 0.9845839999999999, 1.049417]
Test Case '-[TesseraCoreTests.PhotoMergeEnhanceTests testRealEngineMergesThreeBracketsIntoAnHDRDngThatOpensInDevelop]' passed (0.913 seconds).
Test Case '-[TesseraCoreTests.PhotoMergeEnhanceTests testStageTitlesAndErrorMessages]' started.
Test Case '-[TesseraCoreTests.PhotoMergeEnhanceTests testStageTitlesAndErrorMessages]' passed (0.000 seconds).
Test Suite 'PhotoMergeEnhanceTests' passed at 2026-09-28 08:39:39.618.
	 Executed 12 tests, with 0 failures (0 unexpected) in 1.008 (1.009) seconds
Test Suite 'PreviewEventsTests' started at 2026-09-28 08:39:39.618.
Test Case '-[TesseraCoreTests.PreviewEventsTests testCacheDoesNotAliasReusedDenseItemIDs]' started.
Test Case '-[TesseraCoreTests.PreviewEventsTests testCacheDoesNotAliasReusedDenseItemIDs]' passed (0.002 seconds).
Test Case '-[TesseraCoreTests.PreviewEventsTests testCacheKeysRemainRetrievableAcrossManyRequests]' started.
Test Case '-[TesseraCoreTests.PreviewEventsTests testCacheKeysRemainRetrievableAcrossManyRequests]' passed (0.095 seconds).
Test Case '-[TesseraCoreTests.PreviewEventsTests testCancelledTaskStopsWaitingWithoutAnEvent]' started.
Test Case '-[TesseraCoreTests.PreviewEventsTests testCancelledTaskStopsWaitingWithoutAnEvent]' passed (0.000 seconds).
Test Case '-[TesseraCoreTests.PreviewEventsTests testCancellingOneSubscriberDoesNotRemoveAnother]' started.
Test Case '-[TesseraCoreTests.PreviewEventsTests testCancellingOneSubscriberDoesNotRemoveAnother]' passed (0.000 seconds).
Test Case '-[TesseraCoreTests.PreviewEventsTests testConcurrentDeliveriesPublishBeforeCallbackAndEvictOlderImages]' started.
Test Case '-[TesseraCoreTests.PreviewEventsTests testConcurrentDeliveriesPublishBeforeCallbackAndEvictOlderImages]' passed (0.002 seconds).
Test Case '-[TesseraCoreTests.PreviewEventsTests testInvalidationCancelsInFlightRequestsForBothTiersOnlyForThatItem]' started.
Test Case '-[TesseraCoreTests.PreviewEventsTests testInvalidationCancelsInFlightRequestsForBothTiersOnlyForThatItem]' passed (0.001 seconds).
Test Case '-[TesseraCoreTests.PreviewEventsTests testOverBudgetImageIsCachedBeforeDelivery]' started.
Test Case '-[TesseraCoreTests.PreviewEventsTests testOverBudgetImageIsCachedBeforeDelivery]' passed (0.001 seconds).
Test Case '-[TesseraCoreTests.PreviewEventsTests testReadyBeforeWaitIsBufferedAndFiltered]' started.
Test Case '-[TesseraCoreTests.PreviewEventsTests testReadyBeforeWaitIsBufferedAndFiltered]' passed (0.000 seconds).
Test Case '-[TesseraCoreTests.PreviewEventsTests testRemoveAllPreventsLateDeliveryAndCacheRepopulation]' started.
Test Case '-[TesseraCoreTests.PreviewEventsTests testRemoveAllPreventsLateDeliveryAndCacheRepopulation]' passed (0.000 seconds).
Test Case '-[TesseraCoreTests.PreviewEventsTests testUnrelatedEventsDoNotWakeSubscriber]' started.
Test Case '-[TesseraCoreTests.PreviewEventsTests testUnrelatedEventsDoNotWakeSubscriber]' passed (0.000 seconds).
Test Suite 'PreviewEventsTests' passed at 2026-09-28 08:39:39.721.
	 Executed 10 tests, with 0 failures (0 unexpected) in 0.102 (0.103) seconds
Test Suite 'RasterizedPSDCopyTests' started at 2026-09-28 08:39:39.721.
Test Case '-[TesseraCoreTests.RasterizedPSDCopyTests testCancelBeforeWorkerRunsRetainsAdmissionUntilCompletion]' started.
Test Case '-[TesseraCoreTests.RasterizedPSDCopyTests testCancelBeforeWorkerRunsRetainsAdmissionUntilCompletion]' passed (0.000 seconds).
Test Case '-[TesseraCoreTests.RasterizedPSDCopyTests testCloseCancelsOriginAndStaleCompletionCannotClearReplacement]' started.
Test Case '-[TesseraCoreTests.RasterizedPSDCopyTests testCloseCancelsOriginAndStaleCompletionCannotClearReplacement]' passed (0.000 seconds).
Test Case '-[TesseraCoreTests.RasterizedPSDCopyTests testHostCloseWhileWorkerDrainsSuppressesCompletionAndBalancesQueue]' started.
Test Case '-[TesseraCoreTests.RasterizedPSDCopyTests testHostCloseWhileWorkerDrainsSuppressesCompletionAndBalancesQueue]' passed (0.015 seconds).
Test Case '-[TesseraCoreTests.RasterizedPSDCopyTests testSeparateDocumentSlotsAndTooLateCancellation]' started.
Test Case '-[TesseraCoreTests.RasterizedPSDCopyTests testSeparateDocumentSlotsAndTooLateCancellation]' passed (0.000 seconds).
Test Suite 'RasterizedPSDCopyTests' passed at 2026-09-28 08:39:39.736.
	 Executed 4 tests, with 0 failures (0 unexpected) in 0.015 (0.016) seconds
Test Suite 'RecoveryWindowCloseGuardTests' started at 2026-09-28 08:39:39.736.
Test Case '-[TesseraCoreTests.RecoveryWindowCloseGuardTests testAllowedCloseDefersToPriorDelegateExactlyOnce]' started.
Test Case '-[TesseraCoreTests.RecoveryWindowCloseGuardTests testAllowedCloseDefersToPriorDelegateExactlyOnce]' passed (0.006 seconds).
Test Case '-[TesseraCoreTests.RecoveryWindowCloseGuardTests testBlockedCloseDoesNotCallPriorDelegateOrDiscardWindow]' started.
Test Case '-[TesseraCoreTests.RecoveryWindowCloseGuardTests testBlockedCloseDoesNotCallPriorDelegateOrDiscardWindow]' passed (0.046 seconds).
Test Case '-[TesseraCoreTests.RecoveryWindowCloseGuardTests testInstallingOnOneWindowLeavesUnrelatedWindowDelegateUntouched]' started.
Test Case '-[TesseraCoreTests.RecoveryWindowCloseGuardTests testInstallingOnOneWindowLeavesUnrelatedWindowDelegateUntouched]' passed (0.010 seconds).
Test Case '-[TesseraCoreTests.RecoveryWindowCloseGuardTests testLateOldGuardCleanupCannotRemoveReinstalledGuard]' started.
Test Case '-[TesseraCoreTests.RecoveryWindowCloseGuardTests testLateOldGuardCleanupCannotRemoveReinstalledGuard]' passed (0.007 seconds).
Test Case '-[TesseraCoreTests.RecoveryWindowCloseGuardTests testRealPerformCloseForwardsWillCloseOnce]' started.
Test Case '-[TesseraCoreTests.RecoveryWindowCloseGuardTests testRealPerformCloseForwardsWillCloseOnce]' passed (0.021 seconds).
Test Suite 'RecoveryWindowCloseGuardTests' passed at 2026-09-28 08:39:39.827.
	 Executed 5 tests, with 0 failures (0 unexpected) in 0.090 (0.090) seconds
Test Suite 'ReviewPreviewDrainTests' started at 2026-09-28 08:39:39.827.
Test Case '-[TesseraCoreTests.ReviewPreviewDrainTests testReviewObserveDoesNotRetryARegisteredFailedDevelopClose]' started.
develop L2 calibration [first, tone, WB] ms: CPU [17.999417, 0.334292, 0.376542]; GPU [18.298624999999998, 0.899041, 1.0840839999999998]
Test Case '-[TesseraCoreTests.ReviewPreviewDrainTests testReviewObserveDoesNotRetryARegisteredFailedDevelopClose]' passed (0.059 seconds).
Test Case '-[TesseraCoreTests.ReviewPreviewDrainTests testReviewRetriesObservationAfterEarlierPreviewFlightDrains]' started.
Test Case '-[TesseraCoreTests.ReviewPreviewDrainTests testReviewRetriesObservationAfterEarlierPreviewFlightDrains]' passed (3.560 seconds).
Test Suite 'ReviewPreviewDrainTests' passed at 2026-09-28 08:39:43.446.
	 Executed 2 tests, with 0 failures (0 unexpected) in 3.619 (3.620) seconds
Test Suite 'ReviewResumeStoreTests' started at 2026-09-28 08:39:43.446.
Test Case '-[TesseraCoreTests.ReviewResumeStoreTests testCompletingRunningIntentDoesNotTreatItAsAnInterruptedRestore]' started.
Test Case '-[TesseraCoreTests.ReviewResumeStoreTests testCompletingRunningIntentDoesNotTreatItAsAnInterruptedRestore]' passed (0.002 seconds).
Test Case '-[TesseraCoreTests.ReviewResumeStoreTests testDifferentCanonicalPathDoesNotAdoptAnotherLibraryQueue]' started.
Test Case '-[TesseraCoreTests.ReviewResumeStoreTests testDifferentCanonicalPathDoesNotAdoptAnotherLibraryQueue]' passed (0.001 seconds).
Test Case '-[TesseraCoreTests.ReviewResumeStoreTests testDuplicateTargetIdentityIsRejectedAsCorrupt]' started.
Test Case '-[TesseraCoreTests.ReviewResumeStoreTests testDuplicateTargetIdentityIsRejectedAsCorrupt]' passed (0.000 seconds).
Test Case '-[TesseraCoreTests.ReviewResumeStoreTests testFailureAdvancesNewestCursorRevisionAndKeepsCapturedTargets]' started.
Test Case '-[TesseraCoreTests.ReviewResumeStoreTests testFailureAdvancesNewestCursorRevisionAndKeepsCapturedTargets]' passed (0.002 seconds).
Test Case '-[TesseraCoreTests.ReviewResumeStoreTests testFutureSchemaIsPreservedAndReportedWithoutDecodingAsCurrent]' started.
Test Case '-[TesseraCoreTests.ReviewResumeStoreTests testFutureSchemaIsPreservedAndReportedWithoutDecodingAsCurrent]' passed (0.001 seconds).
Test Case '-[TesseraCoreTests.ReviewResumeStoreTests testRevisionCannotOverflow]' started.
Test Case '-[TesseraCoreTests.ReviewResumeStoreTests testRevisionCannotOverflow]' passed (0.000 seconds).
Test Case '-[TesseraCoreTests.ReviewResumeStoreTests testRoundTripsOnlySafeQueueMembershipAndCursorForCanonicalLibraryPath]' started.
Test Case '-[TesseraCoreTests.ReviewResumeStoreTests testRoundTripsOnlySafeQueueMembershipAndCursorForCanonicalLibraryPath]' passed (0.001 seconds).
Test Case '-[TesseraCoreTests.ReviewResumeStoreTests testRunningRecordCanBeMarkedInterruptedWithoutChangingTargetsOrReplaying]' started.
Test Case '-[TesseraCoreTests.ReviewResumeStoreTests testRunningRecordCanBeMarkedInterruptedWithoutChangingTargetsOrReplaying]' passed (0.001 seconds).
Test Case '-[TesseraCoreTests.ReviewResumeStoreTests testStaleRevisionCannotOverwriteNewerQueueRecord]' started.
Test Case '-[TesseraCoreTests.ReviewResumeStoreTests testStaleRevisionCannotOverwriteNewerQueueRecord]' passed (0.001 seconds).
Test Case '-[TesseraCoreTests.ReviewResumeStoreTests testTargetOrdinalsCanBeSafelyReindexedBeforeMerging]' started.
Test Case '-[TesseraCoreTests.ReviewResumeStoreTests testTargetOrdinalsCanBeSafelyReindexedBeforeMerging]' passed (0.000 seconds).
Test Suite 'ReviewResumeStoreTests' passed at 2026-09-28 08:39:43.456.
	 Executed 10 tests, with 0 failures (0 unexpected) in 0.009 (0.009) seconds
Test Suite 'SearchTermTests' started at 2026-09-28 08:39:43.456.
Test Case '-[TesseraCoreTests.SearchTermTests testAppendingANDsOntoExistingText]' started.
Test Case '-[TesseraCoreTests.SearchTermTests testAppendingANDsOntoExistingText]' passed (0.000 seconds).
Test Case '-[TesseraCoreTests.SearchTermTests testTextTermsAreQuotedWithTheGrammarsJSONEscaping]' started.
Test Case '-[TesseraCoreTests.SearchTermTests testTextTermsAreQuotedWithTheGrammarsJSONEscaping]' passed (0.000 seconds).
Test Suite 'SearchTermTests' passed at 2026-09-28 08:39:43.456.
	 Executed 2 tests, with 0 failures (0 unexpected) in 0.000 (0.000) seconds
Test Suite 'ShellLayoutTests' started at 2026-09-28 08:39:43.456.
Test Case '-[TesseraCoreTests.ShellLayoutTests testShellContainedAtEverySizeStateAndAppearance]' started.
XCTExpectFailure: matcher accepted Assertion Failure at ShellLayoutTests.swift:92: failed - document-960x600-dark: HostingScrollView {{684, 533}, {264, 128}} outside {{0, 0}, {960, 652}}
document-960x600-dark: HostingScrollView {{684, 739}, {264, 144}} outside {{0, 0}, {960, 652}}
document-1280x800-dark: HostingScrollView {{1004, 739}, {264, 144}} outside {{0, 0}, {1280, 800}}
document-960x600-light: HostingScrollView {{684, 533}, {264, 128}} outside {{0, 0}, {960, 652}}
document-960x600-light: HostingScrollView {{684, 739}, {264, 144}} outside {{0, 0}, {960, 652}}
document-1280x800-light: HostingScrollView {{1004, 739}, {264, 144}} outside {{0, 0}, {1280, 800}}
ShellLayoutTests.swift:92: Expected failure in -[TesseraCoreTests.ShellLayoutTests testShellContainedAtEverySizeStateAndAppearance]: failed - document-960x600-dark: HostingScrollView {{684, 533}, {264, 128}} outside {{0, 0}, {960, 652}}
document-960x600-dark: HostingScrollView {{684, 739}, {264, 144}} outside {{0, 0}, {960, 652}}
document-1280x800-dark: HostingScrollView {{1004, 739}, {264, 144}} outside {{0, 0}, {1280, 800}}
document-960x600-light: HostingScrollView {{684, 533}, {264, 128}} outside {{0, 0}, {960, 652}}
document-960x600-light: HostingScrollView {{684, 739}, {264, 144}} outside {{0, 0}, {960, 652}}
document-1280x800-light: HostingScrollView {{1004, 739}, {264, 144}} outside {{0, 0}, {1280, 800}}Reason: (document inspector panels overflow their column (handed off to Machine B, L1))
Test Case '-[TesseraCoreTests.ShellLayoutTests testShellContainedAtEverySizeStateAndAppearance]' passed (48.659 seconds).
Test Suite 'ShellLayoutTests' passed at 2026-09-28 08:40:32.115.
	 Executed 1 test, with 0 failures (0 unexpected) in 48.659 (48.659) seconds
Test Suite 'StagedLibraryFilterTests' started at 2026-09-28 08:40:32.115.
Test Case '-[TesseraCoreTests.StagedLibraryFilterTests testExplicitRetryCommitsAllEditsStagedAfterFailedClose]' started.
develop L2 calibration [first, tone, WB] ms: CPU [0.42054199999999997, 0.239834, 0.236167]; GPU [3.3925829999999997, 0.6807500000000001, 0.747416]
Test Case '-[TesseraCoreTests.StagedLibraryFilterTests testExplicitRetryCommitsAllEditsStagedAfterFailedClose]' passed (0.174 seconds).
Test Case '-[TesseraCoreTests.StagedLibraryFilterTests testFilterAndFacetRequestDuringLayersSaveCancelOnlyItsDestination]' started.
develop L2 calibration [first, tone, WB] ms: CPU [0.403167, 0.245916, 0.266708]; GPU [1.290583, 0.8940830000000001, 0.968292]
Test Case '-[TesseraCoreTests.StagedLibraryFilterTests testFilterAndFacetRequestDuringLayersSaveCancelOnlyItsDestination]' passed (0.037 seconds).
Test Case '-[TesseraCoreTests.StagedLibraryFilterTests testHeldCloseComposesDistinctPersonFacets]' started.
develop L2 calibration [first, tone, WB] ms: CPU [0.365875, 0.239917, 0.276583]; GPU [1.446458, 0.565, 0.629333]
Test Case '-[TesseraCoreTests.StagedLibraryFilterTests testHeldCloseComposesDistinctPersonFacets]' passed (0.035 seconds).
Test Case '-[TesseraCoreTests.StagedLibraryFilterTests testHeldCloseComposesRepeatedTextAndCancellingPersonToggle]' started.
develop L2 calibration [first, tone, WB] ms: CPU [0.374583, 0.246041, 0.265875]; GPU [1.2143329999999999, 0.891083, 0.929042]
Test Case '-[TesseraCoreTests.StagedLibraryFilterTests testHeldCloseComposesRepeatedTextAndCancellingPersonToggle]' passed (0.034 seconds).
Test Case '-[TesseraCoreTests.StagedLibraryFilterTests testHeldCloseComposesTwoFilterFieldsWithoutEarlyPublication]' started.
develop L2 calibration [first, tone, WB] ms: CPU [0.356542, 0.24212499999999998, 0.26329199999999997]; GPU [1.224375, 0.879584, 0.9177919999999999]
Test Case '-[TesseraCoreTests.StagedLibraryFilterTests testHeldCloseComposesTwoFilterFieldsWithoutEarlyPublication]' passed (0.056 seconds).
Test Case '-[TesseraCoreTests.StagedLibraryFilterTests testKeepEditingDiscardsFailedFilterDraft]' started.
develop L2 calibration [first, tone, WB] ms: CPU [0.40691700000000003, 0.246333, 0.245208]; GPU [1.3125840000000002, 0.880292, 0.919708]
Test Case '-[TesseraCoreTests.StagedLibraryFilterTests testKeepEditingDiscardsFailedFilterDraft]' passed (0.042 seconds).
Test Case '-[TesseraCoreTests.StagedLibraryFilterTests testOwnerReplacementDropsHeldFilterDraft]' started.
develop L2 calibration [first, tone, WB] ms: CPU [0.369792, 0.248375, 0.27712499999999995]; GPU [1.4337090000000001, 0.53, 0.636542]
Test Case '-[TesseraCoreTests.StagedLibraryFilterTests testOwnerReplacementDropsHeldFilterDraft]' passed (0.035 seconds).
Test Case '-[TesseraCoreTests.StagedLibraryFilterTests testPersonFacetAloneDuringLayersSaveCancelsItsDestination]' started.
develop L2 calibration [first, tone, WB] ms: CPU [0.388625, 0.24850000000000003, 0.24000000000000002]; GPU [1.218375, 0.887833, 1.1019999999999999]
Test Case '-[TesseraCoreTests.StagedLibraryFilterTests testPersonFacetAloneDuringLayersSaveCancelsItsDestination]' passed (0.042 seconds).
Test Case '-[TesseraCoreTests.StagedLibraryFilterTests testUnrelatedNavigationSupersedesHeldFilterDraft]' started.
develop L2 calibration [first, tone, WB] ms: CPU [0.408416, 0.251542, 0.27908400000000005]; GPU [1.289292, 0.608625, 1.0050409999999999]
Test Case '-[TesseraCoreTests.StagedLibraryFilterTests testUnrelatedNavigationSupersedesHeldFilterDraft]' passed (0.037 seconds).
Test Suite 'StagedLibraryFilterTests' passed at 2026-09-28 08:40:32.607.
	 Executed 9 tests, with 0 failures (0 unexpected) in 0.491 (0.492) seconds
Test Suite 'StubDocumentBackendTests' started at 2026-09-28 08:40:32.607.
Test Case '-[TesseraCoreTests.StubDocumentBackendTests testCompositeHasTransparentMarginAndThumbnailsAreCached]' started.
Test Case '-[TesseraCoreTests.StubDocumentBackendTests testCompositeHasTransparentMarginAndThumbnailsAreCached]' passed (0.013 seconds).
Test Case '-[TesseraCoreTests.StubDocumentBackendTests testDragPlanAppliesThroughMoveLayer]' started.
Test Case '-[TesseraCoreTests.StubDocumentBackendTests testDragPlanAppliesThroughMoveLayer]' passed (0.000 seconds).
Test Case '-[TesseraCoreTests.StubDocumentBackendTests testInteractiveEditsWaitForCommit]' started.
Test Case '-[TesseraCoreTests.StubDocumentBackendTests testInteractiveEditsWaitForCommit]' passed (0.000 seconds).
Test Case '-[TesseraCoreTests.StubDocumentBackendTests testSaveOpenAndExport]' started.
Test Case '-[TesseraCoreTests.StubDocumentBackendTests testSaveOpenAndExport]' passed (0.159 seconds).
Test Case '-[TesseraCoreTests.StubDocumentBackendTests testStructuralEdits]' started.
Test Case '-[TesseraCoreTests.StubDocumentBackendTests testStructuralEdits]' passed (0.000 seconds).
Test Case '-[TesseraCoreTests.StubDocumentBackendTests testUndoRedoCheckoutAndSnapshots]' started.
Test Case '-[TesseraCoreTests.StubDocumentBackendTests testUndoRedoCheckoutAndSnapshots]' passed (0.000 seconds).
Test Case '-[TesseraCoreTests.StubDocumentBackendTests testViewportFramesArriveOnTheListener]' started.
Test Case '-[TesseraCoreTests.StubDocumentBackendTests testViewportFramesArriveOnTheListener]' passed (0.034 seconds).
Test Suite 'StubDocumentBackendTests' passed at 2026-09-28 08:40:32.814.
	 Executed 7 tests, with 0 failures (0 unexpected) in 0.206 (0.206) seconds
Test Suite 'SuggestionChipTests' started at 2026-09-28 08:40:32.814.
Test Case '-[TesseraCoreTests.SuggestionChipTests testBridgeRecordConversion]' started.
Test Case '-[TesseraCoreTests.SuggestionChipTests testBridgeRecordConversion]' passed (0.000 seconds).
Test Case '-[TesseraCoreTests.SuggestionChipTests testClickAcceptsOneAndRejectRemovesOne]' started.
Test Case '-[TesseraCoreTests.SuggestionChipTests testClickAcceptsOneAndRejectRemovesOne]' passed (0.000 seconds).
Test Case '-[TesseraCoreTests.SuggestionChipTests testOrderingDeduplicationAndMapping]' started.
Test Case '-[TesseraCoreTests.SuggestionChipTests testOrderingDeduplicationAndMapping]' passed (0.000 seconds).
Test Case '-[TesseraCoreTests.SuggestionChipTests testReplaceKeepsTheThreshold]' started.
Test Case '-[TesseraCoreTests.SuggestionChipTests testReplaceKeepsTheThreshold]' passed (0.000 seconds).
Test Case '-[TesseraCoreTests.SuggestionChipTests testShiftClickAcceptsEverythingAtOrAboveTheThreshold]' started.
Test Case '-[TesseraCoreTests.SuggestionChipTests testShiftClickAcceptsEverythingAtOrAboveTheThreshold]' passed (0.000 seconds).
Test Suite 'SuggestionChipTests' passed at 2026-09-28 08:40:32.814.
	 Executed 5 tests, with 0 failures (0 unexpected) in 0.000 (0.001) seconds
Test Suite 'TetherBridgeTests' started at 2026-09-28 08:40:32.814.
Test Case '-[TesseraCoreTests.TetherBridgeTests testFakeCameraFrameArrivesNamedIndexedAndScored]' started.
Test Case '-[TesseraCoreTests.TetherBridgeTests testFakeCameraFrameArrivesNamedIndexedAndScored]' passed (0.350 seconds).
Test Case '-[TesseraCoreTests.TetherBridgeTests testLaunchArguments]' started.
Test Case '-[TesseraCoreTests.TetherBridgeTests testLaunchArguments]' passed (0.000 seconds).
Test Suite 'TetherBridgeTests' passed at 2026-09-28 08:40:33.165.
	 Executed 2 tests, with 0 failures (0 unexpected) in 0.351 (0.351) seconds
Test Suite 'TetherNamingTests' started at 2026-09-28 08:40:33.165.
Test Case '-[TesseraCoreTests.TetherNamingTests testRejectsWhatTheEngineRejects]' started.
Test Case '-[TesseraCoreTests.TetherNamingTests testRejectsWhatTheEngineRejects]' passed (0.001 seconds).
Test Case '-[TesseraCoreTests.TetherNamingTests testRendersTokensWithFourDigitSequence]' started.
Test Case '-[TesseraCoreTests.TetherNamingTests testRendersTokensWithFourDigitSequence]' passed (0.000 seconds).
Test Case '-[TesseraCoreTests.TetherNamingTests testSessionNames]' started.
Test Case '-[TesseraCoreTests.TetherNamingTests testSessionNames]' passed (0.000 seconds).
Test Case '-[TesseraCoreTests.TetherNamingTests testTokenMenuInsertsBeforeTheExtension]' started.
Test Case '-[TesseraCoreTests.TetherNamingTests testTokenMenuInsertsBeforeTheExtension]' passed (0.000 seconds).
Test Suite 'TetherNamingTests' passed at 2026-09-28 08:40:33.167.
	 Executed 4 tests, with 0 failures (0 unexpected) in 0.002 (0.002) seconds
Test Suite 'ThemeLintTests' started at 2026-09-28 08:40:33.167.
Test Case '-[TesseraCoreTests.ThemeLintTests testViewsUseThemeTokensOnly]' started.
Test Case '-[TesseraCoreTests.ThemeLintTests testViewsUseThemeTokensOnly]' passed (0.244 seconds).
Test Suite 'ThemeLintTests' passed at 2026-09-28 08:40:33.411.
	 Executed 1 test, with 0 failures (0 unexpected) in 0.244 (0.244) seconds
Test Suite 'ThumbnailFlightDrainTests' started at 2026-09-28 08:40:33.411.
Test Case '-[TesseraCoreTests.ThumbnailFlightDrainTests testCachedHitNeedsNoFlightHandle]' started.
Test Case '-[TesseraCoreTests.ThumbnailFlightDrainTests testCachedHitNeedsNoFlightHandle]' passed (0.001 seconds).
Test Case '-[TesseraCoreTests.ThumbnailFlightDrainTests testCancelledCoalescedSubscriberSharesRunningDrain]' started.
Test Case '-[TesseraCoreTests.ThumbnailFlightDrainTests testCancelledCoalescedSubscriberSharesRunningDrain]' passed (0.007 seconds).
Test Case '-[TesseraCoreTests.ThumbnailFlightDrainTests testCancelledPendingReplacementWaitsForOlderSameKeyWorker]' started.
Test Case '-[TesseraCoreTests.ThumbnailFlightDrainTests testCancelledPendingReplacementWaitsForOlderSameKeyWorker]' passed (0.007 seconds).
Test Case '-[TesseraCoreTests.ThumbnailFlightDrainTests testInvalidateDetachesSubscriberButWaitsForRunningWorkerDrain]' started.
Test Case '-[TesseraCoreTests.ThumbnailFlightDrainTests testInvalidateDetachesSubscriberButWaitsForRunningWorkerDrain]' passed (0.007 seconds).
Test Case '-[TesseraCoreTests.ThumbnailFlightDrainTests testPendingOnlyCancellationDrainsImmediately]' started.
Test Case '-[TesseraCoreTests.ThumbnailFlightDrainTests testPendingOnlyCancellationDrainsImmediately]' passed (0.001 seconds).
Test Case '-[TesseraCoreTests.ThumbnailFlightDrainTests testRemoveAllAndLoaderReleaseDoNotStrandRunningDrain]' started.
Test Case '-[TesseraCoreTests.ThumbnailFlightDrainTests testRemoveAllAndLoaderReleaseDoNotStrandRunningDrain]' passed (0.007 seconds).
Test Suite 'ThumbnailFlightDrainTests' passed at 2026-09-28 08:40:33.440.
	 Executed 6 tests, with 0 failures (0 unexpected) in 0.028 (0.029) seconds
Test Suite 'ThumbnailQueueTests' started at 2026-09-28 08:40:33.440.
Test Case '-[TesseraCoreTests.ThumbnailQueueTests testCancelAndImmediatelyResubscribeDoesNotOverlapSameKey]' started.
Test Case '-[TesseraCoreTests.ThumbnailQueueTests testCancelAndImmediatelyResubscribeDoesNotOverlapSameKey]' passed (0.001 seconds).
Test Case '-[TesseraCoreTests.ThumbnailQueueTests testCancellingSharedSubscriberKeepsOtherTierAndSubscriber]' started.
Test Case '-[TesseraCoreTests.ThumbnailQueueTests testCancellingSharedSubscriberKeepsOtherTierAndSubscriber]' passed (0.009 seconds).
Test Case '-[TesseraCoreTests.ThumbnailQueueTests testGridAndFilmstripShareOneDecodedImage]' started.
Test Case '-[TesseraCoreTests.ThumbnailQueueTests testGridAndFilmstripShareOneDecodedImage]' passed (0.000 seconds).
Test Case '-[TesseraCoreTests.ThumbnailQueueTests testLateSubscriberAfterCacheEvictionStillReceivesResult]' started.
Test Case '-[TesseraCoreTests.ThumbnailQueueTests testLateSubscriberAfterCacheEvictionStillReceivesResult]' passed (0.001 seconds).
Test Case '-[TesseraCoreTests.ThumbnailQueueTests testLoupeIsNextAdmissionAheadOfThumbnailBacklog]' started.
Test Case '-[TesseraCoreTests.ThumbnailQueueTests testLoupeIsNextAdmissionAheadOfThumbnailBacklog]' passed (0.010 seconds).
Test Case '-[TesseraCoreTests.ThumbnailQueueTests testMixedTiersShareViewportPendingBudget]' started.
Test Case '-[TesseraCoreTests.ThumbnailQueueTests testMixedTiersShareViewportPendingBudget]' passed (0.000 seconds).
Test Case '-[TesseraCoreTests.ThumbnailQueueTests testPendingCancellationRemovesSubscriberSynchronously]' started.
Test Case '-[TesseraCoreTests.ThumbnailQueueTests testPendingCancellationRemovesSubscriberSynchronously]' passed (0.000 seconds).
Test Case '-[TesseraCoreTests.ThumbnailQueueTests testReentrantInvalidationPreventsOtherSharedDeliveryAndCanReload]' started.
Test Case '-[TesseraCoreTests.ThumbnailQueueTests testReentrantInvalidationPreventsOtherSharedDeliveryAndCanReload]' passed (0.001 seconds).
Test Case '-[TesseraCoreTests.ThumbnailQueueTests testTwentyThousandRequestsKeepOnlyNewestBoundedBacklog]' started.
Test Case '-[TesseraCoreTests.ThumbnailQueueTests testTwentyThousandRequestsKeepOnlyNewestBoundedBacklog]' passed (0.431 seconds).
Test Case '-[TesseraCoreTests.ThumbnailQueueTests testTwentyThousandReversalDeliversOnlyFinalViewport]' started.
Test Case '-[TesseraCoreTests.ThumbnailQueueTests testTwentyThousandReversalDeliversOnlyFinalViewport]' passed (0.641 seconds).
Test Case '-[TesseraCoreTests.ThumbnailQueueTests testViewportOwnersResizeAndReleaseBound]' started.
Test Case '-[TesseraCoreTests.ThumbnailQueueTests testViewportOwnersResizeAndReleaseBound]' passed (0.003 seconds).
Test Suite 'ThumbnailQueueTests' passed at 2026-09-28 08:40:34.538.
	 Executed 11 tests, with 0 failures (0 unexpected) in 1.097 (1.098) seconds
Test Suite 'ThumbnailViewportTests' started at 2026-09-28 08:40:34.538.
Test Case '-[TesseraCoreTests.ThumbnailViewportTests testHiddenRetainedGridDoesNotContributeViewportBudget]' started.
Test Case '-[TesseraCoreTests.ThumbnailViewportTests testHiddenRetainedGridDoesNotContributeViewportBudget]' passed (0.002 seconds).
Test Suite 'ThumbnailViewportTests' passed at 2026-09-28 08:40:34.540.
	 Executed 1 test, with 0 failures (0 unexpected) in 0.002 (0.002) seconds
Test Suite 'TimingSelfTestLaunchModeTests' started at 2026-09-28 08:40:34.540.
Test Case '-[TesseraCoreTests.TimingSelfTestLaunchModeTests testConflictingAndUnscopedVisibleRequestsFailClosed]' started.
Test Case '-[TesseraCoreTests.TimingSelfTestLaunchModeTests testConflictingAndUnscopedVisibleRequestsFailClosed]' passed (0.000 seconds).
Test Case '-[TesseraCoreTests.TimingSelfTestLaunchModeTests testLegacyTimingSelfTestWithoutHostModeDoesNotChangeBehavior]' started.
Test Case '-[TesseraCoreTests.TimingSelfTestLaunchModeTests testLegacyTimingSelfTestWithoutHostModeDoesNotChangeBehavior]' passed (0.000 seconds).
Test Case '-[TesseraCoreTests.TimingSelfTestLaunchModeTests testNonactivatingTimingSelfTestRetainsBackgroundMode]' started.
Test Case '-[TesseraCoreTests.TimingSelfTestLaunchModeTests testNonactivatingTimingSelfTestRetainsBackgroundMode]' passed (0.000 seconds).
Test Case '-[TesseraCoreTests.TimingSelfTestLaunchModeTests testVisibleTimingSelfTestUsesExplicitMode]' started.
Test Case '-[TesseraCoreTests.TimingSelfTestLaunchModeTests testVisibleTimingSelfTestUsesExplicitMode]' passed (0.000 seconds).
Test Suite 'TimingSelfTestLaunchModeTests' passed at 2026-09-28 08:40:34.541.
	 Executed 4 tests, with 0 failures (0 unexpected) in 0.000 (0.001) seconds
Test Suite 'TransformLensBlurTests' started at 2026-09-28 08:40:34.541.
Test Case '-[TesseraCoreTests.TransformLensBlurTests testAIDenoiseTogglesTheNeuralModeAndAmount]' started.
Test Case '-[TesseraCoreTests.TransformLensBlurTests testAIDenoiseTogglesTheNeuralModeAndAmount]' passed (0.000 seconds).
Test Case '-[TesseraCoreTests.TransformLensBlurTests testGuidedEditorKeepsTwoToFourGuidesInTheImage]' started.
Test Case '-[TesseraCoreTests.TransformLensBlurTests testGuidedEditorKeepsTwoToFourGuidesInTheImage]' passed (0.000 seconds).
Test Case '-[TesseraCoreTests.TransformLensBlurTests testLensBlurApplyBokehAndFocalRange]' started.
Test Case '-[TesseraCoreTests.TransformLensBlurTests testLensBlurApplyBokehAndFocalRange]' passed (0.000 seconds).
Test Case '-[TesseraCoreTests.TransformLensBlurTests testTransformSlidersWriteTheirPatchesAndResetPerGroup]' started.
Test Case '-[TesseraCoreTests.TransformLensBlurTests testTransformSlidersWriteTheirPatchesAndResetPerGroup]' passed (0.000 seconds).
Test Case '-[TesseraCoreTests.TransformLensBlurTests testUprightButtonsWriteTheirModeAndClearGuides]' started.
Test Case '-[TesseraCoreTests.TransformLensBlurTests testUprightButtonsWriteTheirModeAndClearGuides]' passed (0.000 seconds).
Test Suite 'TransformLensBlurTests' passed at 2026-09-28 08:40:34.542.
	 Executed 5 tests, with 0 failures (0 unexpected) in 0.001 (0.001) seconds
Test Suite 'TransformSessionTests' started at 2026-09-28 08:40:34.542.
Test Case '-[TesseraCoreTests.TransformSessionTests testTransformDragsAndUprightButtonsAreOneHistoryStepEach]' started.
develop L2 calibration [first, tone, WB] ms: CPU [474.302625, 207.969417, 294.52795799999996]; GPU [341.416458, 1.596708, 8.940125]
Test Case '-[TesseraCoreTests.TransformSessionTests testTransformDragsAndUprightButtonsAreOneHistoryStepEach]' passed (3.353 seconds).
Test Case '-[TesseraCoreTests.TransformSessionTests testUprightAutoChangesTheRenderedFrame]' started.
develop L2 calibration [first, tone, WB] ms: CPU [456.48445799999996, 197.609417, 225.710833]; GPU [274.011917, 2.4682079999999997, 6.960125000000001]
Test Case '-[TesseraCoreTests.TransformSessionTests testUprightAutoChangesTheRenderedFrame]' passed (19.128 seconds).
Test Suite 'TransformSessionTests' passed at 2026-09-28 08:40:57.023.
	 Executed 2 tests, with 0 failures (0 unexpected) in 22.481 (22.481) seconds
Test Suite 'UncorrectedPlacementTests' started at 2026-09-28 08:40:57.023.
Test Case '-[TesseraCoreTests.UncorrectedPlacementTests testGuidedEnterAndExitToggleTheUncorrectedView]' started.
Test Case '-[TesseraCoreTests.UncorrectedPlacementTests testGuidedEnterAndExitToggleTheUncorrectedView]' passed (0.000 seconds).
Test Suite 'UncorrectedPlacementTests' passed at 2026-09-28 08:40:57.023.
	 Executed 1 test, with 0 failures (0 unexpected) in 0.000 (0.000) seconds
Test Suite 'WorkspaceBrowserRestoreTests' started at 2026-09-28 08:40:57.023.
Test Case '-[TesseraCoreTests.WorkspaceBrowserRestoreTests testReturnRestoresGridAnchorWithoutFocusSnap]' started.
Test Case '-[TesseraCoreTests.WorkspaceBrowserRestoreTests testReturnRestoresGridAnchorWithoutFocusSnap]' passed (0.019 seconds).
Test Case '-[TesseraCoreTests.WorkspaceBrowserRestoreTests testReviewEditRoundTripRestoresNativeAnchorAfterColumnResize]' started.
Test Case '-[TesseraCoreTests.WorkspaceBrowserRestoreTests testReviewEditRoundTripRestoresNativeAnchorAfterColumnResize]' passed (0.010 seconds).
Test Suite 'WorkspaceBrowserRestoreTests' passed at 2026-09-28 08:40:57.053.
	 Executed 2 tests, with 0 failures (0 unexpected) in 0.030 (0.030) seconds
Test Suite 'WorkspaceNavigationTests' started at 2026-09-28 08:40:57.053.
Test Case '-[TesseraCoreTests.WorkspaceNavigationTests testChangingSourceExitsEditWithoutRestoringOldSource]' started.
Test Case '-[TesseraCoreTests.WorkspaceNavigationTests testChangingSourceExitsEditWithoutRestoringOldSource]' passed (0.000 seconds).
Test Case '-[TesseraCoreTests.WorkspaceNavigationTests testCompareReturnRestoresPairAndActiveSide]' started.
Test Case '-[TesseraCoreTests.WorkspaceNavigationTests testCompareReturnRestoresPairAndActiveSide]' passed (0.000 seconds).
Test Case '-[TesseraCoreTests.WorkspaceNavigationTests testEditTargetsOnePhotoAndReturnsOriginalSelection]' started.
Test Case '-[TesseraCoreTests.WorkspaceNavigationTests testEditTargetsOnePhotoAndReturnsOriginalSelection]' passed (0.000 seconds).
Test Case '-[TesseraCoreTests.WorkspaceNavigationTests testEveryExitDisarmsModelOwnedPointerTools]' started.
Test Case '-[TesseraCoreTests.WorkspaceNavigationTests testEveryExitDisarmsModelOwnedPointerTools]' passed (0.001 seconds).
Test Case '-[TesseraCoreTests.WorkspaceNavigationTests testInspectorTabKeepsTargetAndReturnState]' started.
Test Case '-[TesseraCoreTests.WorkspaceNavigationTests testInspectorTabKeepsTargetAndReturnState]' passed (0.000 seconds).
Test Case '-[TesseraCoreTests.WorkspaceNavigationTests testInstallingDifferentLibraryDiscardsBookmark]' started.
Test Case '-[TesseraCoreTests.WorkspaceNavigationTests testInstallingDifferentLibraryDiscardsBookmark]' passed (0.000 seconds).
Test Case '-[TesseraCoreTests.WorkspaceNavigationTests testPhotoEditUndoCannotConsumeCullHistory]' started.
Test Case '-[TesseraCoreTests.WorkspaceNavigationTests testPhotoEditUndoCannotConsumeCullHistory]' passed (0.000 seconds).
Test Case '-[TesseraCoreTests.WorkspaceNavigationTests testRenderedCopyRequestCapturesTargetAndCancelHasNoSideEffect]' started.
Test Case '-[TesseraCoreTests.WorkspaceNavigationTests testRenderedCopyRequestCapturesTargetAndCancelHasNoSideEffect]' passed (0.000 seconds).
Test Case '-[TesseraCoreTests.WorkspaceNavigationTests testScopeUsesCompareCandidateRatherThanOriginalSelection]' started.
Test Case '-[TesseraCoreTests.WorkspaceNavigationTests testScopeUsesCompareCandidateRatherThanOriginalSelection]' passed (0.000 seconds).
Test Case '-[TesseraCoreTests.WorkspaceNavigationTests testUnavailablePhotoExplainsItsActualStateInEdit]' started.
Test Case '-[TesseraCoreTests.WorkspaceNavigationTests testUnavailablePhotoExplainsItsActualStateInEdit]' passed (0.000 seconds).
Test Suite 'WorkspaceNavigationTests' passed at 2026-09-28 08:40:57.056.
	 Executed 10 tests, with 0 failures (0 unexpected) in 0.003 (0.003) seconds
Test Suite 'WorkspaceReadyPhotoTests' started at 2026-09-28 08:40:57.056.
Test Case '-[TesseraCoreTests.WorkspaceReadyPhotoTests testRealRAWDevelopAndMasksRemainReadyAcrossInspectorTabs]' started.
develop L2 calibration [first, tone, WB] ms: CPU [455.07070799999997, 196.44441700000002, 228.40158399999999]; GPU [280.24783399999995, 1.828833, 6.864416]
Test Case '-[TesseraCoreTests.WorkspaceReadyPhotoTests testRealRAWDevelopAndMasksRemainReadyAcrossInspectorTabs]' passed (4.298 seconds).
Test Suite 'WorkspaceReadyPhotoTests' passed at 2026-09-28 08:41:01.355.
	 Executed 1 test, with 0 failures (0 unexpected) in 4.298 (4.299) seconds
Test Suite 'WorkspaceSelectionTests' started at 2026-09-28 08:41:01.355.
Test Case '-[TesseraCoreTests.WorkspaceSelectionTests testEmptyDestinationHasNoAccidentalTarget]' started.
Test Case '-[TesseraCoreTests.WorkspaceSelectionTests testEmptyDestinationHasNoAccidentalTarget]' passed (0.000 seconds).
Test Case '-[TesseraCoreTests.WorkspaceSelectionTests testRestorationUsesStableKeysAfterInsertionAndRemoval]' started.
Test Case '-[TesseraCoreTests.WorkspaceSelectionTests testRestorationUsesStableKeysAfterInsertionAndRemoval]' passed (0.000 seconds).
Test Suite 'WorkspaceSelectionTests' passed at 2026-09-28 08:41:01.355.
	 Executed 2 tests, with 0 failures (0 unexpected) in 0.000 (0.000) seconds
Test Suite 'TesseraPackageTests.xctest' passed at 2026-09-28 08:41:01.355.
	 Executed 661 tests, with 1 test skipped and 0 failures (0 unexpected) in 202.768 (202.808) seconds
Test Suite 'All tests' passed at 2026-09-28 08:41:01.355.
	 Executed 661 tests, with 1 test skipped and 0 failures (0 unexpected) in 202.768 (202.809) seconds
M2-58 Auto Upright Swift setter: count=101 median_ms=0.025750137865543365 p95_ms=0.05299970507621765 max_ms=0.3222082741558552
lensblur-export-warning: ["sony-arw.ARW: Lens Blur skipped: Lens Blur depth model is not cached; download depth/anything-v2-small in Models"]
M2-54 lookup count=1000 before_ms=0.02890944480895996 after_ms=0.0032901763916015625
M2-54 lookup count=20000 before_ms=0.5326402187347412 after_ms=0.0032806396484375
M2-54 core_install_ms=0.14400482177734375 select_all_ms=0.014066696166992188
M2-54 warm_bottom_100 count=1000 before_median_ms=0.11599063873291016 median_ms=0.08499622344970703 max_ms=0.0940561294555664
M2-54 warm_bottom_100 count=20000 before_median_ms=0.6270408630371094 median_ms=0.08404254913330078 max_ms=0.14102458953857422
M2-54 warm_bottom_100 ratio=0.9887798036465638 target=1.2
P08 20k retained subscribers: 68
P08 20k forward/reverse: peak pending=24, active=4, subscribers=24, delivered=24, traceMs=641.1189585924149
upright-auto: 640x426 -> 640x426, 43.4% of pixels changed
◇ Test run started.
↳ Testing Library Version: 1902
↳ Target Platform: arm64e-apple-macos14.0
◇ Suite CullStoreTests started.
◇ Suite GroupingTests started.
◇ Test exifDateParsing() started.
◇ Test syntheticLibraryIsGroupedAndSorted() started.
◇ Test splitsOnGaps() started.
◇ Test decisionsGradesMarksBasket() started.
◇ Test undoRedo() started.
✔ Test splitsOnGaps() passed after 0.001 seconds.
✔ Test decisionsGradesMarksBasket() passed after 0.001 seconds.
✔ Test undoRedo() passed after 0.001 seconds.
✔ Test exifDateParsing() passed after 0.001 seconds.
✔ Suite CullStoreTests passed after 0.001 seconds.
✔ Test syntheticLibraryIsGroupedAndSorted() passed after 0.023 seconds.
✔ Suite GroupingTests passed after 0.023 seconds.
✔ Test run with 5 tests in 2 suites passed after 0.023 seconds.
