warning: libraw-ffi@0.1.0: vendor/LibRaw/LibRaw-0.22.2/src/write/file_write.cpp:78:3: warning: 'sprintf' is deprecated: This function is provided for compatibility reasons only.  Due to security concerns inherent in the design of sprintf(3), it is highly recommended that you use snprintf(3) instead. [-Wdeprecated-declarations]
warning: libraw-ffi@0.1.0:    78 |   sprintf(th->date, "%04d:%02d:%02d %02d:%02d:%02d", t->tm_year + 1900,
warning: libraw-ffi@0.1.0:       |   ^
warning: libraw-ffi@0.1.0: /Applications/Xcode.app/Contents/Developer/Platforms/MacOSX.platform/Developer/SDKs/MacOSX.sdk/usr/include/_stdio.h:278:1: note: 'sprintf' has been explicitly marked deprecated here
warning: libraw-ffi@0.1.0:   278 | __deprecated_msg("This function is provided for compatibility reasons only.  Due to security concerns inherent in the design of sprintf(3), it is highly recommended that you use snprintf(3) instead.")
warning: libraw-ffi@0.1.0:       | ^
warning: libraw-ffi@0.1.0: /Applications/Xcode.app/Contents/Developer/Platforms/MacOSX.platform/Developer/SDKs/MacOSX.sdk/usr/include/sys/cdefs.h:227:48: note: expanded from macro '__deprecated_msg'
warning: libraw-ffi@0.1.0:   227 |         #define __deprecated_msg(_msg) __attribute__((__deprecated__(_msg)))
warning: libraw-ffi@0.1.0:       |                                                       ^
warning: libraw-ffi@0.1.0: 1 warning generated.
warning: libraw-ffi@0.1.0: vendor/LibRaw/LibRaw-0.22.2/src/decompressors/losslessjpeg.cpp:24:9: warning: 'ZERO' macro redefined [-Wmacro-redefined]
warning: libraw-ffi@0.1.0:    24 | #define ZERO(a) do { memset(a,0,sizeof(a));} while(0)
warning: libraw-ffi@0.1.0:       |         ^
warning: libraw-ffi@0.1.0: vendor/LibRaw/LibRaw-0.22.2/src/decompressors/../../internal/libraw_cxx_defs.h:117:9: note: previous definition is here
warning: libraw-ffi@0.1.0:   117 | #define ZERO(a) memset(&a, 0, sizeof(a))
warning: libraw-ffi@0.1.0:       |         ^
warning: libraw-ffi@0.1.0: vendor/LibRaw/LibRaw-0.22.2/src/decompressors/losslessjpeg.cpp:375:17: warning: comparison of integers of different signs: 'int' and 'uint32_t' (aka 'unsigned int') [-Wsign-compare]
warning: libraw-ffi@0.1.0:   375 |           if (h >= tsize)
warning: libraw-ffi@0.1.0:       |               ~ ^  ~~~~~
warning: libraw-ffi@0.1.0: 2 warnings generated.
warning: libraw-ffi@0.1.0: vendor/LibRaw/LibRaw-0.22.2/src/libraw_datastream.cpp:138:48: warning: unused parameter 'jpegdata' [-Wunused-parameter]
warning: libraw-ffi@0.1.0:   138 | int LibRaw_abstract_datastream::jpeg_src(void *jpegdata)
warning: libraw-ffi@0.1.0:       |                                                ^
warning: libraw-ffi@0.1.0: vendor/LibRaw/LibRaw-0.22.2/src/libraw_datastream.cpp:452:46: warning: unused parameter 'jpegdata' [-Wunused-parameter]
warning: libraw-ffi@0.1.0:   452 | int LibRaw_buffer_datastream::jpeg_src(void *jpegdata)
warning: libraw-ffi@0.1.0:       |                                              ^
warning: libraw-ffi@0.1.0: 2 warnings generated.
warning: libraw-ffi@0.1.0: vendor/LibRaw/LibRaw-0.22.2/src/integration/dngsdk_glue.cpp:527:33: warning: unused parameter 'p' [-Wunused-parameter]
warning: libraw-ffi@0.1.0:   527 | void LibRaw::set_dng_host(void *p)
warning: libraw-ffi@0.1.0:       |                                 ^
warning: libraw-ffi@0.1.0: 1 warning generated.
warning: libraw-ffi@0.1.0: vendor/LibRaw/LibRaw-0.22.2/src/utils/open.cpp:476:11: warning: unused variable 'foveon_count' [-Wunused-const-variable]
warning: libraw-ffi@0.1.0:   476 | const int foveon_count = sizeof(foveon_data) / sizeof(foveon_data[0]);
warning: libraw-ffi@0.1.0:       |           ^~~~~~~~~~~~
warning: libraw-ffi@0.1.0: 1 warning generated.
warning: libraw-ffi@0.1.0: vendor/LibRaw/LibRaw-0.22.2/src/utils/thumb_utils.cpp:35:41: warning: comparison of integers of different signs: 'INT64' (aka 'long long') and 'unsigned long long' [-Wsign-compare]
warning: libraw-ffi@0.1.0:    35 |   if(INT64(T.theight) * INT64(T.twidth) > 1024ULL * 1024ULL * LIBRAW_MAX_THUMBNAIL_MB)
warning: libraw-ffi@0.1.0:       |      ~~~~~~~~~~~~~~~~~~~~~~~~~~~~~~~~~~ ^ ~~~~~~~~~~~~~~~~~~~~~~~~~~~~~~~~~~~~~~~~~~~
warning: libraw-ffi@0.1.0: vendor/LibRaw/LibRaw-0.22.2/src/utils/thumb_utils.cpp:38:42: warning: comparison of integers of different signs: 'INT64' (aka 'long long') and 'unsigned long long' [-Wsign-compare]
warning: libraw-ffi@0.1.0:    38 |   if (INT64(T.theight) * INT64(T.twidth) < 64ULL)
warning: libraw-ffi@0.1.0:       |       ~~~~~~~~~~~~~~~~~~~~~~~~~~~~~~~~~~ ^ ~~~~~
warning: libraw-ffi@0.1.0: 2 warnings generated.
warning: libraw-ffi@0.1.0: vendor/LibRaw/LibRaw-0.22.2/src/postprocessing/postprocessing_utils_dcrdefs.cpp:65:5: warning: 'sprintf' is deprecated: This function is provided for compatibility reasons only.  Due to security concerns inherent in the design of sprintf(3), it is highly recommended that you use snprintf(3) instead. [-Wdeprecated-declarations]
warning: libraw-ffi@0.1.0:    65 |     sprintf(prof_desc.data(), "%s gamma %g toe slope %g", name[output_color - 1], floor(1000. / gamm[0] + .5) / 1000.,
warning: libraw-ffi@0.1.0:       |     ^
warning: libraw-ffi@0.1.0: /Applications/Xcode.app/Contents/Developer/Platforms/MacOSX.platform/Developer/SDKs/MacOSX.sdk/usr/include/_stdio.h:278:1: note: 'sprintf' has been explicitly marked deprecated here
warning: libraw-ffi@0.1.0:   278 | __deprecated_msg("This function is provided for compatibility reasons only.  Due to security concerns inherent in the design of sprintf(3), it is highly recommended that you use snprintf(3) instead.")
warning: libraw-ffi@0.1.0:       | ^
warning: libraw-ffi@0.1.0: /Applications/Xcode.app/Contents/Developer/Platforms/MacOSX.platform/Developer/SDKs/MacOSX.sdk/usr/include/sys/cdefs.h:227:48: note: expanded from macro '__deprecated_msg'
warning: libraw-ffi@0.1.0:   227 |         #define __deprecated_msg(_msg) __attribute__((__deprecated__(_msg)))
warning: libraw-ffi@0.1.0:       |                                                       ^
warning: libraw-ffi@0.1.0: 1 warning generated.
warning: libraw-ffi@0.1.0: vendor/LibRaw/LibRaw-0.22.2/src/postprocessing/mem_image.cpp:43:24: warning: comparison of integers of different signs: 'INT64' (aka 'long long') and 'unsigned long long' [-Wsign-compare]
warning: libraw-ffi@0.1.0:    43 |   if (INT64(T.tlength) > 1024ULL * 1024ULL * LIBRAW_MAX_THUMBNAIL_MB)
warning: libraw-ffi@0.1.0:       |       ~~~~~~~~~~~~~~~~ ^ ~~~~~~~~~~~~~~~~~~~~~~~~~~~~~~~~~~~~~~~~~~~
warning: libraw-ffi@0.1.0: 1 warning generated.
warning: libraw-ffi@0.1.0: vendor/LibRaw/LibRaw-0.22.2/src/decoders/unpack_thumb.cpp:225:9: warning: comparison of integers of different signs: 'INT64' (aka 'long long') and 'unsigned long long' [-Wsign-compare]
warning: libraw-ffi@0.1.0:   225 |         THUMB_SIZE_CHECKWH(T.twidth, T.theight);
warning: libraw-ffi@0.1.0:       |         ^~~~~~~~~~~~~~~~~~~~~~~~~~~~~~~~~~~~~~~
warning: libraw-ffi@0.1.0: vendor/LibRaw/LibRaw-0.22.2/src/decoders/unpack_thumb.cpp:70:27: note: expanded from macro 'THUMB_SIZE_CHECKWH'
warning: libraw-ffi@0.1.0:    70 |     if (INT64(W)*INT64(H) > 1024ULL * 1024ULL * LIBRAW_MAX_THUMBNAIL_MB) return LIBRAW_UNSUPPORTED_THUMBNAIL; \
warning: libraw-ffi@0.1.0:       |         ~~~~~~~~~~~~~~~~~ ^ ~~~~~~~~~~~~~~~~~~~~~~~~~~~~~~~~~~~~~~~~~~~
warning: libraw-ffi@0.1.0: vendor/LibRaw/LibRaw-0.22.2/src/decoders/unpack_thumb.cpp:225:9: warning: comparison of integers of different signs: 'INT64' (aka 'long long') and 'unsigned long long' [-Wsign-compare]
warning: libraw-ffi@0.1.0:   225 |         THUMB_SIZE_CHECKWH(T.twidth, T.theight);
warning: libraw-ffi@0.1.0:       |         ^~~~~~~~~~~~~~~~~~~~~~~~~~~~~~~~~~~~~~~
warning: libraw-ffi@0.1.0: vendor/LibRaw/LibRaw-0.22.2/src/decoders/unpack_thumb.cpp:71:27: note: expanded from macro 'THUMB_SIZE_CHECKWH'
warning: libraw-ffi@0.1.0:    71 |     if (INT64(W)*INT64(H) < 64ULL)        return LIBRAW_NO_THUMBNAIL; \
warning: libraw-ffi@0.1.0:       |         ~~~~~~~~~~~~~~~~~ ^ ~~~~~
warning: libraw-ffi@0.1.0: vendor/LibRaw/LibRaw-0.22.2/src/decoders/unpack_thumb.cpp:266:9: warning: comparison of integers of different signs: 'INT64' (aka 'long long') and 'unsigned long long' [-Wsign-compare]
warning: libraw-ffi@0.1.0:   266 |         THUMB_SIZE_CHECKWH(T.twidth, T.theight);
warning: libraw-ffi@0.1.0:       |         ^~~~~~~~~~~~~~~~~~~~~~~~~~~~~~~~~~~~~~~
warning: libraw-ffi@0.1.0: vendor/LibRaw/LibRaw-0.22.2/src/decoders/unpack_thumb.cpp:70:27: note: expanded from macro 'THUMB_SIZE_CHECKWH'
warning: libraw-ffi@0.1.0:    70 |     if (INT64(W)*INT64(H) > 1024ULL * 1024ULL * LIBRAW_MAX_THUMBNAIL_MB) return LIBRAW_UNSUPPORTED_THUMBNAIL; \
warning: libraw-ffi@0.1.0:       |         ~~~~~~~~~~~~~~~~~ ^ ~~~~~~~~~~~~~~~~~~~~~~~~~~~~~~~~~~~~~~~~~~~
warning: libraw-ffi@0.1.0: vendor/LibRaw/LibRaw-0.22.2/src/decoders/unpack_thumb.cpp:266:9: warning: comparison of integers of different signs: 'INT64' (aka 'long long') and 'unsigned long long' [-Wsign-compare]
warning: libraw-ffi@0.1.0:   266 |         THUMB_SIZE_CHECKWH(T.twidth, T.theight);
warning: libraw-ffi@0.1.0:       |         ^~~~~~~~~~~~~~~~~~~~~~~~~~~~~~~~~~~~~~~
warning: libraw-ffi@0.1.0: vendor/LibRaw/LibRaw-0.22.2/src/decoders/unpack_thumb.cpp:71:27: note: expanded from macro 'THUMB_SIZE_CHECKWH'
warning: libraw-ffi@0.1.0:    71 |     if (INT64(W)*INT64(H) < 64ULL)        return LIBRAW_NO_THUMBNAIL; \
warning: libraw-ffi@0.1.0:       |         ~~~~~~~~~~~~~~~~~ ^ ~~~~~
warning: libraw-ffi@0.1.0: vendor/LibRaw/LibRaw-0.22.2/src/decoders/unpack_thumb.cpp:298:9: warning: comparison of integers of different signs: 'INT64' (aka 'long long') and 'unsigned long long' [-Wsign-compare]
warning: libraw-ffi@0.1.0:   298 |         THUMB_SIZE_CHECKWH(T.twidth, T.theight);
warning: libraw-ffi@0.1.0:       |         ^~~~~~~~~~~~~~~~~~~~~~~~~~~~~~~~~~~~~~~
warning: libraw-ffi@0.1.0: vendor/LibRaw/LibRaw-0.22.2/src/decoders/unpack_thumb.cpp:70:27: note: expanded from macro 'THUMB_SIZE_CHECKWH'
warning: libraw-ffi@0.1.0:    70 |     if (INT64(W)*INT64(H) > 1024ULL * 1024ULL * LIBRAW_MAX_THUMBNAIL_MB) return LIBRAW_UNSUPPORTED_THUMBNAIL; \
warning: libraw-ffi@0.1.0:       |         ~~~~~~~~~~~~~~~~~ ^ ~~~~~~~~~~~~~~~~~~~~~~~~~~~~~~~~~~~~~~~~~~~
warning: libraw-ffi@0.1.0: vendor/LibRaw/LibRaw-0.22.2/src/decoders/unpack_thumb.cpp:298:9: warning: comparison of integers of different signs: 'INT64' (aka 'long long') and 'unsigned long long' [-Wsign-compare]
warning: libraw-ffi@0.1.0:   298 |         THUMB_SIZE_CHECKWH(T.twidth, T.theight);
warning: libraw-ffi@0.1.0:       |         ^~~~~~~~~~~~~~~~~~~~~~~~~~~~~~~~~~~~~~~
warning: libraw-ffi@0.1.0: vendor/LibRaw/LibRaw-0.22.2/src/decoders/unpack_thumb.cpp:71:27: note: expanded from macro 'THUMB_SIZE_CHECKWH'
warning: libraw-ffi@0.1.0:    71 |     if (INT64(W)*INT64(H) < 64ULL)        return LIBRAW_NO_THUMBNAIL; \
warning: libraw-ffi@0.1.0:       |         ~~~~~~~~~~~~~~~~~ ^ ~~~~~
warning: libraw-ffi@0.1.0: vendor/LibRaw/LibRaw-0.22.2/src/decoders/unpack_thumb.cpp:383:3: warning: comparison of integers of different signs: 'INT64' (aka 'long long') and 'unsigned long long' [-Wsign-compare]
warning: libraw-ffi@0.1.0:   383 |                 THUMB_SIZE_CHECKWH(T.twidth, (INT64(T.theight)*INT64(o_bps)));
warning: libraw-ffi@0.1.0:       |                 ^~~~~~~~~~~~~~~~~~~~~~~~~~~~~~~~~~~~~~~~~~~~~~~~~~~~~~~~~~~~~
warning: libraw-ffi@0.1.0: vendor/LibRaw/LibRaw-0.22.2/src/decoders/unpack_thumb.cpp:70:27: note: expanded from macro 'THUMB_SIZE_CHECKWH'
warning: libraw-ffi@0.1.0:    70 |     if (INT64(W)*INT64(H) > 1024ULL * 1024ULL * LIBRAW_MAX_THUMBNAIL_MB) return LIBRAW_UNSUPPORTED_THUMBNAIL; \
warning: libraw-ffi@0.1.0:       |         ~~~~~~~~~~~~~~~~~ ^ ~~~~~~~~~~~~~~~~~~~~~~~~~~~~~~~~~~~~~~~~~~~
warning: libraw-ffi@0.1.0: vendor/LibRaw/LibRaw-0.22.2/src/decoders/unpack_thumb.cpp:383:3: warning: comparison of integers of different signs: 'INT64' (aka 'long long') and 'unsigned long long' [-Wsign-compare]
warning: libraw-ffi@0.1.0:   383 |                 THUMB_SIZE_CHECKWH(T.twidth, (INT64(T.theight)*INT64(o_bps)));
warning: libraw-ffi@0.1.0:       |                 ^~~~~~~~~~~~~~~~~~~~~~~~~~~~~~~~~~~~~~~~~~~~~~~~~~~~~~~~~~~~~
warning: libraw-ffi@0.1.0: vendor/LibRaw/LibRaw-0.22.2/src/decoders/unpack_thumb.cpp:71:27: note: expanded from macro 'THUMB_SIZE_CHECKWH'
warning: libraw-ffi@0.1.0:    71 |     if (INT64(W)*INT64(H) < 64ULL)        return LIBRAW_NO_THUMBNAIL; \
warning: libraw-ffi@0.1.0:       |         ~~~~~~~~~~~~~~~~~ ^ ~~~~~
warning: libraw-ffi@0.1.0: 8 warnings generated.
warning: libraw-ffi@0.1.0: vendor/LibRaw/LibRaw-0.22.2/src/decoders/decoders_libraw.cpp:894:2: warning: definition of implicit copy assignment operator for 'p1_row_info_t' is deprecated because it has a user-provided copy constructor [-Wdeprecated-copy-with-user-provided-copy]
warning: libraw-ffi@0.1.0:   894 |         p1_row_info_t(const p1_row_info_t& q): row(q.row),offset(q.offset){}
warning: libraw-ffi@0.1.0:       |         ^
warning: libraw-ffi@0.1.0: /Applications/Xcode.app/Contents/Developer/Platforms/MacOSX.platform/Developer/SDKs/MacOSX.sdk/usr/include/c++/v1/__algorithm/sift_down.h:61:14: note: in implicit copy assignment operator for 'p1_row_info_t' first required here
warning: libraw-ffi@0.1.0:    61 |     *__start = _Ops::__iter_move(__child_i);
warning: libraw-ffi@0.1.0:       |              ^
warning: libraw-ffi@0.1.0: /Applications/Xcode.app/Contents/Developer/Platforms/MacOSX.platform/Developer/SDKs/MacOSX.sdk/usr/include/c++/v1/__algorithm/make_heap.h:39:12: note: in instantiation of function template specialization 'std::__sift_down<std::_ClassicAlgPolicy, std::__less<void, void> &, p1_row_info_t *>' requested here
warning: libraw-ffi@0.1.0:    39 |       std::__sift_down<_AlgPolicy>(__first, __comp_ref, __n, __first + __start);
warning: libraw-ffi@0.1.0:       |            ^
warning: libraw-ffi@0.1.0: /Applications/Xcode.app/Contents/Developer/Platforms/MacOSX.platform/Developer/SDKs/MacOSX.sdk/usr/include/c++/v1/__algorithm/partial_sort.h:41:8: note: in instantiation of function template specialization 'std::__make_heap<std::_ClassicAlgPolicy, std::__less<void, void> &, p1_row_info_t *>' requested here
warning: libraw-ffi@0.1.0:    41 |   std::__make_heap<_AlgPolicy>(__first, __middle, __comp);
warning: libraw-ffi@0.1.0:       |        ^
warning: libraw-ffi@0.1.0: /Applications/Xcode.app/Contents/Developer/Platforms/MacOSX.platform/Developer/SDKs/MacOSX.sdk/usr/include/c++/v1/__algorithm/partial_sort.h:65:12: note: in instantiation of function template specialization 'std::__partial_sort_impl<std::_ClassicAlgPolicy, std::__less<void, void> &, p1_row_info_t *, p1_row_info_t *>' requested here
warning: libraw-ffi@0.1.0:    65 |       std::__partial_sort_impl<_AlgPolicy>(__first, __middle, __last, static_cast<__comp_ref_type<_Compare> >(__comp));
warning: libraw-ffi@0.1.0:       |            ^
warning: libraw-ffi@0.1.0: /Applications/Xcode.app/Contents/Developer/Platforms/MacOSX.platform/Developer/SDKs/MacOSX.sdk/usr/include/c++/v1/__algorithm/sort.h:934:10: note: in instantiation of function template specialization 'std::__partial_sort<std::_ClassicAlgPolicy, std::__less<void, void>, p1_row_info_t *, p1_row_info_t *>' requested here
warning: libraw-ffi@0.1.0:   934 |     std::__partial_sort<_AlgPolicy>(
warning: libraw-ffi@0.1.0:       |          ^
warning: libraw-ffi@0.1.0: /Applications/Xcode.app/Contents/Developer/Platforms/MacOSX.platform/Developer/SDKs/MacOSX.sdk/usr/include/c++/v1/__algorithm/sort.h:945:8: note: in instantiation of function template specialization 'std::__sort_impl<std::_ClassicAlgPolicy, std::__wrap_iter<p1_row_info_t *>, std::__less<void, void>>' requested here
warning: libraw-ffi@0.1.0:   945 |   std::__sort_impl<_ClassicAlgPolicy>(std::move(__first), std::move(__last), __comp);
warning: libraw-ffi@0.1.0:       |        ^
warning: libraw-ffi@0.1.0: /Applications/Xcode.app/Contents/Developer/Platforms/MacOSX.platform/Developer/SDKs/MacOSX.sdk/usr/include/c++/v1/__algorithm/sort.h:951:8: note: in instantiation of function template specialization 'std::sort<std::__wrap_iter<p1_row_info_t *>, std::__less<void, void>>' requested here
warning: libraw-ffi@0.1.0:   951 |   std::sort(__first, __last, __less<>());
warning: libraw-ffi@0.1.0:       |        ^
warning: libraw-ffi@0.1.0: vendor/LibRaw/LibRaw-0.22.2/src/decoders/decoders_libraw.cpp:911:7: note: in instantiation of function template specialization 'std::sort<std::__wrap_iter<p1_row_info_t *>>' requested here
warning: libraw-ffi@0.1.0:   911 |         std::sort(stripes.begin(), stripes.end());
warning: libraw-ffi@0.1.0:       |              ^
warning: libraw-ffi@0.1.0: 1 warning generated.
warning: libraw-ffi@0.1.0: vendor/LibRaw/LibRaw-0.22.2/src/decoders/olympus14.cpp:242:30: warning: comparison of integers of different signs: 'uint32_t' (aka 'unsigned int') and 'const int32_t' (aka 'const int') [-Wsign-compare]
warning: libraw-ffi@0.1.0:   242 |                 for (uint32_t col = 0; col < raw_width; col++)
warning: libraw-ffi@0.1.0:       |                                        ~~~ ^ ~~~~~~~~~
warning: libraw-ffi@0.1.0: 1 warning generated.
warning: libraw-ffi@0.1.0: vendor/LibRaw/LibRaw-0.22.2/src/decoders/load_mfbacks.cpp:534:45: warning: comparison of integers of different signs: 'int' and 'unsigned int' [-Wsign-compare]
warning: libraw-ffi@0.1.0:   534 |                         if (j == 0 || j == head[1] || k < 1 || k >= w0+w1)
warning: libraw-ffi@0.1.0:       |                                                                ~ ^  ~~~~~
warning: libraw-ffi@0.1.0: vendor/LibRaw/LibRaw-0.22.2/src/decoders/load_mfbacks.cpp:541:10: warning: comparison of integers of different signs: 'int' and 'unsigned int' [-Wsign-compare]
warning: libraw-ffi@0.1.0:   541 |                         if (k < w0 + w1)
warning: libraw-ffi@0.1.0:       |                             ~ ^ ~~~~~~~
warning: libraw-ffi@0.1.0: 2 warnings generated.
warning: libraw-ffi@0.1.0: vendor/LibRaw/LibRaw-0.22.2/src/decoders/fp_dng.cpp:361:21: warning: comparison of integers of different signs: 'int' and 'size_type' (aka 'unsigned long') [-Wsign-compare]
warning: libraw-ffi@0.1.0:   361 |   for (int i = 1; i < tiles.tBytes.size(); i++)
warning: libraw-ffi@0.1.0:       |                   ~ ^ ~~~~~~~~~~~~~~~~~~~
warning: libraw-ffi@0.1.0: vendor/LibRaw/LibRaw-0.22.2/src/decoders/fp_dng.cpp:528:31: warning: comparison of integers of different signs: 'unsigned long long' and 'long long' [-Wsign-compare]
warning: libraw-ffi@0.1.0:   528 |   if (pixcnt * sizeof(ushort) > INT64(imgdata.rawparams.max_raw_memory_mb) * 1024LL * 1024LL)
warning: libraw-ffi@0.1.0:       |       ~~~~~~~~~~~~~~~~~~~~~~~ ^ ~~~~~~~~~~~~~~~~~~~~~~~~~~~~~~~~~~~~~~~~~~~~~~~~~~~~~~~~~~~~
warning: libraw-ffi@0.1.0: vendor/LibRaw/LibRaw-0.22.2/src/decoders/fp_dng.cpp:560:24: warning: comparison of integers of different signs: 'size_t' (aka 'unsigned long') and 'INT64' (aka 'long long') [-Wsign-compare]
warning: libraw-ffi@0.1.0:   560 |   for (size_t i = 0; i < pixcnt; ++i)
warning: libraw-ffi@0.1.0:       |                      ~ ^ ~~~~~~
warning: libraw-ffi@0.1.0: 3 warnings generated.
warning: libraw-ffi@0.1.0: vendor/LibRaw/LibRaw-0.22.2/src/decoders/decoders_dcraw.cpp:545:14: warning: variable 'jhigh' set but not used [-Wunused-but-set-variable]
warning: libraw-ffi@0.1.0:   545 |   int jwide, jhigh, jrow, jcol, val, jidx, i, j, row = 0, col = 0;
warning: libraw-ffi@0.1.0:       |              ^
warning: libraw-ffi@0.1.0: 1 warning generated.
warning: libraw-ffi@0.1.0: vendor/LibRaw/LibRaw-0.22.2/src/metadata/identify.cpp:280:73: warning: missing field 'offset' initializer [-Wmissing-field-initializers]
warning: libraw-ffi@0.1.0:   280 |           { 786432,   1024,  768, 0, 0,  0, 0,  0, 0x94, 0, 0, "AVT", "F-080C" },
warning: libraw-ffi@0.1.0:       |                                                                                ^
warning: libraw-ffi@0.1.0: vendor/LibRaw/LibRaw-0.22.2/src/metadata/identify.cpp:281:73: warning: missing field 'offset' initializer [-Wmissing-field-initializers]
warning: libraw-ffi@0.1.0:   281 |           { 1447680,  1392, 1040, 0, 0,  0, 0,  0, 0x94, 0, 0, "AVT", "F-145C" },
warning: libraw-ffi@0.1.0:       |                                                                                ^
warning: libraw-ffi@0.1.0: vendor/LibRaw/LibRaw-0.22.2/src/metadata/identify.cpp:282:73: warning: missing field 'offset' initializer [-Wmissing-field-initializers]
warning: libraw-ffi@0.1.0:   282 |           { 1920000,  1600, 1200, 0, 0,  0, 0,  0, 0x94, 0, 0, "AVT", "F-201C" },
warning: libraw-ffi@0.1.0:       |                                                                                ^
warning: libraw-ffi@0.1.0: vendor/LibRaw/LibRaw-0.22.2/src/metadata/identify.cpp:283:73: warning: missing field 'offset' initializer [-Wmissing-field-initializers]
warning: libraw-ffi@0.1.0:   283 |           { 5067304,  2588, 1958, 0, 0,  0, 0,  0, 0x94, 0, 0, "AVT", "F-510C" },
warning: libraw-ffi@0.1.0:       |                                                                                ^
warning: libraw-ffi@0.1.0: vendor/LibRaw/LibRaw-0.22.2/src/metadata/identify.cpp:285:73: warning: missing field 'offset' initializer [-Wmissing-field-initializers]
warning: libraw-ffi@0.1.0:   285 |           { 10134608, 2588, 1958, 0, 0,  0, 0,  9, 0x94, 0, 0, "AVT", "F-510C" },
warning: libraw-ffi@0.1.0:       |                                                                                ^
warning: libraw-ffi@0.1.0: vendor/LibRaw/LibRaw-0.22.2/src/metadata/identify.cpp:287:73: warning: missing field 'offset' initializer [-Wmissing-field-initializers]
warning: libraw-ffi@0.1.0:   287 |           { 16157136, 3272, 2469, 0, 0,  0, 0,  9, 0x94, 0, 0, "AVT", "F-810C" },
warning: libraw-ffi@0.1.0:       |                                                                                ^
warning: libraw-ffi@0.1.0: vendor/LibRaw/LibRaw-0.22.2/src/metadata/identify.cpp:288:80: warning: missing field 'offset' initializer [-Wmissing-field-initializers]
warning: libraw-ffi@0.1.0:   288 |           { 3995136,  1632, 1224, 0, 0,  0, 0,  8, 0x61, 0, 1, "AgfaPhoto", "DC-833m" },
warning: libraw-ffi@0.1.0:       |                                                                                       ^
warning: libraw-ffi@0.1.0: vendor/LibRaw/LibRaw-0.22.2/src/metadata/identify.cpp:289:80: warning: missing field 'offset' initializer [-Wmissing-field-initializers]
warning: libraw-ffi@0.1.0:   289 |           { 15980544, 3264, 2448, 0, 0,  0, 0,  8, 0x61, 0, 1, "AgfaPhoto", "DC-833m" },
warning: libraw-ffi@0.1.0:       |                                                                                       ^
warning: libraw-ffi@0.1.0: vendor/LibRaw/LibRaw-0.22.2/src/metadata/identify.cpp:290:76: warning: missing field 'offset' initializer [-Wmissing-field-initializers]
warning: libraw-ffi@0.1.0:   290 |           { 9631728,  2532, 1902, 0, 0,  0, 0, 96, 0x61, 0, 0, "Alcatel", "5035D" },
warning: libraw-ffi@0.1.0:       |                                                                                   ^
warning: libraw-ffi@0.1.0: vendor/LibRaw/LibRaw-0.22.2/src/metadata/identify.cpp:291:77: warning: missing field 'offset' initializer [-Wmissing-field-initializers]
warning: libraw-ffi@0.1.0:   291 |           { 31850496, 4608, 3456, 0, 0,  0, 0,  0, 0x94, 0, 0, "GITUP", "GIT2 4:3" },
warning: libraw-ffi@0.1.0:       |                                                                                    ^
warning: libraw-ffi@0.1.0: vendor/LibRaw/LibRaw-0.22.2/src/metadata/identify.cpp:292:78: warning: missing field 'offset' initializer [-Wmissing-field-initializers]
warning: libraw-ffi@0.1.0:   292 |           { 23887872, 4608, 2592, 0, 0,  0, 0,  0, 0x94, 0, 0, "GITUP", "GIT2 16:9" },
warning: libraw-ffi@0.1.0:       |                                                                                     ^
warning: libraw-ffi@0.1.0: vendor/LibRaw/LibRaw-0.22.2/src/metadata/identify.cpp:293:78: warning: missing field 'offset' initializer [-Wmissing-field-initializers]
warning: libraw-ffi@0.1.0:   293 |           { 32257024, 4624, 3488, 8, 2, 16, 2,  0, 0x94, 0, 0, "GITUP", "GIT2P 4:3" },
warning: libraw-ffi@0.1.0:       |                                                                                     ^
warning: libraw-ffi@0.1.0: vendor/LibRaw/LibRaw-0.22.2/src/metadata/identify.cpp:294:79: warning: missing field 'offset' initializer [-Wmissing-field-initializers]
warning: libraw-ffi@0.1.0:   294 |           { 24192768, 4624, 2616, 8, 2, 16, 2,  0, 0x94, 0, 0, "GITUP", "GIT2P 16:9" },
warning: libraw-ffi@0.1.0:       |                                                                                      ^
warning: libraw-ffi@0.1.0: vendor/LibRaw/LibRaw-0.22.2/src/metadata/identify.cpp:295:79: warning: missing field 'offset' initializer [-Wmissing-field-initializers]
warning: libraw-ffi@0.1.0:   295 |           { 18016000, 4000, 2252, 0, 0,  0, 0,  0, 0x94, 0, 0, "GITUP", "G3DUO 16:9" },
warning: libraw-ffi@0.1.0:       |                                                                                      ^
warning: libraw-ffi@0.1.0: vendor/LibRaw/LibRaw-0.22.2/src/metadata/identify.cpp:302:74: warning: missing field 'offset' initializer [-Wmissing-field-initializers]
warning: libraw-ffi@0.1.0:   302 |           {  1540857, 2688, 1520,   0, 0, 0, 0,  1, 0x61, 0, 0, "Samsung", "S3" },
warning: libraw-ffi@0.1.0:       |                                                                                 ^
warning: libraw-ffi@0.1.0: vendor/LibRaw/LibRaw-0.22.2/src/metadata/identify.cpp:303:78: warning: missing field 'offset' initializer [-Wmissing-field-initializers]
warning: libraw-ffi@0.1.0:   303 |           {  2658304, 1212, 1096,   0, 0, 0, 0,  1, 0x16, 0, 0, "LG", "G3FrontMipi" },
warning: libraw-ffi@0.1.0:       |                                                                                     ^
warning: libraw-ffi@0.1.0: vendor/LibRaw/LibRaw-0.22.2/src/metadata/identify.cpp:304:78: warning: missing field 'offset' initializer [-Wmissing-field-initializers]
warning: libraw-ffi@0.1.0:   304 |           {  2842624, 1296, 1096,   0, 0, 0, 0,  1, 0x16, 0, 0, "LG", "G3FrontQCOM" },
warning: libraw-ffi@0.1.0:       |                                                                                     ^
warning: libraw-ffi@0.1.0: vendor/LibRaw/LibRaw-0.22.2/src/metadata/identify.cpp:305:79: warning: missing field 'offset' initializer [-Wmissing-field-initializers]
warning: libraw-ffi@0.1.0:   305 |           {  2969600, 1976, 1200,   0, 0, 0, 0,  1, 0x16, 0, 0, "Xiaomi", "MI3wMipi" },
warning: libraw-ffi@0.1.0:       |                                                                                      ^
warning: libraw-ffi@0.1.0: vendor/LibRaw/LibRaw-0.22.2/src/metadata/identify.cpp:306:79: warning: missing field 'offset' initializer [-Wmissing-field-initializers]
warning: libraw-ffi@0.1.0:   306 |           {  3170304, 1976, 1200,   0, 0, 0, 0,  1, 0x16, 0, 0, "Xiaomi", "MI3wQCOM" },
warning: libraw-ffi@0.1.0:       |                                                                                      ^
warning: libraw-ffi@0.1.0: vendor/LibRaw/LibRaw-0.22.2/src/metadata/identify.cpp:307:82: warning: missing field 'offset' initializer [-Wmissing-field-initializers]
warning: libraw-ffi@0.1.0:   307 |           {  3763584, 1584, 1184,   0, 0, 0, 0, 96, 0x61, 0, 0, "I_Mobile", "I_StyleQ6" },
warning: libraw-ffi@0.1.0:       |                                                                                         ^
warning: libraw-ffi@0.1.0: vendor/LibRaw/LibRaw-0.22.2/src/metadata/identify.cpp:308:84: warning: missing field 'offset' initializer [-Wmissing-field-initializers]
warning: libraw-ffi@0.1.0:   308 |           {  5107712, 2688, 1520,   0, 0, 0, 0,  1, 0x61, 0, 0, "OmniVisi", "UltraPixel1" },
warning: libraw-ffi@0.1.0:       |                                                                                           ^
warning: libraw-ffi@0.1.0: vendor/LibRaw/LibRaw-0.22.2/src/metadata/identify.cpp:309:84: warning: missing field 'offset' initializer [-Wmissing-field-initializers]
warning: libraw-ffi@0.1.0:   309 |           {  5382640, 2688, 1520,   0, 0, 0, 0,  1, 0x61, 0, 0, "OmniVisi", "UltraPixel2" },
warning: libraw-ffi@0.1.0:       |                                                                                           ^
warning: libraw-ffi@0.1.0: vendor/LibRaw/LibRaw-0.22.2/src/metadata/identify.cpp:310:77: warning: missing field 'offset' initializer [-Wmissing-field-initializers]
warning: libraw-ffi@0.1.0:   310 |           {  5664912, 2688, 1520,   0, 0, 0, 0,  1, 0x61, 0, 0, "OmniVisi", "4688" },
warning: libraw-ffi@0.1.0:       |                                                                                    ^
warning: libraw-ffi@0.1.0: vendor/LibRaw/LibRaw-0.22.2/src/metadata/identify.cpp:311:77: warning: missing field 'offset' initializer [-Wmissing-field-initializers]
warning: libraw-ffi@0.1.0:   311 |           {  5664912, 2688, 1520,   0, 0, 0, 0,  1, 0x61, 0, 0, "OmniVisi", "4688" },
warning: libraw-ffi@0.1.0:       |                                                                                    ^
warning: libraw-ffi@0.1.0: vendor/LibRaw/LibRaw-0.22.2/src/metadata/identify.cpp:312:77: warning: missing field 'offset' initializer [-Wmissing-field-initializers]
warning: libraw-ffi@0.1.0:   312 |           {  5364240, 2688, 1520,   0, 0, 0, 0,  1, 0x61, 0, 0, "OmniVisi", "4688" },
warning: libraw-ffi@0.1.0:       |                                                                                    ^
warning: libraw-ffi@0.1.0: vendor/LibRaw/LibRaw-0.22.2/src/metadata/identify.cpp:313:79: warning: missing field 'offset' initializer [-Wmissing-field-initializers]
warning: libraw-ffi@0.1.0:   313 |           {  6299648, 2592, 1944,   0, 0, 0, 0,  1, 0x16, 0, 0, "OmniVisi", "OV5648" },
warning: libraw-ffi@0.1.0:       |                                                                                      ^
warning: libraw-ffi@0.1.0: vendor/LibRaw/LibRaw-0.22.2/src/metadata/identify.cpp:314:80: warning: missing field 'offset' initializer [-Wmissing-field-initializers]
warning: libraw-ffi@0.1.0:   314 |           {  6721536, 2592, 1944,   0, 0, 0, 0,  0, 0x16, 0, 0, "OmniVisi", "OV56482" },
warning: libraw-ffi@0.1.0:       |                                                                                       ^
warning: libraw-ffi@0.1.0: vendor/LibRaw/LibRaw-0.22.2/src/metadata/identify.cpp:315:73: warning: missing field 'offset' initializer [-Wmissing-field-initializers]
warning: libraw-ffi@0.1.0:   315 |           {  6746112, 2592, 1944,   0, 0, 0, 0,  0, 0x16, 0, 0, "HTC", "OneSV" },
warning: libraw-ffi@0.1.0:       |                                                                                ^
warning: libraw-ffi@0.1.0: vendor/LibRaw/LibRaw-0.22.2/src/metadata/identify.cpp:316:72: warning: missing field 'offset' initializer [-Wmissing-field-initializers]
warning: libraw-ffi@0.1.0:   316 |           {  9631728, 2532, 1902,   0, 0, 0, 0, 96, 0x61, 0, 0, "Sony", "5mp" },
warning: libraw-ffi@0.1.0:       |                                                                               ^
warning: libraw-ffi@0.1.0: vendor/LibRaw/LibRaw-0.22.2/src/metadata/identify.cpp:317:78: warning: missing field 'offset' initializer [-Wmissing-field-initializers]
warning: libraw-ffi@0.1.0:   317 |           {  9830400, 2560, 1920,   0, 0, 0, 0, 96, 0x61, 0, 0, "NGM", "ForwardArt" },
warning: libraw-ffi@0.1.0:       |                                                                                     ^
warning: libraw-ffi@0.1.0: vendor/LibRaw/LibRaw-0.22.2/src/metadata/identify.cpp:318:84: warning: missing field 'offset' initializer [-Wmissing-field-initializers]
warning: libraw-ffi@0.1.0:   318 |           { 10186752, 3264, 2448,   0, 0, 0, 0,  1, 0x94, 0, 0, "Sony", "IMX219-mipi 8mp" },
warning: libraw-ffi@0.1.0:       |                                                                                           ^
warning: libraw-ffi@0.1.0: vendor/LibRaw/LibRaw-0.22.2/src/metadata/identify.cpp:319:72: warning: missing field 'offset' initializer [-Wmissing-field-initializers]
warning: libraw-ffi@0.1.0:   319 |           { 10223360, 2608, 1944,   0, 0, 0, 0, 96, 0x16, 0, 0, "Sony", "IMX" },
warning: libraw-ffi@0.1.0:       |                                                                               ^
warning: libraw-ffi@0.1.0: vendor/LibRaw/LibRaw-0.22.2/src/metadata/identify.cpp:320:82: warning: missing field 'offset' initializer [-Wmissing-field-initializers]
warning: libraw-ffi@0.1.0:   320 |           { 10782464, 3282, 2448,   0, 0, 0, 0,  0, 0x16, 0, 0, "HTC", "MyTouch4GSlide" },
warning: libraw-ffi@0.1.0:       |                                                                                         ^
warning: libraw-ffi@0.1.0: vendor/LibRaw/LibRaw-0.22.2/src/metadata/identify.cpp:321:72: warning: missing field 'offset' initializer [-Wmissing-field-initializers]
warning: libraw-ffi@0.1.0:   321 |           { 10788864, 3282, 2448,   0, 0, 0, 0,  0, 0x16, 0, 0, "Xperia", "L" },
warning: libraw-ffi@0.1.0:       |                                                                               ^
warning: libraw-ffi@0.1.0: vendor/LibRaw/LibRaw-0.22.2/src/metadata/identify.cpp:322:80: warning: missing field 'offset' initializer [-Wmissing-field-initializers]
warning: libraw-ffi@0.1.0:   322 |           { 15967488, 3264, 2446,   0, 0, 0, 0, 96, 0x16, 0, 0, "OmniVison", "OV8850" },
warning: libraw-ffi@0.1.0:       |                                                                                       ^
warning: libraw-ffi@0.1.0: vendor/LibRaw/LibRaw-0.22.2/src/metadata/identify.cpp:323:74: warning: missing field 'offset' initializer [-Wmissing-field-initializers]
warning: libraw-ffi@0.1.0:   323 |           { 16224256, 4208, 3082,   0, 0, 0, 0,  1, 0x16, 0, 0, "LG", "G3MipiL" },
warning: libraw-ffi@0.1.0:       |                                                                                 ^
warning: libraw-ffi@0.1.0: vendor/LibRaw/LibRaw-0.22.2/src/metadata/identify.cpp:324:76: warning: missing field 'offset' initializer [-Wmissing-field-initializers]
warning: libraw-ffi@0.1.0:   324 |           { 16424960, 4208, 3120,   0, 0, 0, 0,  1, 0x16, 0, 0, "IMX135", "MipiL" },
warning: libraw-ffi@0.1.0:       |                                                                                   ^
warning: libraw-ffi@0.1.0: vendor/LibRaw/LibRaw-0.22.2/src/metadata/identify.cpp:325:74: warning: missing field 'offset' initializer [-Wmissing-field-initializers]
warning: libraw-ffi@0.1.0:   325 |           { 17326080, 4164, 3120,   0, 0, 0, 0,  1, 0x16, 0, 0, "LG", "G3LQCom" },
warning: libraw-ffi@0.1.0:       |                                                                                 ^
warning: libraw-ffi@0.1.0: vendor/LibRaw/LibRaw-0.22.2/src/metadata/identify.cpp:326:80: warning: missing field 'offset' initializer [-Wmissing-field-initializers]
warning: libraw-ffi@0.1.0:   326 |           { 17522688, 4212, 3120,   0, 0, 0, 0,  0, 0x16, 0, 0, "Sony", "IMX135-QCOM" },
warning: libraw-ffi@0.1.0:       |                                                                                       ^
warning: libraw-ffi@0.1.0: vendor/LibRaw/LibRaw-0.22.2/src/metadata/identify.cpp:327:76: warning: missing field 'offset' initializer [-Wmissing-field-initializers]
warning: libraw-ffi@0.1.0:   327 |           { 19906560, 4608, 3456,   0, 0, 0, 0,  1, 0x16, 0, 0, "Gione", "E7mipi" },
warning: libraw-ffi@0.1.0:       |                                                                                   ^
warning: libraw-ffi@0.1.0: vendor/LibRaw/LibRaw-0.22.2/src/metadata/identify.cpp:328:69: warning: missing field 'offset' initializer [-Wmissing-field-initializers]
warning: libraw-ffi@0.1.0:   328 |           { 19976192, 5312, 2988,   0, 0, 0, 0,  1, 0x16, 0, 0, "LG", "G4" },
warning: libraw-ffi@0.1.0:       |                                                                            ^
warning: libraw-ffi@0.1.0: vendor/LibRaw/LibRaw-0.22.2/src/metadata/identify.cpp:329:84: warning: missing field 'offset' initializer [-Wmissing-field-initializers]
warning: libraw-ffi@0.1.0:   329 |           { 20389888, 4632, 3480,   0, 0, 0, 0,  1, 0x16, 0, 0, "Xiaomi", "RedmiNote3Pro" },
warning: libraw-ffi@0.1.0:       |                                                                                           ^
warning: libraw-ffi@0.1.0: vendor/LibRaw/LibRaw-0.22.2/src/metadata/identify.cpp:330:85: warning: missing field 'offset' initializer [-Wmissing-field-initializers]
warning: libraw-ffi@0.1.0:   330 |           { 20500480, 4656, 3496,   0, 0, 0, 0,  1, 0x94, 0, 0, "Sony", "IMX298-mipi 16mp" },
warning: libraw-ffi@0.1.0:       |                                                                                            ^
warning: libraw-ffi@0.1.0: vendor/LibRaw/LibRaw-0.22.2/src/metadata/identify.cpp:331:76: warning: missing field 'offset' initializer [-Wmissing-field-initializers]
warning: libraw-ffi@0.1.0:   331 |           { 21233664, 4608, 3456,   0, 0, 0, 0,  1, 0x16, 0, 0, "Gione", "E7qcom" },
warning: libraw-ffi@0.1.0:       |                                                                                   ^
warning: libraw-ffi@0.1.0: vendor/LibRaw/LibRaw-0.22.2/src/metadata/identify.cpp:332:72: warning: missing field 'offset' initializer [-Wmissing-field-initializers]
warning: libraw-ffi@0.1.0:   332 |           { 26023936, 4192, 3104,   0, 0, 0, 0, 96, 0x94, 0, 0, "THL", "5000" },
warning: libraw-ffi@0.1.0:       |                                                                               ^
warning: libraw-ffi@0.1.0: vendor/LibRaw/LibRaw-0.22.2/src/metadata/identify.cpp:333:75: warning: missing field 'offset' initializer [-Wmissing-field-initializers]
warning: libraw-ffi@0.1.0:   333 |           { 26257920, 4208, 3120,   0, 0, 0, 0, 96, 0x94, 0, 0, "Sony", "IMX214" },
warning: libraw-ffi@0.1.0:       |                                                                                  ^
warning: libraw-ffi@0.1.0: vendor/LibRaw/LibRaw-0.22.2/src/metadata/identify.cpp:334:72: warning: missing field 'offset' initializer [-Wmissing-field-initializers]
warning: libraw-ffi@0.1.0:   334 |           { 26357760, 4224, 3120,   0, 0, 0, 0, 96, 0x61, 0, 0, "OV", "13860" },
warning: libraw-ffi@0.1.0:       |                                                                               ^
warning: libraw-ffi@0.1.0: vendor/LibRaw/LibRaw-0.22.2/src/metadata/identify.cpp:335:73: warning: missing field 'offset' initializer [-Wmissing-field-initializers]
warning: libraw-ffi@0.1.0:   335 |           { 41312256, 5248, 3936,   0, 0, 0, 0, 96, 0x61, 0, 0, "Meizu", "MX4" },
warning: libraw-ffi@0.1.0:       |                                                                                ^
warning: libraw-ffi@0.1.0: vendor/LibRaw/LibRaw-0.22.2/src/metadata/identify.cpp:336:75: warning: missing field 'offset' initializer [-Wmissing-field-initializers]
warning: libraw-ffi@0.1.0:   336 |           { 42923008, 5344, 4016,   0, 0, 0, 0, 96, 0x61, 0, 0, "Sony", "IMX230" },
warning: libraw-ffi@0.1.0:       |                                                                                  ^
warning: libraw-ffi@0.1.0: vendor/LibRaw/LibRaw-0.22.2/src/metadata/identify.cpp:340:87: warning: missing field 'offset' initializer [-Wmissing-field-initializers]
warning: libraw-ffi@0.1.0:   340 |           {  6553440, 2664, 1968,   4,  4, 44,  4, 40, 0x94, 0, 2, "Canon", "PowerShot A460" }, // chdk hack
warning: libraw-ffi@0.1.0:       |                                                                                              ^
warning: libraw-ffi@0.1.0: vendor/LibRaw/LibRaw-0.22.2/src/metadata/identify.cpp:341:87: warning: missing field 'offset' initializer [-Wmissing-field-initializers]
warning: libraw-ffi@0.1.0:   341 |           {  9243240, 3152, 2346,  12,  7, 44, 13, 40, 0x49, 0, 2, "Canon", "PowerShot A470" }, // chdk hack
warning: libraw-ffi@0.1.0:       |                                                                                              ^
warning: libraw-ffi@0.1.0: vendor/LibRaw/LibRaw-0.22.2/src/metadata/identify.cpp:342:87: warning: missing field 'offset' initializer [-Wmissing-field-initializers]
warning: libraw-ffi@0.1.0:   342 |           {  6653280, 2672, 1992,  10,  6, 42,  2, 40, 0x94, 0, 2, "Canon", "PowerShot A530" }, // chdk hack
warning: libraw-ffi@0.1.0:       |                                                                                              ^
warning: libraw-ffi@0.1.0: vendor/LibRaw/LibRaw-0.22.2/src/metadata/identify.cpp:343:87: warning: missing field 'offset' initializer [-Wmissing-field-initializers]
warning: libraw-ffi@0.1.0:   343 |           {  6573120, 2672, 1968,  12,  8, 44,  0, 40, 0x94, 0, 2, "Canon", "PowerShot A610" }, // chdk hack
warning: libraw-ffi@0.1.0:       |                                                                                              ^
warning: libraw-ffi@0.1.0: vendor/LibRaw/LibRaw-0.22.2/src/metadata/identify.cpp:344:87: warning: missing field 'offset' initializer [-Wmissing-field-initializers]
warning: libraw-ffi@0.1.0:   344 |           {  9219600, 3152, 2340,  36, 12,  4,  0, 40, 0x94, 0, 2, "Canon", "PowerShot A620" }, // chdk hack
warning: libraw-ffi@0.1.0:       |                                                                                              ^
warning: libraw-ffi@0.1.0: vendor/LibRaw/LibRaw-0.22.2/src/metadata/identify.cpp:345:87: warning: missing field 'offset' initializer [-Wmissing-field-initializers]
warning: libraw-ffi@0.1.0:   345 |           { 10383120, 3344, 2484,  12,  6, 44,  6, 40, 0x94, 0, 2, "Canon", "PowerShot A630" }, // chdk hack
warning: libraw-ffi@0.1.0:       |                                                                                              ^
warning: libraw-ffi@0.1.0: vendor/LibRaw/LibRaw-0.22.2/src/metadata/identify.cpp:346:87: warning: missing field 'offset' initializer [-Wmissing-field-initializers]
warning: libraw-ffi@0.1.0:   346 |           { 12945240, 3736, 2772,  12,  6, 52,  6, 40, 0x94, 0, 2, "Canon", "PowerShot A640" }, // chdk hack
warning: libraw-ffi@0.1.0:       |                                                                                              ^
warning: libraw-ffi@0.1.0: vendor/LibRaw/LibRaw-0.22.2/src/metadata/identify.cpp:347:90: warning: missing field 'offset' initializer [-Wmissing-field-initializers]
warning: libraw-ffi@0.1.0:   347 |           { 15636240, 4104, 3048,  48, 12, 24, 12, 40, 0x94, 0, 2, "Canon", "PowerShot A650 IS" }, // chdk hack
warning: libraw-ffi@0.1.0:       |                                                                                                 ^
warning: libraw-ffi@0.1.0: vendor/LibRaw/LibRaw-0.22.2/src/metadata/identify.cpp:348:90: warning: missing field 'offset' initializer [-Wmissing-field-initializers]
warning: libraw-ffi@0.1.0:   348 |           { 10341600, 3336, 2480,   6,  5, 32,  3, 40, 0x94, 0, 2, "Canon", "PowerShot A720 IS" }, // chdk hack
warning: libraw-ffi@0.1.0:       |                                                                                                 ^
warning: libraw-ffi@0.1.0: vendor/LibRaw/LibRaw-0.22.2/src/metadata/identify.cpp:349:91: warning: missing field 'offset' initializer [-Wmissing-field-initializers]
warning: libraw-ffi@0.1.0:   349 |           { 24724224, 4704, 3504,   8, 16, 56,  8, 40, 0x49, 0, 2, "Canon", "PowerShot A3300 IS" }, // chdk hack
warning: libraw-ffi@0.1.0:       |                                                                                                  ^
warning: libraw-ffi@0.1.0: vendor/LibRaw/LibRaw-0.22.2/src/metadata/identify.cpp:350:86: warning: missing field 'offset' initializer [-Wmissing-field-initializers]
warning: libraw-ffi@0.1.0:   350 |           { 18763488, 4104, 3048,  10, 22, 82, 22,  8, 0x49, 0, 0, "Canon", "PowerShot D10" }, // ? chdk hack ?
warning: libraw-ffi@0.1.0:       |                                                                                             ^
warning: libraw-ffi@0.1.0: vendor/LibRaw/LibRaw-0.22.2/src/metadata/identify.cpp:351:88: warning: missing field 'offset' initializer [-Wmissing-field-initializers]
warning: libraw-ffi@0.1.0:   351 |           { 19493760, 4160, 3124, 104, 12,  8, 66, 40, 0x49, 0, 2,  "Canon", "PowerShot S100" }, // chdk hack CRW
warning: libraw-ffi@0.1.0:       |                                                                                               ^
warning: libraw-ffi@0.1.0: vendor/LibRaw/LibRaw-0.22.2/src/metadata/identify.cpp:352:88: warning: missing field 'offset' initializer [-Wmissing-field-initializers]
warning: libraw-ffi@0.1.0:   352 |           {  7710960, 2888, 2136,  44,  8,  4,  0, 40, 0x94, 0, 2, "Canon", "PowerShot S3 IS" }, // chdk hack
warning: libraw-ffi@0.1.0:       |                                                                                               ^
warning: libraw-ffi@0.1.0: vendor/LibRaw/LibRaw-0.22.2/src/metadata/identify.cpp:353:88: warning: missing field 'offset' initializer [-Wmissing-field-initializers]
warning: libraw-ffi@0.1.0:   353 |           {  5298000, 2400, 1766,  12, 12, 44,  2, 40, 0x94, 0, 2, "Canon", "PowerShot SD300" }, // chdk hack
warning: libraw-ffi@0.1.0:       |                                                                                               ^
warning: libraw-ffi@0.1.0: vendor/LibRaw/LibRaw-0.22.2/src/metadata/identify.cpp:354:90: warning: missing field 'offset' initializer [-Wmissing-field-initializers]
warning: libraw-ffi@0.1.0:   354 |           { 18653760, 4080, 3048,  24, 12, 24, 12, 40, 0x94, 0, 2, "Canon", "PowerShot SX20 IS" }, // chdk hack
warning: libraw-ffi@0.1.0:       |                                                                                                 ^
warning: libraw-ffi@0.1.0: vendor/LibRaw/LibRaw-0.22.2/src/metadata/identify.cpp:355:90: warning: missing field 'offset' initializer [-Wmissing-field-initializers]
warning: libraw-ffi@0.1.0:   355 |           { 21936096, 4464, 3276,  25, 10, 73, 12, 40, 0x16, 0, 2, "Canon", "PowerShot SX30 IS" }, // chdk hack
warning: libraw-ffi@0.1.0:       |                                                                                                 ^
warning: libraw-ffi@0.1.0: vendor/LibRaw/LibRaw-0.22.2/src/metadata/identify.cpp:356:90: warning: missing field 'offset' initializer [-Wmissing-field-initializers]
warning: libraw-ffi@0.1.0:   356 |           { 19167840, 4176, 3060,  96, 16,  8,  0, 40, 0x94, 0, 2, "Canon", "PowerShot SX40 HS" }, // chdk hack CR2
warning: libraw-ffi@0.1.0:       |                                                                                                 ^
warning: libraw-ffi@0.1.0: vendor/LibRaw/LibRaw-0.22.2/src/metadata/identify.cpp:357:91: warning: missing field 'offset' initializer [-Wmissing-field-initializers]
warning: libraw-ffi@0.1.0:   357 |           { 15467760, 3720, 2772,   6, 12, 30,  0, 40, 0x94, 0, 2, "Canon", "PowerShot SX110 IS" }, // chdk hack
warning: libraw-ffi@0.1.0:       |                                                                                                  ^
warning: libraw-ffi@0.1.0: vendor/LibRaw/LibRaw-0.22.2/src/metadata/identify.cpp:358:91: warning: missing field 'offset' initializer [-Wmissing-field-initializers]
warning: libraw-ffi@0.1.0:   358 |           { 15534576, 3728, 2778,  12,  9, 44,  9, 40, 0x94, 0, 2, "Canon", "PowerShot SX120 IS" }, // chdk hack
warning: libraw-ffi@0.1.0:       |                                                                                                  ^
warning: libraw-ffi@0.1.0: vendor/LibRaw/LibRaw-0.22.2/src/metadata/identify.cpp:359:91: warning: missing field 'offset' initializer [-Wmissing-field-initializers]
warning: libraw-ffi@0.1.0:   359 |           { 19131120, 4168, 3060,  92, 16,  4,  1, 40, 0x94, 0, 2, "Canon", "PowerShot SX220 HS" }, // chdk hack
warning: libraw-ffi@0.1.0:       |                                                                                                  ^
warning: libraw-ffi@0.1.0: vendor/LibRaw/LibRaw-0.22.2/src/metadata/identify.cpp:360:91: warning: missing field 'offset' initializer [-Wmissing-field-initializers]
warning: libraw-ffi@0.1.0:   360 |           { 31663200, 5344, 3950,  96, 18,  0,  0, 40, 0x94, 0, 2, "Canon", "PowerShot SX710 HS" }, // chdk hack
warning: libraw-ffi@0.1.0:       |                                                                                                  ^
warning: libraw-ffi@0.1.0: vendor/LibRaw/LibRaw-0.22.2/src/metadata/identify.cpp:361:81: warning: missing field 'offset' initializer [-Wmissing-field-initializers]
warning: libraw-ffi@0.1.0:   361 |           { 30858240, 5248, 3920,   8, 16, 56, 16, 40, 0x94, 0, 2, "Canon", "IXUS 160" }, // chdk hack
warning: libraw-ffi@0.1.0:       |                                                                                        ^
warning: libraw-ffi@0.1.0: vendor/LibRaw/LibRaw-0.22.2/src/metadata/identify.cpp:362:82: warning: missing field 'offset' initializer [-Wmissing-field-initializers]
warning: libraw-ffi@0.1.0:   362 |           {  1976352, 1632, 1211,   0,  2,  0,  1,  0, 0x94, 0, 1, "Casio", "QV-2000UX" },
warning: libraw-ffi@0.1.0:       |                                                                                         ^
warning: libraw-ffi@0.1.0: vendor/LibRaw/LibRaw-0.22.2/src/metadata/identify.cpp:363:82: warning: missing field 'offset' initializer [-Wmissing-field-initializers]
warning: libraw-ffi@0.1.0:   363 |           {  3217760, 2080, 1547,   0,  0, 10,  1,  0, 0x94, 0, 1, "Casio", "QV-3*00EX" },
warning: libraw-ffi@0.1.0:       |                                                                                         ^
warning: libraw-ffi@0.1.0: vendor/LibRaw/LibRaw-0.22.2/src/metadata/identify.cpp:364:80: warning: missing field 'offset' initializer [-Wmissing-field-initializers]
warning: libraw-ffi@0.1.0:   364 |           {  6218368, 2585, 1924,   0,  0,  9,  0,  0, 0x94, 0, 1, "Casio", "QV-5700" },
warning: libraw-ffi@0.1.0:       |                                                                                       ^
warning: libraw-ffi@0.1.0: vendor/LibRaw/LibRaw-0.22.2/src/metadata/identify.cpp:365:79: warning: missing field 'offset' initializer [-Wmissing-field-initializers]
warning: libraw-ffi@0.1.0:   365 |           {  7816704, 2867, 2181,   0,  0, 34, 36,  0, 0x16, 0, 1, "Casio", "EX-Z60" },
warning: libraw-ffi@0.1.0:       |                                                                                      ^
warning: libraw-ffi@0.1.0: vendor/LibRaw/LibRaw-0.22.2/src/metadata/identify.cpp:366:80: warning: missing field 'offset' initializer [-Wmissing-field-initializers]
warning: libraw-ffi@0.1.0:   366 |           {  2937856, 1621, 1208,   0,  0,  1,  0,  0, 0x94, 7, 13, "Casio", "EX-S20" },
warning: libraw-ffi@0.1.0:       |                                                                                       ^
warning: libraw-ffi@0.1.0: vendor/LibRaw/LibRaw-0.22.2/src/metadata/identify.cpp:367:80: warning: missing field 'offset' initializer [-Wmissing-field-initializers]
warning: libraw-ffi@0.1.0:   367 |           {  4948608, 2090, 1578,   0,  0, 32, 34,  0, 0x94, 7, 1, "Casio", "EX-S100" },
warning: libraw-ffi@0.1.0:       |                                                                                       ^
warning: libraw-ffi@0.1.0: vendor/LibRaw/LibRaw-0.22.2/src/metadata/identify.cpp:368:79: warning: missing field 'offset' initializer [-Wmissing-field-initializers]
warning: libraw-ffi@0.1.0:   368 |           {  6054400, 2346, 1720,   2,  0, 32,  0,  0, 0x94, 7, 1, "Casio", "QV-R41" },
warning: libraw-ffi@0.1.0:       |                                                                                      ^
warning: libraw-ffi@0.1.0: vendor/LibRaw/LibRaw-0.22.2/src/metadata/identify.cpp:369:80: warning: missing field 'offset' initializer [-Wmissing-field-initializers]
warning: libraw-ffi@0.1.0:   369 |           {  7426656, 2568, 1928,   0,  0,  0,  0,  0, 0x94, 0, 1, "Casio", "EX-P505" },
warning: libraw-ffi@0.1.0:       |                                                                                       ^
warning: libraw-ffi@0.1.0: vendor/LibRaw/LibRaw-0.22.2/src/metadata/identify.cpp:370:79: warning: missing field 'offset' initializer [-Wmissing-field-initializers]
warning: libraw-ffi@0.1.0:   370 |           {  7530816, 2602, 1929,   0,  0, 22,  0,  0, 0x94, 7, 1, "Casio", "QV-R51" },
warning: libraw-ffi@0.1.0:       |                                                                                      ^
warning: libraw-ffi@0.1.0: vendor/LibRaw/LibRaw-0.22.2/src/metadata/identify.cpp:371:79: warning: missing field 'offset' initializer [-Wmissing-field-initializers]
warning: libraw-ffi@0.1.0:   371 |           {  7542528, 2602, 1932,   0,  0, 32,  0,  0, 0x94, 7, 1, "Casio", "EX-Z50" },
warning: libraw-ffi@0.1.0:       |                                                                                      ^
warning: libraw-ffi@0.1.0: vendor/LibRaw/LibRaw-0.22.2/src/metadata/identify.cpp:372:80: warning: missing field 'offset' initializer [-Wmissing-field-initializers]
warning: libraw-ffi@0.1.0:   372 |           {  7562048, 2602, 1937,   0,  0, 25,  0,  0, 0x16, 7, 1, "Casio", "EX-Z500" },
warning: libraw-ffi@0.1.0:       |                                                                                       ^
warning: libraw-ffi@0.1.0: vendor/LibRaw/LibRaw-0.22.2/src/metadata/identify.cpp:373:79: warning: missing field 'offset' initializer [-Wmissing-field-initializers]
warning: libraw-ffi@0.1.0:   373 |           {  7753344, 2602, 1986,   0,  0, 32, 26,  0, 0x94, 7, 1, "Casio", "EX-Z55" },
warning: libraw-ffi@0.1.0:       |                                                                                      ^
warning: libraw-ffi@0.1.0: vendor/LibRaw/LibRaw-0.22.2/src/metadata/identify.cpp:374:80: warning: missing field 'offset' initializer [-Wmissing-field-initializers]
warning: libraw-ffi@0.1.0:   374 |           {  9313536, 2858, 2172,   0,  0, 14, 30,  0, 0x94, 7, 1, "Casio", "EX-P600" },
warning: libraw-ffi@0.1.0:       |                                                                                       ^
warning: libraw-ffi@0.1.0: vendor/LibRaw/LibRaw-0.22.2/src/metadata/identify.cpp:375:80: warning: missing field 'offset' initializer [-Wmissing-field-initializers]
warning: libraw-ffi@0.1.0:   375 |           { 10834368, 3114, 2319,   0,  0, 27,  0,  0, 0x94, 0, 1, "Casio", "EX-Z750" },
warning: libraw-ffi@0.1.0:       |                                                                                       ^
warning: libraw-ffi@0.1.0: vendor/LibRaw/LibRaw-0.22.2/src/metadata/identify.cpp:376:79: warning: missing field 'offset' initializer [-Wmissing-field-initializers]
warning: libraw-ffi@0.1.0:   376 |           { 10843712, 3114, 2321,   0,  0, 25,  0,  0, 0x94, 0, 1, "Casio", "EX-Z75" },
warning: libraw-ffi@0.1.0:       |                                                                                      ^
warning: libraw-ffi@0.1.0: vendor/LibRaw/LibRaw-0.22.2/src/metadata/identify.cpp:377:80: warning: missing field 'offset' initializer [-Wmissing-field-initializers]
warning: libraw-ffi@0.1.0:   377 |           { 10979200, 3114, 2350,   0,  0, 32, 32,  0, 0x94, 7, 1, "Casio", "EX-P700" },
warning: libraw-ffi@0.1.0:       |                                                                                       ^
warning: libraw-ffi@0.1.0: vendor/LibRaw/LibRaw-0.22.2/src/metadata/identify.cpp:378:80: warning: missing field 'offset' initializer [-Wmissing-field-initializers]
warning: libraw-ffi@0.1.0:   378 |           { 12310144, 3285, 2498,   0,  0,  6, 30,  0, 0x94, 0, 1, "Casio", "EX-Z850" },
warning: libraw-ffi@0.1.0:       |                                                                                       ^
warning: libraw-ffi@0.1.0: vendor/LibRaw/LibRaw-0.22.2/src/metadata/identify.cpp:379:78: warning: missing field 'offset' initializer [-Wmissing-field-initializers]
warning: libraw-ffi@0.1.0:   379 |           { 12489984, 3328, 2502,   0,  0, 47, 35,  0, 0x94, 0, 1, "Casio", "EX-Z8" },
warning: libraw-ffi@0.1.0:       |                                                                                     ^
warning: libraw-ffi@0.1.0: vendor/LibRaw/LibRaw-0.22.2/src/metadata/identify.cpp:380:81: warning: missing field 'offset' initializer [-Wmissing-field-initializers]
warning: libraw-ffi@0.1.0:   380 |           { 15499264, 3754, 2752,   0,  0, 82,  0,  0, 0x94, 0, 1, "Casio", "EX-Z1050" },
warning: libraw-ffi@0.1.0:       |                                                                                        ^
warning: libraw-ffi@0.1.0: vendor/LibRaw/LibRaw-0.22.2/src/metadata/identify.cpp:381:81: warning: missing field 'offset' initializer [-Wmissing-field-initializers]
warning: libraw-ffi@0.1.0:   381 |           { 18702336, 4096, 3044,   0,  0, 24,  0, 80, 0x94, 7, 1, "Casio", "EX-ZR100" },
warning: libraw-ffi@0.1.0:       |                                                                                        ^
warning: libraw-ffi@0.1.0: vendor/LibRaw/LibRaw-0.22.2/src/metadata/identify.cpp:382:80: warning: missing field 'offset' initializer [-Wmissing-field-initializers]
warning: libraw-ffi@0.1.0:   382 |           {  7684000, 2260, 1700,   0,  0,  0,  0, 13, 0x94, 0, 1, "Casio", "QV-4000" },
warning: libraw-ffi@0.1.0:       |                                                                                       ^
warning: libraw-ffi@0.1.0: vendor/LibRaw/LibRaw-0.22.2/src/metadata/identify.cpp:383:86: warning: missing field 'offset' initializer [-Wmissing-field-initializers]
warning: libraw-ffi@0.1.0:   383 |           {   787456, 1024,  769,   0,  1,  0,  0,  0, 0x49, 0, 0, "Creative", "PC-CAM 600" },
warning: libraw-ffi@0.1.0:       |                                                                                             ^
warning: libraw-ffi@0.1.0: vendor/LibRaw/LibRaw-0.22.2/src/metadata/identify.cpp:384:67: warning: missing field 't_model' initializer [-Wmissing-field-initializers]
warning: libraw-ffi@0.1.0:   384 |           { 28829184, 4384, 3288,   0,  0,  0,  0, 36, 0x61, 0, 0, "DJI" },
warning: libraw-ffi@0.1.0:       |                                                                          ^
warning: libraw-ffi@0.1.0: vendor/LibRaw/LibRaw-0.22.2/src/metadata/identify.cpp:385:70: warning: missing field 't_model' initializer [-Wmissing-field-initializers]
warning: libraw-ffi@0.1.0:   385 |           { 15151104, 4608, 3288,   0,  0,  0,  0,  0, 0x94, 0, 0, "Matrix" },
warning: libraw-ffi@0.1.0:       |                                                                             ^
warning: libraw-ffi@0.1.0: vendor/LibRaw/LibRaw-0.22.2/src/metadata/identify.cpp:386:79: warning: missing field 'offset' initializer [-Wmissing-field-initializers]
warning: libraw-ffi@0.1.0:   386 |           {  3840000, 1600, 1200,   0,  0,  0,  0, 65, 0x49, 0, 0, "Foculus", "531C" },
warning: libraw-ffi@0.1.0:       |                                                                                      ^
warning: libraw-ffi@0.1.0: vendor/LibRaw/LibRaw-0.22.2/src/metadata/identify.cpp:387:71: warning: missing field 't_model' initializer [-Wmissing-field-initializers]
warning: libraw-ffi@0.1.0:   387 |           {   307200,  640,  480,   0,  0,  0,  0,  0, 0x94, 0, 0, "Generic" },
warning: libraw-ffi@0.1.0:       |                                                                              ^
warning: libraw-ffi@0.1.0: vendor/LibRaw/LibRaw-0.22.2/src/metadata/identify.cpp:388:77: warning: missing field 'offset' initializer [-Wmissing-field-initializers]
warning: libraw-ffi@0.1.0:   388 |           {    62464,  256,  244,   1,  1,  6,  1,  0, 0x8d, 0, 0, "Kodak", "DC20" },
warning: libraw-ffi@0.1.0:       |                                                                                    ^
warning: libraw-ffi@0.1.0: vendor/LibRaw/LibRaw-0.22.2/src/metadata/identify.cpp:389:77: warning: missing field 'offset' initializer [-Wmissing-field-initializers]
warning: libraw-ffi@0.1.0:   389 |           {   124928,  512,  244,   1,  1, 10,  1,  0, 0x8d, 0, 0, "Kodak", "DC20" },
warning: libraw-ffi@0.1.0:       |                                                                                    ^
warning: libraw-ffi@0.1.0: vendor/LibRaw/LibRaw-0.22.2/src/metadata/identify.cpp:390:79: warning: missing field 'offset' initializer [-Wmissing-field-initializers]
warning: libraw-ffi@0.1.0:   390 |           {  1652736, 1536, 1076,   0, 52,  0,  0,  0, 0x61, 0, 0, "Kodak", "DCS200" },
warning: libraw-ffi@0.1.0:       |                                                                                      ^
warning: libraw-ffi@0.1.0: vendor/LibRaw/LibRaw-0.22.2/src/metadata/identify.cpp:391:77: warning: missing field 'offset' initializer [-Wmissing-field-initializers]
warning: libraw-ffi@0.1.0:   391 |           {  4159302, 2338, 1779,   1, 33,  1,  2,  0, 0x94, 0, 0, "Kodak", "C330" },
warning: libraw-ffi@0.1.0:       |                                                                                    ^
warning: libraw-ffi@0.1.0: vendor/LibRaw/LibRaw-0.22.2/src/metadata/identify.cpp:393:77: warning: missing field 'offset' initializer [-Wmissing-field-initializers]
warning: libraw-ffi@0.1.0:   393 |           {  2247168, 1232,  912,   0,  0, 16,  0,  0, 0x00, 0, 0, "Kodak", "C330" },
warning: libraw-ffi@0.1.0:       |                                                                                    ^
warning: libraw-ffi@0.1.0: vendor/LibRaw/LibRaw-0.22.2/src/metadata/identify.cpp:394:77: warning: missing field 'offset' initializer [-Wmissing-field-initializers]
warning: libraw-ffi@0.1.0:   394 |           {  3370752, 1232,  912,   0,  0, 16,  0,  0, 0x00, 0, 0, "Kodak", "C330" },
warning: libraw-ffi@0.1.0:       |                                                                                    ^
warning: libraw-ffi@0.1.0: vendor/LibRaw/LibRaw-0.22.2/src/metadata/identify.cpp:395:77: warning: missing field 'offset' initializer [-Wmissing-field-initializers]
warning: libraw-ffi@0.1.0:   395 |           {  6163328, 2864, 2152,   0,  0,  0,  0,  0, 0x94, 0, 0, "Kodak", "C603" },
warning: libraw-ffi@0.1.0:       |                                                                                    ^
warning: libraw-ffi@0.1.0: vendor/LibRaw/LibRaw-0.22.2/src/metadata/identify.cpp:397:77: warning: missing field 'offset' initializer [-Wmissing-field-initializers]
warning: libraw-ffi@0.1.0:   397 |           {   460800,  640,  480,   0,  0,  0,  0,  0, 0x00, 0, 0, "Kodak", "C603" },
warning: libraw-ffi@0.1.0:       |                                                                                    ^
warning: libraw-ffi@0.1.0: vendor/LibRaw/LibRaw-0.22.2/src/metadata/identify.cpp:398:77: warning: missing field 'offset' initializer [-Wmissing-field-initializers]
warning: libraw-ffi@0.1.0:   398 |           {  9116448, 2848, 2134,   0,  0,  0,  0,  0, 0x00, 0, 0, "Kodak", "C603" },
warning: libraw-ffi@0.1.0:       |                                                                                    ^
warning: libraw-ffi@0.1.0: vendor/LibRaw/LibRaw-0.22.2/src/metadata/identify.cpp:399:77: warning: missing field 'offset' initializer [-Wmissing-field-initializers]
warning: libraw-ffi@0.1.0:   399 |           { 12241200, 4040, 3030,   2,  0,  0, 13,  0, 0x49, 0, 0, "Kodak", "12MP" },
warning: libraw-ffi@0.1.0:       |                                                                                    ^
warning: libraw-ffi@0.1.0: vendor/LibRaw/LibRaw-0.22.2/src/metadata/identify.cpp:401:77: warning: missing field 'offset' initializer [-Wmissing-field-initializers]
warning: libraw-ffi@0.1.0:   401 |           { 18000000, 4000, 3000,   0,  0,  0,  0,  0, 0x00, 0, 0, "Kodak", "12MP" },
warning: libraw-ffi@0.1.0:       |                                                                                    ^
warning: libraw-ffi@0.1.0: vendor/LibRaw/LibRaw-0.22.2/src/metadata/identify.cpp:402:81: warning: missing field 'offset' initializer [-Wmissing-field-initializers]
warning: libraw-ffi@0.1.0:   402 |           {   614400,  640,  480,   0,  3,  0,  0, 64, 0x94, 0, 0, "Kodak", "KAI-0340" },
warning: libraw-ffi@0.1.0:       |                                                                                        ^
warning: libraw-ffi@0.1.0: vendor/LibRaw/LibRaw-0.22.2/src/metadata/identify.cpp:403:78: warning: missing field 'offset' initializer [-Wmissing-field-initializers]
warning: libraw-ffi@0.1.0:   403 |           { 15360000, 3200, 2400,   0,  0,  0,  0, 96, 0x16, 0, 0, "Lenovo", "A820" },
warning: libraw-ffi@0.1.0:       |                                                                                     ^
warning: libraw-ffi@0.1.0: vendor/LibRaw/LibRaw-0.22.2/src/metadata/identify.cpp:406:77: warning: missing field 'offset' initializer [-Wmissing-field-initializers]
warning: libraw-ffi@0.1.0:   406 |           {  1581060, 1305,  969,   0,  0, 18,  6,  6, 0x1e, 4, 1, "Nikon", "E900" }, // "diag raw" hack
warning: libraw-ffi@0.1.0:       |                                                                                    ^
warning: libraw-ffi@0.1.0: vendor/LibRaw/LibRaw-0.22.2/src/metadata/identify.cpp:407:77: warning: missing field 'offset' initializer [-Wmissing-field-initializers]
warning: libraw-ffi@0.1.0:   407 |           {  2465792, 1638, 1204,   0,  0, 22,  1,  6, 0x4b, 5, 1, "Nikon", "E950" }, // "diag raw" hack; possibly also Nikon E700, E800, E775;
warning: libraw-ffi@0.1.0:       |                                                                                    ^
warning: libraw-ffi@0.1.0: vendor/LibRaw/LibRaw-0.22.2/src/metadata/identify.cpp:409:78: warning: missing field 'offset' initializer [-Wmissing-field-initializers]
warning: libraw-ffi@0.1.0:   409 |           {  2940928, 1616, 1213,   0,  0,  0,  7, 30, 0x94, 0, 1, "Nikon", "E2100" }, // "diag raw" hack; also Nikon E2500
warning: libraw-ffi@0.1.0:       |                                                                                     ^
warning: libraw-ffi@0.1.0: vendor/LibRaw/LibRaw-0.22.2/src/metadata/identify.cpp:410:77: warning: missing field 'offset' initializer [-Wmissing-field-initializers]
warning: libraw-ffi@0.1.0:   410 |           {  4771840, 2064, 1541,   0,  0,  0,  1,  6, 0xe1, 0, 1, "Nikon", "E990" }, // "diag raw" hack; possibly also Nikon E880, E885, E995;
warning: libraw-ffi@0.1.0:       |                                                                                    ^
warning: libraw-ffi@0.1.0: vendor/LibRaw/LibRaw-0.22.2/src/metadata/identify.cpp:412:78: warning: missing field 'offset' initializer [-Wmissing-field-initializers]
warning: libraw-ffi@0.1.0:   412 |           {  4775936, 2064, 1542,   0,  0,  0,  0, 30, 0x94, 0, 1, "Nikon", "E3700" }, // "diag raw" hack; Nikon E3100, E3200, E3500;
warning: libraw-ffi@0.1.0:       |                                                                                     ^
warning: libraw-ffi@0.1.0: vendor/LibRaw/LibRaw-0.22.2/src/metadata/identify.cpp:414:78: warning: missing field 'offset' initializer [-Wmissing-field-initializers]
warning: libraw-ffi@0.1.0:   414 |           {  5865472, 2288, 1709,   0,  0,  0,  1,  6, 0xb4, 0, 1, "Nikon", "E4500" }, // "diag raw" hack; possibly also Olympus C-4040Z
warning: libraw-ffi@0.1.0:       |                                                                                     ^
warning: libraw-ffi@0.1.0: vendor/LibRaw/LibRaw-0.22.2/src/metadata/identify.cpp:415:78: warning: missing field 'offset' initializer [-Wmissing-field-initializers]
warning: libraw-ffi@0.1.0:   415 |           {  5869568, 2288, 1710,   0,  0,  0,  0,  6, 0x16, 0, 1, "Nikon", "E4300" }, // "diag raw" hack; also Minolta "DiMAGE Z2"
warning: libraw-ffi@0.1.0:       |                                                                                     ^
warning: libraw-ffi@0.1.0: vendor/LibRaw/LibRaw-0.22.2/src/metadata/identify.cpp:416:78: warning: missing field 'offset' initializer [-Wmissing-field-initializers]
warning: libraw-ffi@0.1.0:   416 |           {  7438336, 2576, 1925,   0,  0,  0,  1,  6, 0xb4, 0, 1, "Nikon", "E5000" }, // also Nikon E5700
warning: libraw-ffi@0.1.0:       |                                                                                     ^
warning: libraw-ffi@0.1.0: vendor/LibRaw/LibRaw-0.22.2/src/metadata/identify.cpp:417:83: warning: missing field 'offset' initializer [-Wmissing-field-initializers]
warning: libraw-ffi@0.1.0:   417 |           {  8998912, 2832, 2118,   0,  0,  0,  0, 30, 0x94, 7, 1, "Nikon", "COOLPIX S6" }, // "diag raw" hack
warning: libraw-ffi@0.1.0:       |                                                                                          ^
warning: libraw-ffi@0.1.0: vendor/LibRaw/LibRaw-0.22.2/src/metadata/identify.cpp:418:82: warning: missing field 'offset' initializer [-Wmissing-field-initializers]
warning: libraw-ffi@0.1.0:   418 |           {  5939200, 2304, 1718,   0,  0,  0,  0, 30, 0x16, 0, 0, "Olympus", "C-770UZ" }, // possibly also Olympus C-4100Z, C-765UZ
warning: libraw-ffi@0.1.0:       |                                                                                         ^
warning: libraw-ffi@0.1.0: vendor/LibRaw/LibRaw-0.22.2/src/metadata/identify.cpp:419:87: warning: missing field 'offset' initializer [-Wmissing-field-initializers]
warning: libraw-ffi@0.1.0:   419 |           {  3178560, 2064, 1540,   0,  0,  0,  0,  0, 0x94, 0, 1, "Pentax", "Optio S V1.01" },
warning: libraw-ffi@0.1.0:       |                                                                                              ^
warning: libraw-ffi@0.1.0: vendor/LibRaw/LibRaw-0.22.2/src/metadata/identify.cpp:420:81: warning: missing field 'offset' initializer [-Wmissing-field-initializers]
warning: libraw-ffi@0.1.0:   420 |           {  4841984, 2090, 1544,   0,  0, 22,  0,  0, 0x94, 7, 1, "Pentax", "Optio S" },
warning: libraw-ffi@0.1.0:       |                                                                                        ^
warning: libraw-ffi@0.1.0: vendor/LibRaw/LibRaw-0.22.2/src/metadata/identify.cpp:421:82: warning: missing field 'offset' initializer [-Wmissing-field-initializers]
warning: libraw-ffi@0.1.0:   421 |           {  6114240, 2346, 1737,   0,  0, 22,  0,  0, 0x94, 7, 1, "Pentax", "Optio S4" },
warning: libraw-ffi@0.1.0:       |                                                                                         ^
warning: libraw-ffi@0.1.0: vendor/LibRaw/LibRaw-0.22.2/src/metadata/identify.cpp:422:84: warning: missing field 'offset' initializer [-Wmissing-field-initializers]
warning: libraw-ffi@0.1.0:   422 |           { 10702848, 3072, 2322,   0,  0,  0, 21, 30, 0x94, 0, 1, "Pentax", "Optio 750Z" },
warning: libraw-ffi@0.1.0:       |                                                                                           ^
warning: libraw-ffi@0.1.0: vendor/LibRaw/LibRaw-0.22.2/src/metadata/identify.cpp:423:81: warning: missing field 'offset' initializer [-Wmissing-field-initializers]
warning: libraw-ffi@0.1.0:   423 |           {  4147200, 1920, 1080,   0,  0,  0,  0,  0, 0x49, 0, 0, "Photron", "BC2-HD" },
warning: libraw-ffi@0.1.0:       |                                                                                        ^
warning: libraw-ffi@0.1.0: vendor/LibRaw/LibRaw-0.22.2/src/metadata/identify.cpp:425:80: warning: missing field 'offset' initializer [-Wmissing-field-initializers]
warning: libraw-ffi@0.1.0:   425 |           { 13248000, 2208, 3000,   0,  0,  0,  0, 13, 0x61, 0, 0, "Pixelink", "A782" },
warning: libraw-ffi@0.1.0:       |                                                                                       ^
warning: libraw-ffi@0.1.0: vendor/LibRaw/LibRaw-0.22.2/src/metadata/identify.cpp:426:83: warning: missing field 'offset' initializer [-Wmissing-field-initializers]
warning: libraw-ffi@0.1.0:   426 |           {  6291456, 2048, 1536,   0,  0,  0,  0, 96, 0x61, 0, 0, "RoverShot", "3320AF" },
warning: libraw-ffi@0.1.0:       |                                                                                          ^
warning: libraw-ffi@0.1.0: vendor/LibRaw/LibRaw-0.22.2/src/metadata/identify.cpp:427:86: warning: missing field 'offset' initializer [-Wmissing-field-initializers]
warning: libraw-ffi@0.1.0:   427 |           {   311696,  644,  484,   0,  0,  0,  0,  0, 0x16, 0, 8, "ST Micro", "STV680 VGA" },
warning: libraw-ffi@0.1.0:       |                                                                                             ^
warning: libraw-ffi@0.1.0: vendor/LibRaw/LibRaw-0.22.2/src/metadata/identify.cpp:428:78: warning: missing field 'offset' initializer [-Wmissing-field-initializers]
warning: libraw-ffi@0.1.0:   428 |           { 16098048, 3288, 2448,   0,  0, 24,  0,  9, 0x94, 0, 1, "Samsung", "S85" }, // hack
warning: libraw-ffi@0.1.0:       |                                                                                     ^
warning: libraw-ffi@0.1.0: vendor/LibRaw/LibRaw-0.22.2/src/metadata/identify.cpp:429:78: warning: missing field 'offset' initializer [-Wmissing-field-initializers]
warning: libraw-ffi@0.1.0:   429 |           { 16215552, 3312, 2448,   0,  0, 48,  0,  9, 0x94, 0, 1, "Samsung", "S85" }, // hack
warning: libraw-ffi@0.1.0:       |                                                                                     ^
warning: libraw-ffi@0.1.0: vendor/LibRaw/LibRaw-0.22.2/src/metadata/identify.cpp:430:80: warning: missing field 'offset' initializer [-Wmissing-field-initializers]
warning: libraw-ffi@0.1.0:   430 |           { 20487168, 3648, 2808,   0,  0,  0,  0, 13, 0x94, 5, 1, "Samsung", "WB550" },
warning: libraw-ffi@0.1.0:       |                                                                                       ^
warning: libraw-ffi@0.1.0: vendor/LibRaw/LibRaw-0.22.2/src/metadata/identify.cpp:431:80: warning: missing field 'offset' initializer [-Wmissing-field-initializers]
warning: libraw-ffi@0.1.0:   431 |           { 24000000, 4000, 3000,   0,  0,  0,  0, 13, 0x94, 5, 1, "Samsung", "WB550" },
warning: libraw-ffi@0.1.0:       |                                                                                       ^
warning: libraw-ffi@0.1.0: vendor/LibRaw/LibRaw-0.22.2/src/metadata/identify.cpp:435:83: warning: missing field 'offset' initializer [-Wmissing-field-initializers]
warning: libraw-ffi@0.1.0:   435 |           {  1409024, 1376, 1024,   0,  0,  1,  0,  0, 0x49, 0, 0, "Sony", "XCD-SX910CR" },
warning: libraw-ffi@0.1.0:       |                                                                                          ^
warning: libraw-ffi@0.1.0: vendor/LibRaw/LibRaw-0.22.2/src/metadata/identify.cpp:436:83: warning: missing field 'offset' initializer [-Wmissing-field-initializers]
warning: libraw-ffi@0.1.0:   436 |           {  2818048, 1376, 1024,   0,  0,  1,  0, 97, 0x49, 0, 0, "Sony", "XCD-SX910CR" },
warning: libraw-ffi@0.1.0:       |                                                                                          ^
warning: libraw-ffi@0.1.0: vendor/LibRaw/LibRaw-0.22.2/src/metadata/identify.cpp:1124:5: warning: 'sprintf' is deprecated: This function is provided for compatibility reasons only.  Due to security concerns inherent in the design of sprintf(3), it is highly recommended that you use snprintf(3) instead. [-Wdeprecated-declarations]
warning: libraw-ffi@0.1.0:  1124 |     sprintf(model, "%dx%d", width, height);
warning: libraw-ffi@0.1.0:       |     ^
warning: libraw-ffi@0.1.0: /Applications/Xcode.app/Contents/Developer/Platforms/MacOSX.platform/Developer/SDKs/MacOSX.sdk/usr/include/_stdio.h:278:1: note: 'sprintf' has been explicitly marked deprecated here
warning: libraw-ffi@0.1.0:   278 | __deprecated_msg("This function is provided for compatibility reasons only.  Due to security concerns inherent in the design of sprintf(3), it is highly recommended that you use snprintf(3) instead.")
warning: libraw-ffi@0.1.0:       | ^
warning: libraw-ffi@0.1.0: /Applications/Xcode.app/Contents/Developer/Platforms/MacOSX.platform/Developer/SDKs/MacOSX.sdk/usr/include/sys/cdefs.h:227:48: note: expanded from macro '__deprecated_msg'
warning: libraw-ffi@0.1.0:   227 |         #define __deprecated_msg(_msg) __attribute__((__deprecated__(_msg)))
warning: libraw-ffi@0.1.0:       |                                                       ^
warning: libraw-ffi@0.1.0: vendor/LibRaw/LibRaw-0.22.2/src/metadata/identify.cpp:2292:5: warning: comparison of integers of different signs: 'int' and 'unsigned int' [-Wsign-compare]
warning: libraw-ffi@0.1.0:  2292 |                                 FORC(MIN(cblack[4] * cblack[5], LIBRAW_CBLACK_SIZE - 6)) cblack[c] *= 4;
warning: libraw-ffi@0.1.0:       |                                 ^~~~~~~~~~~~~~~~~~~~~~~~~~~~~~~~~~~~~~~~~~~~~~~~~~~~~~~~
warning: libraw-ffi@0.1.0: vendor/LibRaw/LibRaw-0.22.2/internal/defines.h:94:33: note: expanded from macro 'FORC'
warning: libraw-ffi@0.1.0:    94 | #define FORC(cnt) for (c = 0; c < cnt; c++)
warning: libraw-ffi@0.1.0:       |                               ~ ^ ~~~
warning: libraw-ffi@0.1.0: 136 warnings generated.
warning: libraw-ffi@0.1.0: vendor/LibRaw/LibRaw-0.22.2/src/metadata/sony.cpp:785:5: warning: 'sprintf' is deprecated: This function is provided for compatibility reasons only.  Due to security concerns inherent in the design of sprintf(3), it is highly recommended that you use snprintf(3) instead. [-Wdeprecated-declarations]
warning: libraw-ffi@0.1.0:   785 |     sprintf(imgdata.shootinginfo.InternalBodySerial, "%06llx",
warning: libraw-ffi@0.1.0:       |     ^
warning: libraw-ffi@0.1.0: /Applications/Xcode.app/Contents/Developer/Platforms/MacOSX.platform/Developer/SDKs/MacOSX.sdk/usr/include/_stdio.h:278:1: note: 'sprintf' has been explicitly marked deprecated here
warning: libraw-ffi@0.1.0:   278 | __deprecated_msg("This function is provided for compatibility reasons only.  Due to security concerns inherent in the design of sprintf(3), it is highly recommended that you use snprintf(3) instead.")
warning: libraw-ffi@0.1.0:       | ^
warning: libraw-ffi@0.1.0: /Applications/Xcode.app/Contents/Developer/Platforms/MacOSX.platform/Developer/SDKs/MacOSX.sdk/usr/include/sys/cdefs.h:227:48: note: expanded from macro '__deprecated_msg'
warning: libraw-ffi@0.1.0:   227 |         #define __deprecated_msg(_msg) __attribute__((__deprecated__(_msg)))
warning: libraw-ffi@0.1.0:       |                                                       ^
warning: libraw-ffi@0.1.0: vendor/LibRaw/LibRaw-0.22.2/src/metadata/sony.cpp:797:5: warning: 'sprintf' is deprecated: This function is provided for compatibility reasons only.  Due to security concerns inherent in the design of sprintf(3), it is highly recommended that you use snprintf(3) instead. [-Wdeprecated-declarations]
warning: libraw-ffi@0.1.0:   797 |     sprintf(imgdata.shootinginfo.InternalBodySerial, "%06llx",
warning: libraw-ffi@0.1.0:       |     ^
warning: libraw-ffi@0.1.0: /Applications/Xcode.app/Contents/Developer/Platforms/MacOSX.platform/Developer/SDKs/MacOSX.sdk/usr/include/_stdio.h:278:1: note: 'sprintf' has been explicitly marked deprecated here
warning: libraw-ffi@0.1.0:   278 | __deprecated_msg("This function is provided for compatibility reasons only.  Due to security concerns inherent in the design of sprintf(3), it is highly recommended that you use snprintf(3) instead.")
warning: libraw-ffi@0.1.0:       | ^
warning: libraw-ffi@0.1.0: /Applications/Xcode.app/Contents/Developer/Platforms/MacOSX.platform/Developer/SDKs/MacOSX.sdk/usr/include/sys/cdefs.h:227:48: note: expanded from macro '__deprecated_msg'
warning: libraw-ffi@0.1.0:   227 |         #define __deprecated_msg(_msg) __attribute__((__deprecated__(_msg)))
warning: libraw-ffi@0.1.0:       |                                                       ^
warning: libraw-ffi@0.1.0: vendor/LibRaw/LibRaw-0.22.2/src/metadata/sony.cpp:810:7: warning: 'sprintf' is deprecated: This function is provided for compatibility reasons only.  Due to security concerns inherent in the design of sprintf(3), it is highly recommended that you use snprintf(3) instead. [-Wdeprecated-declarations]
warning: libraw-ffi@0.1.0:   810 |       sprintf(imgdata.shootinginfo.InternalBodySerial, "%04x",
warning: libraw-ffi@0.1.0:       |       ^
warning: libraw-ffi@0.1.0: /Applications/Xcode.app/Contents/Developer/Platforms/MacOSX.platform/Developer/SDKs/MacOSX.sdk/usr/include/_stdio.h:278:1: note: 'sprintf' has been explicitly marked deprecated here
warning: libraw-ffi@0.1.0:   278 | __deprecated_msg("This function is provided for compatibility reasons only.  Due to security concerns inherent in the design of sprintf(3), it is highly recommended that you use snprintf(3) instead.")
warning: libraw-ffi@0.1.0:       | ^
warning: libraw-ffi@0.1.0: /Applications/Xcode.app/Contents/Developer/Platforms/MacOSX.platform/Developer/SDKs/MacOSX.sdk/usr/include/sys/cdefs.h:227:48: note: expanded from macro '__deprecated_msg'
warning: libraw-ffi@0.1.0:   227 |         #define __deprecated_msg(_msg) __attribute__((__deprecated__(_msg)))
warning: libraw-ffi@0.1.0:       |                                                       ^
warning: libraw-ffi@0.1.0: vendor/LibRaw/LibRaw-0.22.2/src/metadata/sony.cpp:820:7: warning: 'sprintf' is deprecated: This function is provided for compatibility reasons only.  Due to security concerns inherent in the design of sprintf(3), it is highly recommended that you use snprintf(3) instead. [-Wdeprecated-declarations]
warning: libraw-ffi@0.1.0:   820 |       sprintf(imgdata.shootinginfo.InternalBodySerial, "%05llx",
warning: libraw-ffi@0.1.0:       |       ^
warning: libraw-ffi@0.1.0: /Applications/Xcode.app/Contents/Developer/Platforms/MacOSX.platform/Developer/SDKs/MacOSX.sdk/usr/include/_stdio.h:278:1: note: 'sprintf' has been explicitly marked deprecated here
warning: libraw-ffi@0.1.0:   278 | __deprecated_msg("This function is provided for compatibility reasons only.  Due to security concerns inherent in the design of sprintf(3), it is highly recommended that you use snprintf(3) instead.")
warning: libraw-ffi@0.1.0:       | ^
warning: libraw-ffi@0.1.0: /Applications/Xcode.app/Contents/Developer/Platforms/MacOSX.platform/Developer/SDKs/MacOSX.sdk/usr/include/sys/cdefs.h:227:48: note: expanded from macro '__deprecated_msg'
warning: libraw-ffi@0.1.0:   227 |         #define __deprecated_msg(_msg) __attribute__((__deprecated__(_msg)))
warning: libraw-ffi@0.1.0:       |                                                       ^
warning: libraw-ffi@0.1.0: vendor/LibRaw/LibRaw-0.22.2/src/metadata/sony.cpp:2339:20: warning: comparison of integers of different signs: 'int' and 'unsigned int' [-Wsign-compare]
warning: libraw-ffi@0.1.0:  2339 |           if (ioffset + 3 >= len)
warning: libraw-ffi@0.1.0:       |               ~~~~~~~~~~~ ^  ~~~
warning: libraw-ffi@0.1.0: vendor/LibRaw/LibRaw-0.22.2/src/metadata/ciff.cpp:264:9: warning: 'sprintf' is deprecated: This function is provided for compatibility reasons only.  Due to security concerns inherent in the design of sprintf(3), it is highly recommended that you use snprintf(3) instead. [-Wdeprecated-declarations]
warning: libraw-ffi@0.1.0:   264 |         sprintf(imgdata.shootinginfo.BodySerial, "%d", len);
warning: libraw-ffi@0.1.0:       |         ^
warning: libraw-ffi@0.1.0: /Applications/Xcode.app/Contents/Developer/Platforms/MacOSX.platform/Developer/SDKs/MacOSX.sdk/usr/include/_stdio.h:278:1: note: 'sprintf' has been explicitly marked deprecated here
warning: libraw-ffi@0.1.0:   278 | __deprecated_msg("This function is provided for compatibility reasons only.  Due to security concerns inherent in the design of sprintf(3), it is highly recommended that you use snprintf(3) instead.")
warning: libraw-ffi@0.1.0:       | ^
warning: libraw-ffi@0.1.0: /Applications/Xcode.app/Contents/Developer/Platforms/MacOSX.platform/Developer/SDKs/MacOSX.sdk/usr/include/sys/cdefs.h:227:48: note: expanded from macro '__deprecated_msg'
warning: libraw-ffi@0.1.0:   227 |         #define __deprecated_msg(_msg) __attribute__((__deprecated__(_msg)))
warning: libraw-ffi@0.1.0:       |                                                       ^
warning: libraw-ffi@0.1.0: vendor/LibRaw/LibRaw-0.22.2/src/metadata/ciff.cpp:266:9: warning: 'sprintf' is deprecated: This function is provided for compatibility reasons only.  Due to security concerns inherent in the design of sprintf(3), it is highly recommended that you use snprintf(3) instead. [-Wdeprecated-declarations]
warning: libraw-ffi@0.1.0:   266 |         sprintf(imgdata.shootinginfo.BodySerial, "%0x-%05d", len >> 16,
warning: libraw-ffi@0.1.0:       |         ^
warning: libraw-ffi@0.1.0: /Applications/Xcode.app/Contents/Developer/Platforms/MacOSX.platform/Developer/SDKs/MacOSX.sdk/usr/include/_stdio.h:278:1: note: 'sprintf' has been explicitly marked deprecated here
warning: libraw-ffi@0.1.0:   278 | __deprecated_msg("This function is provided for compatibility reasons only.  Due to security concerns inherent in the design of sprintf(3), it is highly recommended that you use snprintf(3) instead.")
warning: libraw-ffi@0.1.0:       | ^
warning: libraw-ffi@0.1.0: /Applications/Xcode.app/Contents/Developer/Platforms/MacOSX.platform/Developer/SDKs/MacOSX.sdk/usr/include/sys/cdefs.h:227:48: note: expanded from macro '__deprecated_msg'
warning: libraw-ffi@0.1.0:   227 |         #define __deprecated_msg(_msg) __attribute__((__deprecated__(_msg)))
warning: libraw-ffi@0.1.0:       |                                                       ^
warning: libraw-ffi@0.1.0: 2 warnings generated.
warning: libraw-ffi@0.1.0: 5 warnings generated.
warning: libraw-ffi@0.1.0: vendor/LibRaw/LibRaw-0.22.2/src/metadata/nikon.cpp:525:11: warning: 'sprintf' is deprecated: This function is provided for compatibility reasons only.  Due to security concerns inherent in the design of sprintf(3), it is highly recommended that you use snprintf(3) instead. [-Wdeprecated-declarations]
warning: libraw-ffi@0.1.0:   525 |           sprintf(imgdata.shootinginfo.BodySerial, "%d", serial);
warning: libraw-ffi@0.1.0:       |           ^
warning: libraw-ffi@0.1.0: /Applications/Xcode.app/Contents/Developer/Platforms/MacOSX.platform/Developer/SDKs/MacOSX.sdk/usr/include/_stdio.h:278:1: note: 'sprintf' has been explicitly marked deprecated here
warning: libraw-ffi@0.1.0:   278 | __deprecated_msg("This function is provided for compatibility reasons only.  Due to security concerns inherent in the design of sprintf(3), it is highly recommended that you use snprintf(3) instead.")
warning: libraw-ffi@0.1.0:       | ^
warning: libraw-ffi@0.1.0: /Applications/Xcode.app/Contents/Developer/Platforms/MacOSX.platform/Developer/SDKs/MacOSX.sdk/usr/include/sys/cdefs.h:227:48: note: expanded from macro '__deprecated_msg'
warning: libraw-ffi@0.1.0:   227 |         #define __deprecated_msg(_msg) __attribute__((__deprecated__(_msg)))
warning: libraw-ffi@0.1.0:       |                                                       ^
warning: libraw-ffi@0.1.0: vendor/LibRaw/LibRaw-0.22.2/src/metadata/normalize_model.cpp:552:130: warning: suspicious concatenation of string literals in an array initialization; did you mean to separate the elements with a comma? [-Wstring-concatenation]
warning: libraw-ffi@0.1.0:   552 |     "@DC-ZS200", "DC-ZS220", "DC-TZ200", "DC-TZ202", "DC-TZ220", "DC-TZ200D", "DC-TZ202D", "DC-TZ220D", "DC-ZS200D", "DC-ZS220D" "DC-TX2", "C-Lux", "CAM-DC25",
warning: libraw-ffi@0.1.0:       |                                                                                                                                  ^
warning: libraw-ffi@0.1.0:       |                                                                                                                                 ,
warning: libraw-ffi@0.1.0: vendor/LibRaw/LibRaw-0.22.2/src/metadata/normalize_model.cpp:552:118: note: place parentheses around the string literal to silence warning
warning: libraw-ffi@0.1.0:   552 |     "@DC-ZS200", "DC-ZS220", "DC-TZ200", "DC-TZ202", "DC-TZ220", "DC-TZ200D", "DC-TZ202D", "DC-TZ220D", "DC-ZS200D", "DC-ZS220D" "DC-TX2", "C-Lux", "CAM-DC25",
warning: libraw-ffi@0.1.0:       |                                                                                                                      ^
warning: libraw-ffi@0.1.0: 1 warning generated.
warning: libraw-ffi@0.1.0: vendor/LibRaw/LibRaw-0.22.2/src/metadata/pentax.cpp:493:5: warning: 'sprintf' is deprecated: This function is provided for compatibility reasons only.  Due to security concerns inherent in the design of sprintf(3), it is highly recommended that you use snprintf(3) instead. [-Wdeprecated-declarations]
warning: libraw-ffi@0.1.0:   493 |     sprintf(imgdata.shootinginfo.InternalBodySerial, "%d", get4());
warning: libraw-ffi@0.1.0:       |     ^
warning: libraw-ffi@0.1.0: /Applications/Xcode.app/Contents/Developer/Platforms/MacOSX.platform/Developer/SDKs/MacOSX.sdk/usr/include/_stdio.h:278:1: note: 'sprintf' has been explicitly marked deprecated here
warning: libraw-ffi@0.1.0:   278 | __deprecated_msg("This function is provided for compatibility reasons only.  Due to security concerns inherent in the design of sprintf(3), it is highly recommended that you use snprintf(3) instead.")
warning: libraw-ffi@0.1.0:       | ^
warning: libraw-ffi@0.1.0: /Applications/Xcode.app/Contents/Developer/Platforms/MacOSX.platform/Developer/SDKs/MacOSX.sdk/usr/include/sys/cdefs.h:227:48: note: expanded from macro '__deprecated_msg'
warning: libraw-ffi@0.1.0:   227 |         #define __deprecated_msg(_msg) __attribute__((__deprecated__(_msg)))
warning: libraw-ffi@0.1.0:       |                                                       ^
warning: libraw-ffi@0.1.0: vendor/LibRaw/LibRaw-0.22.2/src/metadata/pentax.cpp:553:9: warning: 'sprintf' is deprecated: This function is provided for compatibility reasons only.  Due to security concerns inherent in the design of sprintf(3), it is highly recommended that you use snprintf(3) instead. [-Wdeprecated-declarations]
warning: libraw-ffi@0.1.0:   553 |         sprintf(imgdata.shootinginfo.BodySerial, "%8s", buffer + 8);
warning: libraw-ffi@0.1.0:       |         ^
warning: libraw-ffi@0.1.0: /Applications/Xcode.app/Contents/Developer/Platforms/MacOSX.platform/Developer/SDKs/MacOSX.sdk/usr/include/_stdio.h:278:1: note: 'sprintf' has been explicitly marked deprecated here
warning: libraw-ffi@0.1.0:   278 | __deprecated_msg("This function is provided for compatibility reasons only.  Due to security concerns inherent in the design of sprintf(3), it is highly recommended that you use snprintf(3) instead.")
warning: libraw-ffi@0.1.0:       | ^
warning: libraw-ffi@0.1.0: /Applications/Xcode.app/Contents/Developer/Platforms/MacOSX.platform/Developer/SDKs/MacOSX.sdk/usr/include/sys/cdefs.h:227:48: note: expanded from macro '__deprecated_msg'
warning: libraw-ffi@0.1.0:   227 |         #define __deprecated_msg(_msg) __attribute__((__deprecated__(_msg)))
warning: libraw-ffi@0.1.0:       |                                                       ^
warning: libraw-ffi@0.1.0: vendor/LibRaw/LibRaw-0.22.2/src/metadata/pentax.cpp:556:7: warning: 'sprintf' is deprecated: This function is provided for compatibility reasons only.  Due to security concerns inherent in the design of sprintf(3), it is highly recommended that you use snprintf(3) instead. [-Wdeprecated-declarations]
warning: libraw-ffi@0.1.0:   556 |       sprintf(imgdata.shootinginfo.InternalBodySerial, "%8s", buffer);
warning: libraw-ffi@0.1.0:       |       ^
warning: libraw-ffi@0.1.0: /Applications/Xcode.app/Contents/Developer/Platforms/MacOSX.platform/Developer/SDKs/MacOSX.sdk/usr/include/_stdio.h:278:1: note: 'sprintf' has been explicitly marked deprecated here
warning: libraw-ffi@0.1.0:   278 | __deprecated_msg("This function is provided for compatibility reasons only.  Due to security concerns inherent in the design of sprintf(3), it is highly recommended that you use snprintf(3) instead.")
warning: libraw-ffi@0.1.0:       | ^
warning: libraw-ffi@0.1.0: /Applications/Xcode.app/Contents/Developer/Platforms/MacOSX.platform/Developer/SDKs/MacOSX.sdk/usr/include/sys/cdefs.h:227:48: note: expanded from macro '__deprecated_msg'
warning: libraw-ffi@0.1.0:   227 |         #define __deprecated_msg(_msg) __attribute__((__deprecated__(_msg)))
warning: libraw-ffi@0.1.0:       |                                                       ^
warning: libraw-ffi@0.1.0: vendor/LibRaw/LibRaw-0.22.2/src/metadata/pentax.cpp:560:7: warning: 'sprintf' is deprecated: This function is provided for compatibility reasons only.  Due to security concerns inherent in the design of sprintf(3), it is highly recommended that you use snprintf(3) instead. [-Wdeprecated-declarations]
warning: libraw-ffi@0.1.0:   560 |       sprintf(imgdata.shootinginfo.BodySerial, "%02x%02x%02x%02x", buffer[4],
warning: libraw-ffi@0.1.0:       |       ^
warning: libraw-ffi@0.1.0: /Applications/Xcode.app/Contents/Developer/Platforms/MacOSX.platform/Developer/SDKs/MacOSX.sdk/usr/include/_stdio.h:278:1: note: 'sprintf' has been explicitly marked deprecated here
warning: libraw-ffi@0.1.0:   278 | __deprecated_msg("This function is provided for compatibility reasons only.  Due to security concerns inherent in the design of sprintf(3), it is highly recommended that you use snprintf(3) instead.")
warning: libraw-ffi@0.1.0:       | ^
warning: libraw-ffi@0.1.0: /Applications/Xcode.app/Contents/Developer/Platforms/MacOSX.platform/Developer/SDKs/MacOSX.sdk/usr/include/sys/cdefs.h:227:48: note: expanded from macro '__deprecated_msg'
warning: libraw-ffi@0.1.0:   227 |         #define __deprecated_msg(_msg) __attribute__((__deprecated__(_msg)))
warning: libraw-ffi@0.1.0:       |                                                       ^
warning: libraw-ffi@0.1.0: vendor/LibRaw/LibRaw-0.22.2/src/metadata/pentax.cpp:562:7: warning: 'sprintf' is deprecated: This function is provided for compatibility reasons only.  Due to security concerns inherent in the design of sprintf(3), it is highly recommended that you use snprintf(3) instead. [-Wdeprecated-declarations]
warning: libraw-ffi@0.1.0:   562 |       sprintf(imgdata.shootinginfo.InternalBodySerial, "%02x%02x%02x%02x",
warning: libraw-ffi@0.1.0:       |       ^
warning: libraw-ffi@0.1.0: /Applications/Xcode.app/Contents/Developer/Platforms/MacOSX.platform/Developer/SDKs/MacOSX.sdk/usr/include/_stdio.h:278:1: note: 'sprintf' has been explicitly marked deprecated here
warning: libraw-ffi@0.1.0:   278 | __deprecated_msg("This function is provided for compatibility reasons only.  Due to security concerns inherent in the design of sprintf(3), it is highly recommended that you use snprintf(3) instead.")
warning: libraw-ffi@0.1.0:       | ^
warning: libraw-ffi@0.1.0: /Applications/Xcode.app/Contents/Developer/Platforms/MacOSX.platform/Developer/SDKs/MacOSX.sdk/usr/include/sys/cdefs.h:227:48: note: expanded from macro '__deprecated_msg'
warning: libraw-ffi@0.1.0:   227 |         #define __deprecated_msg(_msg) __attribute__((__deprecated__(_msg)))
warning: libraw-ffi@0.1.0:       |                                                       ^
warning: libraw-ffi@0.1.0: 5 warnings generated.
warning: libraw-ffi@0.1.0: 1 warning generated.
warning: libraw-ffi@0.1.0: vendor/LibRaw/LibRaw-0.22.2/src/metadata/canon.cpp:864:5: warning: 'sprintf' is deprecated: This function is provided for compatibility reasons only.  Due to security concerns inherent in the design of sprintf(3), it is highly recommended that you use snprintf(3) instead. [-Wdeprecated-declarations]
warning: libraw-ffi@0.1.0:   864 |     sprintf(imgdata.shootinginfo.BodySerial, "%d", tS);
warning: libraw-ffi@0.1.0:       |     ^
warning: libraw-ffi@0.1.0: /Applications/Xcode.app/Contents/Developer/Platforms/MacOSX.platform/Developer/SDKs/MacOSX.sdk/usr/include/_stdio.h:278:1: note: 'sprintf' has been explicitly marked deprecated here
warning: libraw-ffi@0.1.0:   278 | __deprecated_msg("This function is provided for compatibility reasons only.  Due to security concerns inherent in the design of sprintf(3), it is highly recommended that you use snprintf(3) instead.")
warning: libraw-ffi@0.1.0:       | ^
warning: libraw-ffi@0.1.0: /Applications/Xcode.app/Contents/Developer/Platforms/MacOSX.platform/Developer/SDKs/MacOSX.sdk/usr/include/sys/cdefs.h:227:48: note: expanded from macro '__deprecated_msg'
warning: libraw-ffi@0.1.0:   227 |         #define __deprecated_msg(_msg) __attribute__((__deprecated__(_msg)))
warning: libraw-ffi@0.1.0:       |                                                       ^
warning: libraw-ffi@0.1.0: vendor/LibRaw/LibRaw-0.22.2/src/metadata/tiff.cpp:1029:7: warning: 'sprintf' is deprecated: This function is provided for compatibility reasons only.  Due to security concerns inherent in the design of sprintf(3), it is highly recommended that you use snprintf(3) instead. [-Wdeprecated-declarations]
warning: libraw-ffi@0.1.0:  1029 |       sprintf(model, "Ixpress %d-Mp", c);
warning: libraw-ffi@0.1.0:       |       ^
warning: libraw-ffi@0.1.0: /Applications/Xcode.app/Contents/Developer/Platforms/MacOSX.platform/Developer/SDKs/MacOSX.sdk/usr/include/_stdio.h:278:1: note: 'sprintf' has been explicitly marked deprecated here
warning: libraw-ffi@0.1.0:   278 | __deprecated_msg("This function is provided for compatibility reasons only.  Due to security concerns inherent in the design of sprintf(3), it is highly recommended that you use snprintf(3) instead.")
warning: libraw-ffi@0.1.0:       | ^
warning: libraw-ffi@0.1.0: /Applications/Xcode.app/Contents/Developer/Platforms/MacOSX.platform/Developer/SDKs/MacOSX.sdk/usr/include/sys/cdefs.h:227:48: note: expanded from macro '__deprecated_msg'
warning: libraw-ffi@0.1.0:   227 |         #define __deprecated_msg(_msg) __attribute__((__deprecated__(_msg)))
warning: libraw-ffi@0.1.0:       |                                                       ^
warning: libraw-ffi@0.1.0: vendor/LibRaw/LibRaw-0.22.2/src/metadata/tiff.cpp:1230:13: warning: comparison of integers of different signs: 'int' and 'unsigned int' [-Wsign-compare]
warning: libraw-ffi@0.1.0:  1230 |                                         if (fj > libraw_internal_data.unpacker_data.lenRAFData - 3)
warning: libraw-ffi@0.1.0:       |                                             ~~ ^ ~~~~~~~~~~~~~~~~~~~~~~~~~~~~~~~~~~~~~~~~~~~~~~~~~
warning: libraw-ffi@0.1.0: vendor/LibRaw/LibRaw-0.22.2/src/metadata/tiff.cpp:1239:15: warning: comparison of integers of different signs: 'int' and 'unsigned int' [-Wsign-compare]
warning: libraw-ffi@0.1.0:  1239 |                                                 && ofst < libraw_internal_data.unpacker_data.lenRAFData - 3;
warning: libraw-ffi@0.1.0:       |                                                    ~~~~ ^ ~~~~~~~~~~~~~~~~~~~~~~~~~~~~~~~~~~~~~~~~~~~~~~~~~
warning: libraw-ffi@0.1.0: vendor/LibRaw/LibRaw-0.22.2/src/metadata/tiff.cpp:1635:17: warning: comparison of integers of different signs: 'int' and 'unsigned int' [-Wsign-compare]
warning: libraw-ffi@0.1.0:  1635 |                                   if (items == SR2SubIFDLength)
warning: libraw-ffi@0.1.0:       |                                       ~~~~~ ^  ~~~~~~~~~~~~~~~
warning: libraw-ffi@0.1.0: vendor/LibRaw/LibRaw-0.22.2/src/metadata/tiff.cpp:1748:12: warning: comparison of integers of different signs: 'int' and 'unsigned int' [-Wsign-compare]
warning: libraw-ffi@0.1.0:  1748 |         if (items == sony_length)
warning: libraw-ffi@0.1.0:       |             ~~~~~ ^  ~~~~~~~~~~~
warning: libraw-ffi@0.1.0: vendor/LibRaw/LibRaw-0.22.2/src/metadata/tiff.cpp:2005:4: warning: misleading indentation; statement is not part of the previous 'if' [-Wmisleading-indentation]
warning: libraw-ffi@0.1.0:  2005 |           if (!strncasecmp(make, "Sony", 4) && tiff_ifd[i].bps == 8 && tiff_ifd[i].phint == 6 && tiff_ifd[i].comp == 7 &&
warning: libraw-ffi@0.1.0:       |           ^
warning: libraw-ffi@0.1.0: vendor/LibRaw/LibRaw-0.22.2/src/metadata/tiff.cpp:2002:7: note: previous statement is here
warning: libraw-ffi@0.1.0:  2002 |       if (tiff_ifd[i].phint == 2 && tiff_ifd[i].extrasamples > 0 && tiff_ifd[i].samples > 3)
warning: libraw-ffi@0.1.0:       |       ^
warning: libraw-ffi@0.1.0: 1 warning generated.
warning: libraw-ffi@0.1.0: 6 warnings generated.
warning: libraw-ffi@0.1.0: vendor/LibRaw/LibRaw-0.22.2/src/metadata/misc_parsers.cpp:123:3: warning: 'sprintf' is deprecated: This function is provided for compatibility reasons only.  Due to security concerns inherent in the design of sprintf(3), it is highly recommended that you use snprintf(3) instead. [-Wdeprecated-declarations]
warning: libraw-ffi@0.1.0:   123 |   sprintf(model, "%d", get4());
warning: libraw-ffi@0.1.0:       |   ^
warning: libraw-ffi@0.1.0: /Applications/Xcode.app/Contents/Developer/Platforms/MacOSX.platform/Developer/SDKs/MacOSX.sdk/usr/include/_stdio.h:278:1: note: 'sprintf' has been explicitly marked deprecated here
warning: libraw-ffi@0.1.0:   278 | __deprecated_msg("This function is provided for compatibility reasons only.  Due to security concerns inherent in the design of sprintf(3), it is highly recommended that you use snprintf(3) instead.")
warning: libraw-ffi@0.1.0:       | ^
warning: libraw-ffi@0.1.0: /Applications/Xcode.app/Contents/Developer/Platforms/MacOSX.platform/Developer/SDKs/MacOSX.sdk/usr/include/sys/cdefs.h:227:48: note: expanded from macro '__deprecated_msg'
warning: libraw-ffi@0.1.0:   227 |         #define __deprecated_msg(_msg) __attribute__((__deprecated__(_msg)))
warning: libraw-ffi@0.1.0:       |                                                       ^
warning: libraw-ffi@0.1.0: vendor/LibRaw/LibRaw-0.22.2/src/metadata/misc_parsers.cpp:209:3: warning: 'sprintf' is deprecated: This function is provided for compatibility reasons only.  Due to security concerns inherent in the design of sprintf(3), it is highly recommended that you use snprintf(3) instead. [-Wdeprecated-declarations]
warning: libraw-ffi@0.1.0:   209 |   sprintf(model, "v%d %dx%d", ver, width, height);
warning: libraw-ffi@0.1.0:       |   ^
warning: libraw-ffi@0.1.0: /Applications/Xcode.app/Contents/Developer/Platforms/MacOSX.platform/Developer/SDKs/MacOSX.sdk/usr/include/_stdio.h:278:1: note: 'sprintf' has been explicitly marked deprecated here
warning: libraw-ffi@0.1.0:   278 | __deprecated_msg("This function is provided for compatibility reasons only.  Due to security concerns inherent in the design of sprintf(3), it is highly recommended that you use snprintf(3) instead.")
warning: libraw-ffi@0.1.0:       | ^
warning: libraw-ffi@0.1.0: /Applications/Xcode.app/Contents/Developer/Platforms/MacOSX.platform/Developer/SDKs/MacOSX.sdk/usr/include/sys/cdefs.h:227:48: note: expanded from macro '__deprecated_msg'
warning: libraw-ffi@0.1.0:   227 |         #define __deprecated_msg(_msg) __attribute__((__deprecated__(_msg)))
warning: libraw-ffi@0.1.0:       |                                                       ^
warning: libraw-ffi@0.1.0: 2 warnings generated.
   Compiling engine-api v0.1.0 (/Users/rutmehta/Developer/tessera/.worktrees/M5-30/crates/engine-api)
   Compiling compositor v0.1.0 (/Users/rutmehta/Developer/tessera/.worktrees/M5-30/crates/compositor)
   Compiling tessera-mcp v0.1.0 (/Users/rutmehta/Developer/tessera/.worktrees/M5-30/crates/tessera-mcp)
   Compiling vector v0.1.0 (/Users/rutmehta/Developer/tessera/.worktrees/M5-30/crates/vector)
   Compiling typography v0.1.0 (/Users/rutmehta/Developer/tessera/.worktrees/M5-30/crates/typography)
   Compiling psd v0.1.0 (/Users/rutmehta/Developer/tessera/.worktrees/M5-30/crates/psd)
    Finished `release` profile [optimized] target(s) in 4m 06s
     Running unittests src/lib.rs (/Volumes/betterSSD/tessera-cache/target/M5-30/release/deps/compositor-fa53173ffe9cab19)

running 59 tests
test adjust::extended_tests::black_white_hue_sliders_and_tint ... ok
test adjust::extended_tests::color_balance_tone_weights ... ok
test adjust::extended_tests::auto_resolves_percentiles_and_modes ... ok
test adjust::extended_tests::desaturate_uses_hsl_lightness_not_weighted_luma ... ok
test adjust::extended_tests::equalize_cdf_constructor_and_degenerate_histograms ... ok
test adjust::extended_tests::gradient_dither_is_spatial_repeatable_and_bounded ... ok
test adjust::extended_tests::cube_loader_trilinear_axis_order_and_errors ... ok
test adjust::extended_tests::gradient_methods_reverse_sort_and_dither ... ok
test adjust::extended_tests::every_named_preset_round_trips ... ok
test adjust::extended_tests::gradient_without_dither_ignores_position ... ok
test adjust::extended_tests::brightness_preserves_endpoints_and_legacy_is_affine ... ok
test adjust::extended_tests::match_color_resolves_layer_lab_stats_and_fade ... ok
test adjust::extended_tests::match_color_from_layer_resolves_nested_source ... ok
test adjust::extended_tests::match_layer_skips_transparent_pixels_and_rejects_empty ... ok
test adjust::extended_tests::photo_filter_multiplies_density_and_preserves_luma ... ok
test adjust::extended_tests::preset_resolves_named_and_custom_colors ... ok
test adjust::extended_tests::replace_color_masks_distance_and_shifts_hsl ... ok
test adjust::extended_tests::selective_color_membership_absolute_and_relative ... ok
test adjust::extended_tests::three_dl_loader_converts_blue_fastest_and_requires_scale ... ok
test adjust::extended_tests::new_adjustments_round_trip_versioned_envelope ... ok
test adjust::extended_tests::vibrance_chroma_and_neutral_invariants ... ok
test adjust::extended_tests::validate_rejects_nonfinite_direct_controls ... ok
test adjust::extended_tests::versioned_lookup_rejects_invalid_shape ... ok
test adjust::tests::curve_is_monotone_and_interpolates ... ok
test adjust::tests::hsl_round_trip ... ok
test adjust::tests::levels_formula ... ok
test blend::tests::psd_keys_round_trip ... ok
test blend::tests::set_sat_matches_pdf ... ok
test blend::tests::slider_weights ... ok
test geom::tests::affine_inverse ... ok
test geom::tests::rect_levels ... ok
test render::styles::tests::all_stroke_positions_use_morphological_bands ... ok
test raster::tests::edit_and_read_back ... ok
test render::styles::tests::effects_are_stably_sorted_behind_and_above ... ok
test render::styles::tests::empty_disabled_transparent_and_zero_size_are_safe ... ok
test render::styles::tests::gradient_and_pattern_overlays_use_fill_sampler_and_fill_alpha ... ok
test render::styles::tests::inner_glow_edge_and_center_are_complements ... ok
test render::styles::tests::inner_shadow_is_complement_of_shifted_alpha ... ok
test render::styles::tests::invalid_numbers_kernels_and_patterns_are_rejected ... ok
test render::styles::tests::bevel_light_reversal_swaps_highlight_edge ... ok
test render::styles::tests::outer_glow_gaussian_matches_impulse_kernel ... ok
test render::styles::tests::overlay_is_straight_and_shape_clipped ... ok
test psd::placed::tests::retains_unknown_descriptor_fields_on_affine_export ... ok
test render::styles::tests::satin_is_difference_of_opposite_offsets_and_can_invert ... ok
test render::styles::tests::shadow_distance_scales_and_uses_global_or_local_light ... ok
test render::styles::tests::spread_and_blur_size_scale ... ok
test render::styles::tests::serde_round_trip_preserves_placeholder_controls_and_defaults ... ok
test resident::output::tests::benchmark_present_before_after_resident_lut ... ignored, printing before/after resident presentation benchmark; run explicitly on Metal
test resident::adjustment_limits::tests::auxiliary_allocation_respects_both_device_limits ... ok
test resident::program::spatial_tests::compiles_positive_radius ... ok
test resident::spatial::tests::spatial_and_document_shaders_validate_without_adapter ... ok
test resident::output::tests::profiles_reject_unresolved_invalid_and_unsupported_contracts ... ok
test resident::output::tests::edr_preserves_extended_values_alpha_and_offsets ... ok
test resident::output::tests::validates_target_bounds_source_policy_and_lut ... ok
test resident::output::tests::lut_clamps_input_but_preserves_extended_output ... ok
test resident::output::tests::lut_transforms_straight_rgb_before_premultiplication_and_flattening ... ok
test resident::output::tests::profiled_output_matches_cpu_and_caches_preparation ... ok
test resident::output::tests::linear_profiled_hdr_preserves_highlights_and_caps_headroom ... ok
test resident::output::tests::encoded_profiles_to_linear_displays_match_lcms_grid ... ok

test result: ok. 58 passed; 0 failed; 1 ignored; 0 measured; 0 filtered out; finished in 0.12s

     Running tests/bench.rs (/Volumes/betterSSD/tessera-cache/target/M5-30/release/deps/bench-dafe031dc2497ab0)

running 5 tests
test composite_100_layers_20mp_at_level_2 ... ignored, bench: run with --ignored --nocapture
test m5_08_l0_prefix_trace ... ignored, diagnostic: original 20 MP L0 failure, layer-prefix trace
test m5_08_structure_and_viewport ... ignored, 20 MP / 100 layers, hardware timing
test resident_100_layers_20mp ... ignored, bench: run with --ignored --nocapture
test m5_08_hard_mix_boundary ... ok

test result: ok. 1 passed; 0 failed; 4 ignored; 0 measured; 0 filtered out; finished in 0.05s

     Running tests/bench_micro.rs (/Volumes/betterSSD/tessera-cache/target/M5-30/release/deps/bench_micro-d398fd5391016f4a)

running 3 tests
test gpu_calibration ... ignored, bench
test resident_micro ... ignored, bench
test resident_per_mode ... ignored, bench

test result: ok. 0 passed; 0 failed; 3 ignored; 0 measured; 0 filtered out; finished in 0.00s

     Running tests/blend_modes.rs (/Volumes/betterSSD/tessera-cache/target/M5-30/release/deps/blend_modes-e5efe5f3d8a21aef)

running 4 tests
test dissolve_is_a_deterministic_binary_threshold ... ok
test partial_alpha_uses_general_compositing_formula ... ok
test every_mode_matches_reference_opaque ... ok
test eight_bit_documents_quantize_only_storage ... ok

test result: ok. 4 passed; 0 failed; 0 ignored; 0 measured; 0 filtered out; finished in 0.00s

     Running tests/caching.rs (/Volumes/betterSSD/tessera-cache/target/M5-30/release/deps/caching-c31e4b721b44d96c)

running 5 tests
test duplicate_then_edit_one_tile_leaves_original_untouched ... ok
test pyramid_view_matches_level_render ... ok
test cache_invalidation_is_local_to_the_edited_tiles ... ok
test non_linear_history_and_snapshots ... ok
test dirty_rect_compositing_is_bit_exact ... ok

test result: ok. 5 passed; 0 failed; 0 ignored; 0 measured; 0 filtered out; finished in 0.09s

     Running tests/channels.rs (/Volumes/betterSSD/tessera-cache/target/M5-30/release/deps/channels-7059f20d766253fd)

running 3 tests
test invalid_channel_batches_are_atomic ... ok
test channels_follow_history ... ok
test edit_delete_spot_history_storage_and_composite ... ok

test result: ok. 3 passed; 0 failed; 0 ignored; 0 measured; 0 filtered out; finished in 0.00s

     Running tests/contracts.rs (/Volumes/betterSSD/tessera-cache/target/M5-30/release/deps/contracts-30efea2639e73491)

running 3 tests
test layer_ids_are_the_contract_type ... ok
test blend_modes_match_in_menu_order ... ok
test adjustments_depth_group_mode_rect_and_affine_convert ... ok

test result: ok. 3 passed; 0 failed; 0 ignored; 0 measured; 0 filtered out; finished in 0.00s

     Running tests/gpu.rs (/Volumes/betterSSD/tessera-cache/target/M5-30/release/deps/gpu-c3ff816eed3e3bcd)

running 3 tests
test gpu_declines_adjustment_layers ... ok
test gpu_matches_cpu_reference ... ok
test every_mode_matches_on_the_gpu ... ok

test result: ok. 3 passed; 0 failed; 0 ignored; 0 measured; 0 filtered out; finished in 0.17s

     Running tests/gpu_profiled_output.rs (/Volumes/betterSSD/tessera-cache/target/M5-30/release/deps/gpu_profiled_output-c3c434e712f129c8)

running 1 test
test profiled_viewport_rebases_and_rejects_stale_or_foreign_document ... ok

test result: ok. 1 passed; 0 failed; 0 ignored; 0 measured; 0 filtered out; finished in 0.06s

     Running tests/gpu_resident.rs (/Volumes/betterSSD/tessera-cache/target/M5-30/release/deps/gpu_resident-6034cf101cae6249)

running 16 tests
test cached_composites_are_flagged_premultiplied_and_levels_go_to_one_pixel ... ok
test one_shared_device_serves_the_compositor ... ok
test present_flattens_into_an_rgba8_storage_texture ... ok
test smart_transform_invalidates_even_with_newer_child_revision ... ok
test smart_objects_render_through_gpu_resampled_pages ... ok
test viewport_pan_preserves_offscreen_damage ... ok
test copy_on_write_duplicates_share_pages ... ok
test small_budget_evicts_history_pages_and_stays_correct ... ok
test specialization_cache_is_bounded_and_large_programs_fall_back ... ok
test viewport_resolves_only_visible_tiles ... ok
test specialized_matches_interpreter_and_reuses_structure ... ok
test rendering_is_deterministic ... ok
test integer_mips_are_exact ... ok
test every_mode_and_adjustment_within_operator_tolerance ... ok
test resident_chain_matches_cpu_at_every_depth_and_level ... ok
test dirty_rect_frames_are_bit_exact_and_local ... ok

test result: ok. 16 passed; 0 failed; 0 ignored; 0 measured; 0 filtered out; finished in 3.07s

     Running tests/gpu_resident_output.rs (/Volumes/betterSSD/tessera-cache/target/M5-30/release/deps/gpu_resident_output-8e9760bf3fcd9171)

running 1 test
test resident_viewport_presents_edr_and_rejects_unrendered_regions ... ok

test result: ok. 1 passed; 0 failed; 0 ignored; 0 measured; 0 filtered out; finished in 0.05s

     Running tests/gpu_resident_viewport.rs (/Volumes/betterSSD/tessera-cache/target/M5-30/release/deps/gpu_resident_viewport-29dadecbae55c8a2)

running 5 tests
test output_storage_tracks_viewport_not_canvas ... ok
test oversized_full_render_does_not_poison_viewport_mips ... ok
test huge_smart_child_renders_only_the_sampling_window ... ok
test nonzero_viewport_rgba8_matches_full_render_after_pan_and_specialization ... ok
test compact_smart_windows_match_cpu_across_parent_tiles ... ok

test result: ok. 5 passed; 0 failed; 0 ignored; 0 measured; 0 filtered out; finished in 0.12s

     Running tests/gpu_smart_resample.rs (/Volumes/betterSSD/tessera-cache/target/M5-30/release/deps/gpu_smart_resample-ee410651d2e52266)

running 7 tests
test plan_rejects_invalid_geometry_and_selects_determinant_mip ... ok
test identity_writes_straight_planar_at_page_offset ... ok
test large_parent_coordinates_keep_fractional_footprints ... ok
test lanczos_level_zero_matches_independent_reference_and_is_deterministic ... ok
test lanczos_support_reaches_beyond_object_bounds_into_adjacent_tile ... ok
test resident_quality_switch_invalidates_nested_caches_and_higher_levels_stay_bilinear ... ok
test gpu_child_and_resampling_match_cpu_smart_tiles ... ok

test result: ok. 7 passed; 0 failed; 0 ignored; 0 measured; 0 filtered out; finished in 0.13s

     Running tests/hdr_toning.rs (/Volumes/betterSSD/tessera-cache/target/M5-30/release/deps/hdr_toning-871181f599a8d538)

running 6 tests
test hdr_methods_have_analytic_hdr_results ... ok
test hdr_padded_local_preserves_alpha_and_rejects_missing_halo ... ok
test hdr_local_controls_change_real_pixels_and_identity_preserves_hdr ... ok
test hdr_toning_checked_interchange_accepts_native_methods ... ok
test hdr_validation_and_frozen_histogram_roundtrip ... ok
test hdr_local_render_matches_whole_backdrop_at_l0_l2_seams ... ok

test result: ok. 6 passed; 0 failed; 0 ignored; 0 measured; 0 filtered out; finished in 0.02s

     Running tests/layer_styles.rs (/Volumes/betterSSD/tessera-cache/target/M5-30/release/deps/layer_styles-0f0a4c34d7213a88)

running 5 tests
test layer_opacity_fades_entire_style_stack_once ... ok
test overlay_preserves_antialiased_shape_alpha ... ok
test global_light_changes_all_layers_and_undo_restores_cached_result ... ok
test shadow_crosses_tiles_and_paint_invalidates_its_neighbour ... ok
test overlay_survives_zero_fill_and_native_roundtrip ... ok

test result: ok. 5 passed; 0 failed; 0 ignored; 0 measured; 0 filtered out; finished in 0.00s

     Running tests/lens_merge.rs (/Volumes/betterSSD/tessera-cache/target/M5-30/release/deps/lens_merge-608fe4ea5e543f03)

running 1 test
test vignette_is_editable_and_survives_photomerge_history ... ok

test result: ok. 1 passed; 0 failed; 0 ignored; 0 measured; 0 filtered out; finished in 0.05s

     Running tests/lens_merge_roundtrip.rs (/Volumes/betterSSD/tessera-cache/target/M5-30/release/deps/lens_merge_roundtrip-b9baf93b76a4c96b)

running 2 tests
test invalid_lens_calibration_leaves_history_and_document_unchanged ... ok
test corrected_photomerge_matches_merge_and_roundtrips_native_and_psd ... ok

test result: ok. 2 passed; 0 failed; 0 ignored; 0 measured; 0 filtered out; finished in 0.16s

     Running tests/live_render.rs (/Volumes/betterSSD/tessera-cache/target/M5-30/release/deps/live_render-4f5ec7c21a701487)

running 7 tests
test combined_mask_obeys_resident_effective_mask_rounding ... ok
test vector_mask_is_rendered_with_density ... ok
test source_cache_reuses_model_tiles_after_composite_eviction_and_undo ... ok
test text_uses_live_outlines_and_explicit_fonts ... ok
test live_shapes_render_at_each_level_and_model_changes_invalidate ... ok
test feather_has_no_tile_seam_and_multiplies_raster_mask ... ok
test resident_live_geometry_and_masks_match_cpu ... ok

test result: ok. 7 passed; 0 failed; 0 ignored; 0 measured; 0 filtered out; finished in 0.08s

     Running tests/live_text_resident.rs (/Volumes/betterSSD/tessera-cache/target/M5-30/release/deps/live_text_resident-f0d3ca78164be658)

running 1 test
test resident_text_matches_cpu_after_run_edit_undo_and_font_reset ... ok

test result: ok. 1 passed; 0 failed; 0 ignored; 0 measured; 0 filtered out; finished in 0.34s

     Running tests/m528_resident.rs (/Volumes/betterSSD/tessera-cache/target/M5-30/release/deps/m528_resident-d3b5c3c0a9d2637c)

running 2 tests
test hdr_methods_gpu_l0_l2_alpha_and_seams ... ok
test spatial_shadows_gpu_l0_l2_cross_tile_alpha_groups ... ok

test result: ok. 2 passed; 0 failed; 0 ignored; 0 measured; 0 filtered out; finished in 0.41s

     Running tests/m5_26_gpu.rs (/Volumes/betterSSD/tessera-cache/target/M5-30/release/deps/m5_26_gpu-c15481392545fb8b)

running 7 tests
test shadows_highlights_resident_positive_radius ... ok
test shadows_highlights_zero_radius_exact ... ok
test brightness_contrast_exact ... ok
test perceptual_hdr_exact ... ok
test gradient_spatial_dither_multitile_exact ... ok
test pointwise_adjustments_exact ... ok
test pointwise_edge_cases_exact ... ok

test result: ok. 7 passed; 0 failed; 0 ignored; 0 measured; 0 filtered out; finished in 1.01s

     Running tests/m5_26_icc.rs (/Volumes/betterSSD/tessera-cache/target/M5-30/release/deps/m5_26_icc-105536f33f0ba73b)

running 4 tests
test abstract_icc_loads_as_red_fastest_color_lookup ... ok
test rgb_device_link_loads_without_implicit_srgb_conversion ... ok
test loaded_icc_renders_via_existing_lut_and_preserves_alpha ... ok
test invalid_icc_inputs_are_engine_errors ... ok

test result: ok. 4 passed; 0 failed; 0 ignored; 0 measured; 0 filtered out; finished in 0.01s

     Running tests/m5_26_psd.rs (/Volumes/betterSSD/tessera-cache/target/M5-30/release/deps/m5_26_psd-e245066ac3e20033)

running 11 tests
test color_binary_keys_roundtrip ... ok
test brightness_has_legacy_binary_and_modern_descriptor ... ok
test color_descriptors_use_adobe_fields ... ok
test color_lookup_cube_descriptor_roundtrips_psd_and_psb ... ok
test gradient_map_adobe_binary_roundtrip ... ok
test binary_payloads_match_independently_constructed_adobe_records ... ok
test modern_brightness_precedence_and_type_changes ... ok
test rejects_truncated_and_invalid_layouts ... ok
test gradient_rejects_truncation_and_retains_unsupported_features ... ok
test color_lookup_malformed_errors_and_unsupported_stays_opaque ... ok
test soco_is_not_an_adjustment_and_native_only_errors_are_explicit ... ok

test result: ok. 11 passed; 0 failed; 0 ignored; 0 measured; 0 filtered out; finished in 0.01s

     Running tests/m5_26_shadows.rs (/Volumes/betterSSD/tessera-cache/target/M5-30/release/deps/m5_26_shadows-a04131a73e71251d)

running 15 tests
test highlights_have_independent_tone_and_radius_and_mip_support ... ok
test invalid_controls_and_missing_halo_are_errors ... ok
test color_midtone_and_endpoint_clip_controls_are_effective ... ok
test local_radius_changes_mapping_without_changing_alpha ... ok
test default_is_exact_identity_and_roundtrips ... ok
test live_neighbourhood_rejects_eager_styled_sources ... ok
test live_neighbourhood_respects_mask_mode_opacity_and_alpha ... ok
test native_separable_bilateral_reference_and_edge_preservation ... ok
test nonfinite_backdrop_is_rejected ... ok
test transparent_neighbours_do_not_bias_bilateral_base ... ok
test zero_radius_render_respects_opacity_and_alpha ... ok
test padded_tiles_match_whole_image_across_256_boundary_and_neighbour_edit ... ok
test cached_neighborhood_render_matches_live_reference ... ok
test live_neighbourhood_matches_whole_backdrop_at_l0_l2_seams ... ok
test live_prefixes_preserve_groups_clips_and_refresh_after_adjacent_edits ... ok

test result: ok. 15 passed; 0 failed; 0 ignored; 0 measured; 0 filtered out; finished in 0.03s

     Running tests/m5_26_validation.rs (/Volumes/betterSSD/tessera-cache/target/M5-30/release/deps/m5_26_validation-99345010a841ceb1)

running 1 test
test direct_serde_invalid_lookup_returns_error_instead_of_panicking ... ok

test result: ok. 1 passed; 0 failed; 0 ignored; 0 measured; 0 filtered out; finished in 0.00s

     Running tests/merge_validation.rs (/Volumes/betterSSD/tessera-cache/target/M5-30/release/deps/merge_validation-ca17abf9c1c2a87d)

running 4 tests
test non_image_layer_is_not_silently_blended_away ... ok
test locked_source_is_rejected_without_changing_history ... ok
test actual_caf_fills_only_union_hole_and_is_undoable ... ok
test invalid_ops_are_atomic_and_native_roundtrip_keeps_sources ... ok

test result: ok. 4 passed; 0 failed; 0 ignored; 0 measured; 0 filtered out; finished in 0.00s

     Running tests/photomerge.rs (/Volumes/betterSSD/tessera-cache/target/M5-30/release/deps/photomerge-b65b6e9829ff32c0)

running 2 tests
test photomerge_retains_source_transform_mask_and_atomic_history ... ok
test layered_psd_export_keeps_masks_and_rasterizes_transforms ... ok

test result: ok. 2 passed; 0 failed; 0 ignored; 0 measured; 0 filtered out; finished in 0.03s

     Running tests/photomerge_panorama.rs (/Volumes/betterSSD/tessera-cache/target/M5-30/release/deps/photomerge_panorama-1ac3dc6c7b388005)

running 1 test
test three_source_photomerge_renders_blend_and_exports_nontrivial_masks ... ok

test result: ok. 1 passed; 0 failed; 0 ignored; 0 measured; 0 filtered out; finished in 0.82s

     Running tests/psd.rs (/Volumes/betterSSD/tessera-cache/target/M5-30/release/deps/psd-5144ec7035b898e6)

running 16 tests
test nested_groups_preserve_file_order_and_boundary_metadata ... ok
test edited_pixels_expand_bounds_and_refresh_merged_composite ... ok
test channel_mixer_imports_signed_rgb_and_monochrome_records ... ok
test document_resources_and_flattened_rgb_import ... ok
test masks_import_density_feather_flags_and_preserve_payloads ... ok
test curves_import_channel_selection_and_editable_export ... ok
test hue_saturation_master_is_editable_without_losing_extension_data ... ok
test rgb_pixels_all_depths_are_imported_and_roundtrip ... ok
test selective_hue_bands_remain_opaque_until_replaced ... ok
test unsupported_features_are_reported_without_losing_opaque_data ... ok
test text_and_smart_originals_remain_available_with_raster_proxies ... ok
test unsupported_text_edits_and_invalid_inputs_fail_explicitly ... ok
test adjustment_parameters_are_editable_and_unknown_adjustments_stay_opaque ... ok
test new_adjustments_match_native_render_after_psd_serialization ... ok
test properties_blend_keys_and_unknown_blocks_survive_edits ... ok
test native_tree_export_import_renders_identically_at_all_depths ... ok

test result: ok. 16 passed; 0 failed; 0 ignored; 0 measured; 0 filtered out; finished in 0.00s

     Running tests/psd_channels.rs (/Volumes/betterSSD/tessera-cache/target/M5-30/release/deps/psd_channels-9b6526fc343efad3)

running 10 tests
test malformed_display_info_is_rejected ... ok
test malformed_names_are_rejected ... ok
test deleting_channels_removes_stale_planes_and_owned_metadata ... ok
test fourth_named_plane_is_not_flattened_transparency ... ok
test merged_transparency_and_saved_plane_use_distinct_offsets ... ok
test adding_layer_transparency_does_not_overwrite_saved_alpha ... ok
test external_spot_display_info_maps_color_solidity_and_preserves_opaque_resources ... ok
test named_plane_becomes_editable_channel_and_export_refreshes_edits ... ok
test invalid_plane_counts_metadata_counts_and_shapes_are_rejected ... ok
test native_channels_roundtrip_all_depths_versions_and_compressions ... ok

test result: ok. 10 passed; 0 failed; 0 ignored; 0 measured; 0 filtered out; finished in 0.00s

     Running tests/psd_document.rs (/Volumes/betterSSD/tessera-cache/target/M5-30/release/deps/psd_document-ab5291d92594f49e)

running 1 test
test document_psd_api_roundtrip ... ok

test result: ok. 1 passed; 0 failed; 0 ignored; 0 measured; 0 filtered out; finished in 0.00s

     Running tests/resident_filter_bench.rs (/Volumes/betterSSD/tessera-cache/target/M5-30/release/deps/resident_filter_bench-547f688a800b6d25)

running 1 test
test filtered_100_layers_l2 ... ignored, 100-layer 20 MP interactive filter benchmark

test result: ok. 0 passed; 0 failed; 1 ignored; 0 measured; 0 filtered out; finished in 0.00s

     Running tests/resident_filter_inventory.rs (/Volumes/betterSSD/tessera-cache/target/M5-30/release/deps/resident_filter_inventory-36a73c983b3386e3)

running 8 tests
test styled_smart_source_falls_back_without_omitting_effects ... ok
test median_fallback_keeps_unrelated_uploaded_pages ... ok
test lossless_opaque_nearest_chain_is_one_displacement_stage ... ok
test mask_edits_reuse_gpu_stages_and_cpu_only_is_layer_local ... ok
test prefix_cache_revision_invalidation_and_budget ... ok
test adjustments_and_cpu_only_content_aware ... ok
test every_metal_filter_routes_and_matches_cpu ... ok
test automatic_transform_kinds_and_three_stage_nested_stack ... ok

test result: ok. 8 passed; 0 failed; 0 ignored; 0 measured; 0 filtered out; finished in 0.78s

     Running tests/resident_filters.rs (/Volumes/betterSSD/tessera-cache/target/M5-30/release/deps/resident_filters-5e7253fc1ca4d10e)

running 2 tests
test resident_invert_is_not_silently_omitted ... ok
test resident_and_fallback_receive_native_child_context ... ok

test result: ok. 2 passed; 0 failed; 0 ignored; 0 measured; 0 filtered out; finished in 0.05s

     Running tests/roundtrip.rs (/Volumes/betterSSD/tessera-cache/target/M5-30/release/deps/roundtrip-21ecbf9f0f7e00a7)

running 2 tests
test save_and_load_files ... ok
test round_trip_preserves_model_and_pixels ... ok

test result: ok. 2 passed; 0 failed; 0 ignored; 0 measured; 0 filtered out; finished in 0.26s

     Running tests/smart_filters.rs (/Volumes/betterSSD/tessera-cache/target/M5-30/release/deps/smart_filters-92e5ee2404304bc9)

running 3 tests
test smart_filter_is_evaluated_on_nested_composite ... ok
test filters_receive_native_child_context_and_cache_by_profile ... ok
test cache_reuse_mask_params_source_and_undo ... ok

test result: ok. 3 passed; 0 failed; 0 ignored; 0 measured; 0 filtered out; finished in 0.00s

     Running tests/structure.rs (/Volumes/betterSSD/tessera-cache/target/M5-30/release/deps/structure-4e2b8507b265793c)

running 11 tests
test locks_are_enforced ... ok
test selections_are_float_rasters_with_boolean_ops ... ok
test mips_are_alpha_weighted_box_averages ... ok
test clipping_mask_limits_to_base_alpha ... ok
test layer_mask_density_and_fill_layers ... ok
test blend_if_split_sliders_interpolate_linearly ... ok
test knockout_shallow_and_deep ... ok
test clipped_and_masked_adjustments ... ok
test adjustment_layers_stack_in_order ... ok
test group_isolation_vs_pass_through ... ok
test smart_objects_render_nested_documents_with_transforms ... ok

test result: ok. 11 passed; 0 failed; 0 ignored; 0 measured; 0 filtered out; finished in 0.00s

     Running tests/style_psd.rs (/Volumes/betterSSD/tessera-cache/target/M5-30/release/deps/style_psd-a6ba14d1e43281ca)

running 5 tests
test unrepresentable_styles_fail_export_instead_of_disappearing ... ok
test unsupported_units_remain_opaque_instead_of_becoming_pixels ... ok
test editing_disabled_styles_does_not_enable_opaque_effects ... ok
test native_lfx2_style_set_roundtrip ... ok
test independent_descriptor_import_edit_and_opaque_preservation ... ok

test result: ok. 5 passed; 0 failed; 0 ignored; 0 measured; 0 filtered out; finished in 0.00s

     Running tests/text_vector_model.rs (/Volumes/betterSSD/tessera-cache/target/M5-30/release/deps/text_vector_model-242945a2051ebe5b)

running 6 tests
test full_shape_paint_and_geometry_serialization_validates ... ok
test editable_validation_is_atomic_and_honors_locks ... ok
test live_shape_parameter_edits_regenerate_geometry ... ok
test convert_shape_preserves_identity_masks_and_undo ... ok
test legacy_native_text_and_polygon_mask_load ... ok
test editable_models_history_and_native_roundtrip ... ok

test result: ok. 6 passed; 0 failed; 0 ignored; 0 measured; 0 filtered out; finished in 0.00s

     Running tests/text_vector_psd.rs (/Volumes/betterSSD/tessera-cache/target/M5-30/release/deps/text_vector_psd-3e4bc040c8e3b43c)

running 10 tests
test adobe_gradient_independent_transparency_stops_are_not_lost ... ok
test pixel_vector_mask_density_feather_survive_file_roundtrip ... ok
test native_shape_controls_and_affine_survive_without_overriding_external_edits ... ok
test native_gradient_live_rectangle_and_warped_text_export_as_adobe_records ... ok
test shape_independent_vector_mask_has_standard_raster_bridge_and_live_roundtrip ... ok
test adobe_shape_vector_mask_disabled_and_density_affect_fill ... ok
test byte_built_shape_edits_retain_opaque_fill_and_refresh_path ... ok
test converted_pixels_do_not_resurrect_source_type_descriptors ... ok
test text_native_axis_features_and_warp_keep_real_adobe_engine_data ... ok
test byte_built_tysh_edits_write_engine_and_cached_pixels ... ok

test result: ok. 10 passed; 0 failed; 0 ignored; 0 measured; 0 filtered out; finished in 0.03s

     Running tests/transform_content.rs (/Volumes/betterSSD/tessera-cache/target/M5-30/release/deps/transform_content-b6e865925da340b5)

running 1 test
test content_aware_stage_resizes_inside_unchanged_smart_canvas ... ok

test result: ok. 1 passed; 0 failed; 0 ignored; 0 measured; 0 filtered out; finished in 0.00s

     Running tests/transform_gpu.rs (/Volumes/betterSSD/tessera-cache/target/M5-30/release/deps/transform_gpu-67a4ef5b2be7cb98)

running 5 tests
test benchmark_36mp ... ignored, 36 MP real Metal benchmark; run explicitly in release mode
test resident_level_transform_is_explicit_and_non_destructive ... ok
test rejects_invalid_geometry_dimensions_and_buffer_contracts ... ok
test precise_free_transform_matches_cpu_all_kernels ... ok
test warp_projective_edges_and_large_coordinates_match_cpu ... ok

test result: ok. 4 passed; 0 failed; 1 ignored; 0 measured; 0 filtered out; finished in 0.29s

     Running tests/transform_locks.rs (/Volumes/betterSSD/tessera-cache/target/M5-30/release/deps/transform_locks-9d464e90bbc560c1)

running 2 tests
test position_lock_allows_color_filter_edits_without_moving_transform ... ok
test all_transform_edit_paths_respect_locks_atomically ... ok

test result: ok. 2 passed; 0 failed; 0 ignored; 0 measured; 0 filtered out; finished in 0.00s

     Running tests/transform_psd.rs (/Volumes/betterSSD/tessera-cache/target/M5-30/release/deps/transform_psd-22604584e21e309b)

running 1 test
test affine_placed_layer_roundtrips_real_psd_bytes_and_source ... ok

test result: ok. 1 passed; 0 failed; 0 ignored; 0 measured; 0 filtered out; finished in 0.00s

     Running tests/transforms.rs (/Volumes/betterSSD/tessera-cache/target/M5-30/release/deps/transforms-c2f3e495245bdd46)

running 5 tests
test edits_validate_preserve_order_and_history ... ok
test transform_translation_preserves_straight_color_and_alpha ... ok
test custom_evaluator_cannot_override_transform ... ok
test transform_blend_mask_cache_and_undo_render ... ok
test native_roundtrip_and_invalid_transform_rejection ... ok

test result: ok. 5 passed; 0 failed; 0 ignored; 0 measured; 0 filtered out; finished in 0.01s

     Running unittests src/lib.rs (/Volumes/betterSSD/tessera-cache/target/M5-30/release/deps/engine_api-0a3758dd9463507c)

running 63 tests
test color::tests::illuminant_exif_codes ... ok
test color::tests::rec2020_to_xyz_matches_reference ... ok
test color::tests::working_space_conversion_preserves_white ... ok
test color::tests::adaptation_maps_white_to_white ... ok
test color::tests::inverse_round_trips ... ok
test action::tests::registry_matches_tool_enums ... ok
test document::tests::blend_mode_names_are_stable ... ok
test color::tests::icc_handle_is_content_addressed ... ok
test document::tests::adjustment_minimal_json_is_neutral ... ok
test error::tests::display_is_human_readable ... ok
test id::tests::digest_hex_round_trip ... ok
test id::tests::document_ids_are_transparent ... ok
test action::tests::descriptor_form_is_stable ... ok
test document::tests::value_types_round_trip ... ok
test error::tests::serializes_with_code_tag ... ok
test id::tests::image_id_round_trip ... ok
test id::tests::numeric_ids_are_transparent ... ok
test document::tests::history_is_append_only_and_branches ... ok
test jobs::tests::cancellation_propagates_down_not_up ... ok
test jobs::tests::priority_order ... ok
test jobs::tests::scheduler_runs_and_honours_cancellation ... ok
test recipe::crs::tests::enhance_keys_are_informational_aux ... ok
test recipe::crs::tests::ranges ... ok
test recipe::history::tests::diff_apply_round_trip ... ok
test recipe::crs::tests::names_unique_and_round_trip ... ok
test recipe::crs::tests::every_target_path_exists_in_the_recipe_schema ... ok
test recipe::selection::tests::grade_serializes_as_number ... ok
test recipe::selection::tests::invariant_is_kept ... ok
test recipe::settings::tests::empty_object_is_default ... ok
test recipe::settings::tests::schema_1_profile_ids_migrate ... ok
test recipe::history::tests::replay_matches_recorded_states ... ok
test action::tests::registry_effects_match_call_predicates ... ok
test recipe::tests::empty_and_partial_documents_load ... ok
test recipe::tests::hash_is_stable_across_releases ... ok
test recipe::settings::tests::chain_changes_downstream_only ... ok
test recipe::tests::native_exports_as_best_effort_pv6_with_companion ... ok
test recipe::tests::newer_schema_is_read_only ... ok
test recipe::tests::schema_1_documents_migrate_on_load ... ok
test recipe::tests::ids_are_never_reused ... ok
test recipe::tests::stage_chain_seeded_by_process ... ok
test stage::tests::canonical_json_is_order_independent ... ok
test stage::tests::memo_key_digest_distinguishes_fields ... ok
test stage::tests::node_memo_key_digest_distinguishes_fields ... ok
test recipe::tests::hash_covers_render_state_only ... ok
test stage::tests::node_parts_are_stable ... ok
test stage::tests::param_hash_is_stage_scoped_and_chained ... ok
test stage::tests::stage_order_is_fixed ... ok
test tile::tests::coord_parent_children ... ok
test recipe::tests::undo_redo_branch_and_snapshots ... ok
test recipe::tests::json_round_trip ... ok
test tile::tests::copy_on_write ... ok
test tile::tests::extent_levels ... ok
test tile::tests::format_checks ... ok
test tile::tests::halo_indexing ... ok
test tile::tests::premultiplied_flag ... ok
test tile::tests::pyramid_deeper_levels ... ok
test tile::tests::pyramid_defaults ... ok
test tools::tests::document_call_wire_form ... ok
test tools::tests::document_envelopes ... ok
test tools::tests::minimal_json_uses_defaults ... ok
test tools::tests::every_call_round_trips_and_is_tagged_by_name ... ok
test tools::tests::request_and_response_envelopes ... ok
test tools::tests::every_document_call_round_trips_and_is_tagged_by_name ... ok

test result: ok. 63 passed; 0 failed; 0 ignored; 0 measured; 0 filtered out; finished in 0.00s

     Running tests/channels.rs (/Volumes/betterSSD/tessera-cache/target/M5-30/release/deps/channels-2147e0f6b1c882d8)

running 4 tests
test channel_edit_returns_allocated_identity_and_reads_old_outputs ... ok
test channel_value_schema_fixtures ... ok
test ordered_channels_survive_summary_round_trip ... ok
test channel_calls_use_history_envelope_and_action_registry ... ok

test result: ok. 4 passed; 0 failed; 0 ignored; 0 measured; 0 filtered out; finished in 0.00s

     Running tests/document_filters.rs (/Volumes/betterSSD/tessera-cache/target/M5-30/release/deps/document_filters-a13ae7a7f763732a)

running 1 test
test filter_calls_are_document_actions_with_default_destructive_mode ... ok

test result: ok. 1 passed; 0 failed; 0 ignored; 0 measured; 0 filtered out; finished in 0.00s

     Running tests/library_calls.rs (/Volumes/betterSSD/tessera-cache/target/M5-30/release/deps/library_calls-7ddbddfb1116f227)

running 2 tests
test unconfirm_and_clear_name_are_explicit ... ok
test library_calls_round_trip_and_register ... ok

test result: ok. 2 passed; 0 failed; 0 ignored; 0 measured; 0 filtered out; finished in 0.00s

     Running tests/people.rs (/Volumes/betterSSD/tessera-cache/target/M5-30/release/deps/people-335be032c340e9fc)

running 2 tests
test missing_people_options_are_safe ... ok
test people_schema_fixtures ... ok

test result: ok. 2 passed; 0 failed; 0 ignored; 0 measured; 0 filtered out; finished in 0.00s

     Running tests/source_kind.rs (/Volumes/betterSSD/tessera-cache/target/M5-30/release/deps/source_kind-5c4ee8206d0f5014)

running 3 tests
test source_kind_schema_and_invalid_values ... ok
test source_kind_separates_render_caches ... ok
test legacy_source_kind_is_promoted_and_normalized ... ok

test result: ok. 3 passed; 0 failed; 0 ignored; 0 measured; 0 filtered out; finished in 0.00s

     Running tests/text_vector.rs (/Volumes/betterSSD/tessera-cache/target/M5-30/release/deps/text_vector-ef737a4cb2042356)

running 2 tests
test legacy_layer_summary_defaults_editable_metadata ... ok
test editable_commands_are_registered_and_replayable ... ok

test result: ok. 2 passed; 0 failed; 0 ignored; 0 measured; 0 filtered out; finished in 0.00s

     Running unittests src/lib.rs (/Volumes/betterSSD/tessera-cache/target/M5-30/release/deps/psd-f8b60767d6140e1a)

running 21 tests
test compression::tests::raw_known_bytes_and_validation ... ok
test compression::tests::packbits_known_packets_and_errors ... ok
test compression::tests::prediction_known_external_vectors ... ok
test compression::tests::rle_row_tables_known_psd_and_psb ... ok
test metadata::tests::metadata_additional_info_dispatch_retains_source ... ok
test compression::tests::psd_rejects_oversized_rle_row_psb_accepts_it ... ok
test metadata::tests::metadata_descriptor_decodes_typed_values_and_bounds ... ok
test metadata::tests::metadata_descriptor_nested_primitives_and_limits ... ok
test metadata::tests::metadata_engine_fonts_sizes_are_structurally_decoded ... ok
test compression::tests::zip_known_external_zlib_stream ... ok
test metadata::tests::metadata_legacy_effects_keep_unknown_records ... ok
test metadata::tests::metadata_smart_objects_and_embedded_originals ... ok
test metadata::tests::metadata_styles_fills_and_adjustments ... ok
test metadata::tests::metadata_text_preserves_engine_and_style_runs ... ok
test compression::tests::randomized_packbits_roundtrips ... ok
test metadata::tests::metadata_vector_mask_decodes_records_not_scanned_keys ... ok
test tests::hand_built_minimal_raw ... ok
test tests::resource_framing ... ok
test compression::tests::large_zip_streams_cross_scratch_boundaries ... ok
test compression::tests::malformed_random_inputs_never_panic ... ok
test compression::tests::compression_modes_roundtrip_depths_and_empty_shapes ... ok

test result: ok. 21 passed; 0 failed; 0 ignored; 0 measured; 0 filtered out; finished in 0.01s

     Running tests/channel_resources.rs (/Volumes/betterSSD/tessera-cache/target/M5-30/release/deps/channel_resources-a783a09ecb987a89)

running 4 tests
test external_display_records_have_distinct_legacy_and_modern_framing ... ok
test standard_name_writer_uses_1045_not_tagged_layer_unam ... ok
test external_legacy_names_are_unpadded_macroman_unicode_takes_precedence ... ok
test malformed_channel_resources_fail_without_panics ... ok

test result: ok. 4 passed; 0 failed; 0 ignored; 0 measured; 0 filtered out; finished in 0.00s

     Running tests/layers.rs (/Volumes/betterSSD/tessera-cache/target/M5-30/release/deps/layers-aa3babd34d447769)

running 1 test
test hand_built_layer_roundtrip_and_truncation ... ok

test result: ok. 1 passed; 0 failed; 0 ignored; 0 measured; 0 filtered out; finished in 0.00s

     Running tests/real_samples.rs (/Volumes/betterSSD/tessera-cache/target/M5-30/release/deps/real_samples-8d782e4b9cf93725)

running 1 test
test upstream_photoshop_fixtures ... ok

test result: ok. 1 passed; 0 failed; 0 ignored; 0 measured; 0 filtered out; finished in 0.00s

     Running tests/robustness.rs (/Volumes/betterSSD/tessera-cache/target/M5-30/release/deps/robustness-d05d8a0f82fd7e2c)

running 5 tests
test alternate_layers_preserve_primary_fallback_bytes ... ok
test nonempty_pattern_header_and_payload ... ok
test alternate_high_depth_layer_storage_edits ... ok
test hand_built_all_compressions ... ok
test corrupted_length_and_random_file_inputs_never_panic ... ok

test result: ok. 5 passed; 0 failed; 0 ignored; 0 measured; 0 filtered out; finished in 0.08s

     Running tests/roundtrip.rs (/Volumes/betterSSD/tessera-cache/target/M5-30/release/deps/roundtrip-8c1dcd428a108cc8)

running 4 tests
test names_ids_groups_have_typed_views ... ok
test psb_large_dimension_and_64_bit_keys ... ok
test every_supported_key_and_unknown_payload_roundtrips ... ok
test layers_depths_compressions_masks_and_resources ... ok

test result: ok. 4 passed; 0 failed; 0 ignored; 0 measured; 0 filtered out; finished in 0.00s

     Running unittests src/lib.rs (/Volumes/betterSSD/tessera-cache/target/M5-30/release/deps/tessera_mcp-66ba20e2c4c0e2cb)

running 29 tests
test documents::advanced::tests::ml_requires_a_provider_and_propagates_provider_failure ... ok
test documents::advanced::tests::wand_selects_connected_or_global_colour_without_mutating_document ... ok
test documents::advanced::tests::schema_roundtrip_and_invalid_parameters ... ok
test documents::advanced::tests::refine_feathers_edges_and_boolean_preserves_soft_values ... ok
test documents::paint::tests::opacity_caps_and_soft_edges_fall_off ... ok
test documents::advanced::tests::quick_growth_and_colour_range_use_image_content ... ok
test documents::paint::tests::hard_dab_covers_its_disc_and_spacing_fills_a_line ... ok
test documents::select::tests::marquee_ellipse_and_lasso_cover_their_shapes ... ok
test documents::paint::tests::full_preset_engine_matches_seeded_stroke_without_losing_advanced_settings ... ok
test documents::select::tests::real_selection_uses_selection_crate_and_validates_inputs ... ok
test preview::critic::tests::face_crop_inversion_matches_every_exif_orientation ... ok
test documents::paint::tests::direct_tiles_match_brush_api_exactly_and_legacy_declines ... ok
test documents::brush_presets::tests::abr_listing_and_import_preserve_tips_without_mutating_on_bad_input ... ok
test documents::advanced::tests::tagged_composite_is_converted_to_srgb_and_bad_profiles_fail ... ok
test schema::tests::derived_flattened_wire_type_accepts_envelope_and_rejects_unknown_fields ... ok
test preview::tests::raw_steps_reuse_upstream_operator_results ... ok
test preview::tests::rgb_icc_and_orientation_are_shared_by_export_preview_and_histogram ... ok
test documents::brush_presets::tests::full_brush_persists_across_store_reopen ... ok
test schema::tests::people_wire_requires_explicit_name_and_confirmation ... ok
test schema::tests::editable_model_schemas_and_validation_are_typed ... ok
test preview::tests::rgb_decode_is_shared_by_preview_histogram_and_final ... ok
test schema::tests::document_wire_types_accept_envelope_flatten_and_reject_typos ... ok
test server::people_tests::remove_object_document_alias_has_union_schema_and_canonical_dispatch ... ok
test preview::tests::metrics_count_full_resolution_and_face_crop_uses_native_pixels ... ok
test documents::brush_presets::tests::concurrent_handles_allocate_distinct_ids ... ok
test documents::brush_presets::tests::corrupt_store_and_invalid_settings_never_replace_saved_data ... ok
test server::people_tests::library_request_dispatches_to_catalog_and_reports_missing_person ... ok
test preview::tests::nondefault_histogram_clipping_does_not_saturate_at_f32_integer_limit ... ok
test preview::tests::heic_is_accepted_by_export_and_preview ... ok

test result: ok. 29 passed; 0 failed; 0 ignored; 0 measured; 0 filtered out; finished in 0.41s

     Running unittests src/main.rs (/Volumes/betterSSD/tessera-cache/target/M5-30/release/deps/tessera_mcp-3f719fcbec150e71)

running 0 tests

test result: ok. 0 passed; 0 failed; 0 ignored; 0 measured; 0 filtered out; finished in 0.00s

     Running tests/channels.rs (/Volumes/betterSSD/tessera-cache/target/M5-30/release/deps/channels-0ec1a0df3c601e14)

running 4 tests
test channel_ids_are_not_reused_on_history_branches ... ok
test recorded_channels_bind_to_newly_created_ids ... ok
test channel_validation_is_atomic_and_staging_is_immutable ... ok
test add_summary_load_edit_rename_delete_and_undo ... ok

test result: ok. 4 passed; 0 failed; 0 ignored; 0 measured; 0 filtered out; finished in 0.08s

     Running tests/console.rs (/Volumes/betterSSD/tessera-cache/target/M5-30/release/deps/console-28193bd2ce3e0935)

running 7 tests
test rejected_mutations_preserve_history_and_pixels ... ok
test scene_linear_histogram_and_noop_history_are_explicit ... ok
test tone_is_one_persistent_agent_entry_and_histogram_tracks_render ... ok
test compare_catalog_scores_and_export_use_engine_pixels ... ok
test masks_crop_style_and_selection_record_one_entry_each ... ok
test heic_console_describe_edit_and_export ... ok
test previews_and_linear_histograms_are_bounded_pyramid_levels ... ok

test result: ok. 7 passed; 0 failed; 0 ignored; 0 measured; 0 filtered out; finished in 0.73s

     Running tests/document_color.rs (/Volumes/betterSSD/tessera-cache/target/M5-30/release/deps/document_color-0d2d29fe55c30838)

running 7 tests
test flat_image_open_retains_embedded_profile_for_export ... ok
test untagged_float_export_keeps_srgb_transfer_and_linear_alpha ... ok
test integer_document_retains_embedded_profile_and_samples ... ok
test untagged_integer_exports_embed_srgb_in_every_supported_encoding ... ok
test float_document_encodes_its_profile_transfer_curve_without_changing_alpha ... ok
test psd_import_captures_warnings_without_losing_preserved_records ... ok
test invalid_profile_and_unresolved_output_handle_do_not_replace_destination ... ok

test result: ok. 7 passed; 0 failed; 0 ignored; 0 measured; 0 filtered out; finished in 0.07s

     Running tests/document_filters.rs (/Volumes/betterSSD/tessera-cache/target/M5-30/release/deps/document_filters-9271c0d27fab23bd)

running 4 tests
test distractions_return_masks_and_preserve_replayable_history ... ok
test camera_raw_evaluates_before_one_history_commit_and_checks_head ... ok
test retouch_operations_dispatch_and_undo_with_strict_errors ... ok
test smart_filters_are_enabled_evaluated_and_rendered_without_baking ... ok

test result: ok. 4 passed; 0 failed; 0 ignored; 0 measured; 0 filtered out; finished in 0.14s

     Running tests/document_protocol.rs (/Volumes/betterSSD/tessera-cache/target/M5-30/release/deps/document_protocol-91985b2cb1cc1967)

running 1 test
test document_tools_history_conflicts_schemas_and_actions_over_mcp ... ok

test result: ok. 1 passed; 0 failed; 0 ignored; 0 measured; 0 filtered out; finished in 0.14s

     Running tests/documents.rs (/Volumes/betterSSD/tessera-cache/target/M5-30/release/deps/documents-a01b4dc1dfe160ac)

running 7 tests
test action_files_are_validated ... ok
test failures_and_expect_head_conflicts_leave_history_untouched ... ok
test transform_merge_and_selection_behave_like_their_definitions ... ok
test every_edit_is_one_agent_entry_with_its_action_and_rationale ... ok
test native_and_psd_exports_reopen ... ok
test recorded_action_replays_identical_pixels_on_another_document ... ok
test describe_and_resident_preview ... ok

test result: ok. 7 passed; 0 failed; 0 ignored; 0 measured; 0 filtered out; finished in 0.13s

     Running tests/people.rs (/Volumes/betterSSD/tessera-cache/target/M5-30/release/deps/people-5d70d65a49962950)

running 7 tests
test library_tools_are_advertised_with_opt_in_defaults ... ok
test merged_opaque_identity_cannot_resurrect_an_old_wire_id ... ok
test model_generated_string_ids_have_stable_wire_ids_across_reopen ... ok
test invalid_references_are_rejected_before_any_edits ... ok
test assign_descriptorless_face_and_name_without_sidecars ... ok
test confirm_merge_split_preserve_identity_contracts ... ok
test write_options_export_names_and_additive_keywords ... ok

test result: ok. 7 passed; 0 failed; 0 ignored; 0 measured; 0 filtered out; finished in 0.23s

     Running tests/protocol.rs (/Volumes/betterSSD/tessera-cache/target/M5-30/release/deps/protocol-92e79bf09b3a9d03)

running 2 tests
test memory_initialize_list_call_bad_schema_compare_and_resources ... ok
test spawned_stdio_lists_tools_without_stdout_noise ... ok

test result: ok. 2 passed; 0 failed; 0 ignored; 0 measured; 0 filtered out; finished in 2.74s

     Running tests/text_vector.rs (/Volumes/betterSSD/tessera-cache/target/M5-30/release/deps/text_vector-8f916755b15e6fee)

running 3 tests
test actions_can_reference_new_text_and_shape_layers ... ok
test editable_text_dispatch_history_summaries_and_undo ... ok
test shape_mask_conversion_and_failed_edit_are_atomic ... ok

test result: ok. 3 passed; 0 failed; 0 ignored; 0 measured; 0 filtered out; finished in 0.04s

     Running tests/wiring.rs (/Volumes/betterSSD/tessera-cache/target/M5-30/release/deps/wiring-a63292f7dd409a29)

running 2 tests
test executor_pixels_equal_direct_brush ... ok
test saved_selection_follows_undo_redo ... ok

test result: ok. 2 passed; 0 failed; 0 ignored; 0 measured; 0 filtered out; finished in 0.01s

     Running unittests src/lib.rs (/Volumes/betterSSD/tessera-cache/target/M5-30/release/deps/typography-bced41f083c54023)

running 0 tests

test result: ok. 0 passed; 0 failed; 0 ignored; 0 measured; 0 filtered out; finished in 0.00s

     Running tests/engine.rs (/Volumes/betterSSD/tessera-cache/target/M5-30/release/deps/engine-bcb6e46d646154c3)

running 2 tests
test engine_data_roundtrip_and_version_guard ... ok
test layout_is_deterministic_and_ligatures_are_live ... ok

test result: ok. 2 passed; 0 failed; 0 ignored; 0 measured; 0 filtered out; finished in 0.00s

     Running tests/engine_psd_edit.rs (/Volumes/betterSSD/tessera-cache/target/M5-30/release/deps/engine_psd_edit-5026b4d33a314870)

running 1 test
test adobe_engine_edits_preserve_unknown_and_character_paragraph_fields ... ok

test result: ok. 1 passed; 0 failed; 0 ignored; 0 measured; 0 filtered out; finished in 0.00s

     Running tests/fonts.rs (/Volumes/betterSSD/tessera-cache/target/M5-30/release/deps/fonts-47571962366f78fa)

running 3 tests
test kerning_toggle_changes_pair_advance ... ok
test user_font_directory_is_loaded_and_postscript_names_resolve ... ok
test macos_system_discovery_finds_fonts ... ok

test result: ok. 3 passed; 0 failed; 0 ignored; 0 measured; 0 filtered out; finished in 0.16s

     Running tests/geometry.rs (/Volumes/betterSSD/tessera-cache/target/M5-30/release/deps/geometry-f2822db6c08eaf41)

running 3 tests
test editable_path_roundtrips_and_is_used_by_render ... ok
test circular_path_has_expected_origins_and_tangents ... ok
test warp_identity_and_nonzero_mesh_deformation ... ok

test result: ok. 3 passed; 0 failed; 0 ignored; 0 measured; 0 filtered out; finished in 0.00s

     Running tests/layout.rs (/Volumes/betterSSD/tessera-cache/target/M5-30/release/deps/layout-5387296a9aca3cae)

running 6 tests
test mandatory_unicode_line_separator_is_not_a_space ... ok
test explicit_leading_indents_and_paragraph_spacing ... ok
test paragraph_overflow_empty_text_and_missing_fonts_are_explicit ... ok
test baseline_shift_and_tracking_apply_without_moving_the_baseline ... ok
test mixed_bidi_clusters_are_visual_but_keep_source_offsets ... ok
test paragraph_alignment_and_justification ... ok

test result: ok. 6 passed; 0 failed; 0 ignored; 0 measured; 0 filtered out; finished in 0.00s

     Running tests/psd.rs (/Volumes/betterSSD/tessera-cache/target/M5-30/release/deps/psd-64283cc2d3a1ba8d)

running 1 test
test tysh_engine_styles_use_utf16_lengths_and_preserve_original ... ok

test result: ok. 1 passed; 0 failed; 0 ignored; 0 measured; 0 filtered out; finished in 0.00s

     Running tests/render.rs (/Volumes/betterSSD/tessera-cache/target/M5-30/release/deps/render-67cb3b22323d4323)

running 3 tests
test bundled_font_coverage_checksum ... ok
test unhinted_raster_has_premultiplied_coverage_and_vector_export ... ok
test variable_axes_affect_both_shaping_and_outlines ... ok

test result: ok. 3 passed; 0 failed; 0 ignored; 0 measured; 0 filtered out; finished in 0.00s

     Running unittests src/lib.rs (/Volumes/betterSSD/tessera-cache/target/M5-30/release/deps/vector-bb4659ab9fa87478)

running 1 test
test tests::rectangle_boolean_areas ... ok

test result: ok. 1 passed; 0 failed; 0 ignored; 0 measured; 0 filtered out; finished in 0.00s

     Running tests/interop.rs (/Volumes/betterSSD/tessera-cache/target/M5-30/release/deps/interop-c00c7c71da15be87)

running 2 tests
test psd_records_roundtrip_and_topology ... ok
test svg_roundtrip ... ok

test result: ok. 2 passed; 0 failed; 0 ignored; 0 measured; 0 filtered out; finished in 0.00s

     Running tests/regressions.rs (/Volumes/betterSSD/tessera-cache/target/M5-30/release/deps/regressions-b456008ef6ed6cfe)

running 3 tests
test svg_continuation_after_close ... ok
test malformed_svg_is_rejected ... ok
test psd_crate_accepts_records_and_flags_render ... ok

test result: ok. 3 passed; 0 failed; 0 ignored; 0 measured; 0 filtered out; finished in 0.01s

     Running tests/render.rs (/Volumes/betterSSD/tessera-cache/target/M5-30/release/deps/render-333b819ed33dccbe)

running 2 tests
test gradient_endpoints_and_pattern ... ok
test unit_circle_coverage_and_level ... ok

test result: ok. 2 passed; 0 failed; 0 ignored; 0 measured; 0 filtered out; finished in 0.01s

     Running tests/robustness.rs (/Volumes/betterSSD/tessera-cache/target/M5-30/release/deps/robustness-dd2e994453252343)

running 7 tests
test nonfinite_primitives_rejected ... ok
test zero_stroke_and_bad_inputs ... ok
test fill_rules_holes_touching_and_empty ... ok
test fractional_rectangle_coverage ... ok
test all_gradient_kinds ... ok
test caps_joins_odd_dashes ... ok
test live_properties_and_layer ... ok

test result: ok. 7 passed; 0 failed; 0 ignored; 0 measured; 0 filtered out; finished in 0.02s

     Running tests/stroke.rs (/Volumes/betterSSD/tessera-cache/target/M5-30/release/deps/stroke-822bde38a317dff6)

running 1 test
test alignment_bounds_and_dashes ... ok

test result: ok. 1 passed; 0 failed; 0 ignored; 0 measured; 0 filtered out; finished in 0.00s

     Running tests/transform.rs (/Volumes/betterSSD/tessera-cache/target/M5-30/release/deps/transform-7f0a386da77a6866)

running 2 tests
test anchor_editing_and_curvature ... ok
test perspective_corners_and_mesh_handles ... ok

test result: ok. 2 passed; 0 failed; 0 ignored; 0 measured; 0 filtered out; finished in 0.00s

   Doc-tests compositor

running 0 tests

test result: ok. 0 passed; 0 failed; 0 ignored; 0 measured; 0 filtered out; finished in 0.00s

   Doc-tests engine_api

running 0 tests

test result: ok. 0 passed; 0 failed; 0 ignored; 0 measured; 0 filtered out; finished in 0.00s

   Doc-tests psd

running 0 tests

test result: ok. 0 passed; 0 failed; 0 ignored; 0 measured; 0 filtered out; finished in 0.00s

   Doc-tests tessera_mcp

running 0 tests

test result: ok. 0 passed; 0 failed; 0 ignored; 0 measured; 0 filtered out; finished in 0.00s

   Doc-tests typography

running 0 tests

test result: ok. 0 passed; 0 failed; 0 ignored; 0 measured; 0 filtered out; finished in 0.00s

   Doc-tests vector

running 0 tests

test result: ok. 0 passed; 0 failed; 0 ignored; 0 measured; 0 filtered out; finished in 0.00s

warning: libraw-ffi@0.1.0: vendor/LibRaw/LibRaw-0.22.2/src/write/file_write.cpp:78:3: warning: 'sprintf' is deprecated: This function is provided for compatibility reasons only.  Due to security concerns inherent in the design of sprintf(3), it is highly recommended that you use snprintf(3) instead. [-Wdeprecated-declarations]
warning: libraw-ffi@0.1.0:    78 |   sprintf(th->date, "%04d:%02d:%02d %02d:%02d:%02d", t->tm_year + 1900,
warning: libraw-ffi@0.1.0:       |   ^
warning: libraw-ffi@0.1.0: /Applications/Xcode.app/Contents/Developer/Platforms/MacOSX.platform/Developer/SDKs/MacOSX.sdk/usr/include/_stdio.h:278:1: note: 'sprintf' has been explicitly marked deprecated here
warning: libraw-ffi@0.1.0:   278 | __deprecated_msg("This function is provided for compatibility reasons only.  Due to security concerns inherent in the design of sprintf(3), it is highly recommended that you use snprintf(3) instead.")
warning: libraw-ffi@0.1.0:       | ^
warning: libraw-ffi@0.1.0: /Applications/Xcode.app/Contents/Developer/Platforms/MacOSX.platform/Developer/SDKs/MacOSX.sdk/usr/include/sys/cdefs.h:227:48: note: expanded from macro '__deprecated_msg'
warning: libraw-ffi@0.1.0:   227 |         #define __deprecated_msg(_msg) __attribute__((__deprecated__(_msg)))
warning: libraw-ffi@0.1.0:       |                                                       ^
warning: libraw-ffi@0.1.0: 1 warning generated.
warning: libraw-ffi@0.1.0: vendor/LibRaw/LibRaw-0.22.2/src/decompressors/losslessjpeg.cpp:24:9: warning: 'ZERO' macro redefined [-Wmacro-redefined]
warning: libraw-ffi@0.1.0:    24 | #define ZERO(a) do { memset(a,0,sizeof(a));} while(0)
warning: libraw-ffi@0.1.0:       |         ^
warning: libraw-ffi@0.1.0: vendor/LibRaw/LibRaw-0.22.2/src/decompressors/../../internal/libraw_cxx_defs.h:117:9: note: previous definition is here
warning: libraw-ffi@0.1.0:   117 | #define ZERO(a) memset(&a, 0, sizeof(a))
warning: libraw-ffi@0.1.0:       |         ^
warning: libraw-ffi@0.1.0: vendor/LibRaw/LibRaw-0.22.2/src/decompressors/losslessjpeg.cpp:375:17: warning: comparison of integers of different signs: 'int' and 'uint32_t' (aka 'unsigned int') [-Wsign-compare]
warning: libraw-ffi@0.1.0:   375 |           if (h >= tsize)
warning: libraw-ffi@0.1.0:       |               ~ ^  ~~~~~
warning: libraw-ffi@0.1.0: 2 warnings generated.
warning: libraw-ffi@0.1.0: vendor/LibRaw/LibRaw-0.22.2/src/libraw_datastream.cpp:138:48: warning: unused parameter 'jpegdata' [-Wunused-parameter]
warning: libraw-ffi@0.1.0:   138 | int LibRaw_abstract_datastream::jpeg_src(void *jpegdata)
warning: libraw-ffi@0.1.0:       |                                                ^
warning: libraw-ffi@0.1.0: vendor/LibRaw/LibRaw-0.22.2/src/libraw_datastream.cpp:452:46: warning: unused parameter 'jpegdata' [-Wunused-parameter]
warning: libraw-ffi@0.1.0:   452 | int LibRaw_buffer_datastream::jpeg_src(void *jpegdata)
warning: libraw-ffi@0.1.0:       |                                              ^
warning: libraw-ffi@0.1.0: 2 warnings generated.
warning: libraw-ffi@0.1.0: vendor/LibRaw/LibRaw-0.22.2/src/integration/dngsdk_glue.cpp:527:33: warning: unused parameter 'p' [-Wunused-parameter]
warning: libraw-ffi@0.1.0:   527 | void LibRaw::set_dng_host(void *p)
warning: libraw-ffi@0.1.0:       |                                 ^
warning: libraw-ffi@0.1.0: 1 warning generated.
warning: libraw-ffi@0.1.0: vendor/LibRaw/LibRaw-0.22.2/src/utils/open.cpp:476:11: warning: unused variable 'foveon_count' [-Wunused-const-variable]
warning: libraw-ffi@0.1.0:   476 | const int foveon_count = sizeof(foveon_data) / sizeof(foveon_data[0]);
warning: libraw-ffi@0.1.0:       |           ^~~~~~~~~~~~
warning: libraw-ffi@0.1.0: 1 warning generated.
warning: libraw-ffi@0.1.0: vendor/LibRaw/LibRaw-0.22.2/src/utils/thumb_utils.cpp:35:41: warning: comparison of integers of different signs: 'INT64' (aka 'long long') and 'unsigned long long' [-Wsign-compare]
warning: libraw-ffi@0.1.0:    35 |   if(INT64(T.theight) * INT64(T.twidth) > 1024ULL * 1024ULL * LIBRAW_MAX_THUMBNAIL_MB)
warning: libraw-ffi@0.1.0:       |      ~~~~~~~~~~~~~~~~~~~~~~~~~~~~~~~~~~ ^ ~~~~~~~~~~~~~~~~~~~~~~~~~~~~~~~~~~~~~~~~~~~
warning: libraw-ffi@0.1.0: vendor/LibRaw/LibRaw-0.22.2/src/utils/thumb_utils.cpp:38:42: warning: comparison of integers of different signs: 'INT64' (aka 'long long') and 'unsigned long long' [-Wsign-compare]
warning: libraw-ffi@0.1.0:    38 |   if (INT64(T.theight) * INT64(T.twidth) < 64ULL)
warning: libraw-ffi@0.1.0:       |       ~~~~~~~~~~~~~~~~~~~~~~~~~~~~~~~~~~ ^ ~~~~~
warning: libraw-ffi@0.1.0: 2 warnings generated.
warning: libraw-ffi@0.1.0: vendor/LibRaw/LibRaw-0.22.2/src/postprocessing/postprocessing_utils_dcrdefs.cpp:65:5: warning: 'sprintf' is deprecated: This function is provided for compatibility reasons only.  Due to security concerns inherent in the design of sprintf(3), it is highly recommended that you use snprintf(3) instead. [-Wdeprecated-declarations]
warning: libraw-ffi@0.1.0:    65 |     sprintf(prof_desc.data(), "%s gamma %g toe slope %g", name[output_color - 1], floor(1000. / gamm[0] + .5) / 1000.,
warning: libraw-ffi@0.1.0:       |     ^
warning: libraw-ffi@0.1.0: /Applications/Xcode.app/Contents/Developer/Platforms/MacOSX.platform/Developer/SDKs/MacOSX.sdk/usr/include/_stdio.h:278:1: note: 'sprintf' has been explicitly marked deprecated here
warning: libraw-ffi@0.1.0:   278 | __deprecated_msg("This function is provided for compatibility reasons only.  Due to security concerns inherent in the design of sprintf(3), it is highly recommended that you use snprintf(3) instead.")
warning: libraw-ffi@0.1.0:       | ^
warning: libraw-ffi@0.1.0: /Applications/Xcode.app/Contents/Developer/Platforms/MacOSX.platform/Developer/SDKs/MacOSX.sdk/usr/include/sys/cdefs.h:227:48: note: expanded from macro '__deprecated_msg'
warning: libraw-ffi@0.1.0:   227 |         #define __deprecated_msg(_msg) __attribute__((__deprecated__(_msg)))
warning: libraw-ffi@0.1.0:       |                                                       ^
warning: libraw-ffi@0.1.0: 1 warning generated.
warning: libraw-ffi@0.1.0: vendor/LibRaw/LibRaw-0.22.2/src/postprocessing/mem_image.cpp:43:24: warning: comparison of integers of different signs: 'INT64' (aka 'long long') and 'unsigned long long' [-Wsign-compare]
warning: libraw-ffi@0.1.0:    43 |   if (INT64(T.tlength) > 1024ULL * 1024ULL * LIBRAW_MAX_THUMBNAIL_MB)
warning: libraw-ffi@0.1.0:       |       ~~~~~~~~~~~~~~~~ ^ ~~~~~~~~~~~~~~~~~~~~~~~~~~~~~~~~~~~~~~~~~~~
warning: libraw-ffi@0.1.0: 1 warning generated.
warning: libraw-ffi@0.1.0: vendor/LibRaw/LibRaw-0.22.2/src/decoders/unpack_thumb.cpp:225:9: warning: comparison of integers of different signs: 'INT64' (aka 'long long') and 'unsigned long long' [-Wsign-compare]
warning: libraw-ffi@0.1.0:   225 |         THUMB_SIZE_CHECKWH(T.twidth, T.theight);
warning: libraw-ffi@0.1.0:       |         ^~~~~~~~~~~~~~~~~~~~~~~~~~~~~~~~~~~~~~~
warning: libraw-ffi@0.1.0: vendor/LibRaw/LibRaw-0.22.2/src/decoders/unpack_thumb.cpp:70:27: note: expanded from macro 'THUMB_SIZE_CHECKWH'
warning: libraw-ffi@0.1.0:    70 |     if (INT64(W)*INT64(H) > 1024ULL * 1024ULL * LIBRAW_MAX_THUMBNAIL_MB) return LIBRAW_UNSUPPORTED_THUMBNAIL; \
warning: libraw-ffi@0.1.0:       |         ~~~~~~~~~~~~~~~~~ ^ ~~~~~~~~~~~~~~~~~~~~~~~~~~~~~~~~~~~~~~~~~~~
warning: libraw-ffi@0.1.0: vendor/LibRaw/LibRaw-0.22.2/src/decoders/unpack_thumb.cpp:225:9: warning: comparison of integers of different signs: 'INT64' (aka 'long long') and 'unsigned long long' [-Wsign-compare]
warning: libraw-ffi@0.1.0:   225 |         THUMB_SIZE_CHECKWH(T.twidth, T.theight);
warning: libraw-ffi@0.1.0:       |         ^~~~~~~~~~~~~~~~~~~~~~~~~~~~~~~~~~~~~~~
warning: libraw-ffi@0.1.0: vendor/LibRaw/LibRaw-0.22.2/src/decoders/unpack_thumb.cpp:71:27: note: expanded from macro 'THUMB_SIZE_CHECKWH'
warning: libraw-ffi@0.1.0:    71 |     if (INT64(W)*INT64(H) < 64ULL)        return LIBRAW_NO_THUMBNAIL; \
warning: libraw-ffi@0.1.0:       |         ~~~~~~~~~~~~~~~~~ ^ ~~~~~
warning: libraw-ffi@0.1.0: vendor/LibRaw/LibRaw-0.22.2/src/decoders/unpack_thumb.cpp:266:9: warning: comparison of integers of different signs: 'INT64' (aka 'long long') and 'unsigned long long' [-Wsign-compare]
warning: libraw-ffi@0.1.0:   266 |         THUMB_SIZE_CHECKWH(T.twidth, T.theight);
warning: libraw-ffi@0.1.0:       |         ^~~~~~~~~~~~~~~~~~~~~~~~~~~~~~~~~~~~~~~
warning: libraw-ffi@0.1.0: vendor/LibRaw/LibRaw-0.22.2/src/decoders/unpack_thumb.cpp:70:27: note: expanded from macro 'THUMB_SIZE_CHECKWH'
warning: libraw-ffi@0.1.0:    70 |     if (INT64(W)*INT64(H) > 1024ULL * 1024ULL * LIBRAW_MAX_THUMBNAIL_MB) return LIBRAW_UNSUPPORTED_THUMBNAIL; \
warning: libraw-ffi@0.1.0:       |         ~~~~~~~~~~~~~~~~~ ^ ~~~~~~~~~~~~~~~~~~~~~~~~~~~~~~~~~~~~~~~~~~~
warning: libraw-ffi@0.1.0: vendor/LibRaw/LibRaw-0.22.2/src/decoders/unpack_thumb.cpp:266:9: warning: comparison of integers of different signs: 'INT64' (aka 'long long') and 'unsigned long long' [-Wsign-compare]
warning: libraw-ffi@0.1.0:   266 |         THUMB_SIZE_CHECKWH(T.twidth, T.theight);
warning: libraw-ffi@0.1.0:       |         ^~~~~~~~~~~~~~~~~~~~~~~~~~~~~~~~~~~~~~~
warning: libraw-ffi@0.1.0: vendor/LibRaw/LibRaw-0.22.2/src/decoders/unpack_thumb.cpp:71:27: note: expanded from macro 'THUMB_SIZE_CHECKWH'
warning: libraw-ffi@0.1.0:    71 |     if (INT64(W)*INT64(H) < 64ULL)        return LIBRAW_NO_THUMBNAIL; \
warning: libraw-ffi@0.1.0:       |         ~~~~~~~~~~~~~~~~~ ^ ~~~~~
warning: libraw-ffi@0.1.0: vendor/LibRaw/LibRaw-0.22.2/src/decoders/unpack_thumb.cpp:298:9: warning: comparison of integers of different signs: 'INT64' (aka 'long long') and 'unsigned long long' [-Wsign-compare]
warning: libraw-ffi@0.1.0:   298 |         THUMB_SIZE_CHECKWH(T.twidth, T.theight);
warning: libraw-ffi@0.1.0:       |         ^~~~~~~~~~~~~~~~~~~~~~~~~~~~~~~~~~~~~~~
warning: libraw-ffi@0.1.0: vendor/LibRaw/LibRaw-0.22.2/src/decoders/unpack_thumb.cpp:70:27: note: expanded from macro 'THUMB_SIZE_CHECKWH'
warning: libraw-ffi@0.1.0:    70 |     if (INT64(W)*INT64(H) > 1024ULL * 1024ULL * LIBRAW_MAX_THUMBNAIL_MB) return LIBRAW_UNSUPPORTED_THUMBNAIL; \
warning: libraw-ffi@0.1.0:       |         ~~~~~~~~~~~~~~~~~ ^ ~~~~~~~~~~~~~~~~~~~~~~~~~~~~~~~~~~~~~~~~~~~
warning: libraw-ffi@0.1.0: vendor/LibRaw/LibRaw-0.22.2/src/decoders/unpack_thumb.cpp:298:9: warning: comparison of integers of different signs: 'INT64' (aka 'long long') and 'unsigned long long' [-Wsign-compare]
warning: libraw-ffi@0.1.0:   298 |         THUMB_SIZE_CHECKWH(T.twidth, T.theight);
warning: libraw-ffi@0.1.0:       |         ^~~~~~~~~~~~~~~~~~~~~~~~~~~~~~~~~~~~~~~
warning: libraw-ffi@0.1.0: vendor/LibRaw/LibRaw-0.22.2/src/decoders/unpack_thumb.cpp:71:27: note: expanded from macro 'THUMB_SIZE_CHECKWH'
warning: libraw-ffi@0.1.0:    71 |     if (INT64(W)*INT64(H) < 64ULL)        return LIBRAW_NO_THUMBNAIL; \
warning: libraw-ffi@0.1.0:       |         ~~~~~~~~~~~~~~~~~ ^ ~~~~~
warning: libraw-ffi@0.1.0: vendor/LibRaw/LibRaw-0.22.2/src/decoders/unpack_thumb.cpp:383:3: warning: comparison of integers of different signs: 'INT64' (aka 'long long') and 'unsigned long long' [-Wsign-compare]
warning: libraw-ffi@0.1.0:   383 |                 THUMB_SIZE_CHECKWH(T.twidth, (INT64(T.theight)*INT64(o_bps)));
warning: libraw-ffi@0.1.0:       |                 ^~~~~~~~~~~~~~~~~~~~~~~~~~~~~~~~~~~~~~~~~~~~~~~~~~~~~~~~~~~~~
warning: libraw-ffi@0.1.0: vendor/LibRaw/LibRaw-0.22.2/src/decoders/unpack_thumb.cpp:70:27: note: expanded from macro 'THUMB_SIZE_CHECKWH'
warning: libraw-ffi@0.1.0:    70 |     if (INT64(W)*INT64(H) > 1024ULL * 1024ULL * LIBRAW_MAX_THUMBNAIL_MB) return LIBRAW_UNSUPPORTED_THUMBNAIL; \
warning: libraw-ffi@0.1.0:       |         ~~~~~~~~~~~~~~~~~ ^ ~~~~~~~~~~~~~~~~~~~~~~~~~~~~~~~~~~~~~~~~~~~
warning: libraw-ffi@0.1.0: vendor/LibRaw/LibRaw-0.22.2/src/decoders/unpack_thumb.cpp:383:3: warning: comparison of integers of different signs: 'INT64' (aka 'long long') and 'unsigned long long' [-Wsign-compare]
warning: libraw-ffi@0.1.0:   383 |                 THUMB_SIZE_CHECKWH(T.twidth, (INT64(T.theight)*INT64(o_bps)));
warning: libraw-ffi@0.1.0:       |                 ^~~~~~~~~~~~~~~~~~~~~~~~~~~~~~~~~~~~~~~~~~~~~~~~~~~~~~~~~~~~~
warning: libraw-ffi@0.1.0: vendor/LibRaw/LibRaw-0.22.2/src/decoders/unpack_thumb.cpp:71:27: note: expanded from macro 'THUMB_SIZE_CHECKWH'
warning: libraw-ffi@0.1.0:    71 |     if (INT64(W)*INT64(H) < 64ULL)        return LIBRAW_NO_THUMBNAIL; \
warning: libraw-ffi@0.1.0:       |         ~~~~~~~~~~~~~~~~~ ^ ~~~~~
warning: libraw-ffi@0.1.0: 8 warnings generated.
warning: libraw-ffi@0.1.0: vendor/LibRaw/LibRaw-0.22.2/src/decoders/decoders_libraw.cpp:894:2: warning: definition of implicit copy assignment operator for 'p1_row_info_t' is deprecated because it has a user-provided copy constructor [-Wdeprecated-copy-with-user-provided-copy]
warning: libraw-ffi@0.1.0:   894 |         p1_row_info_t(const p1_row_info_t& q): row(q.row),offset(q.offset){}
warning: libraw-ffi@0.1.0:       |         ^
warning: libraw-ffi@0.1.0: /Applications/Xcode.app/Contents/Developer/Platforms/MacOSX.platform/Developer/SDKs/MacOSX.sdk/usr/include/c++/v1/__algorithm/sift_down.h:61:14: note: in implicit copy assignment operator for 'p1_row_info_t' first required here
warning: libraw-ffi@0.1.0:    61 |     *__start = _Ops::__iter_move(__child_i);
warning: libraw-ffi@0.1.0:       |              ^
warning: libraw-ffi@0.1.0: /Applications/Xcode.app/Contents/Developer/Platforms/MacOSX.platform/Developer/SDKs/MacOSX.sdk/usr/include/c++/v1/__algorithm/make_heap.h:39:12: note: in instantiation of function template specialization 'std::__sift_down<std::_ClassicAlgPolicy, std::__less<void, void> &, p1_row_info_t *>' requested here
warning: libraw-ffi@0.1.0:    39 |       std::__sift_down<_AlgPolicy>(__first, __comp_ref, __n, __first + __start);
warning: libraw-ffi@0.1.0:       |            ^
warning: libraw-ffi@0.1.0: /Applications/Xcode.app/Contents/Developer/Platforms/MacOSX.platform/Developer/SDKs/MacOSX.sdk/usr/include/c++/v1/__algorithm/partial_sort.h:41:8: note: in instantiation of function template specialization 'std::__make_heap<std::_ClassicAlgPolicy, std::__less<void, void> &, p1_row_info_t *>' requested here
warning: libraw-ffi@0.1.0:    41 |   std::__make_heap<_AlgPolicy>(__first, __middle, __comp);
warning: libraw-ffi@0.1.0:       |        ^
warning: libraw-ffi@0.1.0: /Applications/Xcode.app/Contents/Developer/Platforms/MacOSX.platform/Developer/SDKs/MacOSX.sdk/usr/include/c++/v1/__algorithm/partial_sort.h:65:12: note: in instantiation of function template specialization 'std::__partial_sort_impl<std::_ClassicAlgPolicy, std::__less<void, void> &, p1_row_info_t *, p1_row_info_t *>' requested here
warning: libraw-ffi@0.1.0:    65 |       std::__partial_sort_impl<_AlgPolicy>(__first, __middle, __last, static_cast<__comp_ref_type<_Compare> >(__comp));
warning: libraw-ffi@0.1.0:       |            ^
warning: libraw-ffi@0.1.0: /Applications/Xcode.app/Contents/Developer/Platforms/MacOSX.platform/Developer/SDKs/MacOSX.sdk/usr/include/c++/v1/__algorithm/sort.h:934:10: note: in instantiation of function template specialization 'std::__partial_sort<std::_ClassicAlgPolicy, std::__less<void, void>, p1_row_info_t *, p1_row_info_t *>' requested here
warning: libraw-ffi@0.1.0:   934 |     std::__partial_sort<_AlgPolicy>(
warning: libraw-ffi@0.1.0:       |          ^
warning: libraw-ffi@0.1.0: /Applications/Xcode.app/Contents/Developer/Platforms/MacOSX.platform/Developer/SDKs/MacOSX.sdk/usr/include/c++/v1/__algorithm/sort.h:945:8: note: in instantiation of function template specialization 'std::__sort_impl<std::_ClassicAlgPolicy, std::__wrap_iter<p1_row_info_t *>, std::__less<void, void>>' requested here
warning: libraw-ffi@0.1.0:   945 |   std::__sort_impl<_ClassicAlgPolicy>(std::move(__first), std::move(__last), __comp);
warning: libraw-ffi@0.1.0:       |        ^
warning: libraw-ffi@0.1.0: /Applications/Xcode.app/Contents/Developer/Platforms/MacOSX.platform/Developer/SDKs/MacOSX.sdk/usr/include/c++/v1/__algorithm/sort.h:951:8: note: in instantiation of function template specialization 'std::sort<std::__wrap_iter<p1_row_info_t *>, std::__less<void, void>>' requested here
warning: libraw-ffi@0.1.0:   951 |   std::sort(__first, __last, __less<>());
warning: libraw-ffi@0.1.0:       |        ^
warning: libraw-ffi@0.1.0: vendor/LibRaw/LibRaw-0.22.2/src/decoders/decoders_libraw.cpp:911:7: note: in instantiation of function template specialization 'std::sort<std::__wrap_iter<p1_row_info_t *>>' requested here
warning: libraw-ffi@0.1.0:   911 |         std::sort(stripes.begin(), stripes.end());
warning: libraw-ffi@0.1.0:       |              ^
warning: libraw-ffi@0.1.0: 1 warning generated.
warning: libraw-ffi@0.1.0: vendor/LibRaw/LibRaw-0.22.2/src/decoders/olympus14.cpp:242:30: warning: comparison of integers of different signs: 'uint32_t' (aka 'unsigned int') and 'const int32_t' (aka 'const int') [-Wsign-compare]
warning: libraw-ffi@0.1.0:   242 |                 for (uint32_t col = 0; col < raw_width; col++)
warning: libraw-ffi@0.1.0:       |                                        ~~~ ^ ~~~~~~~~~
warning: libraw-ffi@0.1.0: 1 warning generated.
warning: libraw-ffi@0.1.0: vendor/LibRaw/LibRaw-0.22.2/src/decoders/load_mfbacks.cpp:534:45: warning: comparison of integers of different signs: 'int' and 'unsigned int' [-Wsign-compare]
warning: libraw-ffi@0.1.0:   534 |                         if (j == 0 || j == head[1] || k < 1 || k >= w0+w1)
warning: libraw-ffi@0.1.0:       |                                                                ~ ^  ~~~~~
warning: libraw-ffi@0.1.0: vendor/LibRaw/LibRaw-0.22.2/src/decoders/load_mfbacks.cpp:541:10: warning: comparison of integers of different signs: 'int' and 'unsigned int' [-Wsign-compare]
warning: libraw-ffi@0.1.0:   541 |                         if (k < w0 + w1)
warning: libraw-ffi@0.1.0:       |                             ~ ^ ~~~~~~~
warning: libraw-ffi@0.1.0: 2 warnings generated.
warning: libraw-ffi@0.1.0: vendor/LibRaw/LibRaw-0.22.2/src/decoders/fp_dng.cpp:361:21: warning: comparison of integers of different signs: 'int' and 'size_type' (aka 'unsigned long') [-Wsign-compare]
warning: libraw-ffi@0.1.0:   361 |   for (int i = 1; i < tiles.tBytes.size(); i++)
warning: libraw-ffi@0.1.0:       |                   ~ ^ ~~~~~~~~~~~~~~~~~~~
warning: libraw-ffi@0.1.0: vendor/LibRaw/LibRaw-0.22.2/src/decoders/fp_dng.cpp:528:31: warning: comparison of integers of different signs: 'unsigned long long' and 'long long' [-Wsign-compare]
warning: libraw-ffi@0.1.0:   528 |   if (pixcnt * sizeof(ushort) > INT64(imgdata.rawparams.max_raw_memory_mb) * 1024LL * 1024LL)
warning: libraw-ffi@0.1.0:       |       ~~~~~~~~~~~~~~~~~~~~~~~ ^ ~~~~~~~~~~~~~~~~~~~~~~~~~~~~~~~~~~~~~~~~~~~~~~~~~~~~~~~~~~~~
warning: libraw-ffi@0.1.0: vendor/LibRaw/LibRaw-0.22.2/src/decoders/fp_dng.cpp:560:24: warning: comparison of integers of different signs: 'size_t' (aka 'unsigned long') and 'INT64' (aka 'long long') [-Wsign-compare]
warning: libraw-ffi@0.1.0:   560 |   for (size_t i = 0; i < pixcnt; ++i)
warning: libraw-ffi@0.1.0:       |                      ~ ^ ~~~~~~
warning: libraw-ffi@0.1.0: 3 warnings generated.
warning: libraw-ffi@0.1.0: vendor/LibRaw/LibRaw-0.22.2/src/decoders/decoders_dcraw.cpp:545:14: warning: variable 'jhigh' set but not used [-Wunused-but-set-variable]
warning: libraw-ffi@0.1.0:   545 |   int jwide, jhigh, jrow, jcol, val, jidx, i, j, row = 0, col = 0;
warning: libraw-ffi@0.1.0:       |              ^
warning: libraw-ffi@0.1.0: 1 warning generated.
warning: libraw-ffi@0.1.0: vendor/LibRaw/LibRaw-0.22.2/src/metadata/identify.cpp:280:73: warning: missing field 'offset' initializer [-Wmissing-field-initializers]
warning: libraw-ffi@0.1.0:   280 |           { 786432,   1024,  768, 0, 0,  0, 0,  0, 0x94, 0, 0, "AVT", "F-080C" },
warning: libraw-ffi@0.1.0:       |                                                                                ^
warning: libraw-ffi@0.1.0: vendor/LibRaw/LibRaw-0.22.2/src/metadata/identify.cpp:281:73: warning: missing field 'offset' initializer [-Wmissing-field-initializers]
warning: libraw-ffi@0.1.0:   281 |           { 1447680,  1392, 1040, 0, 0,  0, 0,  0, 0x94, 0, 0, "AVT", "F-145C" },
warning: libraw-ffi@0.1.0:       |                                                                                ^
warning: libraw-ffi@0.1.0: vendor/LibRaw/LibRaw-0.22.2/src/metadata/identify.cpp:282:73: warning: missing field 'offset' initializer [-Wmissing-field-initializers]
warning: libraw-ffi@0.1.0:   282 |           { 1920000,  1600, 1200, 0, 0,  0, 0,  0, 0x94, 0, 0, "AVT", "F-201C" },
warning: libraw-ffi@0.1.0:       |                                                                                ^
warning: libraw-ffi@0.1.0: vendor/LibRaw/LibRaw-0.22.2/src/metadata/identify.cpp:283:73: warning: missing field 'offset' initializer [-Wmissing-field-initializers]
warning: libraw-ffi@0.1.0:   283 |           { 5067304,  2588, 1958, 0, 0,  0, 0,  0, 0x94, 0, 0, "AVT", "F-510C" },
warning: libraw-ffi@0.1.0:       |                                                                                ^
warning: libraw-ffi@0.1.0: vendor/LibRaw/LibRaw-0.22.2/src/metadata/identify.cpp:285:73: warning: missing field 'offset' initializer [-Wmissing-field-initializers]
warning: libraw-ffi@0.1.0:   285 |           { 10134608, 2588, 1958, 0, 0,  0, 0,  9, 0x94, 0, 0, "AVT", "F-510C" },
warning: libraw-ffi@0.1.0:       |                                                                                ^
warning: libraw-ffi@0.1.0: vendor/LibRaw/LibRaw-0.22.2/src/metadata/identify.cpp:287:73: warning: missing field 'offset' initializer [-Wmissing-field-initializers]
warning: libraw-ffi@0.1.0:   287 |           { 16157136, 3272, 2469, 0, 0,  0, 0,  9, 0x94, 0, 0, "AVT", "F-810C" },
warning: libraw-ffi@0.1.0:       |                                                                                ^
warning: libraw-ffi@0.1.0: vendor/LibRaw/LibRaw-0.22.2/src/metadata/identify.cpp:288:80: warning: missing field 'offset' initializer [-Wmissing-field-initializers]
warning: libraw-ffi@0.1.0:   288 |           { 3995136,  1632, 1224, 0, 0,  0, 0,  8, 0x61, 0, 1, "AgfaPhoto", "DC-833m" },
warning: libraw-ffi@0.1.0:       |                                                                                       ^
warning: libraw-ffi@0.1.0: vendor/LibRaw/LibRaw-0.22.2/src/metadata/identify.cpp:289:80: warning: missing field 'offset' initializer [-Wmissing-field-initializers]
warning: libraw-ffi@0.1.0:   289 |           { 15980544, 3264, 2448, 0, 0,  0, 0,  8, 0x61, 0, 1, "AgfaPhoto", "DC-833m" },
warning: libraw-ffi@0.1.0:       |                                                                                       ^
warning: libraw-ffi@0.1.0: vendor/LibRaw/LibRaw-0.22.2/src/metadata/identify.cpp:290:76: warning: missing field 'offset' initializer [-Wmissing-field-initializers]
warning: libraw-ffi@0.1.0:   290 |           { 9631728,  2532, 1902, 0, 0,  0, 0, 96, 0x61, 0, 0, "Alcatel", "5035D" },
warning: libraw-ffi@0.1.0:       |                                                                                   ^
warning: libraw-ffi@0.1.0: vendor/LibRaw/LibRaw-0.22.2/src/metadata/identify.cpp:291:77: warning: missing field 'offset' initializer [-Wmissing-field-initializers]
warning: libraw-ffi@0.1.0:   291 |           { 31850496, 4608, 3456, 0, 0,  0, 0,  0, 0x94, 0, 0, "GITUP", "GIT2 4:3" },
warning: libraw-ffi@0.1.0:       |                                                                                    ^
warning: libraw-ffi@0.1.0: vendor/LibRaw/LibRaw-0.22.2/src/metadata/identify.cpp:292:78: warning: missing field 'offset' initializer [-Wmissing-field-initializers]
warning: libraw-ffi@0.1.0:   292 |           { 23887872, 4608, 2592, 0, 0,  0, 0,  0, 0x94, 0, 0, "GITUP", "GIT2 16:9" },
warning: libraw-ffi@0.1.0:       |                                                                                     ^
warning: libraw-ffi@0.1.0: vendor/LibRaw/LibRaw-0.22.2/src/metadata/identify.cpp:293:78: warning: missing field 'offset' initializer [-Wmissing-field-initializers]
warning: libraw-ffi@0.1.0:   293 |           { 32257024, 4624, 3488, 8, 2, 16, 2,  0, 0x94, 0, 0, "GITUP", "GIT2P 4:3" },
warning: libraw-ffi@0.1.0:       |                                                                                     ^
warning: libraw-ffi@0.1.0: vendor/LibRaw/LibRaw-0.22.2/src/metadata/identify.cpp:294:79: warning: missing field 'offset' initializer [-Wmissing-field-initializers]
warning: libraw-ffi@0.1.0:   294 |           { 24192768, 4624, 2616, 8, 2, 16, 2,  0, 0x94, 0, 0, "GITUP", "GIT2P 16:9" },
warning: libraw-ffi@0.1.0:       |                                                                                      ^
warning: libraw-ffi@0.1.0: vendor/LibRaw/LibRaw-0.22.2/src/metadata/identify.cpp:295:79: warning: missing field 'offset' initializer [-Wmissing-field-initializers]
warning: libraw-ffi@0.1.0:   295 |           { 18016000, 4000, 2252, 0, 0,  0, 0,  0, 0x94, 0, 0, "GITUP", "G3DUO 16:9" },
warning: libraw-ffi@0.1.0:       |                                                                                      ^
warning: libraw-ffi@0.1.0: vendor/LibRaw/LibRaw-0.22.2/src/metadata/identify.cpp:302:74: warning: missing field 'offset' initializer [-Wmissing-field-initializers]
warning: libraw-ffi@0.1.0:   302 |           {  1540857, 2688, 1520,   0, 0, 0, 0,  1, 0x61, 0, 0, "Samsung", "S3" },
warning: libraw-ffi@0.1.0:       |                                                                                 ^
warning: libraw-ffi@0.1.0: vendor/LibRaw/LibRaw-0.22.2/src/metadata/identify.cpp:303:78: warning: missing field 'offset' initializer [-Wmissing-field-initializers]
warning: libraw-ffi@0.1.0:   303 |           {  2658304, 1212, 1096,   0, 0, 0, 0,  1, 0x16, 0, 0, "LG", "G3FrontMipi" },
warning: libraw-ffi@0.1.0:       |                                                                                     ^
warning: libraw-ffi@0.1.0: vendor/LibRaw/LibRaw-0.22.2/src/metadata/identify.cpp:304:78: warning: missing field 'offset' initializer [-Wmissing-field-initializers]
warning: libraw-ffi@0.1.0:   304 |           {  2842624, 1296, 1096,   0, 0, 0, 0,  1, 0x16, 0, 0, "LG", "G3FrontQCOM" },
warning: libraw-ffi@0.1.0:       |                                                                                     ^
warning: libraw-ffi@0.1.0: vendor/LibRaw/LibRaw-0.22.2/src/metadata/identify.cpp:305:79: warning: missing field 'offset' initializer [-Wmissing-field-initializers]
warning: libraw-ffi@0.1.0:   305 |           {  2969600, 1976, 1200,   0, 0, 0, 0,  1, 0x16, 0, 0, "Xiaomi", "MI3wMipi" },
warning: libraw-ffi@0.1.0:       |                                                                                      ^
warning: libraw-ffi@0.1.0: vendor/LibRaw/LibRaw-0.22.2/src/metadata/identify.cpp:306:79: warning: missing field 'offset' initializer [-Wmissing-field-initializers]
warning: libraw-ffi@0.1.0:   306 |           {  3170304, 1976, 1200,   0, 0, 0, 0,  1, 0x16, 0, 0, "Xiaomi", "MI3wQCOM" },
warning: libraw-ffi@0.1.0:       |                                                                                      ^
warning: libraw-ffi@0.1.0: vendor/LibRaw/LibRaw-0.22.2/src/metadata/identify.cpp:307:82: warning: missing field 'offset' initializer [-Wmissing-field-initializers]
warning: libraw-ffi@0.1.0:   307 |           {  3763584, 1584, 1184,   0, 0, 0, 0, 96, 0x61, 0, 0, "I_Mobile", "I_StyleQ6" },
warning: libraw-ffi@0.1.0:       |                                                                                         ^
warning: libraw-ffi@0.1.0: vendor/LibRaw/LibRaw-0.22.2/src/metadata/identify.cpp:308:84: warning: missing field 'offset' initializer [-Wmissing-field-initializers]
warning: libraw-ffi@0.1.0:   308 |           {  5107712, 2688, 1520,   0, 0, 0, 0,  1, 0x61, 0, 0, "OmniVisi", "UltraPixel1" },
warning: libraw-ffi@0.1.0:       |                                                                                           ^
warning: libraw-ffi@0.1.0: vendor/LibRaw/LibRaw-0.22.2/src/metadata/identify.cpp:309:84: warning: missing field 'offset' initializer [-Wmissing-field-initializers]
warning: libraw-ffi@0.1.0:   309 |           {  5382640, 2688, 1520,   0, 0, 0, 0,  1, 0x61, 0, 0, "OmniVisi", "UltraPixel2" },
warning: libraw-ffi@0.1.0:       |                                                                                           ^
warning: libraw-ffi@0.1.0: vendor/LibRaw/LibRaw-0.22.2/src/metadata/identify.cpp:310:77: warning: missing field 'offset' initializer [-Wmissing-field-initializers]
warning: libraw-ffi@0.1.0:   310 |           {  5664912, 2688, 1520,   0, 0, 0, 0,  1, 0x61, 0, 0, "OmniVisi", "4688" },
warning: libraw-ffi@0.1.0:       |                                                                                    ^
warning: libraw-ffi@0.1.0: vendor/LibRaw/LibRaw-0.22.2/src/metadata/identify.cpp:311:77: warning: missing field 'offset' initializer [-Wmissing-field-initializers]
warning: libraw-ffi@0.1.0:   311 |           {  5664912, 2688, 1520,   0, 0, 0, 0,  1, 0x61, 0, 0, "OmniVisi", "4688" },
warning: libraw-ffi@0.1.0:       |                                                                                    ^
warning: libraw-ffi@0.1.0: vendor/LibRaw/LibRaw-0.22.2/src/metadata/identify.cpp:312:77: warning: missing field 'offset' initializer [-Wmissing-field-initializers]
warning: libraw-ffi@0.1.0:   312 |           {  5364240, 2688, 1520,   0, 0, 0, 0,  1, 0x61, 0, 0, "OmniVisi", "4688" },
warning: libraw-ffi@0.1.0:       |                                                                                    ^
warning: libraw-ffi@0.1.0: vendor/LibRaw/LibRaw-0.22.2/src/metadata/identify.cpp:313:79: warning: missing field 'offset' initializer [-Wmissing-field-initializers]
warning: libraw-ffi@0.1.0:   313 |           {  6299648, 2592, 1944,   0, 0, 0, 0,  1, 0x16, 0, 0, "OmniVisi", "OV5648" },
warning: libraw-ffi@0.1.0:       |                                                                                      ^
warning: libraw-ffi@0.1.0: vendor/LibRaw/LibRaw-0.22.2/src/metadata/identify.cpp:314:80: warning: missing field 'offset' initializer [-Wmissing-field-initializers]
warning: libraw-ffi@0.1.0:   314 |           {  6721536, 2592, 1944,   0, 0, 0, 0,  0, 0x16, 0, 0, "OmniVisi", "OV56482" },
warning: libraw-ffi@0.1.0:       |                                                                                       ^
warning: libraw-ffi@0.1.0: vendor/LibRaw/LibRaw-0.22.2/src/metadata/identify.cpp:315:73: warning: missing field 'offset' initializer [-Wmissing-field-initializers]
warning: libraw-ffi@0.1.0:   315 |           {  6746112, 2592, 1944,   0, 0, 0, 0,  0, 0x16, 0, 0, "HTC", "OneSV" },
warning: libraw-ffi@0.1.0:       |                                                                                ^
warning: libraw-ffi@0.1.0: vendor/LibRaw/LibRaw-0.22.2/src/metadata/identify.cpp:316:72: warning: missing field 'offset' initializer [-Wmissing-field-initializers]
warning: libraw-ffi@0.1.0:   316 |           {  9631728, 2532, 1902,   0, 0, 0, 0, 96, 0x61, 0, 0, "Sony", "5mp" },
warning: libraw-ffi@0.1.0:       |                                                                               ^
warning: libraw-ffi@0.1.0: vendor/LibRaw/LibRaw-0.22.2/src/metadata/identify.cpp:317:78: warning: missing field 'offset' initializer [-Wmissing-field-initializers]
warning: libraw-ffi@0.1.0:   317 |           {  9830400, 2560, 1920,   0, 0, 0, 0, 96, 0x61, 0, 0, "NGM", "ForwardArt" },
warning: libraw-ffi@0.1.0:       |                                                                                     ^
warning: libraw-ffi@0.1.0: vendor/LibRaw/LibRaw-0.22.2/src/metadata/identify.cpp:318:84: warning: missing field 'offset' initializer [-Wmissing-field-initializers]
warning: libraw-ffi@0.1.0:   318 |           { 10186752, 3264, 2448,   0, 0, 0, 0,  1, 0x94, 0, 0, "Sony", "IMX219-mipi 8mp" },
warning: libraw-ffi@0.1.0:       |                                                                                           ^
warning: libraw-ffi@0.1.0: vendor/LibRaw/LibRaw-0.22.2/src/metadata/identify.cpp:319:72: warning: missing field 'offset' initializer [-Wmissing-field-initializers]
warning: libraw-ffi@0.1.0:   319 |           { 10223360, 2608, 1944,   0, 0, 0, 0, 96, 0x16, 0, 0, "Sony", "IMX" },
warning: libraw-ffi@0.1.0:       |                                                                               ^
warning: libraw-ffi@0.1.0: vendor/LibRaw/LibRaw-0.22.2/src/metadata/identify.cpp:320:82: warning: missing field 'offset' initializer [-Wmissing-field-initializers]
warning: libraw-ffi@0.1.0:   320 |           { 10782464, 3282, 2448,   0, 0, 0, 0,  0, 0x16, 0, 0, "HTC", "MyTouch4GSlide" },
warning: libraw-ffi@0.1.0:       |                                                                                         ^
warning: libraw-ffi@0.1.0: vendor/LibRaw/LibRaw-0.22.2/src/metadata/identify.cpp:321:72: warning: missing field 'offset' initializer [-Wmissing-field-initializers]
warning: libraw-ffi@0.1.0:   321 |           { 10788864, 3282, 2448,   0, 0, 0, 0,  0, 0x16, 0, 0, "Xperia", "L" },
warning: libraw-ffi@0.1.0:       |                                                                               ^
warning: libraw-ffi@0.1.0: vendor/LibRaw/LibRaw-0.22.2/src/metadata/identify.cpp:322:80: warning: missing field 'offset' initializer [-Wmissing-field-initializers]
warning: libraw-ffi@0.1.0:   322 |           { 15967488, 3264, 2446,   0, 0, 0, 0, 96, 0x16, 0, 0, "OmniVison", "OV8850" },
warning: libraw-ffi@0.1.0:       |                                                                                       ^
warning: libraw-ffi@0.1.0: vendor/LibRaw/LibRaw-0.22.2/src/metadata/identify.cpp:323:74: warning: missing field 'offset' initializer [-Wmissing-field-initializers]
warning: libraw-ffi@0.1.0:   323 |           { 16224256, 4208, 3082,   0, 0, 0, 0,  1, 0x16, 0, 0, "LG", "G3MipiL" },
warning: libraw-ffi@0.1.0:       |                                                                                 ^
warning: libraw-ffi@0.1.0: vendor/LibRaw/LibRaw-0.22.2/src/metadata/identify.cpp:324:76: warning: missing field 'offset' initializer [-Wmissing-field-initializers]
warning: libraw-ffi@0.1.0:   324 |           { 16424960, 4208, 3120,   0, 0, 0, 0,  1, 0x16, 0, 0, "IMX135", "MipiL" },
warning: libraw-ffi@0.1.0:       |                                                                                   ^
warning: libraw-ffi@0.1.0: vendor/LibRaw/LibRaw-0.22.2/src/metadata/identify.cpp:325:74: warning: missing field 'offset' initializer [-Wmissing-field-initializers]
warning: libraw-ffi@0.1.0:   325 |           { 17326080, 4164, 3120,   0, 0, 0, 0,  1, 0x16, 0, 0, "LG", "G3LQCom" },
warning: libraw-ffi@0.1.0:       |                                                                                 ^
warning: libraw-ffi@0.1.0: vendor/LibRaw/LibRaw-0.22.2/src/metadata/identify.cpp:326:80: warning: missing field 'offset' initializer [-Wmissing-field-initializers]
warning: libraw-ffi@0.1.0:   326 |           { 17522688, 4212, 3120,   0, 0, 0, 0,  0, 0x16, 0, 0, "Sony", "IMX135-QCOM" },
warning: libraw-ffi@0.1.0:       |                                                                                       ^
warning: libraw-ffi@0.1.0: vendor/LibRaw/LibRaw-0.22.2/src/metadata/identify.cpp:327:76: warning: missing field 'offset' initializer [-Wmissing-field-initializers]
warning: libraw-ffi@0.1.0:   327 |           { 19906560, 4608, 3456,   0, 0, 0, 0,  1, 0x16, 0, 0, "Gione", "E7mipi" },
warning: libraw-ffi@0.1.0:       |                                                                                   ^
warning: libraw-ffi@0.1.0: vendor/LibRaw/LibRaw-0.22.2/src/metadata/identify.cpp:328:69: warning: missing field 'offset' initializer [-Wmissing-field-initializers]
warning: libraw-ffi@0.1.0:   328 |           { 19976192, 5312, 2988,   0, 0, 0, 0,  1, 0x16, 0, 0, "LG", "G4" },
warning: libraw-ffi@0.1.0:       |                                                                            ^
warning: libraw-ffi@0.1.0: vendor/LibRaw/LibRaw-0.22.2/src/metadata/identify.cpp:329:84: warning: missing field 'offset' initializer [-Wmissing-field-initializers]
warning: libraw-ffi@0.1.0:   329 |           { 20389888, 4632, 3480,   0, 0, 0, 0,  1, 0x16, 0, 0, "Xiaomi", "RedmiNote3Pro" },
warning: libraw-ffi@0.1.0:       |                                                                                           ^
warning: libraw-ffi@0.1.0: vendor/LibRaw/LibRaw-0.22.2/src/metadata/identify.cpp:330:85: warning: missing field 'offset' initializer [-Wmissing-field-initializers]
warning: libraw-ffi@0.1.0:   330 |           { 20500480, 4656, 3496,   0, 0, 0, 0,  1, 0x94, 0, 0, "Sony", "IMX298-mipi 16mp" },
warning: libraw-ffi@0.1.0:       |                                                                                            ^
warning: libraw-ffi@0.1.0: vendor/LibRaw/LibRaw-0.22.2/src/metadata/identify.cpp:331:76: warning: missing field 'offset' initializer [-Wmissing-field-initializers]
warning: libraw-ffi@0.1.0:   331 |           { 21233664, 4608, 3456,   0, 0, 0, 0,  1, 0x16, 0, 0, "Gione", "E7qcom" },
warning: libraw-ffi@0.1.0:       |                                                                                   ^
warning: libraw-ffi@0.1.0: vendor/LibRaw/LibRaw-0.22.2/src/metadata/identify.cpp:332:72: warning: missing field 'offset' initializer [-Wmissing-field-initializers]
warning: libraw-ffi@0.1.0:   332 |           { 26023936, 4192, 3104,   0, 0, 0, 0, 96, 0x94, 0, 0, "THL", "5000" },
warning: libraw-ffi@0.1.0:       |                                                                               ^
warning: libraw-ffi@0.1.0: vendor/LibRaw/LibRaw-0.22.2/src/metadata/identify.cpp:333:75: warning: missing field 'offset' initializer [-Wmissing-field-initializers]
warning: libraw-ffi@0.1.0:   333 |           { 26257920, 4208, 3120,   0, 0, 0, 0, 96, 0x94, 0, 0, "Sony", "IMX214" },
warning: libraw-ffi@0.1.0:       |                                                                                  ^
warning: libraw-ffi@0.1.0: vendor/LibRaw/LibRaw-0.22.2/src/metadata/identify.cpp:334:72: warning: missing field 'offset' initializer [-Wmissing-field-initializers]
warning: libraw-ffi@0.1.0:   334 |           { 26357760, 4224, 3120,   0, 0, 0, 0, 96, 0x61, 0, 0, "OV", "13860" },
warning: libraw-ffi@0.1.0:       |                                                                               ^
warning: libraw-ffi@0.1.0: vendor/LibRaw/LibRaw-0.22.2/src/metadata/identify.cpp:335:73: warning: missing field 'offset' initializer [-Wmissing-field-initializers]
warning: libraw-ffi@0.1.0:   335 |           { 41312256, 5248, 3936,   0, 0, 0, 0, 96, 0x61, 0, 0, "Meizu", "MX4" },
warning: libraw-ffi@0.1.0:       |                                                                                ^
warning: libraw-ffi@0.1.0: vendor/LibRaw/LibRaw-0.22.2/src/metadata/identify.cpp:336:75: warning: missing field 'offset' initializer [-Wmissing-field-initializers]
warning: libraw-ffi@0.1.0:   336 |           { 42923008, 5344, 4016,   0, 0, 0, 0, 96, 0x61, 0, 0, "Sony", "IMX230" },
warning: libraw-ffi@0.1.0:       |                                                                                  ^
warning: libraw-ffi@0.1.0: vendor/LibRaw/LibRaw-0.22.2/src/metadata/identify.cpp:340:87: warning: missing field 'offset' initializer [-Wmissing-field-initializers]
warning: libraw-ffi@0.1.0:   340 |           {  6553440, 2664, 1968,   4,  4, 44,  4, 40, 0x94, 0, 2, "Canon", "PowerShot A460" }, // chdk hack
warning: libraw-ffi@0.1.0:       |                                                                                              ^
warning: libraw-ffi@0.1.0: vendor/LibRaw/LibRaw-0.22.2/src/metadata/identify.cpp:341:87: warning: missing field 'offset' initializer [-Wmissing-field-initializers]
warning: libraw-ffi@0.1.0:   341 |           {  9243240, 3152, 2346,  12,  7, 44, 13, 40, 0x49, 0, 2, "Canon", "PowerShot A470" }, // chdk hack
warning: libraw-ffi@0.1.0:       |                                                                                              ^
warning: libraw-ffi@0.1.0: vendor/LibRaw/LibRaw-0.22.2/src/metadata/identify.cpp:342:87: warning: missing field 'offset' initializer [-Wmissing-field-initializers]
warning: libraw-ffi@0.1.0:   342 |           {  6653280, 2672, 1992,  10,  6, 42,  2, 40, 0x94, 0, 2, "Canon", "PowerShot A530" }, // chdk hack
warning: libraw-ffi@0.1.0:       |                                                                                              ^
warning: libraw-ffi@0.1.0: vendor/LibRaw/LibRaw-0.22.2/src/metadata/identify.cpp:343:87: warning: missing field 'offset' initializer [-Wmissing-field-initializers]
warning: libraw-ffi@0.1.0:   343 |           {  6573120, 2672, 1968,  12,  8, 44,  0, 40, 0x94, 0, 2, "Canon", "PowerShot A610" }, // chdk hack
warning: libraw-ffi@0.1.0:       |                                                                                              ^
warning: libraw-ffi@0.1.0: vendor/LibRaw/LibRaw-0.22.2/src/metadata/identify.cpp:344:87: warning: missing field 'offset' initializer [-Wmissing-field-initializers]
warning: libraw-ffi@0.1.0:   344 |           {  9219600, 3152, 2340,  36, 12,  4,  0, 40, 0x94, 0, 2, "Canon", "PowerShot A620" }, // chdk hack
warning: libraw-ffi@0.1.0:       |                                                                                              ^
warning: libraw-ffi@0.1.0: vendor/LibRaw/LibRaw-0.22.2/src/metadata/identify.cpp:345:87: warning: missing field 'offset' initializer [-Wmissing-field-initializers]
warning: libraw-ffi@0.1.0:   345 |           { 10383120, 3344, 2484,  12,  6, 44,  6, 40, 0x94, 0, 2, "Canon", "PowerShot A630" }, // chdk hack
warning: libraw-ffi@0.1.0:       |                                                                                              ^
warning: libraw-ffi@0.1.0: vendor/LibRaw/LibRaw-0.22.2/src/metadata/identify.cpp:346:87: warning: missing field 'offset' initializer [-Wmissing-field-initializers]
warning: libraw-ffi@0.1.0:   346 |           { 12945240, 3736, 2772,  12,  6, 52,  6, 40, 0x94, 0, 2, "Canon", "PowerShot A640" }, // chdk hack
warning: libraw-ffi@0.1.0:       |                                                                                              ^
warning: libraw-ffi@0.1.0: vendor/LibRaw/LibRaw-0.22.2/src/metadata/identify.cpp:347:90: warning: missing field 'offset' initializer [-Wmissing-field-initializers]
warning: libraw-ffi@0.1.0:   347 |           { 15636240, 4104, 3048,  48, 12, 24, 12, 40, 0x94, 0, 2, "Canon", "PowerShot A650 IS" }, // chdk hack
warning: libraw-ffi@0.1.0:       |                                                                                                 ^
warning: libraw-ffi@0.1.0: vendor/LibRaw/LibRaw-0.22.2/src/metadata/identify.cpp:348:90: warning: missing field 'offset' initializer [-Wmissing-field-initializers]
warning: libraw-ffi@0.1.0:   348 |           { 10341600, 3336, 2480,   6,  5, 32,  3, 40, 0x94, 0, 2, "Canon", "PowerShot A720 IS" }, // chdk hack
warning: libraw-ffi@0.1.0:       |                                                                                                 ^
warning: libraw-ffi@0.1.0: vendor/LibRaw/LibRaw-0.22.2/src/metadata/identify.cpp:349:91: warning: missing field 'offset' initializer [-Wmissing-field-initializers]
warning: libraw-ffi@0.1.0:   349 |           { 24724224, 4704, 3504,   8, 16, 56,  8, 40, 0x49, 0, 2, "Canon", "PowerShot A3300 IS" }, // chdk hack
warning: libraw-ffi@0.1.0:       |                                                                                                  ^
warning: libraw-ffi@0.1.0: vendor/LibRaw/LibRaw-0.22.2/src/metadata/identify.cpp:350:86: warning: missing field 'offset' initializer [-Wmissing-field-initializers]
warning: libraw-ffi@0.1.0:   350 |           { 18763488, 4104, 3048,  10, 22, 82, 22,  8, 0x49, 0, 0, "Canon", "PowerShot D10" }, // ? chdk hack ?
warning: libraw-ffi@0.1.0:       |                                                                                             ^
warning: libraw-ffi@0.1.0: vendor/LibRaw/LibRaw-0.22.2/src/metadata/identify.cpp:351:88: warning: missing field 'offset' initializer [-Wmissing-field-initializers]
warning: libraw-ffi@0.1.0:   351 |           { 19493760, 4160, 3124, 104, 12,  8, 66, 40, 0x49, 0, 2,  "Canon", "PowerShot S100" }, // chdk hack CRW
warning: libraw-ffi@0.1.0:       |                                                                                               ^
warning: libraw-ffi@0.1.0: vendor/LibRaw/LibRaw-0.22.2/src/metadata/identify.cpp:352:88: warning: missing field 'offset' initializer [-Wmissing-field-initializers]
warning: libraw-ffi@0.1.0:   352 |           {  7710960, 2888, 2136,  44,  8,  4,  0, 40, 0x94, 0, 2, "Canon", "PowerShot S3 IS" }, // chdk hack
warning: libraw-ffi@0.1.0:       |                                                                                               ^
warning: libraw-ffi@0.1.0: vendor/LibRaw/LibRaw-0.22.2/src/metadata/identify.cpp:353:88: warning: missing field 'offset' initializer [-Wmissing-field-initializers]
warning: libraw-ffi@0.1.0:   353 |           {  5298000, 2400, 1766,  12, 12, 44,  2, 40, 0x94, 0, 2, "Canon", "PowerShot SD300" }, // chdk hack
warning: libraw-ffi@0.1.0:       |                                                                                               ^
warning: libraw-ffi@0.1.0: vendor/LibRaw/LibRaw-0.22.2/src/metadata/identify.cpp:354:90: warning: missing field 'offset' initializer [-Wmissing-field-initializers]
warning: libraw-ffi@0.1.0:   354 |           { 18653760, 4080, 3048,  24, 12, 24, 12, 40, 0x94, 0, 2, "Canon", "PowerShot SX20 IS" }, // chdk hack
warning: libraw-ffi@0.1.0:       |                                                                                                 ^
warning: libraw-ffi@0.1.0: vendor/LibRaw/LibRaw-0.22.2/src/metadata/identify.cpp:355:90: warning: missing field 'offset' initializer [-Wmissing-field-initializers]
warning: libraw-ffi@0.1.0:   355 |           { 21936096, 4464, 3276,  25, 10, 73, 12, 40, 0x16, 0, 2, "Canon", "PowerShot SX30 IS" }, // chdk hack
warning: libraw-ffi@0.1.0:       |                                                                                                 ^
warning: libraw-ffi@0.1.0: vendor/LibRaw/LibRaw-0.22.2/src/metadata/identify.cpp:356:90: warning: missing field 'offset' initializer [-Wmissing-field-initializers]
warning: libraw-ffi@0.1.0:   356 |           { 19167840, 4176, 3060,  96, 16,  8,  0, 40, 0x94, 0, 2, "Canon", "PowerShot SX40 HS" }, // chdk hack CR2
warning: libraw-ffi@0.1.0:       |                                                                                                 ^
warning: libraw-ffi@0.1.0: vendor/LibRaw/LibRaw-0.22.2/src/metadata/identify.cpp:357:91: warning: missing field 'offset' initializer [-Wmissing-field-initializers]
warning: libraw-ffi@0.1.0:   357 |           { 15467760, 3720, 2772,   6, 12, 30,  0, 40, 0x94, 0, 2, "Canon", "PowerShot SX110 IS" }, // chdk hack
warning: libraw-ffi@0.1.0:       |                                                                                                  ^
warning: libraw-ffi@0.1.0: vendor/LibRaw/LibRaw-0.22.2/src/metadata/identify.cpp:358:91: warning: missing field 'offset' initializer [-Wmissing-field-initializers]
warning: libraw-ffi@0.1.0:   358 |           { 15534576, 3728, 2778,  12,  9, 44,  9, 40, 0x94, 0, 2, "Canon", "PowerShot SX120 IS" }, // chdk hack
warning: libraw-ffi@0.1.0:       |                                                                                                  ^
warning: libraw-ffi@0.1.0: vendor/LibRaw/LibRaw-0.22.2/src/metadata/identify.cpp:359:91: warning: missing field 'offset' initializer [-Wmissing-field-initializers]
warning: libraw-ffi@0.1.0:   359 |           { 19131120, 4168, 3060,  92, 16,  4,  1, 40, 0x94, 0, 2, "Canon", "PowerShot SX220 HS" }, // chdk hack
warning: libraw-ffi@0.1.0:       |                                                                                                  ^
warning: libraw-ffi@0.1.0: vendor/LibRaw/LibRaw-0.22.2/src/metadata/identify.cpp:360:91: warning: missing field 'offset' initializer [-Wmissing-field-initializers]
warning: libraw-ffi@0.1.0:   360 |           { 31663200, 5344, 3950,  96, 18,  0,  0, 40, 0x94, 0, 2, "Canon", "PowerShot SX710 HS" }, // chdk hack
warning: libraw-ffi@0.1.0:       |                                                                                                  ^
warning: libraw-ffi@0.1.0: vendor/LibRaw/LibRaw-0.22.2/src/metadata/identify.cpp:361:81: warning: missing field 'offset' initializer [-Wmissing-field-initializers]
warning: libraw-ffi@0.1.0:   361 |           { 30858240, 5248, 3920,   8, 16, 56, 16, 40, 0x94, 0, 2, "Canon", "IXUS 160" }, // chdk hack
warning: libraw-ffi@0.1.0:       |                                                                                        ^
warning: libraw-ffi@0.1.0: vendor/LibRaw/LibRaw-0.22.2/src/metadata/identify.cpp:362:82: warning: missing field 'offset' initializer [-Wmissing-field-initializers]
warning: libraw-ffi@0.1.0:   362 |           {  1976352, 1632, 1211,   0,  2,  0,  1,  0, 0x94, 0, 1, "Casio", "QV-2000UX" },
warning: libraw-ffi@0.1.0:       |                                                                                         ^
warning: libraw-ffi@0.1.0: vendor/LibRaw/LibRaw-0.22.2/src/metadata/identify.cpp:363:82: warning: missing field 'offset' initializer [-Wmissing-field-initializers]
warning: libraw-ffi@0.1.0:   363 |           {  3217760, 2080, 1547,   0,  0, 10,  1,  0, 0x94, 0, 1, "Casio", "QV-3*00EX" },
warning: libraw-ffi@0.1.0:       |                                                                                         ^
warning: libraw-ffi@0.1.0: vendor/LibRaw/LibRaw-0.22.2/src/metadata/identify.cpp:364:80: warning: missing field 'offset' initializer [-Wmissing-field-initializers]
warning: libraw-ffi@0.1.0:   364 |           {  6218368, 2585, 1924,   0,  0,  9,  0,  0, 0x94, 0, 1, "Casio", "QV-5700" },
warning: libraw-ffi@0.1.0:       |                                                                                       ^
warning: libraw-ffi@0.1.0: vendor/LibRaw/LibRaw-0.22.2/src/metadata/identify.cpp:365:79: warning: missing field 'offset' initializer [-Wmissing-field-initializers]
warning: libraw-ffi@0.1.0:   365 |           {  7816704, 2867, 2181,   0,  0, 34, 36,  0, 0x16, 0, 1, "Casio", "EX-Z60" },
warning: libraw-ffi@0.1.0:       |                                                                                      ^
warning: libraw-ffi@0.1.0: vendor/LibRaw/LibRaw-0.22.2/src/metadata/identify.cpp:366:80: warning: missing field 'offset' initializer [-Wmissing-field-initializers]
warning: libraw-ffi@0.1.0:   366 |           {  2937856, 1621, 1208,   0,  0,  1,  0,  0, 0x94, 7, 13, "Casio", "EX-S20" },
warning: libraw-ffi@0.1.0:       |                                                                                       ^
warning: libraw-ffi@0.1.0: vendor/LibRaw/LibRaw-0.22.2/src/metadata/identify.cpp:367:80: warning: missing field 'offset' initializer [-Wmissing-field-initializers]
warning: libraw-ffi@0.1.0:   367 |           {  4948608, 2090, 1578,   0,  0, 32, 34,  0, 0x94, 7, 1, "Casio", "EX-S100" },
warning: libraw-ffi@0.1.0:       |                                                                                       ^
warning: libraw-ffi@0.1.0: vendor/LibRaw/LibRaw-0.22.2/src/metadata/identify.cpp:368:79: warning: missing field 'offset' initializer [-Wmissing-field-initializers]
warning: libraw-ffi@0.1.0:   368 |           {  6054400, 2346, 1720,   2,  0, 32,  0,  0, 0x94, 7, 1, "Casio", "QV-R41" },
warning: libraw-ffi@0.1.0:       |                                                                                      ^
warning: libraw-ffi@0.1.0: vendor/LibRaw/LibRaw-0.22.2/src/metadata/identify.cpp:369:80: warning: missing field 'offset' initializer [-Wmissing-field-initializers]
warning: libraw-ffi@0.1.0:   369 |           {  7426656, 2568, 1928,   0,  0,  0,  0,  0, 0x94, 0, 1, "Casio", "EX-P505" },
warning: libraw-ffi@0.1.0:       |                                                                                       ^
warning: libraw-ffi@0.1.0: vendor/LibRaw/LibRaw-0.22.2/src/metadata/identify.cpp:370:79: warning: missing field 'offset' initializer [-Wmissing-field-initializers]
warning: libraw-ffi@0.1.0:   370 |           {  7530816, 2602, 1929,   0,  0, 22,  0,  0, 0x94, 7, 1, "Casio", "QV-R51" },
warning: libraw-ffi@0.1.0:       |                                                                                      ^
warning: libraw-ffi@0.1.0: vendor/LibRaw/LibRaw-0.22.2/src/metadata/identify.cpp:371:79: warning: missing field 'offset' initializer [-Wmissing-field-initializers]
warning: libraw-ffi@0.1.0:   371 |           {  7542528, 2602, 1932,   0,  0, 32,  0,  0, 0x94, 7, 1, "Casio", "EX-Z50" },
warning: libraw-ffi@0.1.0:       |                                                                                      ^
warning: libraw-ffi@0.1.0: vendor/LibRaw/LibRaw-0.22.2/src/metadata/identify.cpp:372:80: warning: missing field 'offset' initializer [-Wmissing-field-initializers]
warning: libraw-ffi@0.1.0:   372 |           {  7562048, 2602, 1937,   0,  0, 25,  0,  0, 0x16, 7, 1, "Casio", "EX-Z500" },
warning: libraw-ffi@0.1.0:       |                                                                                       ^
warning: libraw-ffi@0.1.0: vendor/LibRaw/LibRaw-0.22.2/src/metadata/identify.cpp:373:79: warning: missing field 'offset' initializer [-Wmissing-field-initializers]
warning: libraw-ffi@0.1.0:   373 |           {  7753344, 2602, 1986,   0,  0, 32, 26,  0, 0x94, 7, 1, "Casio", "EX-Z55" },
warning: libraw-ffi@0.1.0:       |                                                                                      ^
warning: libraw-ffi@0.1.0: vendor/LibRaw/LibRaw-0.22.2/src/metadata/identify.cpp:374:80: warning: missing field 'offset' initializer [-Wmissing-field-initializers]
warning: libraw-ffi@0.1.0:   374 |           {  9313536, 2858, 2172,   0,  0, 14, 30,  0, 0x94, 7, 1, "Casio", "EX-P600" },
warning: libraw-ffi@0.1.0:       |                                                                                       ^
warning: libraw-ffi@0.1.0: vendor/LibRaw/LibRaw-0.22.2/src/metadata/identify.cpp:375:80: warning: missing field 'offset' initializer [-Wmissing-field-initializers]
warning: libraw-ffi@0.1.0:   375 |           { 10834368, 3114, 2319,   0,  0, 27,  0,  0, 0x94, 0, 1, "Casio", "EX-Z750" },
warning: libraw-ffi@0.1.0:       |                                                                                       ^
warning: libraw-ffi@0.1.0: vendor/LibRaw/LibRaw-0.22.2/src/metadata/identify.cpp:376:79: warning: missing field 'offset' initializer [-Wmissing-field-initializers]
warning: libraw-ffi@0.1.0:   376 |           { 10843712, 3114, 2321,   0,  0, 25,  0,  0, 0x94, 0, 1, "Casio", "EX-Z75" },
warning: libraw-ffi@0.1.0:       |                                                                                      ^
warning: libraw-ffi@0.1.0: vendor/LibRaw/LibRaw-0.22.2/src/metadata/identify.cpp:377:80: warning: missing field 'offset' initializer [-Wmissing-field-initializers]
warning: libraw-ffi@0.1.0:   377 |           { 10979200, 3114, 2350,   0,  0, 32, 32,  0, 0x94, 7, 1, "Casio", "EX-P700" },
warning: libraw-ffi@0.1.0:       |                                                                                       ^
warning: libraw-ffi@0.1.0: vendor/LibRaw/LibRaw-0.22.2/src/metadata/identify.cpp:378:80: warning: missing field 'offset' initializer [-Wmissing-field-initializers]
warning: libraw-ffi@0.1.0:   378 |           { 12310144, 3285, 2498,   0,  0,  6, 30,  0, 0x94, 0, 1, "Casio", "EX-Z850" },
warning: libraw-ffi@0.1.0:       |                                                                                       ^
warning: libraw-ffi@0.1.0: vendor/LibRaw/LibRaw-0.22.2/src/metadata/identify.cpp:379:78: warning: missing field 'offset' initializer [-Wmissing-field-initializers]
warning: libraw-ffi@0.1.0:   379 |           { 12489984, 3328, 2502,   0,  0, 47, 35,  0, 0x94, 0, 1, "Casio", "EX-Z8" },
warning: libraw-ffi@0.1.0:       |                                                                                     ^
warning: libraw-ffi@0.1.0: vendor/LibRaw/LibRaw-0.22.2/src/metadata/identify.cpp:380:81: warning: missing field 'offset' initializer [-Wmissing-field-initializers]
warning: libraw-ffi@0.1.0:   380 |           { 15499264, 3754, 2752,   0,  0, 82,  0,  0, 0x94, 0, 1, "Casio", "EX-Z1050" },
warning: libraw-ffi@0.1.0:       |                                                                                        ^
warning: libraw-ffi@0.1.0: vendor/LibRaw/LibRaw-0.22.2/src/metadata/identify.cpp:381:81: warning: missing field 'offset' initializer [-Wmissing-field-initializers]
warning: libraw-ffi@0.1.0:   381 |           { 18702336, 4096, 3044,   0,  0, 24,  0, 80, 0x94, 7, 1, "Casio", "EX-ZR100" },
warning: libraw-ffi@0.1.0:       |                                                                                        ^
warning: libraw-ffi@0.1.0: vendor/LibRaw/LibRaw-0.22.2/src/metadata/identify.cpp:382:80: warning: missing field 'offset' initializer [-Wmissing-field-initializers]
warning: libraw-ffi@0.1.0:   382 |           {  7684000, 2260, 1700,   0,  0,  0,  0, 13, 0x94, 0, 1, "Casio", "QV-4000" },
warning: libraw-ffi@0.1.0:       |                                                                                       ^
warning: libraw-ffi@0.1.0: vendor/LibRaw/LibRaw-0.22.2/src/metadata/identify.cpp:383:86: warning: missing field 'offset' initializer [-Wmissing-field-initializers]
warning: libraw-ffi@0.1.0:   383 |           {   787456, 1024,  769,   0,  1,  0,  0,  0, 0x49, 0, 0, "Creative", "PC-CAM 600" },
warning: libraw-ffi@0.1.0:       |                                                                                             ^
warning: libraw-ffi@0.1.0: vendor/LibRaw/LibRaw-0.22.2/src/metadata/identify.cpp:384:67: warning: missing field 't_model' initializer [-Wmissing-field-initializers]
warning: libraw-ffi@0.1.0:   384 |           { 28829184, 4384, 3288,   0,  0,  0,  0, 36, 0x61, 0, 0, "DJI" },
warning: libraw-ffi@0.1.0:       |                                                                          ^
warning: libraw-ffi@0.1.0: vendor/LibRaw/LibRaw-0.22.2/src/metadata/identify.cpp:385:70: warning: missing field 't_model' initializer [-Wmissing-field-initializers]
warning: libraw-ffi@0.1.0:   385 |           { 15151104, 4608, 3288,   0,  0,  0,  0,  0, 0x94, 0, 0, "Matrix" },
warning: libraw-ffi@0.1.0:       |                                                                             ^
warning: libraw-ffi@0.1.0: vendor/LibRaw/LibRaw-0.22.2/src/metadata/identify.cpp:386:79: warning: missing field 'offset' initializer [-Wmissing-field-initializers]
warning: libraw-ffi@0.1.0:   386 |           {  3840000, 1600, 1200,   0,  0,  0,  0, 65, 0x49, 0, 0, "Foculus", "531C" },
warning: libraw-ffi@0.1.0:       |                                                                                      ^
warning: libraw-ffi@0.1.0: vendor/LibRaw/LibRaw-0.22.2/src/metadata/identify.cpp:387:71: warning: missing field 't_model' initializer [-Wmissing-field-initializers]
warning: libraw-ffi@0.1.0:   387 |           {   307200,  640,  480,   0,  0,  0,  0,  0, 0x94, 0, 0, "Generic" },
warning: libraw-ffi@0.1.0:       |                                                                              ^
warning: libraw-ffi@0.1.0: vendor/LibRaw/LibRaw-0.22.2/src/metadata/identify.cpp:388:77: warning: missing field 'offset' initializer [-Wmissing-field-initializers]
warning: libraw-ffi@0.1.0:   388 |           {    62464,  256,  244,   1,  1,  6,  1,  0, 0x8d, 0, 0, "Kodak", "DC20" },
warning: libraw-ffi@0.1.0:       |                                                                                    ^
warning: libraw-ffi@0.1.0: vendor/LibRaw/LibRaw-0.22.2/src/metadata/identify.cpp:389:77: warning: missing field 'offset' initializer [-Wmissing-field-initializers]
warning: libraw-ffi@0.1.0:   389 |           {   124928,  512,  244,   1,  1, 10,  1,  0, 0x8d, 0, 0, "Kodak", "DC20" },
warning: libraw-ffi@0.1.0:       |                                                                                    ^
warning: libraw-ffi@0.1.0: vendor/LibRaw/LibRaw-0.22.2/src/metadata/identify.cpp:390:79: warning: missing field 'offset' initializer [-Wmissing-field-initializers]
warning: libraw-ffi@0.1.0:   390 |           {  1652736, 1536, 1076,   0, 52,  0,  0,  0, 0x61, 0, 0, "Kodak", "DCS200" },
warning: libraw-ffi@0.1.0:       |                                                                                      ^
warning: libraw-ffi@0.1.0: vendor/LibRaw/LibRaw-0.22.2/src/metadata/identify.cpp:391:77: warning: missing field 'offset' initializer [-Wmissing-field-initializers]
warning: libraw-ffi@0.1.0:   391 |           {  4159302, 2338, 1779,   1, 33,  1,  2,  0, 0x94, 0, 0, "Kodak", "C330" },
warning: libraw-ffi@0.1.0:       |                                                                                    ^
warning: libraw-ffi@0.1.0: vendor/LibRaw/LibRaw-0.22.2/src/metadata/identify.cpp:393:77: warning: missing field 'offset' initializer [-Wmissing-field-initializers]
warning: libraw-ffi@0.1.0:   393 |           {  2247168, 1232,  912,   0,  0, 16,  0,  0, 0x00, 0, 0, "Kodak", "C330" },
warning: libraw-ffi@0.1.0:       |                                                                                    ^
warning: libraw-ffi@0.1.0: vendor/LibRaw/LibRaw-0.22.2/src/metadata/identify.cpp:394:77: warning: missing field 'offset' initializer [-Wmissing-field-initializers]
warning: libraw-ffi@0.1.0:   394 |           {  3370752, 1232,  912,   0,  0, 16,  0,  0, 0x00, 0, 0, "Kodak", "C330" },
warning: libraw-ffi@0.1.0:       |                                                                                    ^
warning: libraw-ffi@0.1.0: vendor/LibRaw/LibRaw-0.22.2/src/metadata/identify.cpp:395:77: warning: missing field 'offset' initializer [-Wmissing-field-initializers]
warning: libraw-ffi@0.1.0:   395 |           {  6163328, 2864, 2152,   0,  0,  0,  0,  0, 0x94, 0, 0, "Kodak", "C603" },
warning: libraw-ffi@0.1.0:       |                                                                                    ^
warning: libraw-ffi@0.1.0: vendor/LibRaw/LibRaw-0.22.2/src/metadata/identify.cpp:397:77: warning: missing field 'offset' initializer [-Wmissing-field-initializers]
warning: libraw-ffi@0.1.0:   397 |           {   460800,  640,  480,   0,  0,  0,  0,  0, 0x00, 0, 0, "Kodak", "C603" },
warning: libraw-ffi@0.1.0:       |                                                                                    ^
warning: libraw-ffi@0.1.0: vendor/LibRaw/LibRaw-0.22.2/src/metadata/identify.cpp:398:77: warning: missing field 'offset' initializer [-Wmissing-field-initializers]
warning: libraw-ffi@0.1.0:   398 |           {  9116448, 2848, 2134,   0,  0,  0,  0,  0, 0x00, 0, 0, "Kodak", "C603" },
warning: libraw-ffi@0.1.0:       |                                                                                    ^
warning: libraw-ffi@0.1.0: vendor/LibRaw/LibRaw-0.22.2/src/metadata/identify.cpp:399:77: warning: missing field 'offset' initializer [-Wmissing-field-initializers]
warning: libraw-ffi@0.1.0:   399 |           { 12241200, 4040, 3030,   2,  0,  0, 13,  0, 0x49, 0, 0, "Kodak", "12MP" },
warning: libraw-ffi@0.1.0:       |                                                                                    ^
warning: libraw-ffi@0.1.0: vendor/LibRaw/LibRaw-0.22.2/src/metadata/identify.cpp:401:77: warning: missing field 'offset' initializer [-Wmissing-field-initializers]
warning: libraw-ffi@0.1.0:   401 |           { 18000000, 4000, 3000,   0,  0,  0,  0,  0, 0x00, 0, 0, "Kodak", "12MP" },
warning: libraw-ffi@0.1.0:       |                                                                                    ^
warning: libraw-ffi@0.1.0: vendor/LibRaw/LibRaw-0.22.2/src/metadata/identify.cpp:402:81: warning: missing field 'offset' initializer [-Wmissing-field-initializers]
warning: libraw-ffi@0.1.0:   402 |           {   614400,  640,  480,   0,  3,  0,  0, 64, 0x94, 0, 0, "Kodak", "KAI-0340" },
warning: libraw-ffi@0.1.0:       |                                                                                        ^
warning: libraw-ffi@0.1.0: vendor/LibRaw/LibRaw-0.22.2/src/metadata/identify.cpp:403:78: warning: missing field 'offset' initializer [-Wmissing-field-initializers]
warning: libraw-ffi@0.1.0:   403 |           { 15360000, 3200, 2400,   0,  0,  0,  0, 96, 0x16, 0, 0, "Lenovo", "A820" },
warning: libraw-ffi@0.1.0:       |                                                                                     ^
warning: libraw-ffi@0.1.0: vendor/LibRaw/LibRaw-0.22.2/src/metadata/identify.cpp:406:77: warning: missing field 'offset' initializer [-Wmissing-field-initializers]
warning: libraw-ffi@0.1.0:   406 |           {  1581060, 1305,  969,   0,  0, 18,  6,  6, 0x1e, 4, 1, "Nikon", "E900" }, // "diag raw" hack
warning: libraw-ffi@0.1.0:       |                                                                                    ^
warning: libraw-ffi@0.1.0: vendor/LibRaw/LibRaw-0.22.2/src/metadata/identify.cpp:407:77: warning: missing field 'offset' initializer [-Wmissing-field-initializers]
warning: libraw-ffi@0.1.0:   407 |           {  2465792, 1638, 1204,   0,  0, 22,  1,  6, 0x4b, 5, 1, "Nikon", "E950" }, // "diag raw" hack; possibly also Nikon E700, E800, E775;
warning: libraw-ffi@0.1.0:       |                                                                                    ^
warning: libraw-ffi@0.1.0: vendor/LibRaw/LibRaw-0.22.2/src/metadata/identify.cpp:409:78: warning: missing field 'offset' initializer [-Wmissing-field-initializers]
warning: libraw-ffi@0.1.0:   409 |           {  2940928, 1616, 1213,   0,  0,  0,  7, 30, 0x94, 0, 1, "Nikon", "E2100" }, // "diag raw" hack; also Nikon E2500
warning: libraw-ffi@0.1.0:       |                                                                                     ^
warning: libraw-ffi@0.1.0: vendor/LibRaw/LibRaw-0.22.2/src/metadata/identify.cpp:410:77: warning: missing field 'offset' initializer [-Wmissing-field-initializers]
warning: libraw-ffi@0.1.0:   410 |           {  4771840, 2064, 1541,   0,  0,  0,  1,  6, 0xe1, 0, 1, "Nikon", "E990" }, // "diag raw" hack; possibly also Nikon E880, E885, E995;
warning: libraw-ffi@0.1.0:       |                                                                                    ^
warning: libraw-ffi@0.1.0: vendor/LibRaw/LibRaw-0.22.2/src/metadata/identify.cpp:412:78: warning: missing field 'offset' initializer [-Wmissing-field-initializers]
warning: libraw-ffi@0.1.0:   412 |           {  4775936, 2064, 1542,   0,  0,  0,  0, 30, 0x94, 0, 1, "Nikon", "E3700" }, // "diag raw" hack; Nikon E3100, E3200, E3500;
warning: libraw-ffi@0.1.0:       |                                                                                     ^
warning: libraw-ffi@0.1.0: vendor/LibRaw/LibRaw-0.22.2/src/metadata/identify.cpp:414:78: warning: missing field 'offset' initializer [-Wmissing-field-initializers]
warning: libraw-ffi@0.1.0:   414 |           {  5865472, 2288, 1709,   0,  0,  0,  1,  6, 0xb4, 0, 1, "Nikon", "E4500" }, // "diag raw" hack; possibly also Olympus C-4040Z
warning: libraw-ffi@0.1.0:       |                                                                                     ^
warning: libraw-ffi@0.1.0: vendor/LibRaw/LibRaw-0.22.2/src/metadata/identify.cpp:415:78: warning: missing field 'offset' initializer [-Wmissing-field-initializers]
warning: libraw-ffi@0.1.0:   415 |           {  5869568, 2288, 1710,   0,  0,  0,  0,  6, 0x16, 0, 1, "Nikon", "E4300" }, // "diag raw" hack; also Minolta "DiMAGE Z2"
warning: libraw-ffi@0.1.0:       |                                                                                     ^
warning: libraw-ffi@0.1.0: vendor/LibRaw/LibRaw-0.22.2/src/metadata/identify.cpp:416:78: warning: missing field 'offset' initializer [-Wmissing-field-initializers]
warning: libraw-ffi@0.1.0:   416 |           {  7438336, 2576, 1925,   0,  0,  0,  1,  6, 0xb4, 0, 1, "Nikon", "E5000" }, // also Nikon E5700
warning: libraw-ffi@0.1.0:       |                                                                                     ^
warning: libraw-ffi@0.1.0: vendor/LibRaw/LibRaw-0.22.2/src/metadata/identify.cpp:417:83: warning: missing field 'offset' initializer [-Wmissing-field-initializers]
warning: libraw-ffi@0.1.0:   417 |           {  8998912, 2832, 2118,   0,  0,  0,  0, 30, 0x94, 7, 1, "Nikon", "COOLPIX S6" }, // "diag raw" hack
warning: libraw-ffi@0.1.0:       |                                                                                          ^
warning: libraw-ffi@0.1.0: vendor/LibRaw/LibRaw-0.22.2/src/metadata/identify.cpp:418:82: warning: missing field 'offset' initializer [-Wmissing-field-initializers]
warning: libraw-ffi@0.1.0:   418 |           {  5939200, 2304, 1718,   0,  0,  0,  0, 30, 0x16, 0, 0, "Olympus", "C-770UZ" }, // possibly also Olympus C-4100Z, C-765UZ
warning: libraw-ffi@0.1.0:       |                                                                                         ^
warning: libraw-ffi@0.1.0: vendor/LibRaw/LibRaw-0.22.2/src/metadata/identify.cpp:419:87: warning: missing field 'offset' initializer [-Wmissing-field-initializers]
warning: libraw-ffi@0.1.0:   419 |           {  3178560, 2064, 1540,   0,  0,  0,  0,  0, 0x94, 0, 1, "Pentax", "Optio S V1.01" },
warning: libraw-ffi@0.1.0:       |                                                                                              ^
warning: libraw-ffi@0.1.0: vendor/LibRaw/LibRaw-0.22.2/src/metadata/identify.cpp:420:81: warning: missing field 'offset' initializer [-Wmissing-field-initializers]
warning: libraw-ffi@0.1.0:   420 |           {  4841984, 2090, 1544,   0,  0, 22,  0,  0, 0x94, 7, 1, "Pentax", "Optio S" },
warning: libraw-ffi@0.1.0:       |                                                                                        ^
warning: libraw-ffi@0.1.0: vendor/LibRaw/LibRaw-0.22.2/src/metadata/identify.cpp:421:82: warning: missing field 'offset' initializer [-Wmissing-field-initializers]
warning: libraw-ffi@0.1.0:   421 |           {  6114240, 2346, 1737,   0,  0, 22,  0,  0, 0x94, 7, 1, "Pentax", "Optio S4" },
warning: libraw-ffi@0.1.0:       |                                                                                         ^
warning: libraw-ffi@0.1.0: vendor/LibRaw/LibRaw-0.22.2/src/metadata/identify.cpp:422:84: warning: missing field 'offset' initializer [-Wmissing-field-initializers]
warning: libraw-ffi@0.1.0:   422 |           { 10702848, 3072, 2322,   0,  0,  0, 21, 30, 0x94, 0, 1, "Pentax", "Optio 750Z" },
warning: libraw-ffi@0.1.0:       |                                                                                           ^
warning: libraw-ffi@0.1.0: vendor/LibRaw/LibRaw-0.22.2/src/metadata/identify.cpp:423:81: warning: missing field 'offset' initializer [-Wmissing-field-initializers]
warning: libraw-ffi@0.1.0:   423 |           {  4147200, 1920, 1080,   0,  0,  0,  0,  0, 0x49, 0, 0, "Photron", "BC2-HD" },
warning: libraw-ffi@0.1.0:       |                                                                                        ^
warning: libraw-ffi@0.1.0: vendor/LibRaw/LibRaw-0.22.2/src/metadata/identify.cpp:425:80: warning: missing field 'offset' initializer [-Wmissing-field-initializers]
warning: libraw-ffi@0.1.0:   425 |           { 13248000, 2208, 3000,   0,  0,  0,  0, 13, 0x61, 0, 0, "Pixelink", "A782" },
warning: libraw-ffi@0.1.0:       |                                                                                       ^
warning: libraw-ffi@0.1.0: vendor/LibRaw/LibRaw-0.22.2/src/metadata/identify.cpp:426:83: warning: missing field 'offset' initializer [-Wmissing-field-initializers]
warning: libraw-ffi@0.1.0:   426 |           {  6291456, 2048, 1536,   0,  0,  0,  0, 96, 0x61, 0, 0, "RoverShot", "3320AF" },
warning: libraw-ffi@0.1.0:       |                                                                                          ^
warning: libraw-ffi@0.1.0: vendor/LibRaw/LibRaw-0.22.2/src/metadata/identify.cpp:427:86: warning: missing field 'offset' initializer [-Wmissing-field-initializers]
warning: libraw-ffi@0.1.0:   427 |           {   311696,  644,  484,   0,  0,  0,  0,  0, 0x16, 0, 8, "ST Micro", "STV680 VGA" },
warning: libraw-ffi@0.1.0:       |                                                                                             ^
warning: libraw-ffi@0.1.0: vendor/LibRaw/LibRaw-0.22.2/src/metadata/identify.cpp:428:78: warning: missing field 'offset' initializer [-Wmissing-field-initializers]
warning: libraw-ffi@0.1.0:   428 |           { 16098048, 3288, 2448,   0,  0, 24,  0,  9, 0x94, 0, 1, "Samsung", "S85" }, // hack
warning: libraw-ffi@0.1.0:       |                                                                                     ^
warning: libraw-ffi@0.1.0: vendor/LibRaw/LibRaw-0.22.2/src/metadata/identify.cpp:429:78: warning: missing field 'offset' initializer [-Wmissing-field-initializers]
warning: libraw-ffi@0.1.0:   429 |           { 16215552, 3312, 2448,   0,  0, 48,  0,  9, 0x94, 0, 1, "Samsung", "S85" }, // hack
warning: libraw-ffi@0.1.0:       |                                                                                     ^
warning: libraw-ffi@0.1.0: vendor/LibRaw/LibRaw-0.22.2/src/metadata/identify.cpp:430:80: warning: missing field 'offset' initializer [-Wmissing-field-initializers]
warning: libraw-ffi@0.1.0:   430 |           { 20487168, 3648, 2808,   0,  0,  0,  0, 13, 0x94, 5, 1, "Samsung", "WB550" },
warning: libraw-ffi@0.1.0:       |                                                                                       ^
warning: libraw-ffi@0.1.0: vendor/LibRaw/LibRaw-0.22.2/src/metadata/identify.cpp:431:80: warning: missing field 'offset' initializer [-Wmissing-field-initializers]
warning: libraw-ffi@0.1.0:   431 |           { 24000000, 4000, 3000,   0,  0,  0,  0, 13, 0x94, 5, 1, "Samsung", "WB550" },
warning: libraw-ffi@0.1.0:       |                                                                                       ^
warning: libraw-ffi@0.1.0: vendor/LibRaw/LibRaw-0.22.2/src/metadata/identify.cpp:435:83: warning: missing field 'offset' initializer [-Wmissing-field-initializers]
warning: libraw-ffi@0.1.0:   435 |           {  1409024, 1376, 1024,   0,  0,  1,  0,  0, 0x49, 0, 0, "Sony", "XCD-SX910CR" },
warning: libraw-ffi@0.1.0:       |                                                                                          ^
warning: libraw-ffi@0.1.0: vendor/LibRaw/LibRaw-0.22.2/src/metadata/identify.cpp:436:83: warning: missing field 'offset' initializer [-Wmissing-field-initializers]
warning: libraw-ffi@0.1.0:   436 |           {  2818048, 1376, 1024,   0,  0,  1,  0, 97, 0x49, 0, 0, "Sony", "XCD-SX910CR" },
warning: libraw-ffi@0.1.0:       |                                                                                          ^
warning: libraw-ffi@0.1.0: vendor/LibRaw/LibRaw-0.22.2/src/metadata/identify.cpp:1124:5: warning: 'sprintf' is deprecated: This function is provided for compatibility reasons only.  Due to security concerns inherent in the design of sprintf(3), it is highly recommended that you use snprintf(3) instead. [-Wdeprecated-declarations]
warning: libraw-ffi@0.1.0:  1124 |     sprintf(model, "%dx%d", width, height);
warning: libraw-ffi@0.1.0:       |     ^
warning: libraw-ffi@0.1.0: /Applications/Xcode.app/Contents/Developer/Platforms/MacOSX.platform/Developer/SDKs/MacOSX.sdk/usr/include/_stdio.h:278:1: note: 'sprintf' has been explicitly marked deprecated here
warning: libraw-ffi@0.1.0:   278 | __deprecated_msg("This function is provided for compatibility reasons only.  Due to security concerns inherent in the design of sprintf(3), it is highly recommended that you use snprintf(3) instead.")
warning: libraw-ffi@0.1.0:       | ^
warning: libraw-ffi@0.1.0: /Applications/Xcode.app/Contents/Developer/Platforms/MacOSX.platform/Developer/SDKs/MacOSX.sdk/usr/include/sys/cdefs.h:227:48: note: expanded from macro '__deprecated_msg'
warning: libraw-ffi@0.1.0:   227 |         #define __deprecated_msg(_msg) __attribute__((__deprecated__(_msg)))
warning: libraw-ffi@0.1.0:       |                                                       ^
warning: libraw-ffi@0.1.0: vendor/LibRaw/LibRaw-0.22.2/src/metadata/identify.cpp:2292:5: warning: comparison of integers of different signs: 'int' and 'unsigned int' [-Wsign-compare]
warning: libraw-ffi@0.1.0:  2292 |                                 FORC(MIN(cblack[4] * cblack[5], LIBRAW_CBLACK_SIZE - 6)) cblack[c] *= 4;
warning: libraw-ffi@0.1.0:       |                                 ^~~~~~~~~~~~~~~~~~~~~~~~~~~~~~~~~~~~~~~~~~~~~~~~~~~~~~~~
warning: libraw-ffi@0.1.0: vendor/LibRaw/LibRaw-0.22.2/internal/defines.h:94:33: note: expanded from macro 'FORC'
warning: libraw-ffi@0.1.0:    94 | #define FORC(cnt) for (c = 0; c < cnt; c++)
warning: libraw-ffi@0.1.0:       |                               ~ ^ ~~~
warning: libraw-ffi@0.1.0: 136 warnings generated.
warning: libraw-ffi@0.1.0: vendor/LibRaw/LibRaw-0.22.2/src/metadata/sony.cpp:785:5: warning: 'sprintf' is deprecated: This function is provided for compatibility reasons only.  Due to security concerns inherent in the design of sprintf(3), it is highly recommended that you use snprintf(3) instead. [-Wdeprecated-declarations]
warning: libraw-ffi@0.1.0:   785 |     sprintf(imgdata.shootinginfo.InternalBodySerial, "%06llx",
warning: libraw-ffi@0.1.0:       |     ^
warning: libraw-ffi@0.1.0: /Applications/Xcode.app/Contents/Developer/Platforms/MacOSX.platform/Developer/SDKs/MacOSX.sdk/usr/include/_stdio.h:278:1: note: 'sprintf' has been explicitly marked deprecated here
warning: libraw-ffi@0.1.0:   278 | __deprecated_msg("This function is provided for compatibility reasons only.  Due to security concerns inherent in the design of sprintf(3), it is highly recommended that you use snprintf(3) instead.")
warning: libraw-ffi@0.1.0:       | ^
warning: libraw-ffi@0.1.0: /Applications/Xcode.app/Contents/Developer/Platforms/MacOSX.platform/Developer/SDKs/MacOSX.sdk/usr/include/sys/cdefs.h:227:48: note: expanded from macro '__deprecated_msg'
warning: libraw-ffi@0.1.0:   227 |         #define __deprecated_msg(_msg) __attribute__((__deprecated__(_msg)))
warning: libraw-ffi@0.1.0:       |                                                       ^
warning: libraw-ffi@0.1.0: vendor/LibRaw/LibRaw-0.22.2/src/metadata/sony.cpp:797:5: warning: 'sprintf' is deprecated: This function is provided for compatibility reasons only.  Due to security concerns inherent in the design of sprintf(3), it is highly recommended that you use snprintf(3) instead. [-Wdeprecated-declarations]
warning: libraw-ffi@0.1.0:   797 |     sprintf(imgdata.shootinginfo.InternalBodySerial, "%06llx",
warning: libraw-ffi@0.1.0:       |     ^
warning: libraw-ffi@0.1.0: /Applications/Xcode.app/Contents/Developer/Platforms/MacOSX.platform/Developer/SDKs/MacOSX.sdk/usr/include/_stdio.h:278:1: note: 'sprintf' has been explicitly marked deprecated here
warning: libraw-ffi@0.1.0:   278 | __deprecated_msg("This function is provided for compatibility reasons only.  Due to security concerns inherent in the design of sprintf(3), it is highly recommended that you use snprintf(3) instead.")
warning: libraw-ffi@0.1.0:       | ^
warning: libraw-ffi@0.1.0: /Applications/Xcode.app/Contents/Developer/Platforms/MacOSX.platform/Developer/SDKs/MacOSX.sdk/usr/include/sys/cdefs.h:227:48: note: expanded from macro '__deprecated_msg'
warning: libraw-ffi@0.1.0:   227 |         #define __deprecated_msg(_msg) __attribute__((__deprecated__(_msg)))
warning: libraw-ffi@0.1.0:       |                                                       ^
warning: libraw-ffi@0.1.0: vendor/LibRaw/LibRaw-0.22.2/src/metadata/sony.cpp:810:7: warning: 'sprintf' is deprecated: This function is provided for compatibility reasons only.  Due to security concerns inherent in the design of sprintf(3), it is highly recommended that you use snprintf(3) instead. [-Wdeprecated-declarations]
warning: libraw-ffi@0.1.0:   810 |       sprintf(imgdata.shootinginfo.InternalBodySerial, "%04x",
warning: libraw-ffi@0.1.0:       |       ^
warning: libraw-ffi@0.1.0: /Applications/Xcode.app/Contents/Developer/Platforms/MacOSX.platform/Developer/SDKs/MacOSX.sdk/usr/include/_stdio.h:278:1: note: 'sprintf' has been explicitly marked deprecated here
warning: libraw-ffi@0.1.0:   278 | __deprecated_msg("This function is provided for compatibility reasons only.  Due to security concerns inherent in the design of sprintf(3), it is highly recommended that you use snprintf(3) instead.")
warning: libraw-ffi@0.1.0:       | ^
warning: libraw-ffi@0.1.0: /Applications/Xcode.app/Contents/Developer/Platforms/MacOSX.platform/Developer/SDKs/MacOSX.sdk/usr/include/sys/cdefs.h:227:48: note: expanded from macro '__deprecated_msg'
warning: libraw-ffi@0.1.0:   227 |         #define __deprecated_msg(_msg) __attribute__((__deprecated__(_msg)))
warning: libraw-ffi@0.1.0:       |                                                       ^
warning: libraw-ffi@0.1.0: vendor/LibRaw/LibRaw-0.22.2/src/metadata/sony.cpp:820:7: warning: 'sprintf' is deprecated: This function is provided for compatibility reasons only.  Due to security concerns inherent in the design of sprintf(3), it is highly recommended that you use snprintf(3) instead. [-Wdeprecated-declarations]
warning: libraw-ffi@0.1.0:   820 |       sprintf(imgdata.shootinginfo.InternalBodySerial, "%05llx",
warning: libraw-ffi@0.1.0:       |       ^
warning: libraw-ffi@0.1.0: /Applications/Xcode.app/Contents/Developer/Platforms/MacOSX.platform/Developer/SDKs/MacOSX.sdk/usr/include/_stdio.h:278:1: note: 'sprintf' has been explicitly marked deprecated here
warning: libraw-ffi@0.1.0:   278 | __deprecated_msg("This function is provided for compatibility reasons only.  Due to security concerns inherent in the design of sprintf(3), it is highly recommended that you use snprintf(3) instead.")
warning: libraw-ffi@0.1.0:       | ^
warning: libraw-ffi@0.1.0: /Applications/Xcode.app/Contents/Developer/Platforms/MacOSX.platform/Developer/SDKs/MacOSX.sdk/usr/include/sys/cdefs.h:227:48: note: expanded from macro '__deprecated_msg'
warning: libraw-ffi@0.1.0:   227 |         #define __deprecated_msg(_msg) __attribute__((__deprecated__(_msg)))
warning: libraw-ffi@0.1.0:       |                                                       ^
warning: libraw-ffi@0.1.0: vendor/LibRaw/LibRaw-0.22.2/src/metadata/ciff.cpp:264:9: warning: 'sprintf' is deprecated: This function is provided for compatibility reasons only.  Due to security concerns inherent in the design of sprintf(3), it is highly recommended that you use snprintf(3) instead. [-Wdeprecated-declarations]
warning: libraw-ffi@0.1.0:   264 |         sprintf(imgdata.shootinginfo.BodySerial, "%d", len);
warning: libraw-ffi@0.1.0:       |         ^
warning: libraw-ffi@0.1.0: /Applications/Xcode.app/Contents/Developer/Platforms/MacOSX.platform/Developer/SDKs/MacOSX.sdk/usr/include/_stdio.h:278:1: note: 'sprintf' has been explicitly marked deprecated here
warning: libraw-ffi@0.1.0:   278 | __deprecated_msg("This function is provided for compatibility reasons only.  Due to security concerns inherent in the design of sprintf(3), it is highly recommended that you use snprintf(3) instead.")
warning: libraw-ffi@0.1.0:       | ^
warning: libraw-ffi@0.1.0: /Applications/Xcode.app/Contents/Developer/Platforms/MacOSX.platform/Developer/SDKs/MacOSX.sdk/usr/include/sys/cdefs.h:227:48: note: expanded from macro '__deprecated_msg'
warning: libraw-ffi@0.1.0:   227 |         #define __deprecated_msg(_msg) __attribute__((__deprecated__(_msg)))
warning: libraw-ffi@0.1.0:       |                                                       ^
warning: libraw-ffi@0.1.0: vendor/LibRaw/LibRaw-0.22.2/src/metadata/ciff.cpp:266:9: warning: 'sprintf' is deprecated: This function is provided for compatibility reasons only.  Due to security concerns inherent in the design of sprintf(3), it is highly recommended that you use snprintf(3) instead. [-Wdeprecated-declarations]
warning: libraw-ffi@0.1.0:   266 |         sprintf(imgdata.shootinginfo.BodySerial, "%0x-%05d", len >> 16,
warning: libraw-ffi@0.1.0:       |         ^
warning: libraw-ffi@0.1.0: /Applications/Xcode.app/Contents/Developer/Platforms/MacOSX.platform/Developer/SDKs/MacOSX.sdk/usr/include/_stdio.h:278:1: note: 'sprintf' has been explicitly marked deprecated here
warning: libraw-ffi@0.1.0:   278 | __deprecated_msg("This function is provided for compatibility reasons only.  Due to security concerns inherent in the design of sprintf(3), it is highly recommended that you use snprintf(3) instead.")
warning: libraw-ffi@0.1.0:       | ^
warning: libraw-ffi@0.1.0: /Applications/Xcode.app/Contents/Developer/Platforms/MacOSX.platform/Developer/SDKs/MacOSX.sdk/usr/include/sys/cdefs.h:227:48: note: expanded from macro '__deprecated_msg'
warning: libraw-ffi@0.1.0:   227 |         #define __deprecated_msg(_msg) __attribute__((__deprecated__(_msg)))
warning: libraw-ffi@0.1.0:       |                                                       ^
warning: libraw-ffi@0.1.0: vendor/LibRaw/LibRaw-0.22.2/src/metadata/sony.cpp:2339:20: warning: comparison of integers of different signs: 'int' and 'unsigned int' [-Wsign-compare]
warning: libraw-ffi@0.1.0:  2339 |           if (ioffset + 3 >= len)
warning: libraw-ffi@0.1.0:       |               ~~~~~~~~~~~ ^  ~~~
warning: libraw-ffi@0.1.0: 2 warnings generated.
warning: libraw-ffi@0.1.0: 5 warnings generated.
warning: libraw-ffi@0.1.0: vendor/LibRaw/LibRaw-0.22.2/src/metadata/nikon.cpp:525:11: warning: 'sprintf' is deprecated: This function is provided for compatibility reasons only.  Due to security concerns inherent in the design of sprintf(3), it is highly recommended that you use snprintf(3) instead. [-Wdeprecated-declarations]
warning: libraw-ffi@0.1.0:   525 |           sprintf(imgdata.shootinginfo.BodySerial, "%d", serial);
warning: libraw-ffi@0.1.0:       |           ^
warning: libraw-ffi@0.1.0: /Applications/Xcode.app/Contents/Developer/Platforms/MacOSX.platform/Developer/SDKs/MacOSX.sdk/usr/include/_stdio.h:278:1: note: 'sprintf' has been explicitly marked deprecated here
warning: libraw-ffi@0.1.0:   278 | __deprecated_msg("This function is provided for compatibility reasons only.  Due to security concerns inherent in the design of sprintf(3), it is highly recommended that you use snprintf(3) instead.")
warning: libraw-ffi@0.1.0:       | ^
warning: libraw-ffi@0.1.0: /Applications/Xcode.app/Contents/Developer/Platforms/MacOSX.platform/Developer/SDKs/MacOSX.sdk/usr/include/sys/cdefs.h:227:48: note: expanded from macro '__deprecated_msg'
warning: libraw-ffi@0.1.0:   227 |         #define __deprecated_msg(_msg) __attribute__((__deprecated__(_msg)))
warning: libraw-ffi@0.1.0:       |                                                       ^
warning: libraw-ffi@0.1.0: 1 warning generated.
warning: libraw-ffi@0.1.0: vendor/LibRaw/LibRaw-0.22.2/src/metadata/pentax.cpp:493:5: warning: 'sprintf' is deprecated: This function is provided for compatibility reasons only.  Due to security concerns inherent in the design of sprintf(3), it is highly recommended that you use snprintf(3) instead. [-Wdeprecated-declarations]
warning: libraw-ffi@0.1.0:   493 |     sprintf(imgdata.shootinginfo.InternalBodySerial, "%d", get4());
warning: libraw-ffi@0.1.0:       |     ^
warning: libraw-ffi@0.1.0: /Applications/Xcode.app/Contents/Developer/Platforms/MacOSX.platform/Developer/SDKs/MacOSX.sdk/usr/include/_stdio.h:278:1: note: 'sprintf' has been explicitly marked deprecated here
warning: libraw-ffi@0.1.0:   278 | __deprecated_msg("This function is provided for compatibility reasons only.  Due to security concerns inherent in the design of sprintf(3), it is highly recommended that you use snprintf(3) instead.")
warning: libraw-ffi@0.1.0:       | ^
warning: libraw-ffi@0.1.0: /Applications/Xcode.app/Contents/Developer/Platforms/MacOSX.platform/Developer/SDKs/MacOSX.sdk/usr/include/sys/cdefs.h:227:48: note: expanded from macro '__deprecated_msg'
warning: libraw-ffi@0.1.0:   227 |         #define __deprecated_msg(_msg) __attribute__((__deprecated__(_msg)))
warning: libraw-ffi@0.1.0:       |                                                       ^
warning: libraw-ffi@0.1.0: vendor/LibRaw/LibRaw-0.22.2/src/metadata/pentax.cpp:553:9: warning: 'sprintf' is deprecated: This function is provided for compatibility reasons only.  Due to security concerns inherent in the design of sprintf(3), it is highly recommended that you use snprintf(3) instead. [-Wdeprecated-declarations]
warning: libraw-ffi@0.1.0:   553 |         sprintf(imgdata.shootinginfo.BodySerial, "%8s", buffer + 8);
warning: libraw-ffi@0.1.0:       |         ^
warning: libraw-ffi@0.1.0: /Applications/Xcode.app/Contents/Developer/Platforms/MacOSX.platform/Developer/SDKs/MacOSX.sdk/usr/include/_stdio.h:278:1: note: 'sprintf' has been explicitly marked deprecated here
warning: libraw-ffi@0.1.0:   278 | __deprecated_msg("This function is provided for compatibility reasons only.  Due to security concerns inherent in the design of sprintf(3), it is highly recommended that you use snprintf(3) instead.")
warning: libraw-ffi@0.1.0:       | ^
warning: libraw-ffi@0.1.0: /Applications/Xcode.app/Contents/Developer/Platforms/MacOSX.platform/Developer/SDKs/MacOSX.sdk/usr/include/sys/cdefs.h:227:48: note: expanded from macro '__deprecated_msg'
warning: libraw-ffi@0.1.0:   227 |         #define __deprecated_msg(_msg) __attribute__((__deprecated__(_msg)))
warning: libraw-ffi@0.1.0:       |                                                       ^
warning: libraw-ffi@0.1.0: vendor/LibRaw/LibRaw-0.22.2/src/metadata/pentax.cpp:556:7: warning: 'sprintf' is deprecated: This function is provided for compatibility reasons only.  Due to security concerns inherent in the design of sprintf(3), it is highly recommended that you use snprintf(3) instead. [-Wdeprecated-declarations]
warning: libraw-ffi@0.1.0:   556 |       sprintf(imgdata.shootinginfo.InternalBodySerial, "%8s", buffer);
warning: libraw-ffi@0.1.0:       |       ^
warning: libraw-ffi@0.1.0: /Applications/Xcode.app/Contents/Developer/Platforms/MacOSX.platform/Developer/SDKs/MacOSX.sdk/usr/include/_stdio.h:278:1: note: 'sprintf' has been explicitly marked deprecated here
warning: libraw-ffi@0.1.0:   278 | __deprecated_msg("This function is provided for compatibility reasons only.  Due to security concerns inherent in the design of sprintf(3), it is highly recommended that you use snprintf(3) instead.")
warning: libraw-ffi@0.1.0:       | ^
warning: libraw-ffi@0.1.0: /Applications/Xcode.app/Contents/Developer/Platforms/MacOSX.platform/Developer/SDKs/MacOSX.sdk/usr/include/sys/cdefs.h:227:48: note: expanded from macro '__deprecated_msg'
warning: libraw-ffi@0.1.0:   227 |         #define __deprecated_msg(_msg) __attribute__((__deprecated__(_msg)))
warning: libraw-ffi@0.1.0:       |                                                       ^
warning: libraw-ffi@0.1.0: vendor/LibRaw/LibRaw-0.22.2/src/metadata/pentax.cpp:560:7: warning: 'sprintf' is deprecated: This function is provided for compatibility reasons only.  Due to security concerns inherent in the design of sprintf(3), it is highly recommended that you use snprintf(3) instead. [-Wdeprecated-declarations]
warning: libraw-ffi@0.1.0:   560 |       sprintf(imgdata.shootinginfo.BodySerial, "%02x%02x%02x%02x", buffer[4],
warning: libraw-ffi@0.1.0:       |       ^
warning: libraw-ffi@0.1.0: /Applications/Xcode.app/Contents/Developer/Platforms/MacOSX.platform/Developer/SDKs/MacOSX.sdk/usr/include/_stdio.h:278:1: note: 'sprintf' has been explicitly marked deprecated here
warning: libraw-ffi@0.1.0:   278 | __deprecated_msg("This function is provided for compatibility reasons only.  Due to security concerns inherent in the design of sprintf(3), it is highly recommended that you use snprintf(3) instead.")
warning: libraw-ffi@0.1.0:       | ^
warning: libraw-ffi@0.1.0: /Applications/Xcode.app/Contents/Developer/Platforms/MacOSX.platform/Developer/SDKs/MacOSX.sdk/usr/include/sys/cdefs.h:227:48: note: expanded from macro '__deprecated_msg'
warning: libraw-ffi@0.1.0:   227 |         #define __deprecated_msg(_msg) __attribute__((__deprecated__(_msg)))
warning: libraw-ffi@0.1.0:       |                                                       ^
warning: libraw-ffi@0.1.0: vendor/LibRaw/LibRaw-0.22.2/src/metadata/pentax.cpp:562:7: warning: 'sprintf' is deprecated: This function is provided for compatibility reasons only.  Due to security concerns inherent in the design of sprintf(3), it is highly recommended that you use snprintf(3) instead. [-Wdeprecated-declarations]
warning: libraw-ffi@0.1.0:   562 |       sprintf(imgdata.shootinginfo.InternalBodySerial, "%02x%02x%02x%02x",
warning: libraw-ffi@0.1.0:       |       ^
warning: libraw-ffi@0.1.0: /Applications/Xcode.app/Contents/Developer/Platforms/MacOSX.platform/Developer/SDKs/MacOSX.sdk/usr/include/_stdio.h:278:1: note: 'sprintf' has been explicitly marked deprecated here
warning: libraw-ffi@0.1.0:   278 | __deprecated_msg("This function is provided for compatibility reasons only.  Due to security concerns inherent in the design of sprintf(3), it is highly recommended that you use snprintf(3) instead.")
warning: libraw-ffi@0.1.0:       | ^
warning: libraw-ffi@0.1.0: /Applications/Xcode.app/Contents/Developer/Platforms/MacOSX.platform/Developer/SDKs/MacOSX.sdk/usr/include/sys/cdefs.h:227:48: note: expanded from macro '__deprecated_msg'
warning: libraw-ffi@0.1.0:   227 |         #define __deprecated_msg(_msg) __attribute__((__deprecated__(_msg)))
warning: libraw-ffi@0.1.0:       |                                                       ^
warning: libraw-ffi@0.1.0: vendor/LibRaw/LibRaw-0.22.2/src/metadata/normalize_model.cpp:552:130: warning: suspicious concatenation of string literals in an array initialization; did you mean to separate the elements with a comma? [-Wstring-concatenation]
warning: libraw-ffi@0.1.0:   552 |     "@DC-ZS200", "DC-ZS220", "DC-TZ200", "DC-TZ202", "DC-TZ220", "DC-TZ200D", "DC-TZ202D", "DC-TZ220D", "DC-ZS200D", "DC-ZS220D" "DC-TX2", "C-Lux", "CAM-DC25",
warning: libraw-ffi@0.1.0:       |                                                                                                                                  ^
warning: libraw-ffi@0.1.0:       |                                                                                                                                 ,
warning: libraw-ffi@0.1.0: vendor/LibRaw/LibRaw-0.22.2/src/metadata/normalize_model.cpp:552:118: note: place parentheses around the string literal to silence warning
warning: libraw-ffi@0.1.0:   552 |     "@DC-ZS200", "DC-ZS220", "DC-TZ200", "DC-TZ202", "DC-TZ220", "DC-TZ200D", "DC-TZ202D", "DC-TZ220D", "DC-ZS200D", "DC-ZS220D" "DC-TX2", "C-Lux", "CAM-DC25",
warning: libraw-ffi@0.1.0:       |                                                                                                                      ^
warning: libraw-ffi@0.1.0: 1 warning generated.
warning: libraw-ffi@0.1.0: vendor/LibRaw/LibRaw-0.22.2/src/metadata/canon.cpp:864:5: warning: 'sprintf' is deprecated: This function is provided for compatibility reasons only.  Due to security concerns inherent in the design of sprintf(3), it is highly recommended that you use snprintf(3) instead. [-Wdeprecated-declarations]
warning: libraw-ffi@0.1.0:   864 |     sprintf(imgdata.shootinginfo.BodySerial, "%d", tS);
warning: libraw-ffi@0.1.0:       |     ^
warning: libraw-ffi@0.1.0: /Applications/Xcode.app/Contents/Developer/Platforms/MacOSX.platform/Developer/SDKs/MacOSX.sdk/usr/include/_stdio.h:278:1: note: 'sprintf' has been explicitly marked deprecated here
warning: libraw-ffi@0.1.0:   278 | __deprecated_msg("This function is provided for compatibility reasons only.  Due to security concerns inherent in the design of sprintf(3), it is highly recommended that you use snprintf(3) instead.")
warning: libraw-ffi@0.1.0:       | ^
warning: libraw-ffi@0.1.0: /Applications/Xcode.app/Contents/Developer/Platforms/MacOSX.platform/Developer/SDKs/MacOSX.sdk/usr/include/sys/cdefs.h:227:48: note: expanded from macro '__deprecated_msg'
warning: libraw-ffi@0.1.0:   227 |         #define __deprecated_msg(_msg) __attribute__((__deprecated__(_msg)))
warning: libraw-ffi@0.1.0:       |                                                       ^
warning: libraw-ffi@0.1.0: 5 warnings generated.
warning: libraw-ffi@0.1.0: 1 warning generated.
warning: libraw-ffi@0.1.0: vendor/LibRaw/LibRaw-0.22.2/src/metadata/tiff.cpp:1029:7: warning: 'sprintf' is deprecated: This function is provided for compatibility reasons only.  Due to security concerns inherent in the design of sprintf(3), it is highly recommended that you use snprintf(3) instead. [-Wdeprecated-declarations]
warning: libraw-ffi@0.1.0:  1029 |       sprintf(model, "Ixpress %d-Mp", c);
warning: libraw-ffi@0.1.0:       |       ^
warning: libraw-ffi@0.1.0: /Applications/Xcode.app/Contents/Developer/Platforms/MacOSX.platform/Developer/SDKs/MacOSX.sdk/usr/include/_stdio.h:278:1: note: 'sprintf' has been explicitly marked deprecated here
warning: libraw-ffi@0.1.0:   278 | __deprecated_msg("This function is provided for compatibility reasons only.  Due to security concerns inherent in the design of sprintf(3), it is highly recommended that you use snprintf(3) instead.")
warning: libraw-ffi@0.1.0:       | ^
warning: libraw-ffi@0.1.0: /Applications/Xcode.app/Contents/Developer/Platforms/MacOSX.platform/Developer/SDKs/MacOSX.sdk/usr/include/sys/cdefs.h:227:48: note: expanded from macro '__deprecated_msg'
warning: libraw-ffi@0.1.0:   227 |         #define __deprecated_msg(_msg) __attribute__((__deprecated__(_msg)))
warning: libraw-ffi@0.1.0:       |                                                       ^
warning: libraw-ffi@0.1.0: vendor/LibRaw/LibRaw-0.22.2/src/metadata/tiff.cpp:1230:13: warning: comparison of integers of different signs: 'int' and 'unsigned int' [-Wsign-compare]
warning: libraw-ffi@0.1.0:  1230 |                                         if (fj > libraw_internal_data.unpacker_data.lenRAFData - 3)
warning: libraw-ffi@0.1.0:       |                                             ~~ ^ ~~~~~~~~~~~~~~~~~~~~~~~~~~~~~~~~~~~~~~~~~~~~~~~~~
warning: libraw-ffi@0.1.0: vendor/LibRaw/LibRaw-0.22.2/src/metadata/tiff.cpp:1239:15: warning: comparison of integers of different signs: 'int' and 'unsigned int' [-Wsign-compare]
warning: libraw-ffi@0.1.0:  1239 |                                                 && ofst < libraw_internal_data.unpacker_data.lenRAFData - 3;
warning: libraw-ffi@0.1.0:       |                                                    ~~~~ ^ ~~~~~~~~~~~~~~~~~~~~~~~~~~~~~~~~~~~~~~~~~~~~~~~~~
warning: libraw-ffi@0.1.0: vendor/LibRaw/LibRaw-0.22.2/src/metadata/tiff.cpp:1635:17: warning: comparison of integers of different signs: 'int' and 'unsigned int' [-Wsign-compare]
warning: libraw-ffi@0.1.0:  1635 |                                   if (items == SR2SubIFDLength)
warning: libraw-ffi@0.1.0:       |                                       ~~~~~ ^  ~~~~~~~~~~~~~~~
warning: libraw-ffi@0.1.0: vendor/LibRaw/LibRaw-0.22.2/src/metadata/tiff.cpp:1748:12: warning: comparison of integers of different signs: 'int' and 'unsigned int' [-Wsign-compare]
warning: libraw-ffi@0.1.0:  1748 |         if (items == sony_length)
warning: libraw-ffi@0.1.0:       |             ~~~~~ ^  ~~~~~~~~~~~
warning: libraw-ffi@0.1.0: vendor/LibRaw/LibRaw-0.22.2/src/metadata/tiff.cpp:2005:4: warning: misleading indentation; statement is not part of the previous 'if' [-Wmisleading-indentation]
warning: libraw-ffi@0.1.0:  2005 |           if (!strncasecmp(make, "Sony", 4) && tiff_ifd[i].bps == 8 && tiff_ifd[i].phint == 6 && tiff_ifd[i].comp == 7 &&
warning: libraw-ffi@0.1.0:       |           ^
warning: libraw-ffi@0.1.0: vendor/LibRaw/LibRaw-0.22.2/src/metadata/tiff.cpp:2002:7: note: previous statement is here
warning: libraw-ffi@0.1.0:  2002 |       if (tiff_ifd[i].phint == 2 && tiff_ifd[i].extrasamples > 0 && tiff_ifd[i].samples > 3)
warning: libraw-ffi@0.1.0:       |       ^
warning: libraw-ffi@0.1.0: 6 warnings generated.
warning: libraw-ffi@0.1.0: vendor/LibRaw/LibRaw-0.22.2/src/metadata/misc_parsers.cpp:123:3: warning: 'sprintf' is deprecated: This function is provided for compatibility reasons only.  Due to security concerns inherent in the design of sprintf(3), it is highly recommended that you use snprintf(3) instead. [-Wdeprecated-declarations]
warning: libraw-ffi@0.1.0:   123 |   sprintf(model, "%d", get4());
warning: libraw-ffi@0.1.0:       |   ^
warning: libraw-ffi@0.1.0: /Applications/Xcode.app/Contents/Developer/Platforms/MacOSX.platform/Developer/SDKs/MacOSX.sdk/usr/include/_stdio.h:278:1: note: 'sprintf' has been explicitly marked deprecated here
warning: libraw-ffi@0.1.0:   278 | __deprecated_msg("This function is provided for compatibility reasons only.  Due to security concerns inherent in the design of sprintf(3), it is highly recommended that you use snprintf(3) instead.")
warning: libraw-ffi@0.1.0:       | ^
warning: libraw-ffi@0.1.0: /Applications/Xcode.app/Contents/Developer/Platforms/MacOSX.platform/Developer/SDKs/MacOSX.sdk/usr/include/sys/cdefs.h:227:48: note: expanded from macro '__deprecated_msg'
warning: libraw-ffi@0.1.0:   227 |         #define __deprecated_msg(_msg) __attribute__((__deprecated__(_msg)))
warning: libraw-ffi@0.1.0:       |                                                       ^
warning: libraw-ffi@0.1.0: vendor/LibRaw/LibRaw-0.22.2/src/metadata/misc_parsers.cpp:209:3: warning: 'sprintf' is deprecated: This function is provided for compatibility reasons only.  Due to security concerns inherent in the design of sprintf(3), it is highly recommended that you use snprintf(3) instead. [-Wdeprecated-declarations]
warning: libraw-ffi@0.1.0:   209 |   sprintf(model, "v%d %dx%d", ver, width, height);
warning: libraw-ffi@0.1.0:       |   ^
warning: libraw-ffi@0.1.0: /Applications/Xcode.app/Contents/Developer/Platforms/MacOSX.platform/Developer/SDKs/MacOSX.sdk/usr/include/_stdio.h:278:1: note: 'sprintf' has been explicitly marked deprecated here
warning: libraw-ffi@0.1.0:   278 | __deprecated_msg("This function is provided for compatibility reasons only.  Due to security concerns inherent in the design of sprintf(3), it is highly recommended that you use snprintf(3) instead.")
warning: libraw-ffi@0.1.0:       | ^
warning: libraw-ffi@0.1.0: /Applications/Xcode.app/Contents/Developer/Platforms/MacOSX.platform/Developer/SDKs/MacOSX.sdk/usr/include/sys/cdefs.h:227:48: note: expanded from macro '__deprecated_msg'
warning: libraw-ffi@0.1.0:   227 |         #define __deprecated_msg(_msg) __attribute__((__deprecated__(_msg)))
warning: libraw-ffi@0.1.0:       |                                                       ^
warning: libraw-ffi@0.1.0: 2 warnings generated.
    Checking compositor v0.1.0 (/Users/rutmehta/Developer/tessera/.worktrees/M5-30/crates/compositor)
    Finished `dev` profile [unoptimized + debuginfo] target(s) in 1.47s
warning: libraw-ffi@0.1.0: vendor/LibRaw/LibRaw-0.22.2/src/write/file_write.cpp:78:3: warning: 'sprintf' is deprecated: This function is provided for compatibility reasons only.  Due to security concerns inherent in the design of sprintf(3), it is highly recommended that you use snprintf(3) instead. [-Wdeprecated-declarations]
warning: libraw-ffi@0.1.0:    78 |   sprintf(th->date, "%04d:%02d:%02d %02d:%02d:%02d", t->tm_year + 1900,
warning: libraw-ffi@0.1.0:       |   ^
warning: libraw-ffi@0.1.0: /Applications/Xcode.app/Contents/Developer/Platforms/MacOSX.platform/Developer/SDKs/MacOSX.sdk/usr/include/_stdio.h:278:1: note: 'sprintf' has been explicitly marked deprecated here
warning: libraw-ffi@0.1.0:   278 | __deprecated_msg("This function is provided for compatibility reasons only.  Due to security concerns inherent in the design of sprintf(3), it is highly recommended that you use snprintf(3) instead.")
warning: libraw-ffi@0.1.0:       | ^
warning: libraw-ffi@0.1.0: /Applications/Xcode.app/Contents/Developer/Platforms/MacOSX.platform/Developer/SDKs/MacOSX.sdk/usr/include/sys/cdefs.h:227:48: note: expanded from macro '__deprecated_msg'
warning: libraw-ffi@0.1.0:   227 |         #define __deprecated_msg(_msg) __attribute__((__deprecated__(_msg)))
warning: libraw-ffi@0.1.0:       |                                                       ^
warning: libraw-ffi@0.1.0: 1 warning generated.
warning: libraw-ffi@0.1.0: vendor/LibRaw/LibRaw-0.22.2/src/decompressors/losslessjpeg.cpp:24:9: warning: 'ZERO' macro redefined [-Wmacro-redefined]
warning: libraw-ffi@0.1.0:    24 | #define ZERO(a) do { memset(a,0,sizeof(a));} while(0)
warning: libraw-ffi@0.1.0:       |         ^
warning: libraw-ffi@0.1.0: vendor/LibRaw/LibRaw-0.22.2/src/decompressors/../../internal/libraw_cxx_defs.h:117:9: note: previous definition is here
warning: libraw-ffi@0.1.0:   117 | #define ZERO(a) memset(&a, 0, sizeof(a))
warning: libraw-ffi@0.1.0:       |         ^
warning: libraw-ffi@0.1.0: vendor/LibRaw/LibRaw-0.22.2/src/decompressors/losslessjpeg.cpp:375:17: warning: comparison of integers of different signs: 'int' and 'uint32_t' (aka 'unsigned int') [-Wsign-compare]
warning: libraw-ffi@0.1.0:   375 |           if (h >= tsize)
warning: libraw-ffi@0.1.0:       |               ~ ^  ~~~~~
warning: libraw-ffi@0.1.0: 2 warnings generated.
warning: libraw-ffi@0.1.0: vendor/LibRaw/LibRaw-0.22.2/src/libraw_datastream.cpp:138:48: warning: unused parameter 'jpegdata' [-Wunused-parameter]
warning: libraw-ffi@0.1.0:   138 | int LibRaw_abstract_datastream::jpeg_src(void *jpegdata)
warning: libraw-ffi@0.1.0:       |                                                ^
warning: libraw-ffi@0.1.0: vendor/LibRaw/LibRaw-0.22.2/src/libraw_datastream.cpp:452:46: warning: unused parameter 'jpegdata' [-Wunused-parameter]
warning: libraw-ffi@0.1.0:   452 | int LibRaw_buffer_datastream::jpeg_src(void *jpegdata)
warning: libraw-ffi@0.1.0:       |                                              ^
warning: libraw-ffi@0.1.0: 2 warnings generated.
warning: libraw-ffi@0.1.0: vendor/LibRaw/LibRaw-0.22.2/src/integration/dngsdk_glue.cpp:527:33: warning: unused parameter 'p' [-Wunused-parameter]
warning: libraw-ffi@0.1.0:   527 | void LibRaw::set_dng_host(void *p)
warning: libraw-ffi@0.1.0:       |                                 ^
warning: libraw-ffi@0.1.0: 1 warning generated.
warning: libraw-ffi@0.1.0: vendor/LibRaw/LibRaw-0.22.2/src/utils/open.cpp:476:11: warning: unused variable 'foveon_count' [-Wunused-const-variable]
warning: libraw-ffi@0.1.0:   476 | const int foveon_count = sizeof(foveon_data) / sizeof(foveon_data[0]);
warning: libraw-ffi@0.1.0:       |           ^~~~~~~~~~~~
warning: libraw-ffi@0.1.0: 1 warning generated.
warning: libraw-ffi@0.1.0: vendor/LibRaw/LibRaw-0.22.2/src/utils/thumb_utils.cpp:35:41: warning: comparison of integers of different signs: 'INT64' (aka 'long long') and 'unsigned long long' [-Wsign-compare]
warning: libraw-ffi@0.1.0:    35 |   if(INT64(T.theight) * INT64(T.twidth) > 1024ULL * 1024ULL * LIBRAW_MAX_THUMBNAIL_MB)
warning: libraw-ffi@0.1.0:       |      ~~~~~~~~~~~~~~~~~~~~~~~~~~~~~~~~~~ ^ ~~~~~~~~~~~~~~~~~~~~~~~~~~~~~~~~~~~~~~~~~~~
warning: libraw-ffi@0.1.0: vendor/LibRaw/LibRaw-0.22.2/src/utils/thumb_utils.cpp:38:42: warning: comparison of integers of different signs: 'INT64' (aka 'long long') and 'unsigned long long' [-Wsign-compare]
warning: libraw-ffi@0.1.0:    38 |   if (INT64(T.theight) * INT64(T.twidth) < 64ULL)
warning: libraw-ffi@0.1.0:       |       ~~~~~~~~~~~~~~~~~~~~~~~~~~~~~~~~~~ ^ ~~~~~
warning: libraw-ffi@0.1.0: 2 warnings generated.
warning: libraw-ffi@0.1.0: vendor/LibRaw/LibRaw-0.22.2/src/postprocessing/postprocessing_utils_dcrdefs.cpp:65:5: warning: 'sprintf' is deprecated: This function is provided for compatibility reasons only.  Due to security concerns inherent in the design of sprintf(3), it is highly recommended that you use snprintf(3) instead. [-Wdeprecated-declarations]
warning: libraw-ffi@0.1.0:    65 |     sprintf(prof_desc.data(), "%s gamma %g toe slope %g", name[output_color - 1], floor(1000. / gamm[0] + .5) / 1000.,
warning: libraw-ffi@0.1.0:       |     ^
warning: libraw-ffi@0.1.0: /Applications/Xcode.app/Contents/Developer/Platforms/MacOSX.platform/Developer/SDKs/MacOSX.sdk/usr/include/_stdio.h:278:1: note: 'sprintf' has been explicitly marked deprecated here
warning: libraw-ffi@0.1.0:   278 | __deprecated_msg("This function is provided for compatibility reasons only.  Due to security concerns inherent in the design of sprintf(3), it is highly recommended that you use snprintf(3) instead.")
warning: libraw-ffi@0.1.0:       | ^
warning: libraw-ffi@0.1.0: /Applications/Xcode.app/Contents/Developer/Platforms/MacOSX.platform/Developer/SDKs/MacOSX.sdk/usr/include/sys/cdefs.h:227:48: note: expanded from macro '__deprecated_msg'
warning: libraw-ffi@0.1.0:   227 |         #define __deprecated_msg(_msg) __attribute__((__deprecated__(_msg)))
warning: libraw-ffi@0.1.0:       |                                                       ^
warning: libraw-ffi@0.1.0: 1 warning generated.
warning: libraw-ffi@0.1.0: vendor/LibRaw/LibRaw-0.22.2/src/postprocessing/mem_image.cpp:43:24: warning: comparison of integers of different signs: 'INT64' (aka 'long long') and 'unsigned long long' [-Wsign-compare]
warning: libraw-ffi@0.1.0:    43 |   if (INT64(T.tlength) > 1024ULL * 1024ULL * LIBRAW_MAX_THUMBNAIL_MB)
warning: libraw-ffi@0.1.0:       |       ~~~~~~~~~~~~~~~~ ^ ~~~~~~~~~~~~~~~~~~~~~~~~~~~~~~~~~~~~~~~~~~~
warning: libraw-ffi@0.1.0: 1 warning generated.
warning: libraw-ffi@0.1.0: vendor/LibRaw/LibRaw-0.22.2/src/decoders/unpack_thumb.cpp:225:9: warning: comparison of integers of different signs: 'INT64' (aka 'long long') and 'unsigned long long' [-Wsign-compare]
warning: libraw-ffi@0.1.0:   225 |         THUMB_SIZE_CHECKWH(T.twidth, T.theight);
warning: libraw-ffi@0.1.0:       |         ^~~~~~~~~~~~~~~~~~~~~~~~~~~~~~~~~~~~~~~
warning: libraw-ffi@0.1.0: vendor/LibRaw/LibRaw-0.22.2/src/decoders/unpack_thumb.cpp:70:27: note: expanded from macro 'THUMB_SIZE_CHECKWH'
warning: libraw-ffi@0.1.0:    70 |     if (INT64(W)*INT64(H) > 1024ULL * 1024ULL * LIBRAW_MAX_THUMBNAIL_MB) return LIBRAW_UNSUPPORTED_THUMBNAIL; \
warning: libraw-ffi@0.1.0:       |         ~~~~~~~~~~~~~~~~~ ^ ~~~~~~~~~~~~~~~~~~~~~~~~~~~~~~~~~~~~~~~~~~~
warning: libraw-ffi@0.1.0: vendor/LibRaw/LibRaw-0.22.2/src/decoders/unpack_thumb.cpp:225:9: warning: comparison of integers of different signs: 'INT64' (aka 'long long') and 'unsigned long long' [-Wsign-compare]
warning: libraw-ffi@0.1.0:   225 |         THUMB_SIZE_CHECKWH(T.twidth, T.theight);
warning: libraw-ffi@0.1.0:       |         ^~~~~~~~~~~~~~~~~~~~~~~~~~~~~~~~~~~~~~~
warning: libraw-ffi@0.1.0: vendor/LibRaw/LibRaw-0.22.2/src/decoders/unpack_thumb.cpp:71:27: note: expanded from macro 'THUMB_SIZE_CHECKWH'
warning: libraw-ffi@0.1.0:    71 |     if (INT64(W)*INT64(H) < 64ULL)        return LIBRAW_NO_THUMBNAIL; \
warning: libraw-ffi@0.1.0:       |         ~~~~~~~~~~~~~~~~~ ^ ~~~~~
warning: libraw-ffi@0.1.0: vendor/LibRaw/LibRaw-0.22.2/src/decoders/unpack_thumb.cpp:266:9: warning: comparison of integers of different signs: 'INT64' (aka 'long long') and 'unsigned long long' [-Wsign-compare]
warning: libraw-ffi@0.1.0:   266 |         THUMB_SIZE_CHECKWH(T.twidth, T.theight);
warning: libraw-ffi@0.1.0:       |         ^~~~~~~~~~~~~~~~~~~~~~~~~~~~~~~~~~~~~~~
warning: libraw-ffi@0.1.0: vendor/LibRaw/LibRaw-0.22.2/src/decoders/unpack_thumb.cpp:70:27: note: expanded from macro 'THUMB_SIZE_CHECKWH'
warning: libraw-ffi@0.1.0:    70 |     if (INT64(W)*INT64(H) > 1024ULL * 1024ULL * LIBRAW_MAX_THUMBNAIL_MB) return LIBRAW_UNSUPPORTED_THUMBNAIL; \
warning: libraw-ffi@0.1.0:       |         ~~~~~~~~~~~~~~~~~ ^ ~~~~~~~~~~~~~~~~~~~~~~~~~~~~~~~~~~~~~~~~~~~
warning: libraw-ffi@0.1.0: vendor/LibRaw/LibRaw-0.22.2/src/decoders/unpack_thumb.cpp:266:9: warning: comparison of integers of different signs: 'INT64' (aka 'long long') and 'unsigned long long' [-Wsign-compare]
warning: libraw-ffi@0.1.0:   266 |         THUMB_SIZE_CHECKWH(T.twidth, T.theight);
warning: libraw-ffi@0.1.0:       |         ^~~~~~~~~~~~~~~~~~~~~~~~~~~~~~~~~~~~~~~
warning: libraw-ffi@0.1.0: vendor/LibRaw/LibRaw-0.22.2/src/decoders/unpack_thumb.cpp:71:27: note: expanded from macro 'THUMB_SIZE_CHECKWH'
warning: libraw-ffi@0.1.0:    71 |     if (INT64(W)*INT64(H) < 64ULL)        return LIBRAW_NO_THUMBNAIL; \
warning: libraw-ffi@0.1.0:       |         ~~~~~~~~~~~~~~~~~ ^ ~~~~~
warning: libraw-ffi@0.1.0: vendor/LibRaw/LibRaw-0.22.2/src/decoders/unpack_thumb.cpp:298:9: warning: comparison of integers of different signs: 'INT64' (aka 'long long') and 'unsigned long long' [-Wsign-compare]
warning: libraw-ffi@0.1.0:   298 |         THUMB_SIZE_CHECKWH(T.twidth, T.theight);
warning: libraw-ffi@0.1.0:       |         ^~~~~~~~~~~~~~~~~~~~~~~~~~~~~~~~~~~~~~~
warning: libraw-ffi@0.1.0: vendor/LibRaw/LibRaw-0.22.2/src/decoders/unpack_thumb.cpp:70:27: note: expanded from macro 'THUMB_SIZE_CHECKWH'
warning: libraw-ffi@0.1.0:    70 |     if (INT64(W)*INT64(H) > 1024ULL * 1024ULL * LIBRAW_MAX_THUMBNAIL_MB) return LIBRAW_UNSUPPORTED_THUMBNAIL; \
warning: libraw-ffi@0.1.0:       |         ~~~~~~~~~~~~~~~~~ ^ ~~~~~~~~~~~~~~~~~~~~~~~~~~~~~~~~~~~~~~~~~~~
warning: libraw-ffi@0.1.0: vendor/LibRaw/LibRaw-0.22.2/src/decoders/unpack_thumb.cpp:298:9: warning: comparison of integers of different signs: 'INT64' (aka 'long long') and 'unsigned long long' [-Wsign-compare]
warning: libraw-ffi@0.1.0:   298 |         THUMB_SIZE_CHECKWH(T.twidth, T.theight);
warning: libraw-ffi@0.1.0:       |         ^~~~~~~~~~~~~~~~~~~~~~~~~~~~~~~~~~~~~~~
warning: libraw-ffi@0.1.0: vendor/LibRaw/LibRaw-0.22.2/src/decoders/unpack_thumb.cpp:71:27: note: expanded from macro 'THUMB_SIZE_CHECKWH'
warning: libraw-ffi@0.1.0:    71 |     if (INT64(W)*INT64(H) < 64ULL)        return LIBRAW_NO_THUMBNAIL; \
warning: libraw-ffi@0.1.0:       |         ~~~~~~~~~~~~~~~~~ ^ ~~~~~
warning: libraw-ffi@0.1.0: vendor/LibRaw/LibRaw-0.22.2/src/decoders/unpack_thumb.cpp:383:3: warning: comparison of integers of different signs: 'INT64' (aka 'long long') and 'unsigned long long' [-Wsign-compare]
warning: libraw-ffi@0.1.0:   383 |                 THUMB_SIZE_CHECKWH(T.twidth, (INT64(T.theight)*INT64(o_bps)));
warning: libraw-ffi@0.1.0:       |                 ^~~~~~~~~~~~~~~~~~~~~~~~~~~~~~~~~~~~~~~~~~~~~~~~~~~~~~~~~~~~~
warning: libraw-ffi@0.1.0: vendor/LibRaw/LibRaw-0.22.2/src/decoders/unpack_thumb.cpp:70:27: note: expanded from macro 'THUMB_SIZE_CHECKWH'
warning: libraw-ffi@0.1.0:    70 |     if (INT64(W)*INT64(H) > 1024ULL * 1024ULL * LIBRAW_MAX_THUMBNAIL_MB) return LIBRAW_UNSUPPORTED_THUMBNAIL; \
warning: libraw-ffi@0.1.0:       |         ~~~~~~~~~~~~~~~~~ ^ ~~~~~~~~~~~~~~~~~~~~~~~~~~~~~~~~~~~~~~~~~~~
warning: libraw-ffi@0.1.0: vendor/LibRaw/LibRaw-0.22.2/src/decoders/unpack_thumb.cpp:383:3: warning: comparison of integers of different signs: 'INT64' (aka 'long long') and 'unsigned long long' [-Wsign-compare]
warning: libraw-ffi@0.1.0:   383 |                 THUMB_SIZE_CHECKWH(T.twidth, (INT64(T.theight)*INT64(o_bps)));
warning: libraw-ffi@0.1.0:       |                 ^~~~~~~~~~~~~~~~~~~~~~~~~~~~~~~~~~~~~~~~~~~~~~~~~~~~~~~~~~~~~
warning: libraw-ffi@0.1.0: vendor/LibRaw/LibRaw-0.22.2/src/decoders/unpack_thumb.cpp:71:27: note: expanded from macro 'THUMB_SIZE_CHECKWH'
warning: libraw-ffi@0.1.0:    71 |     if (INT64(W)*INT64(H) < 64ULL)        return LIBRAW_NO_THUMBNAIL; \
warning: libraw-ffi@0.1.0:       |         ~~~~~~~~~~~~~~~~~ ^ ~~~~~
warning: libraw-ffi@0.1.0: 8 warnings generated.
warning: libraw-ffi@0.1.0: vendor/LibRaw/LibRaw-0.22.2/src/decoders/decoders_libraw.cpp:894:2: warning: definition of implicit copy assignment operator for 'p1_row_info_t' is deprecated because it has a user-provided copy constructor [-Wdeprecated-copy-with-user-provided-copy]
warning: libraw-ffi@0.1.0:   894 |         p1_row_info_t(const p1_row_info_t& q): row(q.row),offset(q.offset){}
warning: libraw-ffi@0.1.0:       |         ^
warning: libraw-ffi@0.1.0: /Applications/Xcode.app/Contents/Developer/Platforms/MacOSX.platform/Developer/SDKs/MacOSX.sdk/usr/include/c++/v1/__algorithm/sift_down.h:61:14: note: in implicit copy assignment operator for 'p1_row_info_t' first required here
warning: libraw-ffi@0.1.0:    61 |     *__start = _Ops::__iter_move(__child_i);
warning: libraw-ffi@0.1.0:       |              ^
warning: libraw-ffi@0.1.0: /Applications/Xcode.app/Contents/Developer/Platforms/MacOSX.platform/Developer/SDKs/MacOSX.sdk/usr/include/c++/v1/__algorithm/make_heap.h:39:12: note: in instantiation of function template specialization 'std::__sift_down<std::_ClassicAlgPolicy, std::__less<void, void> &, p1_row_info_t *>' requested here
warning: libraw-ffi@0.1.0:    39 |       std::__sift_down<_AlgPolicy>(__first, __comp_ref, __n, __first + __start);
warning: libraw-ffi@0.1.0:       |            ^
warning: libraw-ffi@0.1.0: /Applications/Xcode.app/Contents/Developer/Platforms/MacOSX.platform/Developer/SDKs/MacOSX.sdk/usr/include/c++/v1/__algorithm/partial_sort.h:41:8: note: in instantiation of function template specialization 'std::__make_heap<std::_ClassicAlgPolicy, std::__less<void, void> &, p1_row_info_t *>' requested here
warning: libraw-ffi@0.1.0:    41 |   std::__make_heap<_AlgPolicy>(__first, __middle, __comp);
warning: libraw-ffi@0.1.0:       |        ^
warning: libraw-ffi@0.1.0: /Applications/Xcode.app/Contents/Developer/Platforms/MacOSX.platform/Developer/SDKs/MacOSX.sdk/usr/include/c++/v1/__algorithm/partial_sort.h:65:12: note: in instantiation of function template specialization 'std::__partial_sort_impl<std::_ClassicAlgPolicy, std::__less<void, void> &, p1_row_info_t *, p1_row_info_t *>' requested here
warning: libraw-ffi@0.1.0:    65 |       std::__partial_sort_impl<_AlgPolicy>(__first, __middle, __last, static_cast<__comp_ref_type<_Compare> >(__comp));
warning: libraw-ffi@0.1.0:       |            ^
warning: libraw-ffi@0.1.0: /Applications/Xcode.app/Contents/Developer/Platforms/MacOSX.platform/Developer/SDKs/MacOSX.sdk/usr/include/c++/v1/__algorithm/sort.h:934:10: note: in instantiation of function template specialization 'std::__partial_sort<std::_ClassicAlgPolicy, std::__less<void, void>, p1_row_info_t *, p1_row_info_t *>' requested here
warning: libraw-ffi@0.1.0:   934 |     std::__partial_sort<_AlgPolicy>(
warning: libraw-ffi@0.1.0:       |          ^
warning: libraw-ffi@0.1.0: /Applications/Xcode.app/Contents/Developer/Platforms/MacOSX.platform/Developer/SDKs/MacOSX.sdk/usr/include/c++/v1/__algorithm/sort.h:945:8: note: in instantiation of function template specialization 'std::__sort_impl<std::_ClassicAlgPolicy, std::__wrap_iter<p1_row_info_t *>, std::__less<void, void>>' requested here
warning: libraw-ffi@0.1.0:   945 |   std::__sort_impl<_ClassicAlgPolicy>(std::move(__first), std::move(__last), __comp);
warning: libraw-ffi@0.1.0:       |        ^
warning: libraw-ffi@0.1.0: /Applications/Xcode.app/Contents/Developer/Platforms/MacOSX.platform/Developer/SDKs/MacOSX.sdk/usr/include/c++/v1/__algorithm/sort.h:951:8: note: in instantiation of function template specialization 'std::sort<std::__wrap_iter<p1_row_info_t *>, std::__less<void, void>>' requested here
warning: libraw-ffi@0.1.0:   951 |   std::sort(__first, __last, __less<>());
warning: libraw-ffi@0.1.0:       |        ^
warning: libraw-ffi@0.1.0: vendor/LibRaw/LibRaw-0.22.2/src/decoders/decoders_libraw.cpp:911:7: note: in instantiation of function template specialization 'std::sort<std::__wrap_iter<p1_row_info_t *>>' requested here
warning: libraw-ffi@0.1.0:   911 |         std::sort(stripes.begin(), stripes.end());
warning: libraw-ffi@0.1.0:       |              ^
warning: libraw-ffi@0.1.0: 1 warning generated.
warning: libraw-ffi@0.1.0: vendor/LibRaw/LibRaw-0.22.2/src/decoders/olympus14.cpp:242:30: warning: comparison of integers of different signs: 'uint32_t' (aka 'unsigned int') and 'const int32_t' (aka 'const int') [-Wsign-compare]
warning: libraw-ffi@0.1.0:   242 |                 for (uint32_t col = 0; col < raw_width; col++)
warning: libraw-ffi@0.1.0:       |                                        ~~~ ^ ~~~~~~~~~
warning: libraw-ffi@0.1.0: 1 warning generated.
warning: libraw-ffi@0.1.0: vendor/LibRaw/LibRaw-0.22.2/src/decoders/load_mfbacks.cpp:534:45: warning: comparison of integers of different signs: 'int' and 'unsigned int' [-Wsign-compare]
warning: libraw-ffi@0.1.0:   534 |                         if (j == 0 || j == head[1] || k < 1 || k >= w0+w1)
warning: libraw-ffi@0.1.0:       |                                                                ~ ^  ~~~~~
warning: libraw-ffi@0.1.0: vendor/LibRaw/LibRaw-0.22.2/src/decoders/load_mfbacks.cpp:541:10: warning: comparison of integers of different signs: 'int' and 'unsigned int' [-Wsign-compare]
warning: libraw-ffi@0.1.0:   541 |                         if (k < w0 + w1)
warning: libraw-ffi@0.1.0:       |                             ~ ^ ~~~~~~~
warning: libraw-ffi@0.1.0: vendor/LibRaw/LibRaw-0.22.2/src/decoders/fp_dng.cpp:361:21: warning: comparison of integers of different signs: 'int' and 'size_type' (aka 'unsigned long') [-Wsign-compare]
warning: libraw-ffi@0.1.0:   361 |   for (int i = 1; i < tiles.tBytes.size(); i++)
warning: libraw-ffi@0.1.0:       |                   ~ ^ ~~~~~~~~~~~~~~~~~~~
warning: libraw-ffi@0.1.0: vendor/LibRaw/LibRaw-0.22.2/src/decoders/fp_dng.cpp:528:31: warning: comparison of integers of different signs: 'unsigned long long' and 'long long' [-Wsign-compare]
warning: libraw-ffi@0.1.0:   528 |   if (pixcnt * sizeof(ushort) > INT64(imgdata.rawparams.max_raw_memory_mb) * 1024LL * 1024LL)
warning: libraw-ffi@0.1.0:       |       ~~~~~~~~~~~~~~~~~~~~~~~ ^ ~~~~~~~~~~~~~~~~~~~~~~~~~~~~~~~~~~~~~~~~~~~~~~~~~~~~~~~~~~~~
warning: libraw-ffi@0.1.0: vendor/LibRaw/LibRaw-0.22.2/src/decoders/fp_dng.cpp:560:24: warning: comparison of integers of different signs: 'size_t' (aka 'unsigned long') and 'INT64' (aka 'long long') [-Wsign-compare]
warning: libraw-ffi@0.1.0:   560 |   for (size_t i = 0; i < pixcnt; ++i)
warning: libraw-ffi@0.1.0:       |                      ~ ^ ~~~~~~
warning: libraw-ffi@0.1.0: 2 warnings generated.
warning: libraw-ffi@0.1.0: 3 warnings generated.
warning: libraw-ffi@0.1.0: vendor/LibRaw/LibRaw-0.22.2/src/decoders/decoders_dcraw.cpp:545:14: warning: variable 'jhigh' set but not used [-Wunused-but-set-variable]
warning: libraw-ffi@0.1.0:   545 |   int jwide, jhigh, jrow, jcol, val, jidx, i, j, row = 0, col = 0;
warning: libraw-ffi@0.1.0:       |              ^
warning: libraw-ffi@0.1.0: 1 warning generated.
warning: libraw-ffi@0.1.0: vendor/LibRaw/LibRaw-0.22.2/src/metadata/identify.cpp:280:73: warning: missing field 'offset' initializer [-Wmissing-field-initializers]
warning: libraw-ffi@0.1.0:   280 |           { 786432,   1024,  768, 0, 0,  0, 0,  0, 0x94, 0, 0, "AVT", "F-080C" },
warning: libraw-ffi@0.1.0:       |                                                                                ^
warning: libraw-ffi@0.1.0: vendor/LibRaw/LibRaw-0.22.2/src/metadata/identify.cpp:281:73: warning: missing field 'offset' initializer [-Wmissing-field-initializers]
warning: libraw-ffi@0.1.0:   281 |           { 1447680,  1392, 1040, 0, 0,  0, 0,  0, 0x94, 0, 0, "AVT", "F-145C" },
warning: libraw-ffi@0.1.0:       |                                                                                ^
warning: libraw-ffi@0.1.0: vendor/LibRaw/LibRaw-0.22.2/src/metadata/identify.cpp:282:73: warning: missing field 'offset' initializer [-Wmissing-field-initializers]
warning: libraw-ffi@0.1.0:   282 |           { 1920000,  1600, 1200, 0, 0,  0, 0,  0, 0x94, 0, 0, "AVT", "F-201C" },
warning: libraw-ffi@0.1.0:       |                                                                                ^
warning: libraw-ffi@0.1.0: vendor/LibRaw/LibRaw-0.22.2/src/metadata/identify.cpp:283:73: warning: missing field 'offset' initializer [-Wmissing-field-initializers]
warning: libraw-ffi@0.1.0:   283 |           { 5067304,  2588, 1958, 0, 0,  0, 0,  0, 0x94, 0, 0, "AVT", "F-510C" },
warning: libraw-ffi@0.1.0:       |                                                                                ^
warning: libraw-ffi@0.1.0: vendor/LibRaw/LibRaw-0.22.2/src/metadata/identify.cpp:285:73: warning: missing field 'offset' initializer [-Wmissing-field-initializers]
warning: libraw-ffi@0.1.0:   285 |           { 10134608, 2588, 1958, 0, 0,  0, 0,  9, 0x94, 0, 0, "AVT", "F-510C" },
warning: libraw-ffi@0.1.0:       |                                                                                ^
warning: libraw-ffi@0.1.0: vendor/LibRaw/LibRaw-0.22.2/src/metadata/identify.cpp:287:73: warning: missing field 'offset' initializer [-Wmissing-field-initializers]
warning: libraw-ffi@0.1.0:   287 |           { 16157136, 3272, 2469, 0, 0,  0, 0,  9, 0x94, 0, 0, "AVT", "F-810C" },
warning: libraw-ffi@0.1.0:       |                                                                                ^
warning: libraw-ffi@0.1.0: vendor/LibRaw/LibRaw-0.22.2/src/metadata/identify.cpp:288:80: warning: missing field 'offset' initializer [-Wmissing-field-initializers]
warning: libraw-ffi@0.1.0:   288 |           { 3995136,  1632, 1224, 0, 0,  0, 0,  8, 0x61, 0, 1, "AgfaPhoto", "DC-833m" },
warning: libraw-ffi@0.1.0:       |                                                                                       ^
warning: libraw-ffi@0.1.0: vendor/LibRaw/LibRaw-0.22.2/src/metadata/identify.cpp:289:80: warning: missing field 'offset' initializer [-Wmissing-field-initializers]
warning: libraw-ffi@0.1.0:   289 |           { 15980544, 3264, 2448, 0, 0,  0, 0,  8, 0x61, 0, 1, "AgfaPhoto", "DC-833m" },
warning: libraw-ffi@0.1.0:       |                                                                                       ^
warning: libraw-ffi@0.1.0: vendor/LibRaw/LibRaw-0.22.2/src/metadata/identify.cpp:290:76: warning: missing field 'offset' initializer [-Wmissing-field-initializers]
warning: libraw-ffi@0.1.0:   290 |           { 9631728,  2532, 1902, 0, 0,  0, 0, 96, 0x61, 0, 0, "Alcatel", "5035D" },
warning: libraw-ffi@0.1.0:       |                                                                                   ^
warning: libraw-ffi@0.1.0: vendor/LibRaw/LibRaw-0.22.2/src/metadata/identify.cpp:291:77: warning: missing field 'offset' initializer [-Wmissing-field-initializers]
warning: libraw-ffi@0.1.0:   291 |           { 31850496, 4608, 3456, 0, 0,  0, 0,  0, 0x94, 0, 0, "GITUP", "GIT2 4:3" },
warning: libraw-ffi@0.1.0:       |                                                                                    ^
warning: libraw-ffi@0.1.0: vendor/LibRaw/LibRaw-0.22.2/src/metadata/identify.cpp:292:78: warning: missing field 'offset' initializer [-Wmissing-field-initializers]
warning: libraw-ffi@0.1.0:   292 |           { 23887872, 4608, 2592, 0, 0,  0, 0,  0, 0x94, 0, 0, "GITUP", "GIT2 16:9" },
warning: libraw-ffi@0.1.0:       |                                                                                     ^
warning: libraw-ffi@0.1.0: vendor/LibRaw/LibRaw-0.22.2/src/metadata/identify.cpp:293:78: warning: missing field 'offset' initializer [-Wmissing-field-initializers]
warning: libraw-ffi@0.1.0:   293 |           { 32257024, 4624, 3488, 8, 2, 16, 2,  0, 0x94, 0, 0, "GITUP", "GIT2P 4:3" },
warning: libraw-ffi@0.1.0:       |                                                                                     ^
warning: libraw-ffi@0.1.0: vendor/LibRaw/LibRaw-0.22.2/src/metadata/identify.cpp:294:79: warning: missing field 'offset' initializer [-Wmissing-field-initializers]
warning: libraw-ffi@0.1.0:   294 |           { 24192768, 4624, 2616, 8, 2, 16, 2,  0, 0x94, 0, 0, "GITUP", "GIT2P 16:9" },
warning: libraw-ffi@0.1.0:       |                                                                                      ^
warning: libraw-ffi@0.1.0: vendor/LibRaw/LibRaw-0.22.2/src/metadata/identify.cpp:295:79: warning: missing field 'offset' initializer [-Wmissing-field-initializers]
warning: libraw-ffi@0.1.0:   295 |           { 18016000, 4000, 2252, 0, 0,  0, 0,  0, 0x94, 0, 0, "GITUP", "G3DUO 16:9" },
warning: libraw-ffi@0.1.0:       |                                                                                      ^
warning: libraw-ffi@0.1.0: vendor/LibRaw/LibRaw-0.22.2/src/metadata/identify.cpp:302:74: warning: missing field 'offset' initializer [-Wmissing-field-initializers]
warning: libraw-ffi@0.1.0:   302 |           {  1540857, 2688, 1520,   0, 0, 0, 0,  1, 0x61, 0, 0, "Samsung", "S3" },
warning: libraw-ffi@0.1.0:       |                                                                                 ^
warning: libraw-ffi@0.1.0: vendor/LibRaw/LibRaw-0.22.2/src/metadata/identify.cpp:303:78: warning: missing field 'offset' initializer [-Wmissing-field-initializers]
warning: libraw-ffi@0.1.0:   303 |           {  2658304, 1212, 1096,   0, 0, 0, 0,  1, 0x16, 0, 0, "LG", "G3FrontMipi" },
warning: libraw-ffi@0.1.0:       |                                                                                     ^
warning: libraw-ffi@0.1.0: vendor/LibRaw/LibRaw-0.22.2/src/metadata/identify.cpp:304:78: warning: missing field 'offset' initializer [-Wmissing-field-initializers]
warning: libraw-ffi@0.1.0:   304 |           {  2842624, 1296, 1096,   0, 0, 0, 0,  1, 0x16, 0, 0, "LG", "G3FrontQCOM" },
warning: libraw-ffi@0.1.0:       |                                                                                     ^
warning: libraw-ffi@0.1.0: vendor/LibRaw/LibRaw-0.22.2/src/metadata/identify.cpp:305:79: warning: missing field 'offset' initializer [-Wmissing-field-initializers]
warning: libraw-ffi@0.1.0:   305 |           {  2969600, 1976, 1200,   0, 0, 0, 0,  1, 0x16, 0, 0, "Xiaomi", "MI3wMipi" },
warning: libraw-ffi@0.1.0:       |                                                                                      ^
warning: libraw-ffi@0.1.0: vendor/LibRaw/LibRaw-0.22.2/src/metadata/identify.cpp:306:79: warning: missing field 'offset' initializer [-Wmissing-field-initializers]
warning: libraw-ffi@0.1.0:   306 |           {  3170304, 1976, 1200,   0, 0, 0, 0,  1, 0x16, 0, 0, "Xiaomi", "MI3wQCOM" },
warning: libraw-ffi@0.1.0:       |                                                                                      ^
warning: libraw-ffi@0.1.0: vendor/LibRaw/LibRaw-0.22.2/src/metadata/identify.cpp:307:82: warning: missing field 'offset' initializer [-Wmissing-field-initializers]
warning: libraw-ffi@0.1.0:   307 |           {  3763584, 1584, 1184,   0, 0, 0, 0, 96, 0x61, 0, 0, "I_Mobile", "I_StyleQ6" },
warning: libraw-ffi@0.1.0:       |                                                                                         ^
warning: libraw-ffi@0.1.0: vendor/LibRaw/LibRaw-0.22.2/src/metadata/identify.cpp:308:84: warning: missing field 'offset' initializer [-Wmissing-field-initializers]
warning: libraw-ffi@0.1.0:   308 |           {  5107712, 2688, 1520,   0, 0, 0, 0,  1, 0x61, 0, 0, "OmniVisi", "UltraPixel1" },
warning: libraw-ffi@0.1.0:       |                                                                                           ^
warning: libraw-ffi@0.1.0: vendor/LibRaw/LibRaw-0.22.2/src/metadata/identify.cpp:309:84: warning: missing field 'offset' initializer [-Wmissing-field-initializers]
warning: libraw-ffi@0.1.0:   309 |           {  5382640, 2688, 1520,   0, 0, 0, 0,  1, 0x61, 0, 0, "OmniVisi", "UltraPixel2" },
warning: libraw-ffi@0.1.0:       |                                                                                           ^
warning: libraw-ffi@0.1.0: vendor/LibRaw/LibRaw-0.22.2/src/metadata/identify.cpp:310:77: warning: missing field 'offset' initializer [-Wmissing-field-initializers]
warning: libraw-ffi@0.1.0:   310 |           {  5664912, 2688, 1520,   0, 0, 0, 0,  1, 0x61, 0, 0, "OmniVisi", "4688" },
warning: libraw-ffi@0.1.0:       |                                                                                    ^
warning: libraw-ffi@0.1.0: vendor/LibRaw/LibRaw-0.22.2/src/metadata/identify.cpp:311:77: warning: missing field 'offset' initializer [-Wmissing-field-initializers]
warning: libraw-ffi@0.1.0:   311 |           {  5664912, 2688, 1520,   0, 0, 0, 0,  1, 0x61, 0, 0, "OmniVisi", "4688" },
warning: libraw-ffi@0.1.0:       |                                                                                    ^
warning: libraw-ffi@0.1.0: vendor/LibRaw/LibRaw-0.22.2/src/metadata/identify.cpp:312:77: warning: missing field 'offset' initializer [-Wmissing-field-initializers]
warning: libraw-ffi@0.1.0:   312 |           {  5364240, 2688, 1520,   0, 0, 0, 0,  1, 0x61, 0, 0, "OmniVisi", "4688" },
warning: libraw-ffi@0.1.0:       |                                                                                    ^
warning: libraw-ffi@0.1.0: vendor/LibRaw/LibRaw-0.22.2/src/metadata/identify.cpp:313:79: warning: missing field 'offset' initializer [-Wmissing-field-initializers]
warning: libraw-ffi@0.1.0:   313 |           {  6299648, 2592, 1944,   0, 0, 0, 0,  1, 0x16, 0, 0, "OmniVisi", "OV5648" },
warning: libraw-ffi@0.1.0:       |                                                                                      ^
warning: libraw-ffi@0.1.0: vendor/LibRaw/LibRaw-0.22.2/src/metadata/identify.cpp:314:80: warning: missing field 'offset' initializer [-Wmissing-field-initializers]
warning: libraw-ffi@0.1.0:   314 |           {  6721536, 2592, 1944,   0, 0, 0, 0,  0, 0x16, 0, 0, "OmniVisi", "OV56482" },
warning: libraw-ffi@0.1.0:       |                                                                                       ^
warning: libraw-ffi@0.1.0: vendor/LibRaw/LibRaw-0.22.2/src/metadata/identify.cpp:315:73: warning: missing field 'offset' initializer [-Wmissing-field-initializers]
warning: libraw-ffi@0.1.0:   315 |           {  6746112, 2592, 1944,   0, 0, 0, 0,  0, 0x16, 0, 0, "HTC", "OneSV" },
warning: libraw-ffi@0.1.0:       |                                                                                ^
warning: libraw-ffi@0.1.0: vendor/LibRaw/LibRaw-0.22.2/src/metadata/identify.cpp:316:72: warning: missing field 'offset' initializer [-Wmissing-field-initializers]
warning: libraw-ffi@0.1.0:   316 |           {  9631728, 2532, 1902,   0, 0, 0, 0, 96, 0x61, 0, 0, "Sony", "5mp" },
warning: libraw-ffi@0.1.0:       |                                                                               ^
warning: libraw-ffi@0.1.0: vendor/LibRaw/LibRaw-0.22.2/src/metadata/identify.cpp:317:78: warning: missing field 'offset' initializer [-Wmissing-field-initializers]
warning: libraw-ffi@0.1.0:   317 |           {  9830400, 2560, 1920,   0, 0, 0, 0, 96, 0x61, 0, 0, "NGM", "ForwardArt" },
warning: libraw-ffi@0.1.0:       |                                                                                     ^
warning: libraw-ffi@0.1.0: vendor/LibRaw/LibRaw-0.22.2/src/metadata/identify.cpp:318:84: warning: missing field 'offset' initializer [-Wmissing-field-initializers]
warning: libraw-ffi@0.1.0:   318 |           { 10186752, 3264, 2448,   0, 0, 0, 0,  1, 0x94, 0, 0, "Sony", "IMX219-mipi 8mp" },
warning: libraw-ffi@0.1.0:       |                                                                                           ^
warning: libraw-ffi@0.1.0: vendor/LibRaw/LibRaw-0.22.2/src/metadata/identify.cpp:319:72: warning: missing field 'offset' initializer [-Wmissing-field-initializers]
warning: libraw-ffi@0.1.0:   319 |           { 10223360, 2608, 1944,   0, 0, 0, 0, 96, 0x16, 0, 0, "Sony", "IMX" },
warning: libraw-ffi@0.1.0:       |                                                                               ^
warning: libraw-ffi@0.1.0: vendor/LibRaw/LibRaw-0.22.2/src/metadata/identify.cpp:320:82: warning: missing field 'offset' initializer [-Wmissing-field-initializers]
warning: libraw-ffi@0.1.0:   320 |           { 10782464, 3282, 2448,   0, 0, 0, 0,  0, 0x16, 0, 0, "HTC", "MyTouch4GSlide" },
warning: libraw-ffi@0.1.0:       |                                                                                         ^
warning: libraw-ffi@0.1.0: vendor/LibRaw/LibRaw-0.22.2/src/metadata/identify.cpp:321:72: warning: missing field 'offset' initializer [-Wmissing-field-initializers]
warning: libraw-ffi@0.1.0:   321 |           { 10788864, 3282, 2448,   0, 0, 0, 0,  0, 0x16, 0, 0, "Xperia", "L" },
warning: libraw-ffi@0.1.0:       |                                                                               ^
warning: libraw-ffi@0.1.0: vendor/LibRaw/LibRaw-0.22.2/src/metadata/identify.cpp:322:80: warning: missing field 'offset' initializer [-Wmissing-field-initializers]
warning: libraw-ffi@0.1.0:   322 |           { 15967488, 3264, 2446,   0, 0, 0, 0, 96, 0x16, 0, 0, "OmniVison", "OV8850" },
warning: libraw-ffi@0.1.0:       |                                                                                       ^
warning: libraw-ffi@0.1.0: vendor/LibRaw/LibRaw-0.22.2/src/metadata/identify.cpp:323:74: warning: missing field 'offset' initializer [-Wmissing-field-initializers]
warning: libraw-ffi@0.1.0:   323 |           { 16224256, 4208, 3082,   0, 0, 0, 0,  1, 0x16, 0, 0, "LG", "G3MipiL" },
warning: libraw-ffi@0.1.0:       |                                                                                 ^
warning: libraw-ffi@0.1.0: vendor/LibRaw/LibRaw-0.22.2/src/metadata/identify.cpp:324:76: warning: missing field 'offset' initializer [-Wmissing-field-initializers]
warning: libraw-ffi@0.1.0:   324 |           { 16424960, 4208, 3120,   0, 0, 0, 0,  1, 0x16, 0, 0, "IMX135", "MipiL" },
warning: libraw-ffi@0.1.0:       |                                                                                   ^
warning: libraw-ffi@0.1.0: vendor/LibRaw/LibRaw-0.22.2/src/metadata/identify.cpp:325:74: warning: missing field 'offset' initializer [-Wmissing-field-initializers]
warning: libraw-ffi@0.1.0:   325 |           { 17326080, 4164, 3120,   0, 0, 0, 0,  1, 0x16, 0, 0, "LG", "G3LQCom" },
warning: libraw-ffi@0.1.0:       |                                                                                 ^
warning: libraw-ffi@0.1.0: vendor/LibRaw/LibRaw-0.22.2/src/metadata/identify.cpp:326:80: warning: missing field 'offset' initializer [-Wmissing-field-initializers]
warning: libraw-ffi@0.1.0:   326 |           { 17522688, 4212, 3120,   0, 0, 0, 0,  0, 0x16, 0, 0, "Sony", "IMX135-QCOM" },
warning: libraw-ffi@0.1.0:       |                                                                                       ^
warning: libraw-ffi@0.1.0: vendor/LibRaw/LibRaw-0.22.2/src/metadata/identify.cpp:327:76: warning: missing field 'offset' initializer [-Wmissing-field-initializers]
warning: libraw-ffi@0.1.0:   327 |           { 19906560, 4608, 3456,   0, 0, 0, 0,  1, 0x16, 0, 0, "Gione", "E7mipi" },
warning: libraw-ffi@0.1.0:       |                                                                                   ^
warning: libraw-ffi@0.1.0: vendor/LibRaw/LibRaw-0.22.2/src/metadata/identify.cpp:328:69: warning: missing field 'offset' initializer [-Wmissing-field-initializers]
warning: libraw-ffi@0.1.0:   328 |           { 19976192, 5312, 2988,   0, 0, 0, 0,  1, 0x16, 0, 0, "LG", "G4" },
warning: libraw-ffi@0.1.0:       |                                                                            ^
warning: libraw-ffi@0.1.0: vendor/LibRaw/LibRaw-0.22.2/src/metadata/identify.cpp:329:84: warning: missing field 'offset' initializer [-Wmissing-field-initializers]
warning: libraw-ffi@0.1.0:   329 |           { 20389888, 4632, 3480,   0, 0, 0, 0,  1, 0x16, 0, 0, "Xiaomi", "RedmiNote3Pro" },
warning: libraw-ffi@0.1.0:       |                                                                                           ^
warning: libraw-ffi@0.1.0: vendor/LibRaw/LibRaw-0.22.2/src/metadata/identify.cpp:330:85: warning: missing field 'offset' initializer [-Wmissing-field-initializers]
warning: libraw-ffi@0.1.0:   330 |           { 20500480, 4656, 3496,   0, 0, 0, 0,  1, 0x94, 0, 0, "Sony", "IMX298-mipi 16mp" },
warning: libraw-ffi@0.1.0:       |                                                                                            ^
warning: libraw-ffi@0.1.0: vendor/LibRaw/LibRaw-0.22.2/src/metadata/identify.cpp:331:76: warning: missing field 'offset' initializer [-Wmissing-field-initializers]
warning: libraw-ffi@0.1.0:   331 |           { 21233664, 4608, 3456,   0, 0, 0, 0,  1, 0x16, 0, 0, "Gione", "E7qcom" },
warning: libraw-ffi@0.1.0:       |                                                                                   ^
warning: libraw-ffi@0.1.0: vendor/LibRaw/LibRaw-0.22.2/src/metadata/identify.cpp:332:72: warning: missing field 'offset' initializer [-Wmissing-field-initializers]
warning: libraw-ffi@0.1.0:   332 |           { 26023936, 4192, 3104,   0, 0, 0, 0, 96, 0x94, 0, 0, "THL", "5000" },
warning: libraw-ffi@0.1.0:       |                                                                               ^
warning: libraw-ffi@0.1.0: vendor/LibRaw/LibRaw-0.22.2/src/metadata/identify.cpp:333:75: warning: missing field 'offset' initializer [-Wmissing-field-initializers]
warning: libraw-ffi@0.1.0:   333 |           { 26257920, 4208, 3120,   0, 0, 0, 0, 96, 0x94, 0, 0, "Sony", "IMX214" },
warning: libraw-ffi@0.1.0:       |                                                                                  ^
warning: libraw-ffi@0.1.0: vendor/LibRaw/LibRaw-0.22.2/src/metadata/identify.cpp:334:72: warning: missing field 'offset' initializer [-Wmissing-field-initializers]
warning: libraw-ffi@0.1.0:   334 |           { 26357760, 4224, 3120,   0, 0, 0, 0, 96, 0x61, 0, 0, "OV", "13860" },
warning: libraw-ffi@0.1.0:       |                                                                               ^
warning: libraw-ffi@0.1.0: vendor/LibRaw/LibRaw-0.22.2/src/metadata/identify.cpp:335:73: warning: missing field 'offset' initializer [-Wmissing-field-initializers]
warning: libraw-ffi@0.1.0:   335 |           { 41312256, 5248, 3936,   0, 0, 0, 0, 96, 0x61, 0, 0, "Meizu", "MX4" },
warning: libraw-ffi@0.1.0:       |                                                                                ^
warning: libraw-ffi@0.1.0: vendor/LibRaw/LibRaw-0.22.2/src/metadata/identify.cpp:336:75: warning: missing field 'offset' initializer [-Wmissing-field-initializers]
warning: libraw-ffi@0.1.0:   336 |           { 42923008, 5344, 4016,   0, 0, 0, 0, 96, 0x61, 0, 0, "Sony", "IMX230" },
warning: libraw-ffi@0.1.0:       |                                                                                  ^
warning: libraw-ffi@0.1.0: vendor/LibRaw/LibRaw-0.22.2/src/metadata/identify.cpp:340:87: warning: missing field 'offset' initializer [-Wmissing-field-initializers]
warning: libraw-ffi@0.1.0:   340 |           {  6553440, 2664, 1968,   4,  4, 44,  4, 40, 0x94, 0, 2, "Canon", "PowerShot A460" }, // chdk hack
warning: libraw-ffi@0.1.0:       |                                                                                              ^
warning: libraw-ffi@0.1.0: vendor/LibRaw/LibRaw-0.22.2/src/metadata/identify.cpp:341:87: warning: missing field 'offset' initializer [-Wmissing-field-initializers]
warning: libraw-ffi@0.1.0:   341 |           {  9243240, 3152, 2346,  12,  7, 44, 13, 40, 0x49, 0, 2, "Canon", "PowerShot A470" }, // chdk hack
warning: libraw-ffi@0.1.0:       |                                                                                              ^
warning: libraw-ffi@0.1.0: vendor/LibRaw/LibRaw-0.22.2/src/metadata/identify.cpp:342:87: warning: missing field 'offset' initializer [-Wmissing-field-initializers]
warning: libraw-ffi@0.1.0:   342 |           {  6653280, 2672, 1992,  10,  6, 42,  2, 40, 0x94, 0, 2, "Canon", "PowerShot A530" }, // chdk hack
warning: libraw-ffi@0.1.0:       |                                                                                              ^
warning: libraw-ffi@0.1.0: vendor/LibRaw/LibRaw-0.22.2/src/metadata/identify.cpp:343:87: warning: missing field 'offset' initializer [-Wmissing-field-initializers]
warning: libraw-ffi@0.1.0:   343 |           {  6573120, 2672, 1968,  12,  8, 44,  0, 40, 0x94, 0, 2, "Canon", "PowerShot A610" }, // chdk hack
warning: libraw-ffi@0.1.0:       |                                                                                              ^
warning: libraw-ffi@0.1.0: vendor/LibRaw/LibRaw-0.22.2/src/metadata/identify.cpp:344:87: warning: missing field 'offset' initializer [-Wmissing-field-initializers]
warning: libraw-ffi@0.1.0:   344 |           {  9219600, 3152, 2340,  36, 12,  4,  0, 40, 0x94, 0, 2, "Canon", "PowerShot A620" }, // chdk hack
warning: libraw-ffi@0.1.0:       |                                                                                              ^
warning: libraw-ffi@0.1.0: vendor/LibRaw/LibRaw-0.22.2/src/metadata/identify.cpp:345:87: warning: missing field 'offset' initializer [-Wmissing-field-initializers]
warning: libraw-ffi@0.1.0:   345 |           { 10383120, 3344, 2484,  12,  6, 44,  6, 40, 0x94, 0, 2, "Canon", "PowerShot A630" }, // chdk hack
warning: libraw-ffi@0.1.0:       |                                                                                              ^
warning: libraw-ffi@0.1.0: vendor/LibRaw/LibRaw-0.22.2/src/metadata/identify.cpp:346:87: warning: missing field 'offset' initializer [-Wmissing-field-initializers]
warning: libraw-ffi@0.1.0:   346 |           { 12945240, 3736, 2772,  12,  6, 52,  6, 40, 0x94, 0, 2, "Canon", "PowerShot A640" }, // chdk hack
warning: libraw-ffi@0.1.0:       |                                                                                              ^
warning: libraw-ffi@0.1.0: vendor/LibRaw/LibRaw-0.22.2/src/metadata/identify.cpp:347:90: warning: missing field 'offset' initializer [-Wmissing-field-initializers]
warning: libraw-ffi@0.1.0:   347 |           { 15636240, 4104, 3048,  48, 12, 24, 12, 40, 0x94, 0, 2, "Canon", "PowerShot A650 IS" }, // chdk hack
warning: libraw-ffi@0.1.0:       |                                                                                                 ^
warning: libraw-ffi@0.1.0: vendor/LibRaw/LibRaw-0.22.2/src/metadata/identify.cpp:348:90: warning: missing field 'offset' initializer [-Wmissing-field-initializers]
warning: libraw-ffi@0.1.0:   348 |           { 10341600, 3336, 2480,   6,  5, 32,  3, 40, 0x94, 0, 2, "Canon", "PowerShot A720 IS" }, // chdk hack
warning: libraw-ffi@0.1.0:       |                                                                                                 ^
warning: libraw-ffi@0.1.0: vendor/LibRaw/LibRaw-0.22.2/src/metadata/identify.cpp:349:91: warning: missing field 'offset' initializer [-Wmissing-field-initializers]
warning: libraw-ffi@0.1.0:   349 |           { 24724224, 4704, 3504,   8, 16, 56,  8, 40, 0x49, 0, 2, "Canon", "PowerShot A3300 IS" }, // chdk hack
warning: libraw-ffi@0.1.0:       |                                                                                                  ^
warning: libraw-ffi@0.1.0: vendor/LibRaw/LibRaw-0.22.2/src/metadata/identify.cpp:350:86: warning: missing field 'offset' initializer [-Wmissing-field-initializers]
warning: libraw-ffi@0.1.0:   350 |           { 18763488, 4104, 3048,  10, 22, 82, 22,  8, 0x49, 0, 0, "Canon", "PowerShot D10" }, // ? chdk hack ?
warning: libraw-ffi@0.1.0:       |                                                                                             ^
warning: libraw-ffi@0.1.0: vendor/LibRaw/LibRaw-0.22.2/src/metadata/identify.cpp:351:88: warning: missing field 'offset' initializer [-Wmissing-field-initializers]
warning: libraw-ffi@0.1.0:   351 |           { 19493760, 4160, 3124, 104, 12,  8, 66, 40, 0x49, 0, 2,  "Canon", "PowerShot S100" }, // chdk hack CRW
warning: libraw-ffi@0.1.0:       |                                                                                               ^
warning: libraw-ffi@0.1.0: vendor/LibRaw/LibRaw-0.22.2/src/metadata/identify.cpp:352:88: warning: missing field 'offset' initializer [-Wmissing-field-initializers]
warning: libraw-ffi@0.1.0:   352 |           {  7710960, 2888, 2136,  44,  8,  4,  0, 40, 0x94, 0, 2, "Canon", "PowerShot S3 IS" }, // chdk hack
warning: libraw-ffi@0.1.0:       |                                                                                               ^
warning: libraw-ffi@0.1.0: vendor/LibRaw/LibRaw-0.22.2/src/metadata/identify.cpp:353:88: warning: missing field 'offset' initializer [-Wmissing-field-initializers]
warning: libraw-ffi@0.1.0:   353 |           {  5298000, 2400, 1766,  12, 12, 44,  2, 40, 0x94, 0, 2, "Canon", "PowerShot SD300" }, // chdk hack
warning: libraw-ffi@0.1.0:       |                                                                                               ^
warning: libraw-ffi@0.1.0: vendor/LibRaw/LibRaw-0.22.2/src/metadata/identify.cpp:354:90: warning: missing field 'offset' initializer [-Wmissing-field-initializers]
warning: libraw-ffi@0.1.0:   354 |           { 18653760, 4080, 3048,  24, 12, 24, 12, 40, 0x94, 0, 2, "Canon", "PowerShot SX20 IS" }, // chdk hack
warning: libraw-ffi@0.1.0:       |                                                                                                 ^
warning: libraw-ffi@0.1.0: vendor/LibRaw/LibRaw-0.22.2/src/metadata/identify.cpp:355:90: warning: missing field 'offset' initializer [-Wmissing-field-initializers]
warning: libraw-ffi@0.1.0:   355 |           { 21936096, 4464, 3276,  25, 10, 73, 12, 40, 0x16, 0, 2, "Canon", "PowerShot SX30 IS" }, // chdk hack
warning: libraw-ffi@0.1.0:       |                                                                                                 ^
warning: libraw-ffi@0.1.0: vendor/LibRaw/LibRaw-0.22.2/src/metadata/identify.cpp:356:90: warning: missing field 'offset' initializer [-Wmissing-field-initializers]
warning: libraw-ffi@0.1.0:   356 |           { 19167840, 4176, 3060,  96, 16,  8,  0, 40, 0x94, 0, 2, "Canon", "PowerShot SX40 HS" }, // chdk hack CR2
warning: libraw-ffi@0.1.0:       |                                                                                                 ^
warning: libraw-ffi@0.1.0: vendor/LibRaw/LibRaw-0.22.2/src/metadata/identify.cpp:357:91: warning: missing field 'offset' initializer [-Wmissing-field-initializers]
warning: libraw-ffi@0.1.0:   357 |           { 15467760, 3720, 2772,   6, 12, 30,  0, 40, 0x94, 0, 2, "Canon", "PowerShot SX110 IS" }, // chdk hack
warning: libraw-ffi@0.1.0:       |                                                                                                  ^
warning: libraw-ffi@0.1.0: vendor/LibRaw/LibRaw-0.22.2/src/metadata/identify.cpp:358:91: warning: missing field 'offset' initializer [-Wmissing-field-initializers]
warning: libraw-ffi@0.1.0:   358 |           { 15534576, 3728, 2778,  12,  9, 44,  9, 40, 0x94, 0, 2, "Canon", "PowerShot SX120 IS" }, // chdk hack
warning: libraw-ffi@0.1.0:       |                                                                                                  ^
warning: libraw-ffi@0.1.0: vendor/LibRaw/LibRaw-0.22.2/src/metadata/identify.cpp:359:91: warning: missing field 'offset' initializer [-Wmissing-field-initializers]
warning: libraw-ffi@0.1.0:   359 |           { 19131120, 4168, 3060,  92, 16,  4,  1, 40, 0x94, 0, 2, "Canon", "PowerShot SX220 HS" }, // chdk hack
warning: libraw-ffi@0.1.0:       |                                                                                                  ^
warning: libraw-ffi@0.1.0: vendor/LibRaw/LibRaw-0.22.2/src/metadata/identify.cpp:360:91: warning: missing field 'offset' initializer [-Wmissing-field-initializers]
warning: libraw-ffi@0.1.0:   360 |           { 31663200, 5344, 3950,  96, 18,  0,  0, 40, 0x94, 0, 2, "Canon", "PowerShot SX710 HS" }, // chdk hack
warning: libraw-ffi@0.1.0:       |                                                                                                  ^
warning: libraw-ffi@0.1.0: vendor/LibRaw/LibRaw-0.22.2/src/metadata/identify.cpp:361:81: warning: missing field 'offset' initializer [-Wmissing-field-initializers]
warning: libraw-ffi@0.1.0:   361 |           { 30858240, 5248, 3920,   8, 16, 56, 16, 40, 0x94, 0, 2, "Canon", "IXUS 160" }, // chdk hack
warning: libraw-ffi@0.1.0:       |                                                                                        ^
warning: libraw-ffi@0.1.0: vendor/LibRaw/LibRaw-0.22.2/src/metadata/identify.cpp:362:82: warning: missing field 'offset' initializer [-Wmissing-field-initializers]
warning: libraw-ffi@0.1.0:   362 |           {  1976352, 1632, 1211,   0,  2,  0,  1,  0, 0x94, 0, 1, "Casio", "QV-2000UX" },
warning: libraw-ffi@0.1.0:       |                                                                                         ^
warning: libraw-ffi@0.1.0: vendor/LibRaw/LibRaw-0.22.2/src/metadata/identify.cpp:363:82: warning: missing field 'offset' initializer [-Wmissing-field-initializers]
warning: libraw-ffi@0.1.0:   363 |           {  3217760, 2080, 1547,   0,  0, 10,  1,  0, 0x94, 0, 1, "Casio", "QV-3*00EX" },
warning: libraw-ffi@0.1.0:       |                                                                                         ^
warning: libraw-ffi@0.1.0: vendor/LibRaw/LibRaw-0.22.2/src/metadata/identify.cpp:364:80: warning: missing field 'offset' initializer [-Wmissing-field-initializers]
warning: libraw-ffi@0.1.0:   364 |           {  6218368, 2585, 1924,   0,  0,  9,  0,  0, 0x94, 0, 1, "Casio", "QV-5700" },
warning: libraw-ffi@0.1.0:       |                                                                                       ^
warning: libraw-ffi@0.1.0: vendor/LibRaw/LibRaw-0.22.2/src/metadata/identify.cpp:365:79: warning: missing field 'offset' initializer [-Wmissing-field-initializers]
warning: libraw-ffi@0.1.0:   365 |           {  7816704, 2867, 2181,   0,  0, 34, 36,  0, 0x16, 0, 1, "Casio", "EX-Z60" },
warning: libraw-ffi@0.1.0:       |                                                                                      ^
warning: libraw-ffi@0.1.0: vendor/LibRaw/LibRaw-0.22.2/src/metadata/identify.cpp:366:80: warning: missing field 'offset' initializer [-Wmissing-field-initializers]
warning: libraw-ffi@0.1.0:   366 |           {  2937856, 1621, 1208,   0,  0,  1,  0,  0, 0x94, 7, 13, "Casio", "EX-S20" },
warning: libraw-ffi@0.1.0:       |                                                                                       ^
warning: libraw-ffi@0.1.0: vendor/LibRaw/LibRaw-0.22.2/src/metadata/identify.cpp:367:80: warning: missing field 'offset' initializer [-Wmissing-field-initializers]
warning: libraw-ffi@0.1.0:   367 |           {  4948608, 2090, 1578,   0,  0, 32, 34,  0, 0x94, 7, 1, "Casio", "EX-S100" },
warning: libraw-ffi@0.1.0:       |                                                                                       ^
warning: libraw-ffi@0.1.0: vendor/LibRaw/LibRaw-0.22.2/src/metadata/identify.cpp:368:79: warning: missing field 'offset' initializer [-Wmissing-field-initializers]
warning: libraw-ffi@0.1.0:   368 |           {  6054400, 2346, 1720,   2,  0, 32,  0,  0, 0x94, 7, 1, "Casio", "QV-R41" },
warning: libraw-ffi@0.1.0:       |                                                                                      ^
warning: libraw-ffi@0.1.0: vendor/LibRaw/LibRaw-0.22.2/src/metadata/identify.cpp:369:80: warning: missing field 'offset' initializer [-Wmissing-field-initializers]
warning: libraw-ffi@0.1.0:   369 |           {  7426656, 2568, 1928,   0,  0,  0,  0,  0, 0x94, 0, 1, "Casio", "EX-P505" },
warning: libraw-ffi@0.1.0:       |                                                                                       ^
warning: libraw-ffi@0.1.0: vendor/LibRaw/LibRaw-0.22.2/src/metadata/identify.cpp:370:79: warning: missing field 'offset' initializer [-Wmissing-field-initializers]
warning: libraw-ffi@0.1.0:   370 |           {  7530816, 2602, 1929,   0,  0, 22,  0,  0, 0x94, 7, 1, "Casio", "QV-R51" },
warning: libraw-ffi@0.1.0:       |                                                                                      ^
warning: libraw-ffi@0.1.0: vendor/LibRaw/LibRaw-0.22.2/src/metadata/identify.cpp:371:79: warning: missing field 'offset' initializer [-Wmissing-field-initializers]
warning: libraw-ffi@0.1.0:   371 |           {  7542528, 2602, 1932,   0,  0, 32,  0,  0, 0x94, 7, 1, "Casio", "EX-Z50" },
warning: libraw-ffi@0.1.0:       |                                                                                      ^
warning: libraw-ffi@0.1.0: vendor/LibRaw/LibRaw-0.22.2/src/metadata/identify.cpp:372:80: warning: missing field 'offset' initializer [-Wmissing-field-initializers]
warning: libraw-ffi@0.1.0:   372 |           {  7562048, 2602, 1937,   0,  0, 25,  0,  0, 0x16, 7, 1, "Casio", "EX-Z500" },
warning: libraw-ffi@0.1.0:       |                                                                                       ^
warning: libraw-ffi@0.1.0: vendor/LibRaw/LibRaw-0.22.2/src/metadata/identify.cpp:373:79: warning: missing field 'offset' initializer [-Wmissing-field-initializers]
warning: libraw-ffi@0.1.0:   373 |           {  7753344, 2602, 1986,   0,  0, 32, 26,  0, 0x94, 7, 1, "Casio", "EX-Z55" },
warning: libraw-ffi@0.1.0:       |                                                                                      ^
warning: libraw-ffi@0.1.0: vendor/LibRaw/LibRaw-0.22.2/src/metadata/identify.cpp:374:80: warning: missing field 'offset' initializer [-Wmissing-field-initializers]
warning: libraw-ffi@0.1.0:   374 |           {  9313536, 2858, 2172,   0,  0, 14, 30,  0, 0x94, 7, 1, "Casio", "EX-P600" },
warning: libraw-ffi@0.1.0:       |                                                                                       ^
warning: libraw-ffi@0.1.0: vendor/LibRaw/LibRaw-0.22.2/src/metadata/identify.cpp:375:80: warning: missing field 'offset' initializer [-Wmissing-field-initializers]
warning: libraw-ffi@0.1.0:   375 |           { 10834368, 3114, 2319,   0,  0, 27,  0,  0, 0x94, 0, 1, "Casio", "EX-Z750" },
warning: libraw-ffi@0.1.0:       |                                                                                       ^
warning: libraw-ffi@0.1.0: vendor/LibRaw/LibRaw-0.22.2/src/metadata/identify.cpp:376:79: warning: missing field 'offset' initializer [-Wmissing-field-initializers]
warning: libraw-ffi@0.1.0:   376 |           { 10843712, 3114, 2321,   0,  0, 25,  0,  0, 0x94, 0, 1, "Casio", "EX-Z75" },
warning: libraw-ffi@0.1.0:       |                                                                                      ^
warning: libraw-ffi@0.1.0: vendor/LibRaw/LibRaw-0.22.2/src/metadata/identify.cpp:377:80: warning: missing field 'offset' initializer [-Wmissing-field-initializers]
warning: libraw-ffi@0.1.0:   377 |           { 10979200, 3114, 2350,   0,  0, 32, 32,  0, 0x94, 7, 1, "Casio", "EX-P700" },
warning: libraw-ffi@0.1.0:       |                                                                                       ^
warning: libraw-ffi@0.1.0: vendor/LibRaw/LibRaw-0.22.2/src/metadata/identify.cpp:378:80: warning: missing field 'offset' initializer [-Wmissing-field-initializers]
warning: libraw-ffi@0.1.0:   378 |           { 12310144, 3285, 2498,   0,  0,  6, 30,  0, 0x94, 0, 1, "Casio", "EX-Z850" },
warning: libraw-ffi@0.1.0:       |                                                                                       ^
warning: libraw-ffi@0.1.0: vendor/LibRaw/LibRaw-0.22.2/src/metadata/identify.cpp:379:78: warning: missing field 'offset' initializer [-Wmissing-field-initializers]
warning: libraw-ffi@0.1.0:   379 |           { 12489984, 3328, 2502,   0,  0, 47, 35,  0, 0x94, 0, 1, "Casio", "EX-Z8" },
warning: libraw-ffi@0.1.0:       |                                                                                     ^
warning: libraw-ffi@0.1.0: vendor/LibRaw/LibRaw-0.22.2/src/metadata/identify.cpp:380:81: warning: missing field 'offset' initializer [-Wmissing-field-initializers]
warning: libraw-ffi@0.1.0:   380 |           { 15499264, 3754, 2752,   0,  0, 82,  0,  0, 0x94, 0, 1, "Casio", "EX-Z1050" },
warning: libraw-ffi@0.1.0:       |                                                                                        ^
warning: libraw-ffi@0.1.0: vendor/LibRaw/LibRaw-0.22.2/src/metadata/identify.cpp:381:81: warning: missing field 'offset' initializer [-Wmissing-field-initializers]
warning: libraw-ffi@0.1.0:   381 |           { 18702336, 4096, 3044,   0,  0, 24,  0, 80, 0x94, 7, 1, "Casio", "EX-ZR100" },
warning: libraw-ffi@0.1.0:       |                                                                                        ^
warning: libraw-ffi@0.1.0: vendor/LibRaw/LibRaw-0.22.2/src/metadata/identify.cpp:382:80: warning: missing field 'offset' initializer [-Wmissing-field-initializers]
warning: libraw-ffi@0.1.0:   382 |           {  7684000, 2260, 1700,   0,  0,  0,  0, 13, 0x94, 0, 1, "Casio", "QV-4000" },
warning: libraw-ffi@0.1.0:       |                                                                                       ^
warning: libraw-ffi@0.1.0: vendor/LibRaw/LibRaw-0.22.2/src/metadata/identify.cpp:383:86: warning: missing field 'offset' initializer [-Wmissing-field-initializers]
warning: libraw-ffi@0.1.0:   383 |           {   787456, 1024,  769,   0,  1,  0,  0,  0, 0x49, 0, 0, "Creative", "PC-CAM 600" },
warning: libraw-ffi@0.1.0:       |                                                                                             ^
warning: libraw-ffi@0.1.0: vendor/LibRaw/LibRaw-0.22.2/src/metadata/identify.cpp:384:67: warning: missing field 't_model' initializer [-Wmissing-field-initializers]
warning: libraw-ffi@0.1.0:   384 |           { 28829184, 4384, 3288,   0,  0,  0,  0, 36, 0x61, 0, 0, "DJI" },
warning: libraw-ffi@0.1.0:       |                                                                          ^
warning: libraw-ffi@0.1.0: vendor/LibRaw/LibRaw-0.22.2/src/metadata/identify.cpp:385:70: warning: missing field 't_model' initializer [-Wmissing-field-initializers]
warning: libraw-ffi@0.1.0:   385 |           { 15151104, 4608, 3288,   0,  0,  0,  0,  0, 0x94, 0, 0, "Matrix" },
warning: libraw-ffi@0.1.0:       |                                                                             ^
warning: libraw-ffi@0.1.0: vendor/LibRaw/LibRaw-0.22.2/src/metadata/identify.cpp:386:79: warning: missing field 'offset' initializer [-Wmissing-field-initializers]
warning: libraw-ffi@0.1.0:   386 |           {  3840000, 1600, 1200,   0,  0,  0,  0, 65, 0x49, 0, 0, "Foculus", "531C" },
warning: libraw-ffi@0.1.0:       |                                                                                      ^
warning: libraw-ffi@0.1.0: vendor/LibRaw/LibRaw-0.22.2/src/metadata/identify.cpp:387:71: warning: missing field 't_model' initializer [-Wmissing-field-initializers]
warning: libraw-ffi@0.1.0:   387 |           {   307200,  640,  480,   0,  0,  0,  0,  0, 0x94, 0, 0, "Generic" },
warning: libraw-ffi@0.1.0:       |                                                                              ^
warning: libraw-ffi@0.1.0: vendor/LibRaw/LibRaw-0.22.2/src/metadata/identify.cpp:388:77: warning: missing field 'offset' initializer [-Wmissing-field-initializers]
warning: libraw-ffi@0.1.0:   388 |           {    62464,  256,  244,   1,  1,  6,  1,  0, 0x8d, 0, 0, "Kodak", "DC20" },
warning: libraw-ffi@0.1.0:       |                                                                                    ^
warning: libraw-ffi@0.1.0: vendor/LibRaw/LibRaw-0.22.2/src/metadata/identify.cpp:389:77: warning: missing field 'offset' initializer [-Wmissing-field-initializers]
warning: libraw-ffi@0.1.0:   389 |           {   124928,  512,  244,   1,  1, 10,  1,  0, 0x8d, 0, 0, "Kodak", "DC20" },
warning: libraw-ffi@0.1.0:       |                                                                                    ^
warning: libraw-ffi@0.1.0: vendor/LibRaw/LibRaw-0.22.2/src/metadata/identify.cpp:390:79: warning: missing field 'offset' initializer [-Wmissing-field-initializers]
warning: libraw-ffi@0.1.0:   390 |           {  1652736, 1536, 1076,   0, 52,  0,  0,  0, 0x61, 0, 0, "Kodak", "DCS200" },
warning: libraw-ffi@0.1.0:       |                                                                                      ^
warning: libraw-ffi@0.1.0: vendor/LibRaw/LibRaw-0.22.2/src/metadata/identify.cpp:391:77: warning: missing field 'offset' initializer [-Wmissing-field-initializers]
warning: libraw-ffi@0.1.0:   391 |           {  4159302, 2338, 1779,   1, 33,  1,  2,  0, 0x94, 0, 0, "Kodak", "C330" },
warning: libraw-ffi@0.1.0:       |                                                                                    ^
warning: libraw-ffi@0.1.0: vendor/LibRaw/LibRaw-0.22.2/src/metadata/identify.cpp:393:77: warning: missing field 'offset' initializer [-Wmissing-field-initializers]
warning: libraw-ffi@0.1.0:   393 |           {  2247168, 1232,  912,   0,  0, 16,  0,  0, 0x00, 0, 0, "Kodak", "C330" },
warning: libraw-ffi@0.1.0:       |                                                                                    ^
warning: libraw-ffi@0.1.0: vendor/LibRaw/LibRaw-0.22.2/src/metadata/identify.cpp:394:77: warning: missing field 'offset' initializer [-Wmissing-field-initializers]
warning: libraw-ffi@0.1.0:   394 |           {  3370752, 1232,  912,   0,  0, 16,  0,  0, 0x00, 0, 0, "Kodak", "C330" },
warning: libraw-ffi@0.1.0:       |                                                                                    ^
warning: libraw-ffi@0.1.0: vendor/LibRaw/LibRaw-0.22.2/src/metadata/identify.cpp:395:77: warning: missing field 'offset' initializer [-Wmissing-field-initializers]
warning: libraw-ffi@0.1.0:   395 |           {  6163328, 2864, 2152,   0,  0,  0,  0,  0, 0x94, 0, 0, "Kodak", "C603" },
warning: libraw-ffi@0.1.0:       |                                                                                    ^
warning: libraw-ffi@0.1.0: vendor/LibRaw/LibRaw-0.22.2/src/metadata/identify.cpp:397:77: warning: missing field 'offset' initializer [-Wmissing-field-initializers]
warning: libraw-ffi@0.1.0:   397 |           {   460800,  640,  480,   0,  0,  0,  0,  0, 0x00, 0, 0, "Kodak", "C603" },
warning: libraw-ffi@0.1.0:       |                                                                                    ^
warning: libraw-ffi@0.1.0: vendor/LibRaw/LibRaw-0.22.2/src/metadata/identify.cpp:398:77: warning: missing field 'offset' initializer [-Wmissing-field-initializers]
warning: libraw-ffi@0.1.0:   398 |           {  9116448, 2848, 2134,   0,  0,  0,  0,  0, 0x00, 0, 0, "Kodak", "C603" },
warning: libraw-ffi@0.1.0:       |                                                                                    ^
warning: libraw-ffi@0.1.0: vendor/LibRaw/LibRaw-0.22.2/src/metadata/identify.cpp:399:77: warning: missing field 'offset' initializer [-Wmissing-field-initializers]
warning: libraw-ffi@0.1.0:   399 |           { 12241200, 4040, 3030,   2,  0,  0, 13,  0, 0x49, 0, 0, "Kodak", "12MP" },
warning: libraw-ffi@0.1.0:       |                                                                                    ^
warning: libraw-ffi@0.1.0: vendor/LibRaw/LibRaw-0.22.2/src/metadata/identify.cpp:401:77: warning: missing field 'offset' initializer [-Wmissing-field-initializers]
warning: libraw-ffi@0.1.0:   401 |           { 18000000, 4000, 3000,   0,  0,  0,  0,  0, 0x00, 0, 0, "Kodak", "12MP" },
warning: libraw-ffi@0.1.0:       |                                                                                    ^
warning: libraw-ffi@0.1.0: vendor/LibRaw/LibRaw-0.22.2/src/metadata/identify.cpp:402:81: warning: missing field 'offset' initializer [-Wmissing-field-initializers]
warning: libraw-ffi@0.1.0:   402 |           {   614400,  640,  480,   0,  3,  0,  0, 64, 0x94, 0, 0, "Kodak", "KAI-0340" },
warning: libraw-ffi@0.1.0:       |                                                                                        ^
warning: libraw-ffi@0.1.0: vendor/LibRaw/LibRaw-0.22.2/src/metadata/identify.cpp:403:78: warning: missing field 'offset' initializer [-Wmissing-field-initializers]
warning: libraw-ffi@0.1.0:   403 |           { 15360000, 3200, 2400,   0,  0,  0,  0, 96, 0x16, 0, 0, "Lenovo", "A820" },
warning: libraw-ffi@0.1.0:       |                                                                                     ^
warning: libraw-ffi@0.1.0: vendor/LibRaw/LibRaw-0.22.2/src/metadata/identify.cpp:406:77: warning: missing field 'offset' initializer [-Wmissing-field-initializers]
warning: libraw-ffi@0.1.0:   406 |           {  1581060, 1305,  969,   0,  0, 18,  6,  6, 0x1e, 4, 1, "Nikon", "E900" }, // "diag raw" hack
warning: libraw-ffi@0.1.0:       |                                                                                    ^
warning: libraw-ffi@0.1.0: vendor/LibRaw/LibRaw-0.22.2/src/metadata/identify.cpp:407:77: warning: missing field 'offset' initializer [-Wmissing-field-initializers]
warning: libraw-ffi@0.1.0:   407 |           {  2465792, 1638, 1204,   0,  0, 22,  1,  6, 0x4b, 5, 1, "Nikon", "E950" }, // "diag raw" hack; possibly also Nikon E700, E800, E775;
warning: libraw-ffi@0.1.0:       |                                                                                    ^
warning: libraw-ffi@0.1.0: vendor/LibRaw/LibRaw-0.22.2/src/metadata/identify.cpp:409:78: warning: missing field 'offset' initializer [-Wmissing-field-initializers]
warning: libraw-ffi@0.1.0:   409 |           {  2940928, 1616, 1213,   0,  0,  0,  7, 30, 0x94, 0, 1, "Nikon", "E2100" }, // "diag raw" hack; also Nikon E2500
warning: libraw-ffi@0.1.0:       |                                                                                     ^
warning: libraw-ffi@0.1.0: vendor/LibRaw/LibRaw-0.22.2/src/metadata/identify.cpp:410:77: warning: missing field 'offset' initializer [-Wmissing-field-initializers]
warning: libraw-ffi@0.1.0:   410 |           {  4771840, 2064, 1541,   0,  0,  0,  1,  6, 0xe1, 0, 1, "Nikon", "E990" }, // "diag raw" hack; possibly also Nikon E880, E885, E995;
warning: libraw-ffi@0.1.0:       |                                                                                    ^
warning: libraw-ffi@0.1.0: vendor/LibRaw/LibRaw-0.22.2/src/metadata/identify.cpp:412:78: warning: missing field 'offset' initializer [-Wmissing-field-initializers]
warning: libraw-ffi@0.1.0:   412 |           {  4775936, 2064, 1542,   0,  0,  0,  0, 30, 0x94, 0, 1, "Nikon", "E3700" }, // "diag raw" hack; Nikon E3100, E3200, E3500;
warning: libraw-ffi@0.1.0:       |                                                                                     ^
warning: libraw-ffi@0.1.0: vendor/LibRaw/LibRaw-0.22.2/src/metadata/identify.cpp:414:78: warning: missing field 'offset' initializer [-Wmissing-field-initializers]
warning: libraw-ffi@0.1.0:   414 |           {  5865472, 2288, 1709,   0,  0,  0,  1,  6, 0xb4, 0, 1, "Nikon", "E4500" }, // "diag raw" hack; possibly also Olympus C-4040Z
warning: libraw-ffi@0.1.0:       |                                                                                     ^
warning: libraw-ffi@0.1.0: vendor/LibRaw/LibRaw-0.22.2/src/metadata/identify.cpp:415:78: warning: missing field 'offset' initializer [-Wmissing-field-initializers]
warning: libraw-ffi@0.1.0:   415 |           {  5869568, 2288, 1710,   0,  0,  0,  0,  6, 0x16, 0, 1, "Nikon", "E4300" }, // "diag raw" hack; also Minolta "DiMAGE Z2"
warning: libraw-ffi@0.1.0:       |                                                                                     ^
warning: libraw-ffi@0.1.0: vendor/LibRaw/LibRaw-0.22.2/src/metadata/identify.cpp:416:78: warning: missing field 'offset' initializer [-Wmissing-field-initializers]
warning: libraw-ffi@0.1.0:   416 |           {  7438336, 2576, 1925,   0,  0,  0,  1,  6, 0xb4, 0, 1, "Nikon", "E5000" }, // also Nikon E5700
warning: libraw-ffi@0.1.0:       |                                                                                     ^
warning: libraw-ffi@0.1.0: vendor/LibRaw/LibRaw-0.22.2/src/metadata/identify.cpp:417:83: warning: missing field 'offset' initializer [-Wmissing-field-initializers]
warning: libraw-ffi@0.1.0:   417 |           {  8998912, 2832, 2118,   0,  0,  0,  0, 30, 0x94, 7, 1, "Nikon", "COOLPIX S6" }, // "diag raw" hack
warning: libraw-ffi@0.1.0:       |                                                                                          ^
warning: libraw-ffi@0.1.0: vendor/LibRaw/LibRaw-0.22.2/src/metadata/identify.cpp:418:82: warning: missing field 'offset' initializer [-Wmissing-field-initializers]
warning: libraw-ffi@0.1.0:   418 |           {  5939200, 2304, 1718,   0,  0,  0,  0, 30, 0x16, 0, 0, "Olympus", "C-770UZ" }, // possibly also Olympus C-4100Z, C-765UZ
warning: libraw-ffi@0.1.0:       |                                                                                         ^
warning: libraw-ffi@0.1.0: vendor/LibRaw/LibRaw-0.22.2/src/metadata/identify.cpp:419:87: warning: missing field 'offset' initializer [-Wmissing-field-initializers]
warning: libraw-ffi@0.1.0:   419 |           {  3178560, 2064, 1540,   0,  0,  0,  0,  0, 0x94, 0, 1, "Pentax", "Optio S V1.01" },
warning: libraw-ffi@0.1.0:       |                                                                                              ^
warning: libraw-ffi@0.1.0: vendor/LibRaw/LibRaw-0.22.2/src/metadata/identify.cpp:420:81: warning: missing field 'offset' initializer [-Wmissing-field-initializers]
warning: libraw-ffi@0.1.0:   420 |           {  4841984, 2090, 1544,   0,  0, 22,  0,  0, 0x94, 7, 1, "Pentax", "Optio S" },
warning: libraw-ffi@0.1.0:       |                                                                                        ^
warning: libraw-ffi@0.1.0: vendor/LibRaw/LibRaw-0.22.2/src/metadata/identify.cpp:421:82: warning: missing field 'offset' initializer [-Wmissing-field-initializers]
warning: libraw-ffi@0.1.0:   421 |           {  6114240, 2346, 1737,   0,  0, 22,  0,  0, 0x94, 7, 1, "Pentax", "Optio S4" },
warning: libraw-ffi@0.1.0:       |                                                                                         ^
warning: libraw-ffi@0.1.0: vendor/LibRaw/LibRaw-0.22.2/src/metadata/identify.cpp:422:84: warning: missing field 'offset' initializer [-Wmissing-field-initializers]
warning: libraw-ffi@0.1.0:   422 |           { 10702848, 3072, 2322,   0,  0,  0, 21, 30, 0x94, 0, 1, "Pentax", "Optio 750Z" },
warning: libraw-ffi@0.1.0:       |                                                                                           ^
warning: libraw-ffi@0.1.0: vendor/LibRaw/LibRaw-0.22.2/src/metadata/identify.cpp:423:81: warning: missing field 'offset' initializer [-Wmissing-field-initializers]
warning: libraw-ffi@0.1.0:   423 |           {  4147200, 1920, 1080,   0,  0,  0,  0,  0, 0x49, 0, 0, "Photron", "BC2-HD" },
warning: libraw-ffi@0.1.0:       |                                                                                        ^
warning: libraw-ffi@0.1.0: vendor/LibRaw/LibRaw-0.22.2/src/metadata/identify.cpp:425:80: warning: missing field 'offset' initializer [-Wmissing-field-initializers]
warning: libraw-ffi@0.1.0:   425 |           { 13248000, 2208, 3000,   0,  0,  0,  0, 13, 0x61, 0, 0, "Pixelink", "A782" },
warning: libraw-ffi@0.1.0:       |                                                                                       ^
warning: libraw-ffi@0.1.0: vendor/LibRaw/LibRaw-0.22.2/src/metadata/identify.cpp:426:83: warning: missing field 'offset' initializer [-Wmissing-field-initializers]
warning: libraw-ffi@0.1.0:   426 |           {  6291456, 2048, 1536,   0,  0,  0,  0, 96, 0x61, 0, 0, "RoverShot", "3320AF" },
warning: libraw-ffi@0.1.0:       |                                                                                          ^
warning: libraw-ffi@0.1.0: vendor/LibRaw/LibRaw-0.22.2/src/metadata/identify.cpp:427:86: warning: missing field 'offset' initializer [-Wmissing-field-initializers]
warning: libraw-ffi@0.1.0:   427 |           {   311696,  644,  484,   0,  0,  0,  0,  0, 0x16, 0, 8, "ST Micro", "STV680 VGA" },
warning: libraw-ffi@0.1.0:       |                                                                                             ^
warning: libraw-ffi@0.1.0: vendor/LibRaw/LibRaw-0.22.2/src/metadata/identify.cpp:428:78: warning: missing field 'offset' initializer [-Wmissing-field-initializers]
warning: libraw-ffi@0.1.0:   428 |           { 16098048, 3288, 2448,   0,  0, 24,  0,  9, 0x94, 0, 1, "Samsung", "S85" }, // hack
warning: libraw-ffi@0.1.0:       |                                                                                     ^
warning: libraw-ffi@0.1.0: vendor/LibRaw/LibRaw-0.22.2/src/metadata/identify.cpp:429:78: warning: missing field 'offset' initializer [-Wmissing-field-initializers]
warning: libraw-ffi@0.1.0:   429 |           { 16215552, 3312, 2448,   0,  0, 48,  0,  9, 0x94, 0, 1, "Samsung", "S85" }, // hack
warning: libraw-ffi@0.1.0:       |                                                                                     ^
warning: libraw-ffi@0.1.0: vendor/LibRaw/LibRaw-0.22.2/src/metadata/identify.cpp:430:80: warning: missing field 'offset' initializer [-Wmissing-field-initializers]
warning: libraw-ffi@0.1.0:   430 |           { 20487168, 3648, 2808,   0,  0,  0,  0, 13, 0x94, 5, 1, "Samsung", "WB550" },
warning: libraw-ffi@0.1.0:       |                                                                                       ^
warning: libraw-ffi@0.1.0: vendor/LibRaw/LibRaw-0.22.2/src/metadata/identify.cpp:431:80: warning: missing field 'offset' initializer [-Wmissing-field-initializers]
warning: libraw-ffi@0.1.0:   431 |           { 24000000, 4000, 3000,   0,  0,  0,  0, 13, 0x94, 5, 1, "Samsung", "WB550" },
warning: libraw-ffi@0.1.0:       |                                                                                       ^
warning: libraw-ffi@0.1.0: vendor/LibRaw/LibRaw-0.22.2/src/metadata/identify.cpp:435:83: warning: missing field 'offset' initializer [-Wmissing-field-initializers]
warning: libraw-ffi@0.1.0:   435 |           {  1409024, 1376, 1024,   0,  0,  1,  0,  0, 0x49, 0, 0, "Sony", "XCD-SX910CR" },
warning: libraw-ffi@0.1.0:       |                                                                                          ^
warning: libraw-ffi@0.1.0: vendor/LibRaw/LibRaw-0.22.2/src/metadata/identify.cpp:436:83: warning: missing field 'offset' initializer [-Wmissing-field-initializers]
warning: libraw-ffi@0.1.0:   436 |           {  2818048, 1376, 1024,   0,  0,  1,  0, 97, 0x49, 0, 0, "Sony", "XCD-SX910CR" },
warning: libraw-ffi@0.1.0:       |                                                                                          ^
warning: libraw-ffi@0.1.0: vendor/LibRaw/LibRaw-0.22.2/src/metadata/identify.cpp:1124:5: warning: 'sprintf' is deprecated: This function is provided for compatibility reasons only.  Due to security concerns inherent in the design of sprintf(3), it is highly recommended that you use snprintf(3) instead. [-Wdeprecated-declarations]
warning: libraw-ffi@0.1.0:  1124 |     sprintf(model, "%dx%d", width, height);
warning: libraw-ffi@0.1.0:       |     ^
warning: libraw-ffi@0.1.0: /Applications/Xcode.app/Contents/Developer/Platforms/MacOSX.platform/Developer/SDKs/MacOSX.sdk/usr/include/_stdio.h:278:1: note: 'sprintf' has been explicitly marked deprecated here
warning: libraw-ffi@0.1.0:   278 | __deprecated_msg("This function is provided for compatibility reasons only.  Due to security concerns inherent in the design of sprintf(3), it is highly recommended that you use snprintf(3) instead.")
warning: libraw-ffi@0.1.0:       | ^
warning: libraw-ffi@0.1.0: /Applications/Xcode.app/Contents/Developer/Platforms/MacOSX.platform/Developer/SDKs/MacOSX.sdk/usr/include/sys/cdefs.h:227:48: note: expanded from macro '__deprecated_msg'
warning: libraw-ffi@0.1.0:   227 |         #define __deprecated_msg(_msg) __attribute__((__deprecated__(_msg)))
warning: libraw-ffi@0.1.0:       |                                                       ^
warning: libraw-ffi@0.1.0: vendor/LibRaw/LibRaw-0.22.2/src/metadata/identify.cpp:2292:5: warning: comparison of integers of different signs: 'int' and 'unsigned int' [-Wsign-compare]
warning: libraw-ffi@0.1.0:  2292 |                                 FORC(MIN(cblack[4] * cblack[5], LIBRAW_CBLACK_SIZE - 6)) cblack[c] *= 4;
warning: libraw-ffi@0.1.0:       |                                 ^~~~~~~~~~~~~~~~~~~~~~~~~~~~~~~~~~~~~~~~~~~~~~~~~~~~~~~~
warning: libraw-ffi@0.1.0: vendor/LibRaw/LibRaw-0.22.2/internal/defines.h:94:33: note: expanded from macro 'FORC'
warning: libraw-ffi@0.1.0:    94 | #define FORC(cnt) for (c = 0; c < cnt; c++)
warning: libraw-ffi@0.1.0:       |                               ~ ^ ~~~
warning: libraw-ffi@0.1.0: 136 warnings generated.
warning: libraw-ffi@0.1.0: vendor/LibRaw/LibRaw-0.22.2/src/metadata/sony.cpp:785:5: warning: 'sprintf' is deprecated: This function is provided for compatibility reasons only.  Due to security concerns inherent in the design of sprintf(3), it is highly recommended that you use snprintf(3) instead. [-Wdeprecated-declarations]
warning: libraw-ffi@0.1.0:   785 |     sprintf(imgdata.shootinginfo.InternalBodySerial, "%06llx",
warning: libraw-ffi@0.1.0:       |     ^
warning: libraw-ffi@0.1.0: /Applications/Xcode.app/Contents/Developer/Platforms/MacOSX.platform/Developer/SDKs/MacOSX.sdk/usr/include/_stdio.h:278:1: note: 'sprintf' has been explicitly marked deprecated here
warning: libraw-ffi@0.1.0:   278 | __deprecated_msg("This function is provided for compatibility reasons only.  Due to security concerns inherent in the design of sprintf(3), it is highly recommended that you use snprintf(3) instead.")
warning: libraw-ffi@0.1.0:       | ^
warning: libraw-ffi@0.1.0: /Applications/Xcode.app/Contents/Developer/Platforms/MacOSX.platform/Developer/SDKs/MacOSX.sdk/usr/include/sys/cdefs.h:227:48: note: expanded from macro '__deprecated_msg'
warning: libraw-ffi@0.1.0:   227 |         #define __deprecated_msg(_msg) __attribute__((__deprecated__(_msg)))
warning: libraw-ffi@0.1.0:       |                                                       ^
warning: libraw-ffi@0.1.0: vendor/LibRaw/LibRaw-0.22.2/src/metadata/sony.cpp:797:5: warning: 'sprintf' is deprecated: This function is provided for compatibility reasons only.  Due to security concerns inherent in the design of sprintf(3), it is highly recommended that you use snprintf(3) instead. [-Wdeprecated-declarations]
warning: libraw-ffi@0.1.0:   797 |     sprintf(imgdata.shootinginfo.InternalBodySerial, "%06llx",
warning: libraw-ffi@0.1.0:       |     ^
warning: libraw-ffi@0.1.0: /Applications/Xcode.app/Contents/Developer/Platforms/MacOSX.platform/Developer/SDKs/MacOSX.sdk/usr/include/_stdio.h:278:1: note: 'sprintf' has been explicitly marked deprecated here
warning: libraw-ffi@0.1.0:   278 | __deprecated_msg("This function is provided for compatibility reasons only.  Due to security concerns inherent in the design of sprintf(3), it is highly recommended that you use snprintf(3) instead.")
warning: libraw-ffi@0.1.0:       | ^
warning: libraw-ffi@0.1.0: /Applications/Xcode.app/Contents/Developer/Platforms/MacOSX.platform/Developer/SDKs/MacOSX.sdk/usr/include/sys/cdefs.h:227:48: note: expanded from macro '__deprecated_msg'
warning: libraw-ffi@0.1.0:   227 |         #define __deprecated_msg(_msg) __attribute__((__deprecated__(_msg)))
warning: libraw-ffi@0.1.0:       |                                                       ^
warning: libraw-ffi@0.1.0: vendor/LibRaw/LibRaw-0.22.2/src/metadata/sony.cpp:810:7: warning: 'sprintf' is deprecated: This function is provided for compatibility reasons only.  Due to security concerns inherent in the design of sprintf(3), it is highly recommended that you use snprintf(3) instead. [-Wdeprecated-declarations]
warning: libraw-ffi@0.1.0:   810 |       sprintf(imgdata.shootinginfo.InternalBodySerial, "%04x",
warning: libraw-ffi@0.1.0:       |       ^
warning: libraw-ffi@0.1.0: /Applications/Xcode.app/Contents/Developer/Platforms/MacOSX.platform/Developer/SDKs/MacOSX.sdk/usr/include/_stdio.h:278:1: note: 'sprintf' has been explicitly marked deprecated here
warning: libraw-ffi@0.1.0:   278 | __deprecated_msg("This function is provided for compatibility reasons only.  Due to security concerns inherent in the design of sprintf(3), it is highly recommended that you use snprintf(3) instead.")
warning: libraw-ffi@0.1.0:       | ^
warning: libraw-ffi@0.1.0: /Applications/Xcode.app/Contents/Developer/Platforms/MacOSX.platform/Developer/SDKs/MacOSX.sdk/usr/include/sys/cdefs.h:227:48: note: expanded from macro '__deprecated_msg'
warning: libraw-ffi@0.1.0:   227 |         #define __deprecated_msg(_msg) __attribute__((__deprecated__(_msg)))
warning: libraw-ffi@0.1.0:       |                                                       ^
warning: libraw-ffi@0.1.0: vendor/LibRaw/LibRaw-0.22.2/src/metadata/sony.cpp:820:7: warning: 'sprintf' is deprecated: This function is provided for compatibility reasons only.  Due to security concerns inherent in the design of sprintf(3), it is highly recommended that you use snprintf(3) instead. [-Wdeprecated-declarations]
warning: libraw-ffi@0.1.0:   820 |       sprintf(imgdata.shootinginfo.InternalBodySerial, "%05llx",
warning: libraw-ffi@0.1.0:       |       ^
warning: libraw-ffi@0.1.0: /Applications/Xcode.app/Contents/Developer/Platforms/MacOSX.platform/Developer/SDKs/MacOSX.sdk/usr/include/_stdio.h:278:1: note: 'sprintf' has been explicitly marked deprecated here
warning: libraw-ffi@0.1.0:   278 | __deprecated_msg("This function is provided for compatibility reasons only.  Due to security concerns inherent in the design of sprintf(3), it is highly recommended that you use snprintf(3) instead.")
warning: libraw-ffi@0.1.0:       | ^
warning: libraw-ffi@0.1.0: /Applications/Xcode.app/Contents/Developer/Platforms/MacOSX.platform/Developer/SDKs/MacOSX.sdk/usr/include/sys/cdefs.h:227:48: note: expanded from macro '__deprecated_msg'
warning: libraw-ffi@0.1.0:   227 |         #define __deprecated_msg(_msg) __attribute__((__deprecated__(_msg)))
warning: libraw-ffi@0.1.0:       |                                                       ^
warning: libraw-ffi@0.1.0: vendor/LibRaw/LibRaw-0.22.2/src/metadata/sony.cpp:2339:20: warning: comparison of integers of different signs: 'int' and 'unsigned int' [-Wsign-compare]
warning: libraw-ffi@0.1.0:  2339 |           if (ioffset + 3 >= len)
warning: libraw-ffi@0.1.0:       |               ~~~~~~~~~~~ ^  ~~~
warning: libraw-ffi@0.1.0: 5 warnings generated.
warning: libraw-ffi@0.1.0: vendor/LibRaw/LibRaw-0.22.2/src/metadata/ciff.cpp:264:9: warning: 'sprintf' is deprecated: This function is provided for compatibility reasons only.  Due to security concerns inherent in the design of sprintf(3), it is highly recommended that you use snprintf(3) instead. [-Wdeprecated-declarations]
warning: libraw-ffi@0.1.0:   264 |         sprintf(imgdata.shootinginfo.BodySerial, "%d", len);
warning: libraw-ffi@0.1.0:       |         ^
warning: libraw-ffi@0.1.0: /Applications/Xcode.app/Contents/Developer/Platforms/MacOSX.platform/Developer/SDKs/MacOSX.sdk/usr/include/_stdio.h:278:1: note: 'sprintf' has been explicitly marked deprecated here
warning: libraw-ffi@0.1.0:   278 | __deprecated_msg("This function is provided for compatibility reasons only.  Due to security concerns inherent in the design of sprintf(3), it is highly recommended that you use snprintf(3) instead.")
warning: libraw-ffi@0.1.0:       | ^
warning: libraw-ffi@0.1.0: /Applications/Xcode.app/Contents/Developer/Platforms/MacOSX.platform/Developer/SDKs/MacOSX.sdk/usr/include/sys/cdefs.h:227:48: note: expanded from macro '__deprecated_msg'
warning: libraw-ffi@0.1.0:   227 |         #define __deprecated_msg(_msg) __attribute__((__deprecated__(_msg)))
warning: libraw-ffi@0.1.0:       |                                                       ^
warning: libraw-ffi@0.1.0: vendor/LibRaw/LibRaw-0.22.2/src/metadata/ciff.cpp:266:9: warning: 'sprintf' is deprecated: This function is provided for compatibility reasons only.  Due to security concerns inherent in the design of sprintf(3), it is highly recommended that you use snprintf(3) instead. [-Wdeprecated-declarations]
warning: libraw-ffi@0.1.0:   266 |         sprintf(imgdata.shootinginfo.BodySerial, "%0x-%05d", len >> 16,
warning: libraw-ffi@0.1.0:       |         ^
warning: libraw-ffi@0.1.0: /Applications/Xcode.app/Contents/Developer/Platforms/MacOSX.platform/Developer/SDKs/MacOSX.sdk/usr/include/_stdio.h:278:1: note: 'sprintf' has been explicitly marked deprecated here
warning: libraw-ffi@0.1.0:   278 | __deprecated_msg("This function is provided for compatibility reasons only.  Due to security concerns inherent in the design of sprintf(3), it is highly recommended that you use snprintf(3) instead.")
warning: libraw-ffi@0.1.0:       | ^
warning: libraw-ffi@0.1.0: /Applications/Xcode.app/Contents/Developer/Platforms/MacOSX.platform/Developer/SDKs/MacOSX.sdk/usr/include/sys/cdefs.h:227:48: note: expanded from macro '__deprecated_msg'
warning: libraw-ffi@0.1.0:   227 |         #define __deprecated_msg(_msg) __attribute__((__deprecated__(_msg)))
warning: libraw-ffi@0.1.0:       |                                                       ^
warning: libraw-ffi@0.1.0: vendor/LibRaw/LibRaw-0.22.2/src/metadata/nikon.cpp:525:11: warning: 'sprintf' is deprecated: This function is provided for compatibility reasons only.  Due to security concerns inherent in the design of sprintf(3), it is highly recommended that you use snprintf(3) instead. [-Wdeprecated-declarations]
warning: libraw-ffi@0.1.0:   525 |           sprintf(imgdata.shootinginfo.BodySerial, "%d", serial);
warning: libraw-ffi@0.1.0:       |           ^
warning: libraw-ffi@0.1.0: /Applications/Xcode.app/Contents/Developer/Platforms/MacOSX.platform/Developer/SDKs/MacOSX.sdk/usr/include/_stdio.h:278:1: note: 'sprintf' has been explicitly marked deprecated here
warning: libraw-ffi@0.1.0:   278 | __deprecated_msg("This function is provided for compatibility reasons only.  Due to security concerns inherent in the design of sprintf(3), it is highly recommended that you use snprintf(3) instead.")
warning: libraw-ffi@0.1.0:       | ^
warning: libraw-ffi@0.1.0: /Applications/Xcode.app/Contents/Developer/Platforms/MacOSX.platform/Developer/SDKs/MacOSX.sdk/usr/include/sys/cdefs.h:227:48: note: expanded from macro '__deprecated_msg'
warning: libraw-ffi@0.1.0:   227 |         #define __deprecated_msg(_msg) __attribute__((__deprecated__(_msg)))
warning: libraw-ffi@0.1.0:       |                                                       ^
warning: libraw-ffi@0.1.0: 2 warnings generated.
warning: libraw-ffi@0.1.0: 1 warning generated.
warning: libraw-ffi@0.1.0: vendor/LibRaw/LibRaw-0.22.2/src/metadata/pentax.cpp:493:5: warning: 'sprintf' is deprecated: This function is provided for compatibility reasons only.  Due to security concerns inherent in the design of sprintf(3), it is highly recommended that you use snprintf(3) instead. [-Wdeprecated-declarations]
warning: libraw-ffi@0.1.0:   493 |     sprintf(imgdata.shootinginfo.InternalBodySerial, "%d", get4());
warning: libraw-ffi@0.1.0:       |     ^
warning: libraw-ffi@0.1.0: /Applications/Xcode.app/Contents/Developer/Platforms/MacOSX.platform/Developer/SDKs/MacOSX.sdk/usr/include/_stdio.h:278:1: note: 'sprintf' has been explicitly marked deprecated here
warning: libraw-ffi@0.1.0:   278 | __deprecated_msg("This function is provided for compatibility reasons only.  Due to security concerns inherent in the design of sprintf(3), it is highly recommended that you use snprintf(3) instead.")
warning: libraw-ffi@0.1.0:       | ^
warning: libraw-ffi@0.1.0: /Applications/Xcode.app/Contents/Developer/Platforms/MacOSX.platform/Developer/SDKs/MacOSX.sdk/usr/include/sys/cdefs.h:227:48: note: expanded from macro '__deprecated_msg'
warning: libraw-ffi@0.1.0:   227 |         #define __deprecated_msg(_msg) __attribute__((__deprecated__(_msg)))
warning: libraw-ffi@0.1.0:       |                                                       ^
warning: libraw-ffi@0.1.0: vendor/LibRaw/LibRaw-0.22.2/src/metadata/pentax.cpp:553:9: warning: 'sprintf' is deprecated: This function is provided for compatibility reasons only.  Due to security concerns inherent in the design of sprintf(3), it is highly recommended that you use snprintf(3) instead. [-Wdeprecated-declarations]
warning: libraw-ffi@0.1.0:   553 |         sprintf(imgdata.shootinginfo.BodySerial, "%8s", buffer + 8);
warning: libraw-ffi@0.1.0:       |         ^
warning: libraw-ffi@0.1.0: /Applications/Xcode.app/Contents/Developer/Platforms/MacOSX.platform/Developer/SDKs/MacOSX.sdk/usr/include/_stdio.h:278:1: note: 'sprintf' has been explicitly marked deprecated here
warning: libraw-ffi@0.1.0:   278 | __deprecated_msg("This function is provided for compatibility reasons only.  Due to security concerns inherent in the design of sprintf(3), it is highly recommended that you use snprintf(3) instead.")
warning: libraw-ffi@0.1.0:       | ^
warning: libraw-ffi@0.1.0: /Applications/Xcode.app/Contents/Developer/Platforms/MacOSX.platform/Developer/SDKs/MacOSX.sdk/usr/include/sys/cdefs.h:227:48: note: expanded from macro '__deprecated_msg'
warning: libraw-ffi@0.1.0:   227 |         #define __deprecated_msg(_msg) __attribute__((__deprecated__(_msg)))
warning: libraw-ffi@0.1.0:       |                                                       ^
warning: libraw-ffi@0.1.0: vendor/LibRaw/LibRaw-0.22.2/src/metadata/pentax.cpp:556:7: warning: 'sprintf' is deprecated: This function is provided for compatibility reasons only.  Due to security concerns inherent in the design of sprintf(3), it is highly recommended that you use snprintf(3) instead. [-Wdeprecated-declarations]
warning: libraw-ffi@0.1.0:   556 |       sprintf(imgdata.shootinginfo.InternalBodySerial, "%8s", buffer);
warning: libraw-ffi@0.1.0:       |       ^
warning: libraw-ffi@0.1.0: /Applications/Xcode.app/Contents/Developer/Platforms/MacOSX.platform/Developer/SDKs/MacOSX.sdk/usr/include/_stdio.h:278:1: note: 'sprintf' has been explicitly marked deprecated here
warning: libraw-ffi@0.1.0:   278 | __deprecated_msg("This function is provided for compatibility reasons only.  Due to security concerns inherent in the design of sprintf(3), it is highly recommended that you use snprintf(3) instead.")
warning: libraw-ffi@0.1.0:       | ^
warning: libraw-ffi@0.1.0: /Applications/Xcode.app/Contents/Developer/Platforms/MacOSX.platform/Developer/SDKs/MacOSX.sdk/usr/include/sys/cdefs.h:227:48: note: expanded from macro '__deprecated_msg'
warning: libraw-ffi@0.1.0:   227 |         #define __deprecated_msg(_msg) __attribute__((__deprecated__(_msg)))
warning: libraw-ffi@0.1.0:       |                                                       ^
warning: libraw-ffi@0.1.0: vendor/LibRaw/LibRaw-0.22.2/src/metadata/pentax.cpp:560:7: warning: 'sprintf' is deprecated: This function is provided for compatibility reasons only.  Due to security concerns inherent in the design of sprintf(3), it is highly recommended that you use snprintf(3) instead. [-Wdeprecated-declarations]
warning: libraw-ffi@0.1.0:   560 |       sprintf(imgdata.shootinginfo.BodySerial, "%02x%02x%02x%02x", buffer[4],
warning: libraw-ffi@0.1.0:       |       ^
warning: libraw-ffi@0.1.0: /Applications/Xcode.app/Contents/Developer/Platforms/MacOSX.platform/Developer/SDKs/MacOSX.sdk/usr/include/_stdio.h:278:1: note: 'sprintf' has been explicitly marked deprecated here
warning: libraw-ffi@0.1.0:   278 | __deprecated_msg("This function is provided for compatibility reasons only.  Due to security concerns inherent in the design of sprintf(3), it is highly recommended that you use snprintf(3) instead.")
warning: libraw-ffi@0.1.0:       | ^
warning: libraw-ffi@0.1.0: /Applications/Xcode.app/Contents/Developer/Platforms/MacOSX.platform/Developer/SDKs/MacOSX.sdk/usr/include/sys/cdefs.h:227:48: note: expanded from macro '__deprecated_msg'
warning: libraw-ffi@0.1.0:   227 |         #define __deprecated_msg(_msg) __attribute__((__deprecated__(_msg)))
warning: libraw-ffi@0.1.0:       |                                                       ^
warning: libraw-ffi@0.1.0: vendor/LibRaw/LibRaw-0.22.2/src/metadata/pentax.cpp:562:7: warning: 'sprintf' is deprecated: This function is provided for compatibility reasons only.  Due to security concerns inherent in the design of sprintf(3), it is highly recommended that you use snprintf(3) instead. [-Wdeprecated-declarations]
warning: libraw-ffi@0.1.0:   562 |       sprintf(imgdata.shootinginfo.InternalBodySerial, "%02x%02x%02x%02x",
warning: libraw-ffi@0.1.0:       |       ^
warning: libraw-ffi@0.1.0: /Applications/Xcode.app/Contents/Developer/Platforms/MacOSX.platform/Developer/SDKs/MacOSX.sdk/usr/include/_stdio.h:278:1: note: 'sprintf' has been explicitly marked deprecated here
warning: libraw-ffi@0.1.0:   278 | __deprecated_msg("This function is provided for compatibility reasons only.  Due to security concerns inherent in the design of sprintf(3), it is highly recommended that you use snprintf(3) instead.")
warning: libraw-ffi@0.1.0:       | ^
warning: libraw-ffi@0.1.0: /Applications/Xcode.app/Contents/Developer/Platforms/MacOSX.platform/Developer/SDKs/MacOSX.sdk/usr/include/sys/cdefs.h:227:48: note: expanded from macro '__deprecated_msg'
warning: libraw-ffi@0.1.0:   227 |         #define __deprecated_msg(_msg) __attribute__((__deprecated__(_msg)))
warning: libraw-ffi@0.1.0:       |                                                       ^
warning: libraw-ffi@0.1.0: 5 warnings generated.
warning: libraw-ffi@0.1.0: vendor/LibRaw/LibRaw-0.22.2/src/metadata/normalize_model.cpp:552:130: warning: suspicious concatenation of string literals in an array initialization; did you mean to separate the elements with a comma? [-Wstring-concatenation]
warning: libraw-ffi@0.1.0:   552 |     "@DC-ZS200", "DC-ZS220", "DC-TZ200", "DC-TZ202", "DC-TZ220", "DC-TZ200D", "DC-TZ202D", "DC-TZ220D", "DC-ZS200D", "DC-ZS220D" "DC-TX2", "C-Lux", "CAM-DC25",
warning: libraw-ffi@0.1.0:       |                                                                                                                                  ^
warning: libraw-ffi@0.1.0:       |                                                                                                                                 ,
warning: libraw-ffi@0.1.0: vendor/LibRaw/LibRaw-0.22.2/src/metadata/normalize_model.cpp:552:118: note: place parentheses around the string literal to silence warning
warning: libraw-ffi@0.1.0:   552 |     "@DC-ZS200", "DC-ZS220", "DC-TZ200", "DC-TZ202", "DC-TZ220", "DC-TZ200D", "DC-TZ202D", "DC-TZ220D", "DC-ZS200D", "DC-ZS220D" "DC-TX2", "C-Lux", "CAM-DC25",
warning: libraw-ffi@0.1.0:       |                                                                                                                      ^
warning: libraw-ffi@0.1.0: 1 warning generated.
warning: libraw-ffi@0.1.0: vendor/LibRaw/LibRaw-0.22.2/src/metadata/tiff.cpp:1029:7: warning: 'sprintf' is deprecated: This function is provided for compatibility reasons only.  Due to security concerns inherent in the design of sprintf(3), it is highly recommended that you use snprintf(3) instead. [-Wdeprecated-declarations]
warning: libraw-ffi@0.1.0:  1029 |       sprintf(model, "Ixpress %d-Mp", c);
warning: libraw-ffi@0.1.0:       |       ^
warning: libraw-ffi@0.1.0: /Applications/Xcode.app/Contents/Developer/Platforms/MacOSX.platform/Developer/SDKs/MacOSX.sdk/usr/include/_stdio.h:278:1: note: 'sprintf' has been explicitly marked deprecated here
warning: libraw-ffi@0.1.0:   278 | __deprecated_msg("This function is provided for compatibility reasons only.  Due to security concerns inherent in the design of sprintf(3), it is highly recommended that you use snprintf(3) instead.")
warning: libraw-ffi@0.1.0:       | ^
warning: libraw-ffi@0.1.0: /Applications/Xcode.app/Contents/Developer/Platforms/MacOSX.platform/Developer/SDKs/MacOSX.sdk/usr/include/sys/cdefs.h:227:48: note: expanded from macro '__deprecated_msg'
warning: libraw-ffi@0.1.0:   227 |         #define __deprecated_msg(_msg) __attribute__((__deprecated__(_msg)))
warning: libraw-ffi@0.1.0:       |                                                       ^
warning: libraw-ffi@0.1.0: vendor/LibRaw/LibRaw-0.22.2/src/metadata/tiff.cpp:1230:13: warning: comparison of integers of different signs: 'int' and 'unsigned int' [-Wsign-compare]
warning: libraw-ffi@0.1.0:  1230 |                                         if (fj > libraw_internal_data.unpacker_data.lenRAFData - 3)
warning: libraw-ffi@0.1.0:       |                                             ~~ ^ ~~~~~~~~~~~~~~~~~~~~~~~~~~~~~~~~~~~~~~~~~~~~~~~~~
warning: libraw-ffi@0.1.0: vendor/LibRaw/LibRaw-0.22.2/src/metadata/tiff.cpp:1239:15: warning: comparison of integers of different signs: 'int' and 'unsigned int' [-Wsign-compare]
warning: libraw-ffi@0.1.0:  1239 |                                                 && ofst < libraw_internal_data.unpacker_data.lenRAFData - 3;
warning: libraw-ffi@0.1.0:       |                                                    ~~~~ ^ ~~~~~~~~~~~~~~~~~~~~~~~~~~~~~~~~~~~~~~~~~~~~~~~~~
warning: libraw-ffi@0.1.0: vendor/LibRaw/LibRaw-0.22.2/src/metadata/tiff.cpp:1635:17: warning: comparison of integers of different signs: 'int' and 'unsigned int' [-Wsign-compare]
warning: libraw-ffi@0.1.0:  1635 |                                   if (items == SR2SubIFDLength)
warning: libraw-ffi@0.1.0:       |                                       ~~~~~ ^  ~~~~~~~~~~~~~~~
warning: libraw-ffi@0.1.0: vendor/LibRaw/LibRaw-0.22.2/src/metadata/tiff.cpp:1748:12: warning: comparison of integers of different signs: 'int' and 'unsigned int' [-Wsign-compare]
warning: libraw-ffi@0.1.0:  1748 |         if (items == sony_length)
warning: libraw-ffi@0.1.0:       |             ~~~~~ ^  ~~~~~~~~~~~
warning: libraw-ffi@0.1.0: vendor/LibRaw/LibRaw-0.22.2/src/metadata/tiff.cpp:2005:4: warning: misleading indentation; statement is not part of the previous 'if' [-Wmisleading-indentation]
warning: libraw-ffi@0.1.0:  2005 |           if (!strncasecmp(make, "Sony", 4) && tiff_ifd[i].bps == 8 && tiff_ifd[i].phint == 6 && tiff_ifd[i].comp == 7 &&
warning: libraw-ffi@0.1.0:       |           ^
warning: libraw-ffi@0.1.0: vendor/LibRaw/LibRaw-0.22.2/src/metadata/tiff.cpp:2002:7: note: previous statement is here
warning: libraw-ffi@0.1.0:  2002 |       if (tiff_ifd[i].phint == 2 && tiff_ifd[i].extrasamples > 0 && tiff_ifd[i].samples > 3)
warning: libraw-ffi@0.1.0:       |       ^
warning: libraw-ffi@0.1.0: vendor/LibRaw/LibRaw-0.22.2/src/metadata/canon.cpp:864:5: warning: 'sprintf' is deprecated: This function is provided for compatibility reasons only.  Due to security concerns inherent in the design of sprintf(3), it is highly recommended that you use snprintf(3) instead. [-Wdeprecated-declarations]
warning: libraw-ffi@0.1.0:   864 |     sprintf(imgdata.shootinginfo.BodySerial, "%d", tS);
warning: libraw-ffi@0.1.0:       |     ^
warning: libraw-ffi@0.1.0: /Applications/Xcode.app/Contents/Developer/Platforms/MacOSX.platform/Developer/SDKs/MacOSX.sdk/usr/include/_stdio.h:278:1: note: 'sprintf' has been explicitly marked deprecated here
warning: libraw-ffi@0.1.0:   278 | __deprecated_msg("This function is provided for compatibility reasons only.  Due to security concerns inherent in the design of sprintf(3), it is highly recommended that you use snprintf(3) instead.")
warning: libraw-ffi@0.1.0:       | ^
warning: libraw-ffi@0.1.0: /Applications/Xcode.app/Contents/Developer/Platforms/MacOSX.platform/Developer/SDKs/MacOSX.sdk/usr/include/sys/cdefs.h:227:48: note: expanded from macro '__deprecated_msg'
warning: libraw-ffi@0.1.0:   227 |         #define __deprecated_msg(_msg) __attribute__((__deprecated__(_msg)))
warning: libraw-ffi@0.1.0:       |                                                       ^
warning: libraw-ffi@0.1.0: 6 warnings generated.
warning: libraw-ffi@0.1.0: 1 warning generated.
warning: libraw-ffi@0.1.0: vendor/LibRaw/LibRaw-0.22.2/src/metadata/misc_parsers.cpp:123:3: warning: 'sprintf' is deprecated: This function is provided for compatibility reasons only.  Due to security concerns inherent in the design of sprintf(3), it is highly recommended that you use snprintf(3) instead. [-Wdeprecated-declarations]
warning: libraw-ffi@0.1.0:   123 |   sprintf(model, "%d", get4());
warning: libraw-ffi@0.1.0:       |   ^
warning: libraw-ffi@0.1.0: /Applications/Xcode.app/Contents/Developer/Platforms/MacOSX.platform/Developer/SDKs/MacOSX.sdk/usr/include/_stdio.h:278:1: note: 'sprintf' has been explicitly marked deprecated here
warning: libraw-ffi@0.1.0:   278 | __deprecated_msg("This function is provided for compatibility reasons only.  Due to security concerns inherent in the design of sprintf(3), it is highly recommended that you use snprintf(3) instead.")
warning: libraw-ffi@0.1.0:       | ^
warning: libraw-ffi@0.1.0: /Applications/Xcode.app/Contents/Developer/Platforms/MacOSX.platform/Developer/SDKs/MacOSX.sdk/usr/include/sys/cdefs.h:227:48: note: expanded from macro '__deprecated_msg'
warning: libraw-ffi@0.1.0:   227 |         #define __deprecated_msg(_msg) __attribute__((__deprecated__(_msg)))
warning: libraw-ffi@0.1.0:       |                                                       ^
warning: libraw-ffi@0.1.0: vendor/LibRaw/LibRaw-0.22.2/src/metadata/misc_parsers.cpp:209:3: warning: 'sprintf' is deprecated: This function is provided for compatibility reasons only.  Due to security concerns inherent in the design of sprintf(3), it is highly recommended that you use snprintf(3) instead. [-Wdeprecated-declarations]
warning: libraw-ffi@0.1.0:   209 |   sprintf(model, "v%d %dx%d", ver, width, height);
warning: libraw-ffi@0.1.0:       |   ^
warning: libraw-ffi@0.1.0: /Applications/Xcode.app/Contents/Developer/Platforms/MacOSX.platform/Developer/SDKs/MacOSX.sdk/usr/include/_stdio.h:278:1: note: 'sprintf' has been explicitly marked deprecated here
warning: libraw-ffi@0.1.0:   278 | __deprecated_msg("This function is provided for compatibility reasons only.  Due to security concerns inherent in the design of sprintf(3), it is highly recommended that you use snprintf(3) instead.")
warning: libraw-ffi@0.1.0:       | ^
warning: libraw-ffi@0.1.0: /Applications/Xcode.app/Contents/Developer/Platforms/MacOSX.platform/Developer/SDKs/MacOSX.sdk/usr/include/sys/cdefs.h:227:48: note: expanded from macro '__deprecated_msg'
warning: libraw-ffi@0.1.0:   227 |         #define __deprecated_msg(_msg) __attribute__((__deprecated__(_msg)))
warning: libraw-ffi@0.1.0:       |                                                       ^
warning: libraw-ffi@0.1.0: 2 warnings generated.
    Finished `dev` profile [unoptimized + debuginfo] target(s) in 0.97s
