[0/1] Planning build
Building for production...
[0/4] Write swift-version--58304C5D6DBC2206.txt
[2/5] Compiling TesseraFFI TesseraFFI.swift
[3/6] Compiling TesseraCore AppDefaultsIsolation.swift
[4/7] Compiling Tessera AISettingsView.swift
[4/7] Write Objects.LinkFileList
[5/7] Linking Tessera
[7/8] Compiling TesseraCoreTests AgentReviewLayoutTests.swift
/Users/rutmehta/.codex/worktrees/export-integration/tessera/apps/mac/Tests/TesseraCoreTests/DocumentLoadSettlementTests.swift:59:18: warning: weak variable 'weakWorkspace' was never mutated; consider changing to 'let' constant [#WeakMutability]
57 |     func testReleasedWorkspaceStillSettlesAfterBackendReturns() {
58 |         var workspace: DocumentWorkspace? = DocumentWorkspace()
59 |         weak var weakWorkspace = workspace
   |                  `- warning: weak variable 'weakWorkspace' was never mutated; consider changing to 'let' constant [#WeakMutability]
60 |         var finish: (@MainActor (Result<any DocumentBackend, Error>) -> Void)?
61 |         workspace?.documentLoadExecutor = { _, _, done in finish = done }

/Users/rutmehta/.codex/worktrees/export-integration/tessera/apps/mac/Tests/TesseraCoreTests/DocumentOverlayAnimationTests.swift:72:18: warning: weak variable 'weakView' was never mutated; consider changing to 'let' constant [#WeakMutability]
 70 |     func testReleasedOwnerInvalidatesRetainedTimerWithoutTicks() {
 71 |         var view: Overlay? = makeOverlay()
 72 |         weak var weakView = view
    |                  `- warning: weak variable 'weakView' was never mutated; consider changing to 'let' constant [#WeakMutability]
 73 |         view?.updateAnimation()
 74 |         let timer = view?.animationTimer

/Users/rutmehta/.codex/worktrees/export-integration/tessera/apps/mac/Tests/TesseraCoreTests/DocumentViewportOwnershipTests.swift:32:18: warning: weak variable 'released' was never mutated; consider changing to 'let' constant [#WeakMutability]
30 |     func testControllerReleasedBeforeDismantleStillClearsLocalResources() throws {
31 |         var doc: DocumentController? = try document()
32 |         weak var released = doc
   |                  `- warning: weak variable 'released' was never mutated; consider changing to 'let' constant [#WeakMutability]
33 |         let view = DocumentViewportView(frame: .zero)
34 |         view.attach(doc)

/Users/rutmehta/.codex/worktrees/export-integration/tessera/apps/mac/Tests/TesseraCoreTests/EngineDocumentBackendTests.swift:190:54: warning: capture of 'self' with non-Sendable type 'EngineDocumentBackendTests' in a '@Sendable' closure [#SendableClosureCaptures]
  9 | /// history ids, listener coalescing, a real `DocumentSession` behind `DocumentBackend`, and the
 10 | /// workspace's engine-vs-stub choice.
 11 | final class EngineDocumentBackendTests: XCTestCase {
    |             `- note: class 'EngineDocumentBackendTests' does not conform to the 'Sendable' protocol
 12 |     private func temp() throws -> URL {
 13 |         let dir = FileManager.default.temporaryDirectory.appendingPathComponent("engine-doc-\(UUID().uuidString)")
    :
188 |         let done = expectation(description: "delivered")
189 |         DispatchQueue.global().async {
190 |             for e in 1...20 { adapter.onFrame(frame: self.frameInfo(epoch: UInt64(e))) }
    |                                                      `- warning: capture of 'self' with non-Sendable type 'EngineDocumentBackendTests' in a '@Sendable' closure [#SendableClosureCaptures]
191 |             DispatchQueue.main.async { done.fulfill() }
192 |         }

[#SendableClosureCaptures]: <https://docs.swift.org/compiler/documentation/diagnostics/sendable-closure-captures>
[#WeakMutability]: <https://docs.swift.org/compiler/documentation/diagnostics/weak-mutability>
[7/9] Write Objects.LinkFileList
[8/9] Linking TesseraPackageTests
Build complete! (151.66s)
Test Suite 'All tests' started at 2026-09-28 14:56:13.847.
Test Suite 'TesseraPackageTests.xctest' started at 2026-09-28 14:56:13.848.
Test Suite 'AISettingsTests' started at 2026-09-28 14:56:13.848.
Test Case '-[TesseraCoreTests.AISettingsTests testKeychainStoreRoundTripUsesItsOwnService]' started.
Test Case '-[TesseraCoreTests.AISettingsTests testKeychainStoreRoundTripUsesItsOwnService]' passed (0.042 seconds).
Test Case '-[TesseraCoreTests.AISettingsTests testKeysLiveOnlyInTheSecretStoreAndProvidersReadThemLate]' started.
Test Case '-[TesseraCoreTests.AISettingsTests testKeysLiveOnlyInTheSecretStoreAndProvidersReadThemLate]' passed (0.002 seconds).
Test Case '-[TesseraCoreTests.AISettingsTests testPreferencesToleratePartialFilesAndClampGuardrails]' started.
Test Case '-[TesseraCoreTests.AISettingsTests testPreferencesToleratePartialFilesAndClampGuardrails]' passed (0.001 seconds).
Test Suite 'AISettingsTests' passed at 2026-09-28 14:56:13.894.
	 Executed 3 tests, with 0 failures (0 unexpected) in 0.045 (0.046) seconds
Test Suite 'AgentFadeTests' started at 2026-09-28 14:56:13.894.
Test Case '-[TesseraCoreTests.AgentFadeTests testBlendInterpolatesNumbersAndSwitchesOtherValuesAtHalf]' started.
Test Case '-[TesseraCoreTests.AgentFadeTests testBlendInterpolatesNumbersAndSwitchesOtherValuesAtHalf]' passed (0.000 seconds).
Test Case '-[TesseraCoreTests.AgentFadeTests testMergePatchRemovesMembersWithNull]' started.
Test Case '-[TesseraCoreTests.AgentFadeTests testMergePatchRemovesMembersWithNull]' passed (0.001 seconds).
Test Case '-[TesseraCoreTests.AgentFadeTests testPatchOnlyTouchesWhatTheAmountChangesAndKeepsLaterEdits]' started.
Test Case '-[TesseraCoreTests.AgentFadeTests testPatchOnlyTouchesWhatTheAmountChangesAndKeepsLaterEdits]' passed (0.000 seconds).
Test Suite 'AgentFadeTests' passed at 2026-09-28 14:56:13.895.
	 Executed 3 tests, with 0 failures (0 unexpected) in 0.001 (0.001) seconds
Test Suite 'AgentReviewLayoutTests' started at 2026-09-28 14:56:13.895.
Test Case '-[TesseraCoreTests.AgentReviewLayoutTests testReviewEmptyAndRealQueueAtEverySizeAndAppearance]' started.
Test Case '-[TesseraCoreTests.AgentReviewLayoutTests testReviewEmptyAndRealQueueAtEverySizeAndAppearance]' passed (31.193 seconds).
Test Case '-[TesseraCoreTests.AgentReviewLayoutTests testRowsOnlyRecipeAndFileUpdateReloadsCurrentReviewPreview]' started.
develop L2 calibration [first, tone, WB] ms: CPU [17.088917, 0.315791, 0.38533300000000004]; GPU [20.512584, 0.962959, 0.735167]
Test Case '-[TesseraCoreTests.AgentReviewLayoutTests testRowsOnlyRecipeAndFileUpdateReloadsCurrentReviewPreview]' passed (1.764 seconds).
Test Suite 'AgentReviewLayoutTests' passed at 2026-09-28 14:56:46.853.
	 Executed 2 tests, with 0 failures (0 unexpected) in 32.957 (32.957) seconds
Test Suite 'AgentReviewNavigationStateTests' started at 2026-09-28 14:56:46.853.
Test Case '-[TesseraCoreTests.AgentReviewNavigationStateTests testAcceptAndNextRequiresSuccessfulCurrentSelectionAndSkipsFailedReviewed]' started.
Test Case '-[TesseraCoreTests.AgentReviewNavigationStateTests testAcceptAndNextRequiresSuccessfulCurrentSelectionAndSkipsFailedReviewed]' passed (0.000 seconds).
Test Case '-[TesseraCoreTests.AgentReviewNavigationStateTests testRedoReorderKeepsSelectedIdentityAndInvalidatesOldDraft]' started.
Test Case '-[TesseraCoreTests.AgentReviewNavigationStateTests testRedoReorderKeepsSelectedIdentityAndInvalidatesOldDraft]' passed (0.000 seconds).
Test Case '-[TesseraCoreTests.AgentReviewNavigationStateTests testRestoredCursorUsesStableIDsAndFallsBackWhenTheyAreMissing]' started.
Test Case '-[TesseraCoreTests.AgentReviewNavigationStateTests testRestoredCursorUsesStableIDsAndFallsBackWhenTheyAreMissing]' passed (0.000 seconds).
Test Case '-[TesseraCoreTests.AgentReviewNavigationStateTests testStatusUpdateKeepsDraftButSelectingAnotherPhotoClearsIt]' started.
Test Case '-[TesseraCoreTests.AgentReviewNavigationStateTests testStatusUpdateKeepsDraftButSelectingAnotherPhotoClearsIt]' passed (0.000 seconds).
Test Case '-[TesseraCoreTests.AgentReviewNavigationStateTests testUserSelectionChangeDoesNotAdvanceOnLateAcceptCompletion]' started.
Test Case '-[TesseraCoreTests.AgentReviewNavigationStateTests testUserSelectionChangeDoesNotAdvanceOnLateAcceptCompletion]' passed (0.000 seconds).
Test Suite 'AgentReviewNavigationStateTests' passed at 2026-09-28 14:56:46.853.
	 Executed 5 tests, with 0 failures (0 unexpected) in 0.000 (0.001) seconds
Test Suite 'AgentReviewNavigationTests' started at 2026-09-28 14:56:46.853.
Test Case '-[TesseraCoreTests.AgentReviewNavigationTests testEmptyReviewIsReachableAndDoesNotConsumeLibraryUndoOrSelection]' started.
Test Case '-[TesseraCoreTests.AgentReviewNavigationTests testEmptyReviewIsReachableAndDoesNotConsumeLibraryUndoOrSelection]' passed (0.001 seconds).
Test Case '-[TesseraCoreTests.AgentReviewNavigationTests testExplicitReviewEditBackUnwindsBeforeLibraryAndSourceChangeClearsIt]' started.
Test Case '-[TesseraCoreTests.AgentReviewNavigationTests testExplicitReviewEditBackUnwindsBeforeLibraryAndSourceChangeClearsIt]' passed (0.000 seconds).
Test Case '-[TesseraCoreTests.AgentReviewNavigationTests testFirstLayeredCopyIncludesPendingPhotoAdjustment]' started.
develop L2 calibration [first, tone, WB] ms: CPU [12.767709, 0.40695800000000004, 0.464042]; GPU [13.288333, 0.8240409999999999, 0.899375]
Test Case '-[TesseraCoreTests.AgentReviewNavigationTests testFirstLayeredCopyIncludesPendingPhotoAdjustment]' passed (0.862 seconds).
Test Case '-[TesseraCoreTests.AgentReviewNavigationTests testForeignFolderRejectsCapturedReviewTarget]' started.
Test Case '-[TesseraCoreTests.AgentReviewNavigationTests testForeignFolderRejectsCapturedReviewTarget]' passed (0.543 seconds).
Test Case '-[TesseraCoreTests.AgentReviewNavigationTests testLayeredHandoffCancelsWhenSelectionOrOwnerChangesBeforeSaveWaitReturns]' started.
develop L2 calibration [first, tone, WB] ms: CPU [12.443375, 0.373791, 0.4515]; GPU [14.616708000000001, 0.9972909999999999, 0.728125]
develop L2 calibration [first, tone, WB] ms: CPU [12.458542, 0.35958300000000004, 0.4365]; GPU [13.445834, 0.889791, 1.0285419999999998]
develop L2 calibration [first, tone, WB] ms: CPU [12.387542, 0.368334, 0.449167]; GPU [13.747375, 1.98, 1.099167]
Test Case '-[TesseraCoreTests.AgentReviewNavigationTests testLayeredHandoffCancelsWhenSelectionOrOwnerChangesBeforeSaveWaitReturns]' passed (1.843 seconds).
Test Case '-[TesseraCoreTests.AgentReviewNavigationTests testLegacyPeopleAndTetherInspectionKeepsLibraryLoupe]' started.
Test Case '-[TesseraCoreTests.AgentReviewNavigationTests testLegacyPeopleAndTetherInspectionKeepsLibraryLoupe]' passed (0.000 seconds).
Test Case '-[TesseraCoreTests.AgentReviewNavigationTests testNewFolderRestoresLibraryInspectorPreferenceWhenLeavingReview]' started.
Test Case '-[TesseraCoreTests.AgentReviewNavigationTests testNewFolderRestoresLibraryInspectorPreferenceWhenLeavingReview]' passed (0.000 seconds).
Test Case '-[TesseraCoreTests.AgentReviewNavigationTests testOpeningReviewedPhotoOutsideFilterPreservesLibraryPlace]' started.
Test Case '-[TesseraCoreTests.AgentReviewNavigationTests testOpeningReviewedPhotoOutsideFilterPreservesLibraryPlace]' passed (0.000 seconds).
Test Case '-[TesseraCoreTests.AgentReviewNavigationTests testRealQueueFilteredEditRoundTripDraftAndSuccessfulAcceptNext]' started.
develop L2 calibration [first, tone, WB] ms: CPU [12.714416, 0.384042, 0.453959]; GPU [14.667667, 0.590666, 0.780416]
Test Case '-[TesseraCoreTests.AgentReviewNavigationTests testRealQueueFilteredEditRoundTripDraftAndSuccessfulAcceptNext]' passed (0.775 seconds).
Test Case '-[TesseraCoreTests.AgentReviewNavigationTests testReviewEditKeysAndMenuCannotOpenTargetDuringRunOrAcceptance]' started.
Test Case '-[TesseraCoreTests.AgentReviewNavigationTests testReviewEditKeysAndMenuCannotOpenTargetDuringRunOrAcceptance]' passed (0.948 seconds).
Test Case '-[TesseraCoreTests.AgentReviewNavigationTests testSamePathLibraryReopenRehydratesAllReviewedQueueAndRejectsStaleTarget]' started.
Test Case '-[TesseraCoreTests.AgentReviewNavigationTests testSamePathLibraryReopenRehydratesAllReviewedQueueAndRejectsStaleTarget]' passed (0.761 seconds).
Test Suite 'AgentReviewNavigationTests' passed at 2026-09-28 14:56:52.588.
	 Executed 11 tests, with 0 failures (0 unexpected) in 5.734 (5.734) seconds
Test Suite 'AgentReviewOwnershipTests' started at 2026-09-28 14:56:52.588.
Test Case '-[TesseraCoreTests.AgentReviewOwnershipTests testAcceptAlreadyInFlightCannotPublishStatusInNewLibrary]' started.
Test Case '-[TesseraCoreTests.AgentReviewOwnershipTests testAcceptAlreadyInFlightCannotPublishStatusInNewLibrary]' passed (0.524 seconds).
Test Case '-[TesseraCoreTests.AgentReviewOwnershipTests testAcceptWaitsForAlreadyClosingDevelopSave]' started.
develop L2 calibration [first, tone, WB] ms: CPU [25.234958, 0.496, 0.628791]; GPU [26.985540999999998, 0.781583, 0.896167]
Test Case '-[TesseraCoreTests.AgentReviewOwnershipTests testAcceptWaitsForAlreadyClosingDevelopSave]' passed (0.798 seconds).
Test Case '-[TesseraCoreTests.AgentReviewOwnershipTests testAlreadyClosingDevelopSavePrecedesCapturedRun]' started.
develop L2 calibration [first, tone, WB] ms: CPU [24.887667, 0.497833, 0.6244160000000001]; GPU [26.557000000000002, 0.5812919999999999, 0.837]
Test Case '-[TesseraCoreTests.AgentReviewOwnershipTests testAlreadyClosingDevelopSavePrecedesCapturedRun]' passed (0.394 seconds).
Test Case '-[TesseraCoreTests.AgentReviewOwnershipTests testCancelledRunReleasesMutationExclusion]' started.
develop L2 calibration [first, tone, WB] ms: CPU [25.079708, 0.47862499999999997, 0.608791]; GPU [26.660666, 0.883042, 0.717666]
Test Case '-[TesseraCoreTests.AgentReviewOwnershipTests testCancelledRunReleasesMutationExclusion]' passed (0.098 seconds).
Test Case '-[TesseraCoreTests.AgentReviewOwnershipTests testCapturedOwnerBarrierDoesNotCancelNewLibraryPendingOpen]' started.
develop L2 calibration [first, tone, WB] ms: CPU [25.509625, 0.501417, 0.5896669999999999]; GPU [27.524375, 0.732125, 0.7316659999999999]
develop L2 calibration [first, tone, WB] ms: CPU [25.424709, 0.513458, 0.61825]; GPU [27.533792000000002, 0.726125, 0.7540830000000001]
Test Case '-[TesseraCoreTests.AgentReviewOwnershipTests testCapturedOwnerBarrierDoesNotCancelNewLibraryPendingOpen]' passed (0.079 seconds).
Test Case '-[TesseraCoreTests.AgentReviewOwnershipTests testClosePersistsCoalescedMaskParametersAndAmount]' started.
develop L2 calibration [first, tone, WB] ms: CPU [24.89875, 0.46429099999999995, 0.591583]; GPU [26.865584000000002, 0.89725, 1.033292]
Test Case '-[TesseraCoreTests.AgentReviewOwnershipTests testClosePersistsCoalescedMaskParametersAndAmount]' passed (0.117 seconds).
Test Case '-[TesseraCoreTests.AgentReviewOwnershipTests testCompletedQueueRestoresRecipeStatusAndCursorWithFreshOwner]' started.
Test Case '-[TesseraCoreTests.AgentReviewOwnershipTests testCompletedQueueRestoresRecipeStatusAndCursorWithFreshOwner]' passed (0.698 seconds).
Test Case '-[TesseraCoreTests.AgentReviewOwnershipTests testConcurrentCloseWaitsForOneActualSessionFlush]' started.
develop L2 calibration [first, tone, WB] ms: CPU [24.694457999999997, 0.5037499999999999, 0.614375]; GPU [26.409041000000002, 1.101959, 0.734542]
Test Case '-[TesseraCoreTests.AgentReviewOwnershipTests testConcurrentCloseWaitsForOneActualSessionFlush]' passed (0.157 seconds).
Test Case '-[TesseraCoreTests.AgentReviewOwnershipTests testCurrentOwnerAcceptCompletesAndPreservesQueuePosition]' started.
Test Case '-[TesseraCoreTests.AgentReviewOwnershipTests testCurrentOwnerAcceptCompletesAndPreservesQueuePosition]' passed (0.700 seconds).
Test Case '-[TesseraCoreTests.AgentReviewOwnershipTests testCurrentPhotoContextWorksWhileQueueBelongsToAnotherLibrary]' started.
Test Case '-[TesseraCoreTests.AgentReviewOwnershipTests testCurrentPhotoContextWorksWhileQueueBelongsToAnotherLibrary]' passed (1.176 seconds).
Test Case '-[TesseraCoreTests.AgentReviewOwnershipTests testCursorUpdateDuringRedoIsMergedIntoCompletionRevision]' started.
Test Case '-[TesseraCoreTests.AgentReviewOwnershipTests testCursorUpdateDuringRedoIsMergedIntoCompletionRevision]' passed (1.265 seconds).
Test Case '-[TesseraCoreTests.AgentReviewOwnershipTests testDevelopFailureCallbackCanQueueAnotherPatchForExplicitRetry]' started.
develop L2 calibration [first, tone, WB] ms: CPU [25.105042, 0.474583, 0.6059169999999999]; GPU [26.902292000000003, 0.755833, 1.099375]
Test Case '-[TesseraCoreTests.AgentReviewOwnershipTests testDevelopFailureCallbackCanQueueAnotherPatchForExplicitRetry]' passed (0.118 seconds).
Test Case '-[TesseraCoreTests.AgentReviewOwnershipTests testDirtyDevelopSavePrecedesCapturedRunAfterFolderSwitch]' started.
develop L2 calibration [first, tone, WB] ms: CPU [25.2145, 0.47875, 0.614167]; GPU [26.994, 0.5925, 0.8360000000000001]
Test Case '-[TesseraCoreTests.AgentReviewOwnershipTests testDirtyDevelopSavePrecedesCapturedRunAfterFolderSwitch]' passed (0.388 seconds).
Test Case '-[TesseraCoreTests.AgentReviewOwnershipTests testExplicitRejectedRetryCancelsAnOlderDeferredFlush]' started.
develop L2 calibration [first, tone, WB] ms: CPU [24.853917, 0.46525, 0.6128750000000001]; GPU [26.896957999999998, 0.9091670000000001, 1.126042]
Test Case '-[TesseraCoreTests.AgentReviewOwnershipTests testExplicitRejectedRetryCancelsAnOlderDeferredFlush]' passed (0.114 seconds).
Test Case '-[TesseraCoreTests.AgentReviewOwnershipTests testFailedFinalPatchKeepsFinalRenderModeWhenNewerInteractivePatchArrives]' started.
develop L2 calibration [first, tone, WB] ms: CPU [24.966042, 0.473875, 0.57925]; GPU [27.30425, 0.9878750000000001, 0.9792080000000001]
Test Case '-[TesseraCoreTests.AgentReviewOwnershipTests testFailedFinalPatchKeepsFinalRenderModeWhenNewerInteractivePatchArrives]' passed (0.119 seconds).
Test Case '-[TesseraCoreTests.AgentReviewOwnershipTests testForeignRedoAndShowRejectCapturedQueueTarget]' started.
Test Case '-[TesseraCoreTests.AgentReviewOwnershipTests testForeignRedoAndShowRejectCapturedQueueTarget]' passed (0.502 seconds).
Test Case '-[TesseraCoreTests.AgentReviewOwnershipTests testInterruptedIntentRestoresUnknownTargetWithoutReplaying]' started.
Test Case '-[TesseraCoreTests.AgentReviewOwnershipTests testInterruptedIntentRestoresUnknownTargetWithoutReplaying]' passed (0.012 seconds).
Test Case '-[TesseraCoreTests.AgentReviewOwnershipTests testMissingAndSupersededTargetsStayVisibleButDisabledAfterRestore]' started.
Test Case '-[TesseraCoreTests.AgentReviewOwnershipTests testMissingAndSupersededTargetsStayVisibleButDisabledAfterRestore]' passed (0.601 seconds).
Test Case '-[TesseraCoreTests.AgentReviewOwnershipTests testPendingDevelopOpenSettlesBeforeAcceptAndRevert]' started.
develop L2 calibration [first, tone, WB] ms: CPU [25.080167, 0.500708, 0.625333]; GPU [26.779042, 0.562542, 2.035792]
Test Case '-[TesseraCoreTests.AgentReviewOwnershipTests testPendingDevelopOpenSettlesBeforeAcceptAndRevert]' passed (0.787 seconds).
Test Case '-[TesseraCoreTests.AgentReviewOwnershipTests testPendingDevelopOpenSettlesBeforeRun]' started.
develop L2 calibration [first, tone, WB] ms: CPU [24.968167, 0.47329099999999996, 0.608209]; GPU [27.424209, 0.90525, 0.972083]
Test Case '-[TesseraCoreTests.AgentReviewOwnershipTests testPendingDevelopOpenSettlesBeforeRun]' passed (0.561 seconds).
Test Case '-[TesseraCoreTests.AgentReviewOwnershipTests testRedoInvalidatesOldTargetAndCurrentRevertStillWorks]' started.
Test Case '-[TesseraCoreTests.AgentReviewOwnershipTests testRedoInvalidatesOldTargetAndCurrentRevertStillWorks]' passed (0.847 seconds).
Test Case '-[TesseraCoreTests.AgentReviewOwnershipTests testRejectedDevelopPatchPreservesReentrantNewerSettings]' started.
develop L2 calibration [first, tone, WB] ms: CPU [24.823375000000002, 0.489375, 0.611042]; GPU [26.675334, 0.6805, 0.775708]
Test Case '-[TesseraCoreTests.AgentReviewOwnershipTests testRejectedDevelopPatchPreservesReentrantNewerSettings]' passed (0.117 seconds).
Test Case '-[TesseraCoreTests.AgentReviewOwnershipTests testRejectedDevelopPatchRemainsPendingForRetry]' started.
develop L2 calibration [first, tone, WB] ms: CPU [24.878958, 0.473292, 0.5874590000000001]; GPU [26.478958, 0.548667, 0.670583]
Test Case '-[TesseraCoreTests.AgentReviewOwnershipTests testRejectedDevelopPatchRemainsPendingForRetry]' passed (0.114 seconds).
Test Case '-[TesseraCoreTests.AgentReviewOwnershipTests testReopenedOwnerAndFileAliasesCannotOpenAcrossCapturedMutation]' started.
develop L2 calibration [first, tone, WB] ms: CPU [24.915833, 0.465042, 0.606958]; GPU [26.815542, 0.776375, 0.9660829999999999]
Test Case '-[TesseraCoreTests.AgentReviewOwnershipTests testReopenedOwnerAndFileAliasesCannotOpenAcrossCapturedMutation]' passed (0.588 seconds).
Test Case '-[TesseraCoreTests.AgentReviewOwnershipTests testResumeSaveFailureKeepsInMemoryQueueAndExposesWarningState]' started.
Test Case '-[TesseraCoreTests.AgentReviewOwnershipTests testResumeSaveFailureKeepsInMemoryQueueAndExposesWarningState]' passed (0.493 seconds).
Test Case '-[TesseraCoreTests.AgentReviewOwnershipTests testRetainedQueueAcceptCannotTrainNewLibraryProfile]' started.
Test Case '-[TesseraCoreTests.AgentReviewOwnershipTests testRetainedQueueAcceptCannotTrainNewLibraryProfile]' passed (0.496 seconds).
Test Case '-[TesseraCoreTests.AgentReviewOwnershipTests testRetainedQueueRevertCannotRefreshNewLibraryOrMutateOldRecipe]' started.
Test Case '-[TesseraCoreTests.AgentReviewOwnershipTests testRetainedQueueRevertCannotRefreshNewLibraryOrMutateOldRecipe]' passed (0.496 seconds).
Test Case '-[TesseraCoreTests.AgentReviewOwnershipTests testRevertWaitsForAlreadyClosingDevelopSave]' started.
develop L2 calibration [first, tone, WB] ms: CPU [25.038208, 0.5690419999999999, 0.616375]; GPU [27.785417, 1.834125, 1.108792]
Test Case '-[TesseraCoreTests.AgentReviewOwnershipTests testRevertWaitsForAlreadyClosingDevelopSave]' passed (0.663 seconds).
Test Case '-[TesseraCoreTests.AgentReviewOwnershipTests testReviewMutationsRejectNewTargetDevelopOpenAndReleaseOnCompletion]' started.
develop L2 calibration [first, tone, WB] ms: CPU [25.399250000000002, 0.477167, 0.611959]; GPU [27.238, 0.86075, 0.9832919999999999]
Test Case '-[TesseraCoreTests.AgentReviewOwnershipTests testReviewMutationsRejectNewTargetDevelopOpenAndReleaseOnCompletion]' passed (0.777 seconds).
Test Case '-[TesseraCoreTests.AgentReviewOwnershipTests testRunCompletionAfterFolderSwitchDoesNotRefreshNewLibrary]' started.
Test Case '-[TesseraCoreTests.AgentReviewOwnershipTests testRunCompletionAfterFolderSwitchDoesNotRefreshNewLibrary]' passed (0.493 seconds).
Test Case '-[TesseraCoreTests.AgentReviewOwnershipTests testRunningOwnerDoesNotBlockAnotherLibraryDevelopOpen]' started.
develop L2 calibration [first, tone, WB] ms: CPU [25.232708, 0.470833, 0.60475]; GPU [27.060667, 0.7797499999999999, 0.99875]
Test Case '-[TesseraCoreTests.AgentReviewOwnershipTests testRunningOwnerDoesNotBlockAnotherLibraryDevelopOpen]' passed (0.497 seconds).
Test Case '-[TesseraCoreTests.AgentReviewOwnershipTests testRunOnAnotherPhotoWaitsForAcceptAndRevertCompletion]' started.
Test Case '-[TesseraCoreTests.AgentReviewOwnershipTests testRunOnAnotherPhotoWaitsForAcceptAndRevertCompletion]' passed (0.715 seconds).
Test Case '-[TesseraCoreTests.AgentReviewOwnershipTests testRunRejectsNewTargetDevelopOpenAndCompletionOpensFreshRecipe]' started.
develop L2 calibration [first, tone, WB] ms: CPU [24.800165999999997, 0.477541, 0.6457919999999999]; GPU [26.950583, 1.128708, 0.9982920000000001]
Test Case '-[TesseraCoreTests.AgentReviewOwnershipTests testRunRejectsNewTargetDevelopOpenAndCompletionOpensFreshRecipe]' passed (0.564 seconds).
Test Case '-[TesseraCoreTests.AgentReviewOwnershipTests testSamePathReopenDuringLiveRunDoesNotMarkItInterrupted]' started.
Test Case '-[TesseraCoreTests.AgentReviewOwnershipTests testSamePathReopenDuringLiveRunDoesNotMarkItInterrupted]' passed (0.484 seconds).
Test Case '-[TesseraCoreTests.AgentReviewOwnershipTests testSuccessfulReentrantNoninteractivePatchFlushesAfterCurrentAttempt]' started.
develop L2 calibration [first, tone, WB] ms: CPU [24.919416, 0.47175, 0.598292]; GPU [26.392125, 0.998, 0.9939169999999999]
Test Case '-[TesseraCoreTests.AgentReviewOwnershipTests testSuccessfulReentrantNoninteractivePatchFlushesAfterCurrentAttempt]' passed (0.139 seconds).
Test Case '-[TesseraCoreTests.AgentReviewOwnershipTests testSynchronousNeedsFlushHandlerDoesNotReenterBackendCall]' started.
develop L2 calibration [first, tone, WB] ms: CPU [24.912584000000003, 0.45629200000000003, 0.592791]; GPU [26.759292000000002, 0.835209, 1.025167]
Test Case '-[TesseraCoreTests.AgentReviewOwnershipTests testSynchronousNeedsFlushHandlerDoesNotReenterBackendCall]' passed (0.142 seconds).
Test Suite 'AgentReviewOwnershipTests' passed at 2026-09-28 14:57:09.422.
	 Executed 36 tests, with 0 failures (0 unexpected) in 16.832 (16.834) seconds
Test Suite 'AgentReviewQueueTests' started at 2026-09-28 14:57:09.422.
Test Case '-[TesseraCoreTests.AgentReviewQueueTests testOrdersFailuresThenLeastConfidentFirst]' started.
Test Case '-[TesseraCoreTests.AgentReviewQueueTests testOrdersFailuresThenLeastConfidentFirst]' passed (0.000 seconds).
Test Case '-[TesseraCoreTests.AgentReviewQueueTests testRedoMergeReplacesOnlyThosePhotos]' started.
Test Case '-[TesseraCoreTests.AgentReviewQueueTests testRedoMergeReplacesOnlyThosePhotos]' passed (0.000 seconds).
Test Case '-[TesseraCoreTests.AgentReviewQueueTests testStatusesChangeInPlaceAndNextSkipsReviewed]' started.
Test Case '-[TesseraCoreTests.AgentReviewQueueTests testStatusesChangeInPlaceAndNextSkipsReviewed]' passed (0.000 seconds).
Test Case '-[TesseraCoreTests.AgentReviewQueueTests testUnavailableResumeRowsStayVisibleButDoNotCountAsActionableFailures]' started.
Test Case '-[TesseraCoreTests.AgentReviewQueueTests testUnavailableResumeRowsStayVisibleButDoNotCountAsActionableFailures]' passed (0.000 seconds).
Test Suite 'AgentReviewQueueTests' passed at 2026-09-28 14:57:09.423.
	 Executed 4 tests, with 0 failures (0 unexpected) in 0.000 (0.001) seconds
Test Suite 'AssistBridgeTests' started at 2026-09-28 14:57:09.423.
Test Case '-[TesseraCoreTests.AssistBridgeTests testAutomatedSuggestionsConfirmAndFacesThroughTheController]' started.
Test Case '-[TesseraCoreTests.AssistBridgeTests testAutomatedSuggestionsConfirmAndFacesThroughTheController]' passed (0.087 seconds).
Test Suite 'AssistBridgeTests' passed at 2026-09-28 14:57:09.509.
	 Executed 1 test, with 0 failures (0 unexpected) in 0.087 (0.087) seconds
Test Suite 'BatchSettingsDraftTests' started at 2026-09-28 14:57:09.509.
Test Case '-[TesseraCoreTests.BatchSettingsDraftTests testChangingGroupsRebuildsPreviewWithoutChangingSourceOrTargets]' started.
Test Case '-[TesseraCoreTests.BatchSettingsDraftTests testChangingGroupsRebuildsPreviewWithoutChangingSourceOrTargets]' passed (0.000 seconds).
Test Case '-[TesseraCoreTests.BatchSettingsDraftTests testCropAndEmptyFieldsAreRejected]' started.
Test Case '-[TesseraCoreTests.BatchSettingsDraftTests testCropAndEmptyFieldsAreRejected]' passed (0.000 seconds).
Test Case '-[TesseraCoreTests.BatchSettingsDraftTests testDefaultPatchCopiesToneAndColorButExcludesImageSpecificWork]' started.
Test Case '-[TesseraCoreTests.BatchSettingsDraftTests testDefaultPatchCopiesToneAndColorButExcludesImageSpecificWork]' passed (0.000 seconds).
Test Case '-[TesseraCoreTests.BatchSettingsDraftTests testEmptyOpaqueIDsAreRejectedAtDraftBoundary]' started.
Test Case '-[TesseraCoreTests.BatchSettingsDraftTests testEmptyOpaqueIDsAreRejectedAtDraftBoundary]' passed (0.000 seconds).
Test Case '-[TesseraCoreTests.BatchSettingsDraftTests testInvalidSourceSettingsCannotCreateMisleadingPreview]' started.
Test Case '-[TesseraCoreTests.BatchSettingsDraftTests testInvalidSourceSettingsCannotCreateMisleadingPreview]' passed (0.000 seconds).
Test Case '-[TesseraCoreTests.BatchSettingsDraftTests testOnlyReferenceOrDuplicatesCannotApply]' started.
Test Case '-[TesseraCoreTests.BatchSettingsDraftTests testOnlyReferenceOrDuplicatesCannotApply]' passed (0.000 seconds).
Test Case '-[TesseraCoreTests.BatchSettingsDraftTests testPatchLeavesExcludedAndUnselectedNestedTargetValuesIntact]' started.
Test Case '-[TesseraCoreTests.BatchSettingsDraftTests testPatchLeavesExcludedAndUnselectedNestedTargetValuesIntact]' passed (0.000 seconds).
Test Case '-[TesseraCoreTests.BatchSettingsDraftTests testReferenceMustBeInExplicitSelection]' started.
Test Case '-[TesseraCoreTests.BatchSettingsDraftTests testReferenceMustBeInExplicitSelection]' passed (0.000 seconds).
Test Case '-[TesseraCoreTests.BatchSettingsDraftTests testTargetsAreFrozenDeduplicatedAndNeverIncludeReference]' started.
Test Case '-[TesseraCoreTests.BatchSettingsDraftTests testTargetsAreFrozenDeduplicatedAndNeverIncludeReference]' passed (0.000 seconds).
Test Case '-[TesseraCoreTests.BatchSettingsDraftTests testValidSourceWithoutSelectedPathsCannotClaimASettingsCopy]' started.
Test Case '-[TesseraCoreTests.BatchSettingsDraftTests testValidSourceWithoutSelectedPathsCannotClaimASettingsCopy]' passed (0.000 seconds).
Test Suite 'BatchSettingsDraftTests' passed at 2026-09-28 14:57:09.511.
	 Executed 10 tests, with 0 failures (0 unexpected) in 0.001 (0.002) seconds
Test Suite 'BridgeTests' started at 2026-09-28 14:57:09.511.
Test Case '-[TesseraCoreTests.BridgeTests testBasketAlbumsSafeDeleteAndDefectSweep]' started.
Test Case '-[TesseraCoreTests.BridgeTests testBasketAlbumsSafeDeleteAndDefectSweep]' passed (0.248 seconds).
Test Case '-[TesseraCoreTests.BridgeTests testDeleteFromDiskTrashesFileAndLeavesTheQueue]' started.
Test Case '-[TesseraCoreTests.BridgeTests testDeleteFromDiskTrashesFileAndLeavesTheQueue]' passed (0.040 seconds).
Test Case '-[TesseraCoreTests.BridgeTests testGroupNavigationComesFromTheSession]' started.
Test Case '-[TesseraCoreTests.BridgeTests testGroupNavigationComesFromTheSession]' passed (0.012 seconds).
Test Case '-[TesseraCoreTests.BridgeTests testKeepBestRejectRestIsOneUndoableStepThatPersists]' started.
Test Case '-[TesseraCoreTests.BridgeTests testKeepBestRejectRestIsOneUndoableStepThatPersists]' passed (0.151 seconds).
Test Case '-[TesseraCoreTests.BridgeTests testRawFixturesPersistAcrossReopenThroughTheSession]' started.
Test Case '-[TesseraCoreTests.BridgeTests testRawFixturesPersistAcrossReopenThroughTheSession]' passed (2.732 seconds).
Test Case '-[TesseraCoreTests.BridgeTests testRestoreDoesNotCreateUndoHistory]' started.
Test Case '-[TesseraCoreTests.BridgeTests testRestoreDoesNotCreateUndoHistory]' passed (0.000 seconds).
Test Suite 'BridgeTests' passed at 2026-09-28 14:57:12.696.
	 Executed 6 tests, with 0 failures (0 unexpected) in 3.184 (3.185) seconds
Test Suite 'DevelopCloseResultTests' started at 2026-09-28 14:57:12.696.
Test Case '-[TesseraCoreTests.DevelopCloseResultTests testAdmissionFailureCallbackCannotReenterIndefinitely]' started.
develop L2 calibration [first, tone, WB] ms: CPU [0.380166, 0.246541, 0.28225]; GPU [2.656417, 0.63025, 0.725958]
Test Case '-[TesseraCoreTests.DevelopCloseResultTests testAdmissionFailureCallbackCannotReenterIndefinitely]' passed (0.022 seconds).
Test Case '-[TesseraCoreTests.DevelopCloseResultTests testCancelingOneWaiterDoesNotCancelSharedNativeClose]' started.
develop L2 calibration [first, tone, WB] ms: CPU [0.384958, 0.247166, 0.240416]; GPU [2.346458, 0.8123330000000001, 0.950333]
Test Case '-[TesseraCoreTests.DevelopCloseResultTests testCancelingOneWaiterDoesNotCancelSharedNativeClose]' passed (0.021 seconds).
Test Case '-[TesseraCoreTests.DevelopCloseResultTests testCloseInvalidatesDeferredMaskDrain]' started.
develop L2 calibration [first, tone, WB] ms: CPU [0.368209, 0.24629099999999998, 0.24016700000000002]; GPU [2.438584, 0.808125, 0.8873340000000001]
Test Case '-[TesseraCoreTests.DevelopCloseResultTests testCloseInvalidatesDeferredMaskDrain]' passed (0.033 seconds).
Test Case '-[TesseraCoreTests.DevelopCloseResultTests testCloseInvalidatesDeferredSettingsDrain]' started.
develop L2 calibration [first, tone, WB] ms: CPU [0.382625, 0.250209, 0.27599999999999997]; GPU [2.46575, 0.7835420000000001, 0.8678330000000001]
Test Case '-[TesseraCoreTests.DevelopCloseResultTests testCloseInvalidatesDeferredSettingsDrain]' passed (0.033 seconds).
Test Case '-[TesseraCoreTests.DevelopCloseResultTests testClosingRejectsMutationsBeforeChangingHostState]' started.
develop L2 calibration [first, tone, WB] ms: CPU [0.357541, 0.24600000000000002, 0.27475]; GPU [2.4832080000000003, 0.806208, 0.867292]
Test Case '-[TesseraCoreTests.DevelopCloseResultTests testClosingRejectsMutationsBeforeChangingHostState]' passed (0.036 seconds).
Test Case '-[TesseraCoreTests.DevelopCloseResultTests testConcurrentCloseCallersShareFailureAndSessionCanRetry]' started.
develop L2 calibration [first, tone, WB] ms: CPU [0.368625, 0.242458, 0.274958]; GPU [2.390542, 0.7576250000000001, 0.862459]
Test Case '-[TesseraCoreTests.DevelopCloseResultTests testConcurrentCloseCallersShareFailureAndSessionCanRetry]' passed (0.035 seconds).
Test Case '-[TesseraCoreTests.DevelopCloseResultTests testDelayedCallbackChildKeepsOriginOutcomeAfterIndependentRetry]' started.
develop L2 calibration [first, tone, WB] ms: CPU [0.375667, 0.257666, 0.27779200000000004]; GPU [2.387375, 0.804625, 0.8635]
Test Case '-[TesseraCoreTests.DevelopCloseResultTests testDelayedCallbackChildKeepsOriginOutcomeAfterIndependentRetry]' passed (0.033 seconds).
Test Case '-[TesseraCoreTests.DevelopCloseResultTests testFailureCallbackCloseDoesNotStartAutomaticRetry]' started.
develop L2 calibration [first, tone, WB] ms: CPU [0.37108399999999997, 0.255041, 0.274625]; GPU [2.40625, 0.799708, 0.9102920000000001]
Test Case '-[TesseraCoreTests.DevelopCloseResultTests testFailureCallbackCloseDoesNotStartAutomaticRetry]' passed (0.032 seconds).
Test Case '-[TesseraCoreTests.DevelopCloseResultTests testMaskFlushFailurePreventsNativeCloseAndRetainsPendingValue]' started.
develop L2 calibration [first, tone, WB] ms: CPU [0.38358400000000004, 0.255, 0.278042]; GPU [2.589417, 0.851667, 0.910542]
Test Case '-[TesseraCoreTests.DevelopCloseResultTests testMaskFlushFailurePreventsNativeCloseAndRetainsPendingValue]' passed (0.037 seconds).
Test Case '-[TesseraCoreTests.DevelopCloseResultTests testPatchCallbackCloseJoinsPublishedAttempt]' started.
develop L2 calibration [first, tone, WB] ms: CPU [0.379541, 0.257875, 0.274667]; GPU [2.557166, 0.802917, 0.9363750000000001]
Test Case '-[TesseraCoreTests.DevelopCloseResultTests testPatchCallbackCloseJoinsPublishedAttempt]' passed (0.033 seconds).
Test Case '-[TesseraCoreTests.DevelopCloseResultTests testSettingsFlushFailurePreventsNativeCloseAndRemainsRetryable]' started.
develop L2 calibration [first, tone, WB] ms: CPU [0.37095900000000004, 0.240292, 0.23779199999999998]; GPU [2.401833, 0.815875, 0.8915420000000001]
Test Case '-[TesseraCoreTests.DevelopCloseResultTests testSettingsFlushFailurePreventsNativeCloseAndRemainsRetryable]' passed (0.035 seconds).
Test Case '-[TesseraCoreTests.DevelopCloseResultTests testSuccessfulCloseDrainsOnceAndIsIdempotent]' started.
develop L2 calibration [first, tone, WB] ms: CPU [0.441, 0.24004199999999998, 0.245125]; GPU [2.422541, 0.7705420000000001, 0.914042]
Test Case '-[TesseraCoreTests.DevelopCloseResultTests testSuccessfulCloseDrainsOnceAndIsIdempotent]' passed (0.033 seconds).
Test Case '-[TesseraCoreTests.DevelopCloseResultTests testUnencodableSettingsBlockCloseAndRemainPending]' started.
develop L2 calibration [first, tone, WB] ms: CPU [0.356209, 0.23725, 0.235458]; GPU [2.402417, 0.791459, 0.650959]
Test Case '-[TesseraCoreTests.DevelopCloseResultTests testUnencodableSettingsBlockCloseAndRemainPending]' passed (0.034 seconds).
Test Suite 'DevelopCloseResultTests' passed at 2026-09-28 14:57:13.113.
	 Executed 13 tests, with 0 failures (0 unexpected) in 0.416 (0.417) seconds
Test Suite 'DevelopMaskPendingRetentionTests' started at 2026-09-28 14:57:13.113.
Test Case '-[TesseraCoreTests.DevelopMaskPendingRetentionTests testAcceptedPrefixAndBrushPointsNeverReplayOnLaterFailure]' started.
Test Case '-[TesseraCoreTests.DevelopMaskPendingRetentionTests testAcceptedPrefixAndBrushPointsNeverReplayOnLaterFailure]' passed (0.000 seconds).
Test Case '-[TesseraCoreTests.DevelopMaskPendingRetentionTests testBrushRejectionRetainsSamplesAndSuccessKeepsReentrantSample]' started.
Test Case '-[TesseraCoreTests.DevelopMaskPendingRetentionTests testBrushRejectionRetainsSamplesAndSuccessKeepsReentrantSample]' passed (0.000 seconds).
Test Case '-[TesseraCoreTests.DevelopMaskPendingRetentionTests testExplicitRejectedFlushInvalidatesOlderQueuedDrain]' started.
Test Case '-[TesseraCoreTests.DevelopMaskPendingRetentionTests testExplicitRejectedFlushInvalidatesOlderQueuedDrain]' passed (0.000 seconds).
Test Case '-[TesseraCoreTests.DevelopMaskPendingRetentionTests testFailedBatchDoesNotScheduleReentrantRetry]' started.
Test Case '-[TesseraCoreTests.DevelopMaskPendingRetentionTests testFailedBatchDoesNotScheduleReentrantRetry]' passed (0.000 seconds).
Test Case '-[TesseraCoreTests.DevelopMaskPendingRetentionTests testNilHandlerDrainsTwoReentrantGenerations]' started.
Test Case '-[TesseraCoreTests.DevelopMaskPendingRetentionTests testNilHandlerDrainsTwoReentrantGenerations]' passed (0.000 seconds).
Test Case '-[TesseraCoreTests.DevelopMaskPendingRetentionTests testParameterFailureKeepsRejectedSuffixOnly]' started.
Test Case '-[TesseraCoreTests.DevelopMaskPendingRetentionTests testParameterFailureKeepsRejectedSuffixOnly]' passed (0.000 seconds).
Test Case '-[TesseraCoreTests.DevelopMaskPendingRetentionTests testReentrantNewerComponentAndParamSurviveFailedAttempt]' started.
Test Case '-[TesseraCoreTests.DevelopMaskPendingRetentionTests testReentrantNewerComponentAndParamSurviveFailedAttempt]' passed (0.000 seconds).
Test Case '-[TesseraCoreTests.DevelopMaskPendingRetentionTests testRejectedComponentAndUnattemptedGroupsParamsSurvive]' started.
Test Case '-[TesseraCoreTests.DevelopMaskPendingRetentionTests testRejectedComponentAndUnattemptedGroupsParamsSurvive]' passed (0.000 seconds).
Test Case '-[TesseraCoreTests.DevelopMaskPendingRetentionTests testRejectedGroupMergesOlderFieldsUnderNewerPatch]' started.
Test Case '-[TesseraCoreTests.DevelopMaskPendingRetentionTests testRejectedGroupMergesOlderFieldsUnderNewerPatch]' passed (0.000 seconds).
Test Case '-[TesseraCoreTests.DevelopMaskPendingRetentionTests testSuccessfulAcknowledgementKeepsNewerSameKeyValues]' started.
Test Case '-[TesseraCoreTests.DevelopMaskPendingRetentionTests testSuccessfulAcknowledgementKeepsNewerSameKeyValues]' passed (0.000 seconds).
Test Case '-[TesseraCoreTests.DevelopMaskPendingRetentionTests testSynchronousHandlerDrainsTwoReentrantGenerations]' started.
Test Case '-[TesseraCoreTests.DevelopMaskPendingRetentionTests testSynchronousHandlerDrainsTwoReentrantGenerations]' passed (0.000 seconds).
Test Suite 'DevelopMaskPendingRetentionTests' passed at 2026-09-28 14:57:13.115.
	 Executed 11 tests, with 0 failures (0 unexpected) in 0.002 (0.002) seconds
Test Suite 'DevelopPanelsSessionTests' started at 2026-09-28 14:57:13.115.
Test Case '-[TesseraCoreTests.DevelopPanelsSessionTests testPanelsDriveTheSession]' started.
develop L2 calibration [first, tone, WB] ms: CPU [465.75016600000004, 196.00175000000002, 233.47841599999998]; GPU [479.748, 1.5542500000000001, 7.527875]
Test Case '-[TesseraCoreTests.DevelopPanelsSessionTests testPanelsDriveTheSession]' passed (1.854 seconds).
Test Suite 'DevelopPanelsSessionTests' passed at 2026-09-28 14:57:14.969.
	 Executed 1 test, with 0 failures (0 unexpected) in 1.854 (1.854) seconds
Test Suite 'DevelopPanelsTests' started at 2026-09-28 14:57:14.969.
Test Case '-[TesseraCoreTests.DevelopPanelsTests testCropOrientationRoundTripAndConstraints]' started.
Test Case '-[TesseraCoreTests.DevelopPanelsTests testCropOrientationRoundTripAndConstraints]' passed (0.000 seconds).
Test Case '-[TesseraCoreTests.DevelopPanelsTests testCurveEditorKeepsMonotoneValidPoints]' started.
Test Case '-[TesseraCoreTests.DevelopPanelsTests testCurveEditorKeepsMonotoneValidPoints]' passed (0.033 seconds).
Test Case '-[TesseraCoreTests.DevelopPanelsTests testCurveEvaluationMatchesKnotsAndIdentity]' started.
Test Case '-[TesseraCoreTests.DevelopPanelsTests testCurveEvaluationMatchesKnotsAndIdentity]' passed (0.000 seconds).
Test Case '-[TesseraCoreTests.DevelopPanelsTests testEachPanelControlWritesItsPatch]' started.
Test Case '-[TesseraCoreTests.DevelopPanelsTests testEachPanelControlWritesItsPatch]' passed (0.000 seconds).
Test Case '-[TesseraCoreTests.DevelopPanelsTests testHueBandWeightsAndTargetedAdjustment]' started.
Test Case '-[TesseraCoreTests.DevelopPanelsTests testHueBandWeightsAndTargetedAdjustment]' passed (0.000 seconds).
Test Case '-[TesseraCoreTests.DevelopPanelsTests testMergePatchAccumulatesLikeRFC7386]' started.
Test Case '-[TesseraCoreTests.DevelopPanelsTests testMergePatchAccumulatesLikeRFC7386]' passed (0.000 seconds).
Test Case '-[TesseraCoreTests.DevelopPanelsTests testPresetsArePartialRecipesSavedAsJSON]' started.
Test Case '-[TesseraCoreTests.DevelopPanelsTests testPresetsArePartialRecipesSavedAsJSON]' passed (0.001 seconds).
Test Suite 'DevelopPanelsTests' passed at 2026-09-28 14:57:15.004.
	 Executed 7 tests, with 0 failures (0 unexpected) in 0.035 (0.036) seconds
Test Suite 'DevelopRecoveryAdmissionBehaviorTests' started at 2026-09-28 14:57:15.004.
Test Case '-[TesseraCoreTests.DevelopRecoveryAdmissionBehaviorTests testDevelopReuseUsesImageIdentityAcrossDenseIDChanges]' started.
develop L2 calibration [first, tone, WB] ms: CPU [0.558041, 0.270959, 0.294209]; GPU [2.449333, 0.7294579999999999, 0.851916]
Test Case '-[TesseraCoreTests.DevelopRecoveryAdmissionBehaviorTests testDevelopReuseUsesImageIdentityAcrossDenseIDChanges]' passed (0.030 seconds).
Test Case '-[TesseraCoreTests.DevelopRecoveryAdmissionBehaviorTests testFailedClosePreservesSavedSmartAlbumSourceAndFilter]' started.
develop L2 calibration [first, tone, WB] ms: CPU [0.587792, 0.30374999999999996, 0.30320800000000003]; GPU [2.2419160000000002, 0.7016249999999999, 0.823708]
Test Case '-[TesseraCoreTests.DevelopRecoveryAdmissionBehaviorTests testFailedClosePreservesSavedSmartAlbumSourceAndFilter]' passed (0.035 seconds).
Test Case '-[TesseraCoreTests.DevelopRecoveryAdmissionBehaviorTests testFailedSaveKeepsWorkspaceAndExplicitRetryCommitsThenReopensFreshController]' started.
develop L2 calibration [first, tone, WB] ms: CPU [0.539292, 0.273084, 0.31670800000000005]; GPU [2.4761670000000002, 0.751541, 0.929333]
Test Case '-[TesseraCoreTests.DevelopRecoveryAdmissionBehaviorTests testFailedSaveKeepsWorkspaceAndExplicitRetryCommitsThenReopensFreshController]' passed (0.042 seconds).
Test Case '-[TesseraCoreTests.DevelopRecoveryAdmissionBehaviorTests testHeldCloseCommitsGridDoubleClickSelectionAndLoupeTogether]' started.
develop L2 calibration [first, tone, WB] ms: CPU [0.541833, 0.357375, 0.291833]; GPU [2.507458, 0.788583, 0.7396250000000001]
Test Case '-[TesseraCoreTests.DevelopRecoveryAdmissionBehaviorTests testHeldCloseCommitsGridDoubleClickSelectionAndLoupeTogether]' passed (0.029 seconds).
Test Case '-[TesseraCoreTests.DevelopRecoveryAdmissionBehaviorTests testHeldCloseKeepsTetherAutoAdvanceTargetAndLoupeTogether]' started.
develop L2 calibration [first, tone, WB] ms: CPU [0.535916, 0.26379199999999997, 0.2775]; GPU [2.547917, 0.789041, 0.88225]
Test Case '-[TesseraCoreTests.DevelopRecoveryAdmissionBehaviorTests testHeldCloseKeepsTetherAutoAdvanceTargetAndLoupeTogether]' passed (0.030 seconds).
Test Case '-[TesseraCoreTests.DevelopRecoveryAdmissionBehaviorTests testHeldCloseMovesPeoplePhotoToAllPhotosAndLoupeTogether]' started.
develop L2 calibration [first, tone, WB] ms: CPU [0.550042, 0.284291, 0.319375]; GPU [2.526875, 0.757292, 0.878709]
Test Case '-[TesseraCoreTests.DevelopRecoveryAdmissionBehaviorTests testHeldCloseMovesPeoplePhotoToAllPhotosAndLoupeTogether]' passed (0.030 seconds).
Test Case '-[TesseraCoreTests.DevelopRecoveryAdmissionBehaviorTests testHeldCloseOpensSavedSmartAlbumAndClearsFilterAsOneIntent]' started.
develop L2 calibration [first, tone, WB] ms: CPU [0.551583, 0.279042, 0.32325000000000004]; GPU [2.6313750000000002, 0.827083, 0.865167]
Test Case '-[TesseraCoreTests.DevelopRecoveryAdmissionBehaviorTests testHeldCloseOpensSavedSmartAlbumAndClearsFilterAsOneIntent]' passed (0.037 seconds).
Test Case '-[TesseraCoreTests.DevelopRecoveryAdmissionBehaviorTests testHeldCloseReturnsToLibraryAndEntersCompareAsOneIntent]' started.
develop L2 calibration [first, tone, WB] ms: CPU [0.539042, 0.274209, 0.298875]; GPU [2.5357499999999997, 0.792084, 0.9642919999999999]
Test Case '-[TesseraCoreTests.DevelopRecoveryAdmissionBehaviorTests testHeldCloseReturnsToLibraryAndEntersCompareAsOneIntent]' passed (0.031 seconds).
Test Case '-[TesseraCoreTests.DevelopRecoveryAdmissionBehaviorTests testHeldGridDestinationResolvesTargetByImageIdentityAfterLibraryRevisionChanges]' started.
develop L2 calibration [first, tone, WB] ms: CPU [0.539709, 0.268583, 0.314125]; GPU [2.563834, 0.788375, 0.982625]
Test Case '-[TesseraCoreTests.DevelopRecoveryAdmissionBehaviorTests testHeldGridDestinationResolvesTargetByImageIdentityAfterLibraryRevisionChanges]' passed (0.031 seconds).
Test Case '-[TesseraCoreTests.DevelopRecoveryAdmissionBehaviorTests testLatestViewIntentCommitsAfterOneHeldDevelopClose]' started.
develop L2 calibration [first, tone, WB] ms: CPU [0.548167, 0.318208, 0.403792]; GPU [2.6155839999999997, 0.7755000000000001, 0.878875]
Test Case '-[TesseraCoreTests.DevelopRecoveryAdmissionBehaviorTests testLatestViewIntentCommitsAfterOneHeldDevelopClose]' passed (0.030 seconds).
Test Case '-[TesseraCoreTests.DevelopRecoveryAdmissionBehaviorTests testLayeredCompletionCannotTakeOverAfterLibraryReplacement]' started.
develop L2 calibration [first, tone, WB] ms: CPU [0.540166, 0.270834, 0.284666]; GPU [2.788541, 1.2275420000000001, 1.472583]
Test Case '-[TesseraCoreTests.DevelopRecoveryAdmissionBehaviorTests testLayeredCompletionCannotTakeOverAfterLibraryReplacement]' passed (0.040 seconds).
Test Case '-[TesseraCoreTests.DevelopRecoveryAdmissionBehaviorTests testLibraryDestinationDuringLayersCloseInvalidatesCopyUntilReissued]' started.
develop L2 calibration [first, tone, WB] ms: CPU [0.560083, 0.268042, 0.278709]; GPU [2.6870420000000004, 0.89875, 0.8909579999999999]
Test Case '-[TesseraCoreTests.DevelopRecoveryAdmissionBehaviorTests testLibraryDestinationDuringLayersCloseInvalidatesCopyUntilReissued]' passed (0.032 seconds).
Test Case '-[TesseraCoreTests.DevelopRecoveryAdmissionBehaviorTests testPresentingExportSheetDoesNotCloseOrReserveDevelopPixels]' started.
develop L2 calibration [first, tone, WB] ms: CPU [0.533875, 0.27820900000000004, 0.292834]; GPU [2.552333, 0.8374590000000001, 1.13425]
Test Case '-[TesseraCoreTests.DevelopRecoveryAdmissionBehaviorTests testPresentingExportSheetDoesNotCloseOrReserveDevelopPixels]' passed (0.045 seconds).
Test Case '-[TesseraCoreTests.DevelopRecoveryAdmissionBehaviorTests testSelectionDuringHeldLayerBackendKeepsReservationAndPreventsStaleViewStatus]' started.
develop L2 calibration [first, tone, WB] ms: CPU [0.511208, 0.29479099999999997, 0.293458]; GPU [2.546584, 1.1750420000000001, 0.8524579999999999]
Test Case '-[TesseraCoreTests.DevelopRecoveryAdmissionBehaviorTests testSelectionDuringHeldLayerBackendKeepsReservationAndPreventsStaleViewStatus]' passed (0.033 seconds).
Test Case '-[TesseraCoreTests.DevelopRecoveryAdmissionBehaviorTests testSelectionDuringLayersCloseInvalidatesCopyButStillRequiresFreshSelection]' started.
develop L2 calibration [first, tone, WB] ms: CPU [0.531958, 0.272208, 0.314208]; GPU [2.538625, 1.075958, 1.067166]
Test Case '-[TesseraCoreTests.DevelopRecoveryAdmissionBehaviorTests testSelectionDuringLayersCloseInvalidatesCopyButStillRequiresFreshSelection]' passed (0.030 seconds).
Test Case '-[TesseraCoreTests.DevelopRecoveryAdmissionBehaviorTests testStaleLayeredFailurePreservesReplacementStatusAndReleasesSourceGate]' started.
develop L2 calibration [first, tone, WB] ms: CPU [0.532333, 0.27841699999999997, 0.299084]; GPU [2.550125, 0.893167, 0.933041]
Test Case '-[TesseraCoreTests.DevelopRecoveryAdmissionBehaviorTests testStaleLayeredFailurePreservesReplacementStatusAndReleasesSourceGate]' passed (0.038 seconds).
Test Case '-[TesseraCoreTests.DevelopRecoveryAdmissionBehaviorTests testSuccessfulRetryClearsRecoveryOwnedBlockedNavigationStatus]' started.
develop L2 calibration [first, tone, WB] ms: CPU [0.526167, 0.299, 0.29775]; GPU [2.535625, 0.544, 0.9141670000000001]
Test Case '-[TesseraCoreTests.DevelopRecoveryAdmissionBehaviorTests testSuccessfulRetryClearsRecoveryOwnedBlockedNavigationStatus]' passed (0.043 seconds).
Test Case '-[TesseraCoreTests.DevelopRecoveryAdmissionBehaviorTests testSuccessfulRetryPreservesNewerUnrelatedStatus]' started.
develop L2 calibration [first, tone, WB] ms: CPU [0.551458, 0.278208, 0.32887500000000003]; GPU [2.7269170000000003, 0.540791, 0.6890000000000001]
Test Case '-[TesseraCoreTests.DevelopRecoveryAdmissionBehaviorTests testSuccessfulRetryPreservesNewerUnrelatedStatus]' passed (0.039 seconds).
Test Case '-[TesseraCoreTests.DevelopRecoveryAdmissionBehaviorTests testSupersededFolderCallbackSettlesOnceAndMayReenterOpenFolder]' started.
develop L2 calibration [first, tone, WB] ms: CPU [0.535625, 0.269625, 0.289]; GPU [2.463875, 0.629166, 0.777833]
Test Case '-[TesseraCoreTests.DevelopRecoveryAdmissionBehaviorTests testSupersededFolderCallbackSettlesOnceAndMayReenterOpenFolder]' passed (0.077 seconds).
Test Suite 'DevelopRecoveryAdmissionBehaviorTests' passed at 2026-09-28 14:57:15.706.
	 Executed 19 tests, with 0 failures (0 unexpected) in 0.701 (0.702) seconds
Test Suite 'DevelopRecoveryAdmissionTests' started at 2026-09-28 14:57:15.706.
Test Case '-[TesseraCoreTests.DevelopRecoveryAdmissionTests testLaterConflictingAliasGateWaitsForEarlierReservationBeforeClosing]' started.
develop L2 calibration [first, tone, WB] ms: CPU [0.534083, 0.263, 0.28204199999999996]; GPU [2.497667, 0.8270000000000001, 0.857]
Test Case '-[TesseraCoreTests.DevelopRecoveryAdmissionTests testLaterConflictingAliasGateWaitsForEarlierReservationBeforeClosing]' passed (0.045 seconds).
Test Case '-[TesseraCoreTests.DevelopRecoveryAdmissionTests testReservationsCoverSamePathAndHardLinkAliasesButNotUnrelatedSources]' started.
Test Case '-[TesseraCoreTests.DevelopRecoveryAdmissionTests testReservationsCoverSamePathAndHardLinkAliasesButNotUnrelatedSources]' passed (0.021 seconds).
Test Suite 'DevelopRecoveryAdmissionTests' passed at 2026-09-28 14:57:15.773.
	 Executed 2 tests, with 0 failures (0 unexpected) in 0.066 (0.067) seconds
Test Suite 'DevelopRecoveryCoordinatorTests' started at 2026-09-28 14:57:15.773.
Test Case '-[TesseraCoreTests.DevelopRecoveryCoordinatorTests testFailedActiveCloseDoesNotAdmitAnotherSamePhotoOpen]' started.
develop L2 calibration [first, tone, WB] ms: CPU [4.514459, 0.319666, 0.298375]; GPU [7.130333, 0.9951249999999999, 0.9309999999999999]
Test Case '-[TesseraCoreTests.DevelopRecoveryCoordinatorTests testFailedActiveCloseDoesNotAdmitAnotherSamePhotoOpen]' passed (0.032 seconds).
Test Case '-[TesseraCoreTests.DevelopRecoveryCoordinatorTests testFailedCleanupOfStaleOpenDoesNotAdmitSameOwnerPhotoOpen]' started.
develop L2 calibration [first, tone, WB] ms: CPU [4.569958, 0.264125, 0.28225]; GPU [6.612209, 0.8215, 0.893833]
Test Case '-[TesseraCoreTests.DevelopRecoveryCoordinatorTests testFailedCleanupOfStaleOpenDoesNotAdmitSameOwnerPhotoOpen]' passed (0.035 seconds).
Test Case '-[TesseraCoreTests.DevelopRecoveryCoordinatorTests testSupersededAdmissionErrorPreservesReplacementLoadingAndReadyState]' started.
develop L2 calibration [first, tone, WB] ms: CPU [4.482458, 0.29341700000000004, 0.4345]; GPU [6.467416, 0.89075, 0.836833]
develop L2 calibration [first, tone, WB] ms: CPU [4.497916999999999, 0.298083, 0.417]; GPU [7.780292, 1.117958, 1.122209]
Test Case '-[TesseraCoreTests.DevelopRecoveryCoordinatorTests testSupersededAdmissionErrorPreservesReplacementLoadingAndReadyState]' passed (0.072 seconds).
Test Case '-[TesseraCoreTests.DevelopRecoveryCoordinatorTests testThrownAdmissionErrorIsVisibleAndFreshOpenSucceedsAfterReentry]' started.
develop L2 calibration [first, tone, WB] ms: CPU [4.486375, 0.281459, 0.297625]; GPU [6.79275, 0.846375, 0.96375]
Test Case '-[TesseraCoreTests.DevelopRecoveryCoordinatorTests testThrownAdmissionErrorIsVisibleAndFreshOpenSucceedsAfterReentry]' passed (0.038 seconds).
Test Suite 'DevelopRecoveryCoordinatorTests' passed at 2026-09-28 14:57:15.951.
	 Executed 4 tests, with 0 failures (0 unexpected) in 0.177 (0.178) seconds
Test Suite 'DevelopRecoveryStateTests' started at 2026-09-28 14:57:15.951.
Test Case '-[TesseraCoreTests.DevelopRecoveryStateTests testFailedCloseRetainsOwnerAndControllerUntilExplicitRetrySucceeds]' started.
develop L2 calibration [first, tone, WB] ms: CPU [4.465, 0.30725, 0.294375]; GPU [6.784708, 0.992375, 1.087833]
Test Case '-[TesseraCoreTests.DevelopRecoveryStateTests testFailedCloseRetainsOwnerAndControllerUntilExplicitRetrySucceeds]' passed (0.037 seconds).
Test Case '-[TesseraCoreTests.DevelopRecoveryStateTests testFailedStaleOpenCleanupRegistersBeforeInitiatingBarrierReturns]' started.
develop L2 calibration [first, tone, WB] ms: CPU [4.442375, 0.274208, 0.32249999999999995]; GPU [6.4443340000000005, 0.6231249999999999, 0.876791]
Test Case '-[TesseraCoreTests.DevelopRecoveryStateTests testFailedStaleOpenCleanupRegistersBeforeInitiatingBarrierReturns]' passed (0.032 seconds).
Test Case '-[TesseraCoreTests.DevelopRecoveryStateTests testFinishOpenClosesProducedControllerThatWasNotTransferred]' started.
develop L2 calibration [first, tone, WB] ms: CPU [4.498292, 0.27137500000000003, 0.317208]; GPU [6.374791, 0.568083, 0.688917]
Test Case '-[TesseraCoreTests.DevelopRecoveryStateTests testFinishOpenClosesProducedControllerThatWasNotTransferred]' passed (0.031 seconds).
Test Case '-[TesseraCoreTests.DevelopRecoveryStateTests testJoinedCloseCallersShareOneFailureAndDoNotAutoRetry]' started.
develop L2 calibration [first, tone, WB] ms: CPU [4.402125, 0.269084, 0.316625]; GPU [6.254625, 0.7559170000000001, 0.7250829999999999]
Test Case '-[TesseraCoreTests.DevelopRecoveryStateTests testJoinedCloseCallersShareOneFailureAndDoNotAutoRetry]' passed (0.032 seconds).
Test Case '-[TesseraCoreTests.DevelopRecoveryStateTests testLateProducedControllerIsRetainedAndCanBeRetried]' started.
develop L2 calibration [first, tone, WB] ms: CPU [4.4165, 0.28479200000000005, 0.31879199999999996]; GPU [6.399375, 0.763, 0.843125]
Test Case '-[TesseraCoreTests.DevelopRecoveryStateTests testLateProducedControllerIsRetainedAndCanBeRetried]' passed (0.033 seconds).
Test Case '-[TesseraCoreTests.DevelopRecoveryStateTests testOwnerlessRecoveryRecordBlocksEveryLibraryUntilResolved]' started.
develop L2 calibration [first, tone, WB] ms: CPU [4.383209, 0.273167, 0.317541]; GPU [6.644791, 0.886625, 0.8989999999999999]
Test Case '-[TesseraCoreTests.DevelopRecoveryStateTests testOwnerlessRecoveryRecordBlocksEveryLibraryUntilResolved]' passed (0.032 seconds).
Test Case '-[TesseraCoreTests.DevelopRecoveryStateTests testSuccessfulBarrierKeepsAdmissionReservedUntilGateFinish]' started.
develop L2 calibration [first, tone, WB] ms: CPU [4.407959, 0.270791, 0.32329199999999997]; GPU [6.472958, 0.872875, 0.6768329999999999]
Test Case '-[TesseraCoreTests.DevelopRecoveryStateTests testSuccessfulBarrierKeepsAdmissionReservedUntilGateFinish]' passed (0.031 seconds).
Test Case '-[TesseraCoreTests.DevelopRecoveryStateTests testTransferRequiresMatchingOwnerAndExactControllerRecipient]' started.
develop L2 calibration [first, tone, WB] ms: CPU [4.3309999999999995, 0.31375000000000003, 0.315459]; GPU [6.740334, 0.8892089999999999, 1.020667]
Test Case '-[TesseraCoreTests.DevelopRecoveryStateTests testTransferRequiresMatchingOwnerAndExactControllerRecipient]' passed (0.031 seconds).
Test Case '-[TesseraCoreTests.DevelopRecoveryStateTests testUnknownSessionCloseFailsClosed]' started.
Test Case '-[TesseraCoreTests.DevelopRecoveryStateTests testUnknownSessionCloseFailsClosed]' passed (0.000 seconds).
Test Suite 'DevelopRecoveryStateTests' passed at 2026-09-28 14:57:16.210.
	 Executed 9 tests, with 0 failures (0 unexpected) in 0.259 (0.260) seconds
Test Suite 'DevelopTests' started at 2026-09-28 14:57:16.210.
Test Case '-[TesseraCoreTests.DevelopTests testAppModelOpensRenderedJpegAndHeic]' started.
/Users/rutmehta/.codex/worktrees/export-integration/tessera/apps/mac/build/develop-app-rendered-EBDB299B-E127-48BF-BE64-D05A816FF7E6/shoot/photo.jpg
  /Users/rutmehta/.codex/worktrees/export-integration/tessera/apps/mac/build/develop-app-rendered-EBDB299B-E127-48BF-BE64-D05A816FF7E6/shoot/photo.heic
develop L2 calibration [first, tone, WB] ms: CPU [0.411166, 0.255708, 0.255417]; GPU [2.570041, 0.852625, 0.894292]
Test Case '-[TesseraCoreTests.DevelopTests testAppModelOpensRenderedJpegAndHeic]' passed (0.302 seconds).
Test Case '-[TesseraCoreTests.DevelopTests testJpegIsDevelopable]' started.
develop L2 calibration [first, tone, WB] ms: CPU [0.328208, 0.276208, 0.24774999999999997]; GPU [2.514959, 0.9021250000000001, 1.0635]
Test Case '-[TesseraCoreTests.DevelopTests testJpegIsDevelopable]' passed (0.054 seconds).
Test Case '-[TesseraCoreTests.DevelopTests testSettingsChangeRendersIntoTheSurfaceAndReopenRestoresExposure]' started.
develop L2 calibration [first, tone, WB] ms: CPU [471.699208, 191.26075, 223.604709]; GPU [388.792417, 2.328459, 8.309708]
develop L2 calibration [first, tone, WB] ms: CPU [492.048708, 194.21741600000001, 228.93825]; GPU [330.68491700000004, 1.61425, 8.183875]
Test Case '-[TesseraCoreTests.DevelopTests testSettingsChangeRendersIntoTheSurfaceAndReopenRestoresExposure]' passed (2.952 seconds).
Test Suite 'DevelopTests' passed at 2026-09-28 14:57:19.519.
	 Executed 3 tests, with 0 failures (0 unexpected) in 3.309 (3.309) seconds
Test Suite 'DocumentAdjustmentAnalysisTests' started at 2026-09-28 14:57:19.519.
Test Case '-[TesseraCoreTests.DocumentAdjustmentAnalysisTests testAutoToneStretchesEachChannelAndColorSetsGamma]' started.
Test Case '-[TesseraCoreTests.DocumentAdjustmentAnalysisTests testAutoToneStretchesEachChannelAndColorSetsGamma]' passed (0.001 seconds).
Test Case '-[TesseraCoreTests.DocumentAdjustmentAnalysisTests testBlackWhiteAutoMatchesLumaAndKeepsDefaultsForMissingHues]' started.
Test Case '-[TesseraCoreTests.DocumentAdjustmentAnalysisTests testBlackWhiteAutoMatchesLumaAndKeepsDefaultsForMissingHues]' passed (0.000 seconds).
Test Case '-[TesseraCoreTests.DocumentAdjustmentAnalysisTests testCompositeAnalysisNeutralizesTheLayerAndLeavesNoTrace]' started.
Test Case '-[TesseraCoreTests.DocumentAdjustmentAnalysisTests testCompositeAnalysisNeutralizesTheLayerAndLeavesNoTrace]' passed (0.017 seconds).
Test Case '-[TesseraCoreTests.DocumentAdjustmentAnalysisTests testCubeAnd3DLLoaders]' started.
Test Case '-[TesseraCoreTests.DocumentAdjustmentAnalysisTests testCubeAnd3DLLoaders]' passed (0.000 seconds).
Test Case '-[TesseraCoreTests.DocumentAdjustmentAnalysisTests testEqualizeMapsAreCDFMinNormalized]' started.
Test Case '-[TesseraCoreTests.DocumentAdjustmentAnalysisTests testEqualizeMapsAreCDFMinNormalized]' passed (0.000 seconds).
Test Case '-[TesseraCoreTests.DocumentAdjustmentAnalysisTests testHDREqualizeFreezesALuminanceMap]' started.
Test Case '-[TesseraCoreTests.DocumentAdjustmentAnalysisTests testHDREqualizeFreezesALuminanceMap]' passed (0.000 seconds).
Test Case '-[TesseraCoreTests.DocumentAdjustmentAnalysisTests testLabStatisticsAndMatchColor]' started.
Test Case '-[TesseraCoreTests.DocumentAdjustmentAnalysisTests testLabStatisticsAndMatchColor]' passed (0.000 seconds).
Test Case '-[TesseraCoreTests.DocumentAdjustmentAnalysisTests testMenusListEveryKindOnceInPhotoshopOrder]' started.
Test Case '-[TesseraCoreTests.DocumentAdjustmentAnalysisTests testMenusListEveryKindOnceInPhotoshopOrder]' passed (0.000 seconds).
Test Case '-[TesseraCoreTests.DocumentAdjustmentAnalysisTests testNewImageDependentLayersAreAnalysed]' started.
Test Case '-[TesseraCoreTests.DocumentAdjustmentAnalysisTests testNewImageDependentLayersAreAnalysed]' passed (0.016 seconds).
Test Case '-[TesseraCoreTests.DocumentAdjustmentAnalysisTests testPhotoFilterPresetsMatchTheEngineSwatches]' started.
Test Case '-[TesseraCoreTests.DocumentAdjustmentAnalysisTests testPhotoFilterPresetsMatchTheEngineSwatches]' passed (0.000 seconds).
Test Case '-[TesseraCoreTests.DocumentAdjustmentAnalysisTests testSaveAsNames]' started.
Test Case '-[TesseraCoreTests.DocumentAdjustmentAnalysisTests testSaveAsNames]' passed (0.000 seconds).
Test Case '-[TesseraCoreTests.DocumentAdjustmentAnalysisTests testStubRendersTheNewPointwiseKinds]' started.
Test Case '-[TesseraCoreTests.DocumentAdjustmentAnalysisTests testStubRendersTheNewPointwiseKinds]' passed (0.001 seconds).
Test Suite 'DocumentAdjustmentAnalysisTests' passed at 2026-09-28 14:57:19.555.
	 Executed 12 tests, with 0 failures (0 unexpected) in 0.035 (0.035) seconds
Test Suite 'DocumentAdjustmentJSONTests' started at 2026-09-28 14:57:19.555.
Test Case '-[TesseraCoreTests.DocumentAdjustmentJSONTests testAuto]' started.
Test Case '-[TesseraCoreTests.DocumentAdjustmentJSONTests testAuto]' passed (0.011 seconds).
Test Case '-[TesseraCoreTests.DocumentAdjustmentJSONTests testBlackWhite]' started.
Test Case '-[TesseraCoreTests.DocumentAdjustmentJSONTests testBlackWhite]' passed (0.010 seconds).
Test Case '-[TesseraCoreTests.DocumentAdjustmentJSONTests testBrightnessContrast]' started.
Test Case '-[TesseraCoreTests.DocumentAdjustmentJSONTests testBrightnessContrast]' passed (0.010 seconds).
Test Case '-[TesseraCoreTests.DocumentAdjustmentJSONTests testChannelMixer]' started.
Test Case '-[TesseraCoreTests.DocumentAdjustmentJSONTests testChannelMixer]' passed (0.011 seconds).
Test Case '-[TesseraCoreTests.DocumentAdjustmentJSONTests testColorBalance]' started.
Test Case '-[TesseraCoreTests.DocumentAdjustmentJSONTests testColorBalance]' passed (0.010 seconds).
Test Case '-[TesseraCoreTests.DocumentAdjustmentJSONTests testColorLookup]' started.
Test Case '-[TesseraCoreTests.DocumentAdjustmentJSONTests testColorLookup]' passed (0.011 seconds).
Test Case '-[TesseraCoreTests.DocumentAdjustmentJSONTests testCurves]' started.
Test Case '-[TesseraCoreTests.DocumentAdjustmentJSONTests testCurves]' passed (0.010 seconds).
Test Case '-[TesseraCoreTests.DocumentAdjustmentJSONTests testDesaturate]' started.
Test Case '-[TesseraCoreTests.DocumentAdjustmentJSONTests testDesaturate]' passed (0.010 seconds).
Test Case '-[TesseraCoreTests.DocumentAdjustmentJSONTests testEqualize]' started.
Test Case '-[TesseraCoreTests.DocumentAdjustmentJSONTests testEqualize]' passed (0.010 seconds).
Test Case '-[TesseraCoreTests.DocumentAdjustmentJSONTests testExposure]' started.
Test Case '-[TesseraCoreTests.DocumentAdjustmentJSONTests testExposure]' passed (0.011 seconds).
Test Case '-[TesseraCoreTests.DocumentAdjustmentJSONTests testFixtureCoversEveryKindAndRoundTrips]' started.
Test Case '-[TesseraCoreTests.DocumentAdjustmentJSONTests testFixtureCoversEveryKindAndRoundTrips]' passed (0.001 seconds).
Test Case '-[TesseraCoreTests.DocumentAdjustmentJSONTests testGradientMap]' started.
Test Case '-[TesseraCoreTests.DocumentAdjustmentJSONTests testGradientMap]' passed (0.013 seconds).
Test Case '-[TesseraCoreTests.DocumentAdjustmentJSONTests testHdrToning]' started.
Test Case '-[TesseraCoreTests.DocumentAdjustmentJSONTests testHdrToning]' passed (0.011 seconds).
Test Case '-[TesseraCoreTests.DocumentAdjustmentJSONTests testHueSaturation]' started.
Test Case '-[TesseraCoreTests.DocumentAdjustmentJSONTests testHueSaturation]' passed (0.011 seconds).
Test Case '-[TesseraCoreTests.DocumentAdjustmentJSONTests testInvert]' started.
Test Case '-[TesseraCoreTests.DocumentAdjustmentJSONTests testInvert]' passed (0.011 seconds).
Test Case '-[TesseraCoreTests.DocumentAdjustmentJSONTests testLevels]' started.
Test Case '-[TesseraCoreTests.DocumentAdjustmentJSONTests testLevels]' passed (0.013 seconds).
Test Case '-[TesseraCoreTests.DocumentAdjustmentJSONTests testMatchColor]' started.
Test Case '-[TesseraCoreTests.DocumentAdjustmentJSONTests testMatchColor]' passed (0.011 seconds).
Test Case '-[TesseraCoreTests.DocumentAdjustmentJSONTests testNeutralValuesRoundTripThroughTheEngine]' started.
Test Case '-[TesseraCoreTests.DocumentAdjustmentJSONTests testNeutralValuesRoundTripThroughTheEngine]' passed (0.011 seconds).
Test Case '-[TesseraCoreTests.DocumentAdjustmentJSONTests testPhotoFilter]' started.
Test Case '-[TesseraCoreTests.DocumentAdjustmentJSONTests testPhotoFilter]' passed (0.011 seconds).
Test Case '-[TesseraCoreTests.DocumentAdjustmentJSONTests testPosterize]' started.
Test Case '-[TesseraCoreTests.DocumentAdjustmentJSONTests testPosterize]' passed (0.011 seconds).
Test Case '-[TesseraCoreTests.DocumentAdjustmentJSONTests testReplaceColor]' started.
Test Case '-[TesseraCoreTests.DocumentAdjustmentJSONTests testReplaceColor]' passed (0.011 seconds).
Test Case '-[TesseraCoreTests.DocumentAdjustmentJSONTests testSelectiveColor]' started.
Test Case '-[TesseraCoreTests.DocumentAdjustmentJSONTests testSelectiveColor]' passed (0.011 seconds).
Test Case '-[TesseraCoreTests.DocumentAdjustmentJSONTests testShadowsHighlights]' started.
Test Case '-[TesseraCoreTests.DocumentAdjustmentJSONTests testShadowsHighlights]' passed (0.012 seconds).
Test Case '-[TesseraCoreTests.DocumentAdjustmentJSONTests testThreshold]' started.
Test Case '-[TesseraCoreTests.DocumentAdjustmentJSONTests testThreshold]' passed (0.011 seconds).
Test Case '-[TesseraCoreTests.DocumentAdjustmentJSONTests testVibrance]' started.
Test Case '-[TesseraCoreTests.DocumentAdjustmentJSONTests testVibrance]' passed (0.012 seconds).
Test Suite 'DocumentAdjustmentJSONTests' passed at 2026-09-28 14:57:19.822.
	 Executed 25 tests, with 0 failures (0 unexpected) in 0.266 (0.267) seconds
Test Suite 'DocumentAdjustmentModelTests' started at 2026-09-28 14:57:19.822.
Test Case '-[TesseraCoreTests.DocumentAdjustmentModelTests testEveryAdjustmentRoundTripsThroughJSON]' started.
Test Case '-[TesseraCoreTests.DocumentAdjustmentModelTests testEveryAdjustmentRoundTripsThroughJSON]' passed (0.000 seconds).
Test Case '-[TesseraCoreTests.DocumentAdjustmentModelTests testFillsRoundTrip]' started.
Test Case '-[TesseraCoreTests.DocumentAdjustmentModelTests testFillsRoundTrip]' passed (0.000 seconds).
Test Suite 'DocumentAdjustmentModelTests' passed at 2026-09-28 14:57:19.823.
	 Executed 2 tests, with 0 failures (0 unexpected) in 0.001 (0.001) seconds
Test Suite 'DocumentBlendModeTests' started at 2026-09-28 14:57:19.823.
Test Case '-[TesseraCoreTests.DocumentBlendModeTests testRoundTripAndGroups]' started.
Test Case '-[TesseraCoreTests.DocumentBlendModeTests testRoundTripAndGroups]' passed (0.000 seconds).
Test Case '-[TesseraCoreTests.DocumentBlendModeTests testStubAcceptsEveryModeAndRejectsOthers]' started.
Test Case '-[TesseraCoreTests.DocumentBlendModeTests testStubAcceptsEveryModeAndRejectsOthers]' passed (0.000 seconds).
Test Case '-[TesseraCoreTests.DocumentBlendModeTests testTwentySevenModesInPhotoshopOrder]' started.
Test Case '-[TesseraCoreTests.DocumentBlendModeTests testTwentySevenModesInPhotoshopOrder]' passed (0.000 seconds).
Test Suite 'DocumentBlendModeTests' passed at 2026-09-28 14:57:19.824.
	 Executed 3 tests, with 0 failures (0 unexpected) in 0.001 (0.001) seconds
Test Suite 'DocumentChannelsTests' started at 2026-09-28 14:57:19.824.
Test Case '-[TesseraCoreTests.DocumentChannelsTests testComponentVisibilityAndNames]' started.
Test Case '-[TesseraCoreTests.DocumentChannelsTests testComponentVisibilityAndNames]' passed (0.000 seconds).
Test Case '-[TesseraCoreTests.DocumentChannelsTests testEngineChannelsThroughTheAdapter]' started.
Test Case '-[TesseraCoreTests.DocumentChannelsTests testEngineChannelsThroughTheAdapter]' passed (0.017 seconds).
Test Case '-[TesseraCoreTests.DocumentChannelsTests testLoadSelectionFormMapping]' started.
Test Case '-[TesseraCoreTests.DocumentChannelsTests testLoadSelectionFormMapping]' passed (0.000 seconds).
Test Case '-[TesseraCoreTests.DocumentChannelsTests testPanelRowsFromRecords]' started.
Test Case '-[TesseraCoreTests.DocumentChannelsTests testPanelRowsFromRecords]' passed (0.000 seconds).
Test Case '-[TesseraCoreTests.DocumentChannelsTests testQuickMaskEnterExitOnTheStub]' started.
Test Case '-[TesseraCoreTests.DocumentChannelsTests testQuickMaskEnterExitOnTheStub]' passed (0.000 seconds).
Test Case '-[TesseraCoreTests.DocumentChannelsTests testSaveSelectionFormMapping]' started.
Test Case '-[TesseraCoreTests.DocumentChannelsTests testSaveSelectionFormMapping]' passed (0.000 seconds).
Test Case '-[TesseraCoreTests.DocumentChannelsTests testStubChannelsSaveLoadAndEdit]' started.
Test Case '-[TesseraCoreTests.DocumentChannelsTests testStubChannelsSaveLoadAndEdit]' passed (0.000 seconds).
Test Suite 'DocumentChannelsTests' passed at 2026-09-28 14:57:19.842.
	 Executed 7 tests, with 0 failures (0 unexpected) in 0.018 (0.018) seconds
Test Suite 'DocumentFiltersTests' started at 2026-09-28 14:57:19.842.
Test Case '-[TesseraCoreTests.DocumentFiltersTests testEngineFiltersThroughTheAdapter]' started.
Test Case '-[TesseraCoreTests.DocumentFiltersTests testEngineFiltersThroughTheAdapter]' passed (0.015 seconds).
Test Case '-[TesseraCoreTests.DocumentFiltersTests testFilterSettingsJSONRoundTrips]' started.
Test Case '-[TesseraCoreTests.DocumentFiltersTests testFilterSettingsJSONRoundTrips]' passed (0.001 seconds).
Test Case '-[TesseraCoreTests.DocumentFiltersTests testLastFilterMemoryRemembersPerFilterAndPersists]' started.
Test Case '-[TesseraCoreTests.DocumentFiltersTests testLastFilterMemoryRemembersPerFilterAndPersists]' passed (0.002 seconds).
Test Case '-[TesseraCoreTests.DocumentFiltersTests testMenusOpenDialogsAndLastFilterReapplies]' started.
Test Case '-[TesseraCoreTests.DocumentFiltersTests testMenusOpenDialogsAndLastFilterReapplies]' passed (0.043 seconds).
Test Case '-[TesseraCoreTests.DocumentFiltersTests testSchemaMapsEveryControlKind]' started.
Test Case '-[TesseraCoreTests.DocumentFiltersTests testSchemaMapsEveryControlKind]' passed (0.000 seconds).
Test Case '-[TesseraCoreTests.DocumentFiltersTests testTheEngineCatalogueDecodesAndGroups]' started.
Test Case '-[TesseraCoreTests.DocumentFiltersTests testTheEngineCatalogueDecodesAndGroups]' passed (0.000 seconds).
Test Case '-[TesseraCoreTests.DocumentFiltersTests testTheStubListsFiltersButNeedsTheEngineToApply]' started.
Test Case '-[TesseraCoreTests.DocumentFiltersTests testTheStubListsFiltersButNeedsTheEngineToApply]' passed (0.001 seconds).
Test Suite 'DocumentFiltersTests' passed at 2026-09-28 14:57:19.905.
	 Executed 7 tests, with 0 failures (0 unexpected) in 0.062 (0.063) seconds
Test Suite 'DocumentInspectorLayoutTests' started at 2026-09-28 14:57:19.905.
Test Case '-[TesseraCoreTests.DocumentInspectorLayoutTests testColumnBudgetAt1440AndAdjacentWidths]' started.
Test Case '-[TesseraCoreTests.DocumentInspectorLayoutTests testColumnBudgetAt1440AndAdjacentWidths]' passed (0.000 seconds).
Test Case '-[TesseraCoreTests.DocumentInspectorLayoutTests testInspectorFitsItsColumnForEveryLayerKindAt1440AndAdjacentWidths]' started.
Test Case '-[TesseraCoreTests.DocumentInspectorLayoutTests testInspectorFitsItsColumnForEveryLayerKindAt1440AndAdjacentWidths]' passed (6.473 seconds).
Test Suite 'DocumentInspectorLayoutTests' passed at 2026-09-28 14:57:26.377.
	 Executed 2 tests, with 0 failures (0 unexpected) in 6.473 (6.473) seconds
Test Suite 'DocumentKeyMapTests' started at 2026-09-28 14:57:26.377.
Test Case '-[TesseraCoreTests.DocumentKeyMapTests testCommandShortcuts]' started.
Test Case '-[TesseraCoreTests.DocumentKeyMapTests testCommandShortcuts]' passed (0.000 seconds).
Test Case '-[TesseraCoreTests.DocumentKeyMapTests testCullingKeysDoNothingInDocumentMode]' started.
Test Case '-[TesseraCoreTests.DocumentKeyMapTests testCullingKeysDoNothingInDocumentMode]' passed (0.000 seconds).
Test Case '-[TesseraCoreTests.DocumentKeyMapTests testToolsAndPanelKeys]' started.
Test Case '-[TesseraCoreTests.DocumentKeyMapTests testToolsAndPanelKeys]' passed (0.000 seconds).
Test Suite 'DocumentKeyMapTests' passed at 2026-09-28 14:57:26.378.
	 Executed 3 tests, with 0 failures (0 unexpected) in 0.000 (0.000) seconds
Test Suite 'DocumentKeyRoutingTests' started at 2026-09-28 14:57:26.378.
Test Case '-[TesseraCoreTests.DocumentKeyRoutingTests testCommandEInGridDisclosesRenderedCopyBeforeExistingHandoff]' started.
Test Case '-[TesseraCoreTests.DocumentKeyRoutingTests testCommandEInGridDisclosesRenderedCopyBeforeExistingHandoff]' passed (0.053 seconds).
Test Case '-[TesseraCoreTests.DocumentKeyRoutingTests testControllerGroupsAndDragsAsOneStepEach]' started.
Test Case '-[TesseraCoreTests.DocumentKeyRoutingTests testControllerGroupsAndDragsAsOneStepEach]' passed (0.001 seconds).
Test Case '-[TesseraCoreTests.DocumentKeyRoutingTests testCullingKeysDoNotFireInDocumentMode]' started.
Test Case '-[TesseraCoreTests.DocumentKeyRoutingTests testCullingKeysDoNotFireInDocumentMode]' passed (0.004 seconds).
Test Case '-[TesseraCoreTests.DocumentKeyRoutingTests testDocumentKeys]' started.
Test Case '-[TesseraCoreTests.DocumentKeyRoutingTests testDocumentKeys]' passed (0.006 seconds).
Test Case '-[TesseraCoreTests.DocumentKeyRoutingTests testUndoRoutesToTheDocumentInDocumentMode]' started.
Test Case '-[TesseraCoreTests.DocumentKeyRoutingTests testUndoRoutesToTheDocumentInDocumentMode]' passed (0.000 seconds).
Test Suite 'DocumentKeyRoutingTests' passed at 2026-09-28 14:57:26.443.
	 Executed 5 tests, with 0 failures (0 unexpected) in 0.065 (0.065) seconds
Test Suite 'DocumentLayersActivationTests' started at 2026-09-28 14:57:26.443.
Test Case '-[TesseraCoreTests.DocumentLayersActivationTests testDefaultActivationIsIndependentOfCallerOwnedStatus]' started.
Test Case '-[TesseraCoreTests.DocumentLayersActivationTests testDefaultActivationIsIndependentOfCallerOwnedStatus]' passed (0.000 seconds).
Test Case '-[TesseraCoreTests.DocumentLayersActivationTests testExistingBackendInstallSelectsInternallyWithoutModePublication]' started.
Test Case '-[TesseraCoreTests.DocumentLayersActivationTests testExistingBackendInstallSelectsInternallyWithoutModePublication]' passed (0.000 seconds).
Test Case '-[TesseraCoreTests.DocumentLayersActivationTests testHeldCallerOwnedLoadInstallsWithoutPublishingModeAndSettlesOnce]' started.
Test Case '-[TesseraCoreTests.DocumentLayersActivationTests testHeldCallerOwnedLoadInstallsWithoutPublishingModeAndSettlesOnce]' passed (0.000 seconds).
Test Case '-[TesseraCoreTests.DocumentLayersActivationTests testOpenRetainsDefaultModePublication]' started.
Test Case '-[TesseraCoreTests.DocumentLayersActivationTests testOpenRetainsDefaultModePublication]' passed (0.000 seconds).
Test Case '-[TesseraCoreTests.DocumentLayersActivationTests testSuppressedActivationStillAllowsWorkspaceStatus]' started.
Test Case '-[TesseraCoreTests.DocumentLayersActivationTests testSuppressedActivationStillAllowsWorkspaceStatus]' passed (0.000 seconds).
Test Suite 'DocumentLayersActivationTests' passed at 2026-09-28 14:57:26.444.
	 Executed 5 tests, with 0 failures (0 unexpected) in 0.001 (0.002) seconds
Test Suite 'DocumentLoadSettlementTests' started at 2026-09-28 14:57:26.444.
Test Case '-[TesseraCoreTests.DocumentLoadSettlementTests testBackendFailureSettlesOnceWithoutInstall]' started.
Test Case '-[TesseraCoreTests.DocumentLoadSettlementTests testBackendFailureSettlesOnceWithoutInstall]' passed (0.002 seconds).
Test Case '-[TesseraCoreTests.DocumentLoadSettlementTests testDelayedBackendCompletionDoesNotReleaseAtDispatch]' started.
Test Case '-[TesseraCoreTests.DocumentLoadSettlementTests testDelayedBackendCompletionDoesNotReleaseAtDispatch]' passed (0.000 seconds).
Test Case '-[TesseraCoreTests.DocumentLoadSettlementTests testEarlyRejectsSettleWithoutExecutor]' started.
Test Case '-[TesseraCoreTests.DocumentLoadSettlementTests testEarlyRejectsSettleWithoutExecutor]' passed (0.000 seconds).
Test Case '-[TesseraCoreTests.DocumentLoadSettlementTests testReleasedWorkspaceStillSettlesAfterBackendReturns]' started.
Test Case '-[TesseraCoreTests.DocumentLoadSettlementTests testReleasedWorkspaceStillSettlesAfterBackendReturns]' passed (0.000 seconds).
Test Suite 'DocumentLoadSettlementTests' passed at 2026-09-28 14:57:26.447.
	 Executed 4 tests, with 0 failures (0 unexpected) in 0.002 (0.002) seconds
Test Suite 'DocumentLoadStatusTests' started at 2026-09-28 14:57:26.447.
Test Case '-[TesseraCoreTests.DocumentLoadStatusTests testCallerOwnedFailureDoesNotOverwriteNewerStatus]' started.
Test Case '-[TesseraCoreTests.DocumentLoadStatusTests testCallerOwnedFailureDoesNotOverwriteNewerStatus]' passed (0.000 seconds).
Test Case '-[TesseraCoreTests.DocumentLoadStatusTests testCallerOwnedRejectionDoesNotPublishStatus]' started.
Test Case '-[TesseraCoreTests.DocumentLoadStatusTests testCallerOwnedRejectionDoesNotPublishStatus]' passed (0.000 seconds).
Test Case '-[TesseraCoreTests.DocumentLoadStatusTests testCallerOwnedSuccessPreservesStatusAndStillInstallsAndSettles]' started.
Test Case '-[TesseraCoreTests.DocumentLoadStatusTests testCallerOwnedSuccessPreservesStatusAndStillInstallsAndSettles]' passed (0.000 seconds).
Test Case '-[TesseraCoreTests.DocumentLoadStatusTests testDefaultRetainsStartFailureAndRejectionMessages]' started.
Test Case '-[TesseraCoreTests.DocumentLoadStatusTests testDefaultRetainsStartFailureAndRejectionMessages]' passed (0.000 seconds).
Test Case '-[TesseraCoreTests.DocumentLoadStatusTests testDefaultSuccessStillPublishesLegacyMessage]' started.
Test Case '-[TesseraCoreTests.DocumentLoadStatusTests testDefaultSuccessStillPublishesLegacyMessage]' passed (0.000 seconds).
Test Suite 'DocumentLoadStatusTests' passed at 2026-09-28 14:57:26.448.
	 Executed 5 tests, with 0 failures (0 unexpected) in 0.001 (0.001) seconds
Test Suite 'DocumentOutlineLifecycleTests' started at 2026-09-28 14:57:26.448.
Test Case '-[TesseraCoreTests.DocumentOutlineLifecycleTests testClearDropsPendingAndCannotResurrectOldOutline]' started.
Test Case '-[TesseraCoreTests.DocumentOutlineLifecycleTests testClearDropsPendingAndCannotResurrectOldOutline]' passed (0.040 seconds).
Test Case '-[TesseraCoreTests.DocumentOutlineLifecycleTests testCloseRejectsRunningResultAndDropsPendingWork]' started.
Test Case '-[TesseraCoreTests.DocumentOutlineLifecycleTests testCloseRejectsRunningResultAndDropsPendingWork]' passed (0.000 seconds).
Test Case '-[TesseraCoreTests.DocumentOutlineLifecycleTests testSwitchDiscardsOldOutlineAndRunsOnlyNewestPendingDocument]' started.
Test Case '-[TesseraCoreTests.DocumentOutlineLifecycleTests testSwitchDiscardsOldOutlineAndRunsOnlyNewestPendingDocument]' passed (0.000 seconds).
Test Suite 'DocumentOutlineLifecycleTests' passed at 2026-09-28 14:57:26.489.
	 Executed 3 tests, with 0 failures (0 unexpected) in 0.041 (0.041) seconds
Test Suite 'DocumentOutlineTests' started at 2026-09-28 14:57:26.489.
Test Case '-[TesseraCoreTests.DocumentOutlineTests testInsertRemoveAndUngroupDiffs]' started.
Test Case '-[TesseraCoreTests.DocumentOutlineTests testInsertRemoveAndUngroupDiffs]' passed (0.000 seconds).
Test Case '-[TesseraCoreTests.DocumentOutlineTests testListOrderDoesNotMatterOnlyIndices]' started.
Test Case '-[TesseraCoreTests.DocumentOutlineTests testListOrderDoesNotMatterOnlyIndices]' passed (0.000 seconds).
Test Case '-[TesseraCoreTests.DocumentOutlineTests testLongestIncreasingSubsequence]' started.
Test Case '-[TesseraCoreTests.DocumentOutlineTests testLongestIncreasingSubsequence]' passed (0.000 seconds).
Test Case '-[TesseraCoreTests.DocumentOutlineTests testMinimalMovesForUnchangedTree]' started.
Test Case '-[TesseraCoreTests.DocumentOutlineTests testMinimalMovesForUnchangedTree]' passed (0.000 seconds).
Test Case '-[TesseraCoreTests.DocumentOutlineTests testMoveIntoGroupAndOutIsOneMoveEach]' started.
Test Case '-[TesseraCoreTests.DocumentOutlineTests testMoveIntoGroupAndOutIsOneMoveEach]' passed (0.000 seconds).
Test Case '-[TesseraCoreTests.DocumentOutlineTests testRandomTreesDiffToTheirTarget]' started.
Test Case '-[TesseraCoreTests.DocumentOutlineTests testRandomTreesDiffToTheirTarget]' passed (0.007 seconds).
Test Case '-[TesseraCoreTests.DocumentOutlineTests testSampleDocumentFlattensTopFirst]' started.
Test Case '-[TesseraCoreTests.DocumentOutlineTests testSampleDocumentFlattensTopFirst]' passed (0.000 seconds).
Test Case '-[TesseraCoreTests.DocumentOutlineTests testSingleReorderIsOneMove]' started.
Test Case '-[TesseraCoreTests.DocumentOutlineTests testSingleReorderIsOneMove]' passed (0.000 seconds).
Test Suite 'DocumentOutlineTests' passed at 2026-09-28 14:57:26.497.
	 Executed 8 tests, with 0 failures (0 unexpected) in 0.008 (0.008) seconds
Test Suite 'DocumentOverlayAnimationTests' started at 2026-09-28 14:57:26.497.
Test Case '-[TesseraCoreTests.DocumentOverlayAnimationTests testConcreteOverlaysNeverScheduleWhileDetached]' started.
Test Case '-[TesseraCoreTests.DocumentOverlayAnimationTests testConcreteOverlaysNeverScheduleWhileDetached]' passed (0.000 seconds).
Test Case '-[TesseraCoreTests.DocumentOverlayAnimationTests testHideUnhideAndWindowDetachHooksReconcileTimer]' started.
Test Case '-[TesseraCoreTests.DocumentOverlayAnimationTests testHideUnhideAndWindowDetachHooksReconcileTimer]' passed (0.000 seconds).
Test Case '-[TesseraCoreTests.DocumentOverlayAnimationTests testReleasedOwnerInvalidatesRetainedTimerWithoutTicks]' started.
Test Case '-[TesseraCoreTests.DocumentOverlayAnimationTests testReleasedOwnerInvalidatesRetainedTimerWithoutTicks]' passed (0.000 seconds).
Test Case '-[TesseraCoreTests.DocumentOverlayAnimationTests testRepeatedUpdatesDoNotDuplicateTimerAndRestartOnce]' started.
Test Case '-[TesseraCoreTests.DocumentOverlayAnimationTests testRepeatedUpdatesDoNotDuplicateTimerAndRestartOnce]' passed (0.000 seconds).
Test Case '-[TesseraCoreTests.DocumentOverlayAnimationTests testTickRechecksVisibilityAndOwnershipBeforeDrawing]' started.
Test Case '-[TesseraCoreTests.DocumentOverlayAnimationTests testTickRechecksVisibilityAndOwnershipBeforeDrawing]' passed (0.000 seconds).
Test Suite 'DocumentOverlayAnimationTests' passed at 2026-09-28 14:57:26.498.
	 Executed 5 tests, with 0 failures (0 unexpected) in 0.001 (0.001) seconds
Test Suite 'DocumentRetouchTests' started at 2026-09-28 14:57:26.498.
Test Case '-[TesseraCoreTests.DocumentRetouchTests testCancelledRemoveNeverReachesHistory]' started.
Test Case '-[TesseraCoreTests.DocumentRetouchTests testCancelledRemoveNeverReachesHistory]' passed (0.014 seconds).
Test Case '-[TesseraCoreTests.DocumentRetouchTests testContentAwareFillIsEnabledWithAMarqueeAndDisabledWithoutASelection]' started.
Test Case '-[TesseraCoreTests.DocumentRetouchTests testContentAwareFillIsEnabledWithAMarqueeAndDisabledWithoutASelection]' passed (0.000 seconds).
Test Case '-[TesseraCoreTests.DocumentRetouchTests testContentAwareFillMenuFollowsTheDocumentSelection]' started.
Test Case '-[TesseraCoreTests.DocumentRetouchTests testContentAwareFillMenuFollowsTheDocumentSelection]' passed (0.007 seconds).
Test Case '-[TesseraCoreTests.DocumentRetouchTests testDownloadAllowedShowsProgressThenRunsTheOperation]' started.
Test Case '-[TesseraCoreTests.DocumentRetouchTests testDownloadAllowedShowsProgressThenRunsTheOperation]' passed (0.014 seconds).
Test Case '-[TesseraCoreTests.DocumentRetouchTests testDownloadFailureIsReportedAndRetryRequestsAgain]' started.
Test Case '-[TesseraCoreTests.DocumentRetouchTests testDownloadFailureIsReportedAndRetryRequestsAgain]' passed (0.014 seconds).
Test Case '-[TesseraCoreTests.DocumentRetouchTests testDownloadsOffNeverRequestsAndSaysSo]' started.
Test Case '-[TesseraCoreTests.DocumentRetouchTests testDownloadsOffNeverRequestsAndSaysSo]' passed (0.002 seconds).
Test Case '-[TesseraCoreTests.DocumentRetouchTests testEngineRetouchThroughTheAdapter]' started.
Test Case '-[TesseraCoreTests.DocumentRetouchTests testEngineRetouchThroughTheAdapter]' passed (0.023 seconds).
Test Case '-[TesseraCoreTests.DocumentRetouchTests testForgettingAWaitingOperationKeepsTheDownload]' started.
Test Case '-[TesseraCoreTests.DocumentRetouchTests testForgettingAWaitingOperationKeepsTheDownload]' passed (0.007 seconds).
Test Case '-[TesseraCoreTests.DocumentRetouchTests testJobsCancelAbandonsWithoutWaitingAndRefusesUntilStopped]' started.
Test Case '-[TesseraCoreTests.DocumentRetouchTests testJobsCancelAbandonsWithoutWaitingAndRefusesUntilStopped]' passed (0.025 seconds).
Test Case '-[TesseraCoreTests.DocumentRetouchTests testMissingWeightsAreNamedWithTheirSource]' started.
Test Case '-[TesseraCoreTests.DocumentRetouchTests testMissingWeightsAreNamedWithTheirSource]' passed (0.000 seconds).
Test Case '-[TesseraCoreTests.DocumentRetouchTests testNeuralCatalogueComesFromTheEngine]' started.
Test Case '-[TesseraCoreTests.DocumentRetouchTests testNeuralCatalogueComesFromTheEngine]' passed (0.000 seconds).
Test Case '-[TesseraCoreTests.DocumentRetouchTests testNeuralSheetDestinationsFollowTheLayer]' started.
Test Case '-[TesseraCoreTests.DocumentRetouchTests testNeuralSheetDestinationsFollowTheLayer]' passed (0.000 seconds).
Test Case '-[TesseraCoreTests.DocumentRetouchTests testOutlineGenerationDropsStaleResults]' started.
Test Case '-[TesseraCoreTests.DocumentRetouchTests testOutlineGenerationDropsStaleResults]' passed (0.000 seconds).
Test Case '-[TesseraCoreTests.DocumentRetouchTests testReEditingANeuralSmartFilterKeepsItsFacesAndOutput]' started.
Test Case '-[TesseraCoreTests.DocumentRetouchTests testReEditingANeuralSmartFilterKeepsItsFacesAndOutput]' passed (0.000 seconds).
Test Case '-[TesseraCoreTests.DocumentRetouchTests testRemoveOptionsMapToEngineParams]' started.
Test Case '-[TesseraCoreTests.DocumentRetouchTests testRemoveOptionsMapToEngineParams]' passed (0.000 seconds).
Test Case '-[TesseraCoreTests.DocumentRetouchTests testSuggestionReviewStartsAcceptedAndAppliesOnlyAccepted]' started.
Test Case '-[TesseraCoreTests.DocumentRetouchTests testSuggestionReviewStartsAcceptedAndAppliesOnlyAccepted]' passed (0.000 seconds).
Test Case '-[TesseraCoreTests.DocumentRetouchTests testTheStubNeedsTheEngine]' started.
Test Case '-[TesseraCoreTests.DocumentRetouchTests testTheStubNeedsTheEngine]' passed (0.000 seconds).
Test Suite 'DocumentRetouchTests' passed at 2026-09-28 14:57:26.605.
	 Executed 17 tests, with 0 failures (0 unexpected) in 0.106 (0.107) seconds
Test Suite 'DocumentSavePresenterTests' started at 2026-09-28 14:57:26.605.
Test Case '-[TesseraCoreTests.DocumentSavePresenterTests testCancelBeforeBeginFromFactoryNeverBeginsNativeSession]' started.
Test Case '-[TesseraCoreTests.DocumentSavePresenterTests testCancelBeforeBeginFromFactoryNeverBeginsNativeSession]' passed (0.000 seconds).
Test Case '-[TesseraCoreTests.DocumentSavePresenterTests testCancelThenWholeNativeLifetimeBeforeBeginReturnsStillDrains]' started.
Test Case '-[TesseraCoreTests.DocumentSavePresenterTests testCancelThenWholeNativeLifetimeBeforeBeginReturnsStillDrains]' passed (0.000 seconds).
Test Case '-[TesseraCoreTests.DocumentSavePresenterTests testCompletionWithCapturedSheetStillNativeQueuedCannotRelease]' started.
Test Case '-[TesseraCoreTests.DocumentSavePresenterTests testCompletionWithCapturedSheetStillNativeQueuedCannotRelease]' passed (0.000 seconds).
Test Case '-[TesseraCoreTests.DocumentSavePresenterTests testDuplicateCompletionBeforeDetachPreservesFirstResponse]' started.
Test Case '-[TesseraCoreTests.DocumentSavePresenterTests testDuplicateCompletionBeforeDetachPreservesFirstResponse]' passed (0.000 seconds).
Test Case '-[TesseraCoreTests.DocumentSavePresenterTests testHeldChildCancellationDefersParentEndIncludingReentrantChildReturn]' started.
Test Case '-[TesseraCoreTests.DocumentSavePresenterTests testHeldChildCancellationDefersParentEndIncludingReentrantChildReturn]' passed (0.000 seconds).
Test Case '-[TesseraCoreTests.DocumentSavePresenterTests testNewBindingMayWaitForOldDrainButOldCloseCannotRemoveNewHost]' started.
Test Case '-[TesseraCoreTests.DocumentSavePresenterTests testNewBindingMayWaitForOldDrainButOldCloseCannotRemoveNewHost]' passed (0.000 seconds).
Test Case '-[TesseraCoreTests.DocumentSavePresenterTests testOldWindowCloseForCurrentBridgeCannotShutdownReboundWindow]' started.
Test Case '-[TesseraCoreTests.DocumentSavePresenterTests testOldWindowCloseForCurrentBridgeCannotShutdownReboundWindow]' passed (0.000 seconds).
Test Case '-[TesseraCoreTests.DocumentSavePresenterTests testParentCloseSettlesLossButNativeMembershipStillMustDrain]' started.
Test Case '-[TesseraCoreTests.DocumentSavePresenterTests testParentCloseSettlesLossButNativeMembershipStillMustDrain]' passed (0.000 seconds).
Test Case '-[TesseraCoreTests.DocumentSavePresenterTests testParentLossCancelsHeldChildEvenIfNativeCompletionAlreadyArrived]' started.
Test Case '-[TesseraCoreTests.DocumentSavePresenterTests testParentLossCancelsHeldChildEvenIfNativeCompletionAlreadyArrived]' passed (0.000 seconds).
Test Case '-[TesseraCoreTests.DocumentSavePresenterTests testReentrantCancelDuringBeginAndCompletionDuringEndAreIdempotent]' started.
Test Case '-[TesseraCoreTests.DocumentSavePresenterTests testReentrantCancelDuringBeginAndCompletionDuringEndAreIdempotent]' passed (0.000 seconds).
Test Case '-[TesseraCoreTests.DocumentSavePresenterTests testSameWindowNewGenerationRejectsOldUpdateAndTeardown]' started.
Test Case '-[TesseraCoreTests.DocumentSavePresenterTests testSameWindowNewGenerationRejectsOldUpdateAndTeardown]' passed (0.000 seconds).
Test Case '-[TesseraCoreTests.DocumentSavePresenterTests testStaleCompletionCannotRetireSuccessorAndUnrelatedAdmissionFailsClosed]' started.
Test Case '-[TesseraCoreTests.DocumentSavePresenterTests testStaleCompletionCannotRetireSuccessorAndUnrelatedAdmissionFailsClosed]' passed (0.000 seconds).
Test Case '-[TesseraCoreTests.DocumentSavePresenterTests testWhollyUnseenAttachmentWithLiveViewWaitsCompletionAndDetachInEitherOrder]' started.
Test Case '-[TesseraCoreTests.DocumentSavePresenterTests testWhollyUnseenAttachmentWithLiveViewWaitsCompletionAndDetachInEitherOrder]' passed (0.000 seconds).
Test Suite 'DocumentSavePresenterTests' passed at 2026-09-28 14:57:26.607.
	 Executed 13 tests, with 0 failures (0 unexpected) in 0.001 (0.001) seconds
Test Suite 'DocumentSaveSettlementTests' started at 2026-09-28 14:57:26.607.
Test Case '-[TesseraCoreTests.DocumentSaveSettlementTests testCancelDuringFormDrainCannotStartReplacementOrWrite]' started.
Test Case '-[TesseraCoreTests.DocumentSaveSettlementTests testCancelDuringFormDrainCannotStartReplacementOrWrite]' passed (0.000 seconds).
Test Case '-[TesseraCoreTests.DocumentSaveSettlementTests testHostLossWhileWriterRunsReportsActualOutcomeWithCancelledContinuation]' started.
Test Case '-[TesseraCoreTests.DocumentSaveSettlementTests testHostLossWhileWriterRunsReportsActualOutcomeWithCancelledContinuation]' passed (0.000 seconds).
Test Case '-[TesseraCoreTests.DocumentSaveSettlementTests testKnownGapEntireAttachmentAfterCancelWithoutAnyObservationNeedsProgress]' started.
Test Case '-[TesseraCoreTests.DocumentSaveSettlementTests testKnownGapEntireAttachmentAfterCancelWithoutAnyObservationNeedsProgress]' passed (0.000 seconds).
Test Case '-[TesseraCoreTests.DocumentSaveSettlementTests testLegacyHeadlessSaveAsUsesAutomaticDestinationAndReportsSuccess]' started.
Test Case '-[TesseraCoreTests.DocumentSaveSettlementTests testLegacyHeadlessSaveAsUsesAutomaticDestinationAndReportsSuccess]' passed (0.000 seconds).
Test Case '-[TesseraCoreTests.DocumentSaveSettlementTests testMissingWindowFailsClosed]' started.
Test Case '-[TesseraCoreTests.DocumentSaveSettlementTests testMissingWindowFailsClosed]' passed (0.000 seconds).
Test Case '-[TesseraCoreTests.DocumentSaveSettlementTests testOldWriteCannotOverwriteNewPromptOrAdmitDuplicateDocumentWrite]' started.
Test Case '-[TesseraCoreTests.DocumentSaveSettlementTests testOldWriteCannotOverwriteNewPromptOrAdmitDuplicateDocumentWrite]' passed (0.000 seconds).
Test Case '-[TesseraCoreTests.DocumentSaveSettlementTests testParentCloseFailsQueuedSuccessorAndKeepsNativeDrain]' started.
Test Case '-[TesseraCoreTests.DocumentSaveSettlementTests testParentCloseFailsQueuedSuccessorAndKeepsNativeDrain]' passed (0.000 seconds).
Test Case '-[TesseraCoreTests.DocumentSaveSettlementTests testReentrantCancelledCallerSupersedesIntermediateQueuedRequest]' started.
Test Case '-[TesseraCoreTests.DocumentSaveSettlementTests testReentrantCancelledCallerSupersedesIntermediateQueuedRequest]' passed (0.000 seconds).
Test Case '-[TesseraCoreTests.DocumentSaveSettlementTests testReplaceCancelAndStaleApprovalCannotWrite]' started.
Test Case '-[TesseraCoreTests.DocumentSaveSettlementTests testReplaceCancelAndStaleApprovalCannotWrite]' passed (0.000 seconds).
Test Case '-[TesseraCoreTests.DocumentSaveSettlementTests testReplaceOwnsDistinctTokenAndWaitsForItsPhysicalDrainBeforeWrite]' started.
Test Case '-[TesseraCoreTests.DocumentSaveSettlementTests testReplaceOwnsDistinctTokenAndWaitsForItsPhysicalDrainBeforeWrite]' passed (0.000 seconds).
Test Case '-[TesseraCoreTests.DocumentSaveSettlementTests testSaveWaitsForCompletionAndMembershipThenWritesOnce]' started.
Test Case '-[TesseraCoreTests.DocumentSaveSettlementTests testSaveWaitsForCompletionAndMembershipThenWritesOnce]' passed (0.000 seconds).
Test Case '-[TesseraCoreTests.DocumentSaveSettlementTests testWriteFailurePreservesFolderAndAdmittedWriteDrainsThroughCancellation]' started.
Test Case '-[TesseraCoreTests.DocumentSaveSettlementTests testWriteFailurePreservesFolderAndAdmittedWriteDrainsThroughCancellation]' passed (0.000 seconds).
Test Case '-[TesseraCoreTests.DocumentSaveSettlementTests testWrongControllerAndStaleActionsCannotAffectSuccessor]' started.
Test Case '-[TesseraCoreTests.DocumentSaveSettlementTests testWrongControllerAndStaleActionsCannotAffectSuccessor]' passed (0.000 seconds).
Test Suite 'DocumentSaveSettlementTests' passed at 2026-09-28 14:57:26.610.
	 Executed 13 tests, with 0 failures (0 unexpected) in 0.003 (0.003) seconds
Test Suite 'DocumentSaveSheetAttachmentTests' started at 2026-09-28 14:57:26.610.
Test Case '-[TesseraCoreTests.DocumentSaveSheetAttachmentTests testNewSheetIsNotModifiedWhenOldSheetHasDetached]' started.
Test Case '-[TesseraCoreTests.DocumentSaveSheetAttachmentTests testNewSheetIsNotModifiedWhenOldSheetHasDetached]' passed (0.000 seconds).
Test Case '-[TesseraCoreTests.DocumentSaveSheetAttachmentTests testParentNoLongerAttachesOldSheetDespiteStaleChildParentMetadata]' started.
Test Case '-[TesseraCoreTests.DocumentSaveSheetAttachmentTests testParentNoLongerAttachesOldSheetDespiteStaleChildParentMetadata]' passed (0.000 seconds).
Test Case '-[TesseraCoreTests.DocumentSaveSheetAttachmentTests testQueuedCapturedSheetStillBelongsToParentUnderUnrelatedAttachedSheet]' started.
Test Case '-[TesseraCoreTests.DocumentSaveSheetAttachmentTests testQueuedCapturedSheetStillBelongsToParentUnderUnrelatedAttachedSheet]' passed (0.000 seconds).
Test Case '-[TesseraCoreTests.DocumentSaveSheetAttachmentTests testUnrelatedEventWhileOldSheetStillAttachedDoesNotComplete]' started.
Test Case '-[TesseraCoreTests.DocumentSaveSheetAttachmentTests testUnrelatedEventWhileOldSheetStillAttachedDoesNotComplete]' passed (0.000 seconds).
Test Suite 'DocumentSaveSheetAttachmentTests' passed at 2026-09-28 14:57:26.610.
	 Executed 4 tests, with 0 failures (0 unexpected) in 0.000 (0.000) seconds
Test Suite 'DocumentSaveSheetProbeTests' started at 2026-09-28 14:57:26.610.
Test Case '-[TesseraCoreTests.DocumentSaveSheetProbeTests testClosingCapturedParentDuringRealFolderChooserDrainsNativeSheet]' started.
Test Case '-[TesseraCoreTests.DocumentSaveSheetProbeTests testClosingCapturedParentDuringRealFolderChooserDrainsNativeSheet]' passed (1.086 seconds).
Test Case '-[TesseraCoreTests.DocumentSaveSheetProbeTests testDismantlingOldAttachedBridgeCannotClearNewBridgeOnSameWindow]' started.
Test Case '-[TesseraCoreTests.DocumentSaveSheetProbeTests testDismantlingOldAttachedBridgeCannotClearNewBridgeOnSameWindow]' passed (0.002 seconds).
Test Case '-[TesseraCoreTests.DocumentSaveSheetProbeTests testStaleSameWindowBridgeTeardownDoesNotShutdownNewBinding]' started.
Test Case '-[TesseraCoreTests.DocumentSaveSheetProbeTests testStaleSameWindowBridgeTeardownDoesNotShutdownNewBinding]' passed (0.000 seconds).
Test Suite 'DocumentSaveSheetProbeTests' passed at 2026-09-28 14:57:27.698.
	 Executed 3 tests, with 0 failures (0 unexpected) in 1.088 (1.088) seconds
Test Suite 'DocumentStylesTests' started at 2026-09-28 14:57:27.698.
Test Case '-[TesseraCoreTests.DocumentStylesTests testControllerAddsEditsAndFollowsTheGlobalLight]' started.
Test Case '-[TesseraCoreTests.DocumentStylesTests testControllerAddsEditsAndFollowsTheGlobalLight]' passed (0.131 seconds).
Test Case '-[TesseraCoreTests.DocumentStylesTests testEngineBackendRoundTripsAndRecordsOneNodePerGesture]' started.
Test Case '-[TesseraCoreTests.DocumentStylesTests testEngineBackendRoundTripsAndRecordsOneNodePerGesture]' passed (0.075 seconds).
Test Case '-[TesseraCoreTests.DocumentStylesTests testEveryEffectKindRoundTripsThroughTheModel]' started.
Test Case '-[TesseraCoreTests.DocumentStylesTests testEveryEffectKindRoundTripsThroughTheModel]' passed (0.048 seconds).
Test Case '-[TesseraCoreTests.DocumentStylesTests testGlobalLightPropagatesAcrossLayersInTheUIModel]' started.
Test Case '-[TesseraCoreTests.DocumentStylesTests testGlobalLightPropagatesAcrossLayersInTheUIModel]' passed (0.004 seconds).
Test Case '-[TesseraCoreTests.DocumentStylesTests testRepeatableEffectsOrderAndLimits]' started.
Test Case '-[TesseraCoreTests.DocumentStylesTests testRepeatableEffectsOrderAndLimits]' passed (0.003 seconds).
Test Case '-[TesseraCoreTests.DocumentStylesTests testSchemaDescribesEveryKindTopFirst]' started.
Test Case '-[TesseraCoreTests.DocumentStylesTests testSchemaDescribesEveryKindTopFirst]' passed (0.006 seconds).
Test Case '-[TesseraCoreTests.DocumentStylesTests testStubBackendKeepsStylesPerDocument]' started.
Test Case '-[TesseraCoreTests.DocumentStylesTests testStubBackendKeepsStylesPerDocument]' passed (0.004 seconds).
Test Suite 'DocumentStylesTests' passed at 2026-09-28 14:57:27.971.
	 Executed 7 tests, with 0 failures (0 unexpected) in 0.272 (0.272) seconds
Test Suite 'DocumentTextSessionTests' started at 2026-09-28 14:57:27.971.
Test Case '-[TesseraCoreTests.DocumentTextSessionTests testApplyAndCancelKeysReachTheSessionWhateverViewIsFocused]' started.
document: frames on the Cpu path (L0, requested Rect { x0: 0, y0: 0, x1: 1200, y1: 800 })
document: frames on the Viewport path (L0, requested Rect { x0: 0, y0: 0, x1: 1200, y1: 800 })
document: frames on the Cpu path (L0, requested Rect { x0: 0, y0: 0, x1: 1200, y1: 800 })
document: frames on the Viewport path (L0, requested Rect { x0: 0, y0: 0, x1: 1200, y1: 800 })
document: frames on the Cpu path (L0, requested Rect { x0: 0, y0: 0, x1: 1200, y1: 800 })
document: frames on the Viewport path (L0, requested Rect { x0: 0, y0: 0, x1: 1200, y1: 800 })
Test Case '-[TesseraCoreTests.DocumentTextSessionTests testApplyAndCancelKeysReachTheSessionWhateverViewIsFocused]' passed (0.296 seconds).
Test Case '-[TesseraCoreTests.DocumentTextSessionTests testClickJustRightOfTheLastGlyphResumesEditing]' started.
document: frames on the Viewport path (L0, requested Rect { x0: 0, y0: 0, x1: 1200, y1: 800 })
Test Case '-[TesseraCoreTests.DocumentTextSessionTests testClickJustRightOfTheLastGlyphResumesEditing]' passed (0.068 seconds).
Test Case '-[TesseraCoreTests.DocumentTextSessionTests testCommandReturnAppliesAfterABoxHandleDrag]' started.
document: frames on the Viewport path (L0, requested Rect { x0: 0, y0: 0, x1: 1200, y1: 800 })
Test Case '-[TesseraCoreTests.DocumentTextSessionTests testCommandReturnAppliesAfterABoxHandleDrag]' passed (0.111 seconds).
Test Case '-[TesseraCoreTests.DocumentTextSessionTests testHitRegionIsTheLineBoxPlusTheTrailingMargin]' started.
document: frames on the Viewport path (L0, requested Rect { x0: 0, y0: 0, x1: 1200, y1: 800 })
Test Case '-[TesseraCoreTests.DocumentTextSessionTests testHitRegionIsTheLineBoxPlusTheTrailingMargin]' passed (0.067 seconds).
Test Case '-[TesseraCoreTests.DocumentTextSessionTests testLatencyCountsKeystrokesOnlyAndExcludesInactiveTime]' started.
document: frames on the Viewport path (L0, requested Rect { x0: 0, y0: 0, x1: 1200, y1: 800 })
Test Case '-[TesseraCoreTests.DocumentTextSessionTests testLatencyCountsKeystrokesOnlyAndExcludesInactiveTime]' passed (0.064 seconds).
Test Case '-[TesseraCoreTests.DocumentTextSessionTests testSessionMeasuresKeystrokesNotGestures]' started.
document: frames on the Viewport path (L0, requested Rect { x0: 0, y0: 0, x1: 1200, y1: 800 })
Test Case '-[TesseraCoreTests.DocumentTextSessionTests testSessionMeasuresKeystrokesNotGestures]' passed (0.093 seconds).
Test Case '-[TesseraCoreTests.DocumentTextSessionTests testStatusHintFollowsTheSession]' started.
document: frames on the Viewport path (L0, requested Rect { x0: 0, y0: 0, x1: 1200, y1: 800 })
document: frames on the Cpu path (L0, requested Rect { x0: 0, y0: 0, x1: 1200, y1: 800 })
document: frames on the Viewport path (L0, requested Rect { x0: 0, y0: 0, x1: 1200, y1: 800 })
Test Case '-[TesseraCoreTests.DocumentTextSessionTests testStatusHintFollowsTheSession]' passed (0.107 seconds).
Test Case '-[TesseraCoreTests.DocumentTextSessionTests testTextFrameIsDashedForPointAndAreaText]' started.
document: frames on the Viewport path (L0, requested Rect { x0: 0, y0: 0, x1: 1200, y1: 800 })
Test Case '-[TesseraCoreTests.DocumentTextSessionTests testTextFrameIsDashedForPointAndAreaText]' passed (0.067 seconds).
Test Suite 'DocumentTextSessionTests' passed at 2026-09-28 14:57:28.845.
	 Executed 8 tests, with 0 failures (0 unexpected) in 0.873 (0.874) seconds
Test Suite 'DocumentTextTests' started at 2026-09-28 14:57:28.845.
Test Case '-[TesseraCoreTests.DocumentTextTests testAffineConversionToCoreGraphicsKeepsTranslationAndSkew]' started.
Test Case '-[TesseraCoreTests.DocumentTextTests testAffineConversionToCoreGraphicsKeepsTranslationAndSkew]' passed (0.000 seconds).
Test Case '-[TesseraCoreTests.DocumentTextTests testApplyStyleSplitsOnlyAtTheSelectionAndSpliceMatchesTheEngine]' started.
Test Case '-[TesseraCoreTests.DocumentTextTests testApplyStyleSplitsOnlyAtTheSelectionAndSpliceMatchesTheEngine]' passed (0.000 seconds).
Test Case '-[TesseraCoreTests.DocumentTextTests testDeletionAcrossMixedStyleRunsKeepsUntouchedRuns]' started.
Test Case '-[TesseraCoreTests.DocumentTextTests testDeletionAcrossMixedStyleRunsKeepsUntouchedRuns]' passed (0.000 seconds).
Test Case '-[TesseraCoreTests.DocumentTextTests testDraftsThroughTheSessionAreOneNodeCancelAndLocks]' started.
Test Case '-[TesseraCoreTests.DocumentTextTests testDraftsThroughTheSessionAreOneNodeCancelAndLocks]' passed (0.104 seconds).
Test Case '-[TesseraCoreTests.DocumentTextTests testEngineLayoutClustersAgreeWithTheIndexOnRealText]' started.
Test Case '-[TesseraCoreTests.DocumentTextTests testEngineLayoutClustersAgreeWithTheIndexOnRealText]' passed (0.001 seconds).
Test Case '-[TesseraCoreTests.DocumentTextTests testInsertJoinsTheRunBeforeTheCaretAndSplitsForATypingStyle]' started.
Test Case '-[TesseraCoreTests.DocumentTextTests testInsertJoinsTheRunBeforeTheCaretAndSplitsForATypingStyle]' passed (0.000 seconds).
Test Case '-[TesseraCoreTests.DocumentTextTests testLigatureInteriorIsNotACaretStopAndHitsSnapToClusterEdges]' started.
Test Case '-[TesseraCoreTests.DocumentTextTests testLigatureInteriorIsNotACaretStopAndHitsSnapToClusterEdges]' passed (0.000 seconds).
Test Case '-[TesseraCoreTests.DocumentTextTests testMarkedTextCancelRestoresAndCommitKeepsOneComposition]' started.
Test Case '-[TesseraCoreTests.DocumentTextTests testMarkedTextCancelRestoresAndCommitKeepsOneComposition]' passed (0.000 seconds).
Test Case '-[TesseraCoreTests.DocumentTextTests testMixedBidiCaretAndHitTestFollowTheVisualLayout]' started.
Test Case '-[TesseraCoreTests.DocumentTextTests testMixedBidiCaretAndHitTestFollowTheVisualLayout]' passed (0.000 seconds).
Test Case '-[TesseraCoreTests.DocumentTextTests testModelJSONMatchesTheEngineSchemaAndKeepsPathData]' started.
Test Case '-[TesseraCoreTests.DocumentTextTests testModelJSONMatchesTheEngineSchemaAndKeepsPathData]' passed (0.001 seconds).
Test Case '-[TesseraCoreTests.DocumentTextTests testRunMappingPrefersTheRunBeforeTheCaret]' started.
Test Case '-[TesseraCoreTests.DocumentTextTests testRunMappingPrefersTheRunBeforeTheCaret]' passed (0.000 seconds).
Test Case '-[TesseraCoreTests.DocumentTextTests testTrailingNewlineVerticalMovesAndLineBounds]' started.
Test Case '-[TesseraCoreTests.DocumentTextTests testTrailingNewlineVerticalMovesAndLineBounds]' passed (0.000 seconds).
Test Case '-[TesseraCoreTests.DocumentTextTests testTypingStyleAndDeleteBackwardOverNonBMP]' started.
Test Case '-[TesseraCoreTests.DocumentTextTests testTypingStyleAndDeleteBackwardOverNonBMP]' passed (0.000 seconds).
Test Case '-[TesseraCoreTests.DocumentTextTests testUTF16UTF8AndGraphemeMappingAcrossNonBMPAndCombiningMarks]' started.
Test Case '-[TesseraCoreTests.DocumentTextTests testUTF16UTF8AndGraphemeMappingAcrossNonBMPAndCombiningMarks]' passed (0.000 seconds).
Test Suite 'DocumentTextTests' passed at 2026-09-28 14:57:28.953.
	 Executed 14 tests, with 0 failures (0 unexpected) in 0.108 (0.108) seconds
Test Suite 'DocumentToolsTests' started at 2026-09-28 14:57:28.953.
Test Case '-[TesseraCoreTests.DocumentToolsTests testAffineComposition]' started.
Test Case '-[TesseraCoreTests.DocumentToolsTests testAffineComposition]' passed (0.000 seconds).
Test Case '-[TesseraCoreTests.DocumentToolsTests testBracketKeysAndHardness]' started.
Test Case '-[TesseraCoreTests.DocumentToolsTests testBracketKeysAndHardness]' passed (0.000 seconds).
Test Case '-[TesseraCoreTests.DocumentToolsTests testCoalescerBatchesSamplesWhileAFrameIsInFlight]' started.
Test Case '-[TesseraCoreTests.DocumentToolsTests testCoalescerBatchesSamplesWhileAFrameIsInFlight]' passed (0.000 seconds).
Test Case '-[TesseraCoreTests.DocumentToolsTests testEngineToolsThroughTheAdapter]' started.
Test Case '-[TesseraCoreTests.DocumentToolsTests testEngineToolsThroughTheAdapter]' passed (0.020 seconds).
Test Case '-[TesseraCoreTests.DocumentToolsTests testFreeTransformHandleDrags]' started.
Test Case '-[TesseraCoreTests.DocumentToolsTests testFreeTransformHandleDrags]' passed (0.000 seconds).
Test Case '-[TesseraCoreTests.DocumentToolsTests testFreeTransformModel]' started.
Test Case '-[TesseraCoreTests.DocumentToolsTests testFreeTransformModel]' passed (0.000 seconds).
Test Case '-[TesseraCoreTests.DocumentToolsTests testFreeTransformRotateMoveAndHitTest]' started.
Test Case '-[TesseraCoreTests.DocumentToolsTests testFreeTransformRotateMoveAndHitTest]' passed (0.000 seconds).
Test Case '-[TesseraCoreTests.DocumentToolsTests testHUDDragMapsToSizeAndHardness]' started.
Test Case '-[TesseraCoreTests.DocumentToolsTests testHUDDragMapsToSizeAndHardness]' passed (0.000 seconds).
Test Case '-[TesseraCoreTests.DocumentToolsTests testMarqueeGeometry]' started.
Test Case '-[TesseraCoreTests.DocumentToolsTests testMarqueeGeometry]' passed (0.000 seconds).
Test Case '-[TesseraCoreTests.DocumentToolsTests testOpacityDigits]' started.
Test Case '-[TesseraCoreTests.DocumentToolsTests testOpacityDigits]' passed (0.000 seconds).
Test Case '-[TesseraCoreTests.DocumentToolsTests testPressureCurve]' started.
Test Case '-[TesseraCoreTests.DocumentToolsTests testPressureCurve]' passed (0.000 seconds).
Test Case '-[TesseraCoreTests.DocumentToolsTests testSelectionModifierMapping]' started.
Test Case '-[TesseraCoreTests.DocumentToolsTests testSelectionModifierMapping]' passed (0.000 seconds).
Test Case '-[TesseraCoreTests.DocumentToolsTests testStubAdoptsTheGeometricSubset]' started.
Test Case '-[TesseraCoreTests.DocumentToolsTests testStubAdoptsTheGeometricSubset]' passed (0.000 seconds).
Test Case '-[TesseraCoreTests.DocumentToolsTests testToolColors]' started.
Test Case '-[TesseraCoreTests.DocumentToolsTests testToolColors]' passed (0.000 seconds).
Test Case '-[TesseraCoreTests.DocumentToolsTests testToolKeyMap]' started.
Test Case '-[TesseraCoreTests.DocumentToolsTests testToolKeyMap]' passed (0.000 seconds).
Test Suite 'DocumentToolsTests' passed at 2026-09-28 14:57:28.975.
	 Executed 15 tests, with 0 failures (0 unexpected) in 0.021 (0.021) seconds
Test Suite 'DocumentTransformTests' started at 2026-09-28 14:57:28.975.
Test Case '-[TesseraCoreTests.DocumentTransformTests testChildMappingUsesTheRowMajorAffineWithSkewAndTranslation]' started.
Test Case '-[TesseraCoreTests.DocumentTransformTests testChildMappingUsesTheRowMajorAffineWithSkewAndTranslation]' passed (0.000 seconds).
Test Case '-[TesseraCoreTests.DocumentTransformTests testContentAwareBoxHandlesProportionsAndLimits]' started.
Test Case '-[TesseraCoreTests.DocumentTransformTests testContentAwareBoxHandlesProportionsAndLimits]' passed (0.000 seconds).
Test Case '-[TesseraCoreTests.DocumentTransformTests testCrossingAndDegenerateQuadsAreRejectedBeforeTheEngine]' started.
Test Case '-[TesseraCoreTests.DocumentTransformTests testCrossingAndDegenerateQuadsAreRejectedBeforeTheEngine]' passed (0.000 seconds).
Test Case '-[TesseraCoreTests.DocumentTransformTests testEnginePuppetMeshAndProtectionChannels]' started.
Test Case '-[TesseraCoreTests.DocumentTransformTests testEnginePuppetMeshAndProtectionChannels]' passed (0.017 seconds).
Test Case '-[TesseraCoreTests.DocumentTransformTests testEngineSessionNeedsConsentCancelsCleanlyAndAppliesOneNode]' started.
Test Case '-[TesseraCoreTests.DocumentTransformTests testEngineSessionNeedsConsentCancelsCleanlyAndAppliesOneNode]' passed (0.017 seconds).
Test Case '-[TesseraCoreTests.DocumentTransformTests testEngineSplitAddsLinesWithoutMovingTheSurface]' started.
Test Case '-[TesseraCoreTests.DocumentTransformTests testEngineSplitAddsLinesWithoutMovingTheSurface]' passed (0.000 seconds).
Test Case '-[TesseraCoreTests.DocumentTransformTests testOperationJSONCarriesKernelAndNeverAProtectMask]' started.
Test Case '-[TesseraCoreTests.DocumentTransformTests testOperationJSONCarriesKernelAndNeverAProtectMask]' passed (0.000 seconds).
Test Case '-[TesseraCoreTests.DocumentTransformTests testPerspectiveLayoutMovesBothSpacesAndWarpOnlyTheDestination]' started.
Test Case '-[TesseraCoreTests.DocumentTransformTests testPerspectiveLayoutMovesBothSpacesAndWarpOnlyTheDestination]' passed (0.000 seconds).
Test Case '-[TesseraCoreTests.DocumentTransformTests testPerspectiveQuadsArePerimeterOrderedAndRoundTrip]' started.
Test Case '-[TesseraCoreTests.DocumentTransformTests testPerspectiveQuadsArePerimeterOrderedAndRoundTrip]' passed (0.000 seconds).
Test Case '-[TesseraCoreTests.DocumentTransformTests testPerspectiveSplitKeepsTheWarpedImageInPlace]' started.
Test Case '-[TesseraCoreTests.DocumentTransformTests testPerspectiveSplitKeepsTheWarpedImageInPlace]' passed (0.000 seconds).
Test Case '-[TesseraCoreTests.DocumentTransformTests testPresetsBendZeroIsIdentityAndInvalidBendFails]' started.
Test Case '-[TesseraCoreTests.DocumentTransformTests testPresetsBendZeroIsIdentityAndInvalidBendFails]' passed (0.000 seconds).
Test Case '-[TesseraCoreTests.DocumentTransformTests testPuppetModelRoundTripsAndPinsNeverJump]' started.
Test Case '-[TesseraCoreTests.DocumentTransformTests testPuppetModelRoundTripsAndPinsNeverJump]' passed (0.000 seconds).
Test Case '-[TesseraCoreTests.DocumentTransformTests testPuppetRebaseKeepsPinsOnTheNearestNewVertex]' started.
Test Case '-[TesseraCoreTests.DocumentTransformTests testPuppetRebaseKeepsPinsOnTheNearestNewVertex]' passed (0.000 seconds).
Test Case '-[TesseraCoreTests.DocumentTransformTests testTransformDeleteVariantsAndEscapeRequireUnmodifiedKeys]' started.
Test Case '-[TesseraCoreTests.DocumentTransformTests testTransformDeleteVariantsAndEscapeRequireUnmodifiedKeys]' passed (0.000 seconds).
Test Case '-[TesseraCoreTests.DocumentTransformTests testTransformKeyRoutingIgnoresOnlyIncidentalFlags]' started.
Test Case '-[TesseraCoreTests.DocumentTransformTests testTransformKeyRoutingIgnoresOnlyIncidentalFlags]' passed (0.000 seconds).
Test Case '-[TesseraCoreTests.DocumentTransformTests testTransformReturnAndEnterUseTheSameModifierGuard]' started.
Test Case '-[TesseraCoreTests.DocumentTransformTests testTransformReturnAndEnterUseTheSameModifierGuard]' passed (0.000 seconds).
Test Case '-[TesseraCoreTests.DocumentTransformTests testWarpAnchorDragCarriesItsHandles]' started.
Test Case '-[TesseraCoreTests.DocumentTransformTests testWarpAnchorDragCarriesItsHandles]' passed (0.000 seconds).
Test Case '-[TesseraCoreTests.DocumentTransformTests testWarpMeshJSONMatchesTheEngineSchema]' started.
Test Case '-[TesseraCoreTests.DocumentTransformTests testWarpMeshJSONMatchesTheEngineSchema]' passed (0.000 seconds).
Test Case '-[TesseraCoreTests.DocumentTransformTests testWarpSurfaceInterpolatesCornersAndIsLinearAtIdentity]' started.
Test Case '-[TesseraCoreTests.DocumentTransformTests testWarpSurfaceInterpolatesCornersAndIsLinearAtIdentity]' passed (0.000 seconds).
Test Suite 'DocumentTransformTests' passed at 2026-09-28 14:57:29.012.
	 Executed 19 tests, with 0 failures (0 unexpected) in 0.037 (0.037) seconds
Test Suite 'DocumentVectorTests' started at 2026-09-28 14:57:29.012.
Test Case '-[TesseraCoreTests.DocumentVectorTests testAffineLayoutsConvertExplicitlyWithSkewAndTranslation]' started.
Test Case '-[TesseraCoreTests.DocumentVectorTests testAffineLayoutsConvertExplicitlyWithSkewAndTranslation]' passed (0.000 seconds).
Test Case '-[TesseraCoreTests.DocumentVectorTests testCoincidentAnchorsMergeLikeTheEngine]' started.
Test Case '-[TesseraCoreTests.DocumentVectorTests testCoincidentAnchorsMergeLikeTheEngine]' passed (0.000 seconds).
Test Case '-[TesseraCoreTests.DocumentVectorTests testEllipseOverlayLiesOnTheEnginesEllipse]' started.
Test Case '-[TesseraCoreTests.DocumentVectorTests testEllipseOverlayLiesOnTheEnginesEllipse]' passed (0.000 seconds).
Test Case '-[TesseraCoreTests.DocumentVectorTests testEngineShapesDraftsMasksBooleansAndConversion]' started.
Test Case '-[TesseraCoreTests.DocumentVectorTests testEngineShapesDraftsMasksBooleansAndConversion]' passed (0.018 seconds).
Test Case '-[TesseraCoreTests.DocumentVectorTests testEvenOddHolesAndNonzeroContainment]' started.
Test Case '-[TesseraCoreTests.DocumentVectorTests testEvenOddHolesAndNonzeroContainment]' passed (0.000 seconds).
Test Case '-[TesseraCoreTests.DocumentVectorTests testInverseAffineHitsWithSkewAndTranslation]' started.
Test Case '-[TesseraCoreTests.DocumentVectorTests testInverseAffineHitsWithSkewAndTranslation]' passed (0.000 seconds).
Test Case '-[TesseraCoreTests.DocumentVectorTests testPathCommandJSONMatchesTheEngineSchema]' started.
Test Case '-[TesseraCoreTests.DocumentVectorTests testPathCommandJSONMatchesTheEngineSchema]' passed (0.000 seconds).
Test Case '-[TesseraCoreTests.DocumentVectorTests testPatternPaintIsCarriedOpaquely]' started.
Test Case '-[TesseraCoreTests.DocumentVectorTests testPatternPaintIsCarriedOpaquely]' passed (0.000 seconds).
Test Case '-[TesseraCoreTests.DocumentVectorTests testPenDraftBuildsCubicHandlesAndCloses]' started.
Test Case '-[TesseraCoreTests.DocumentVectorTests testPenDraftBuildsCubicHandlesAndCloses]' passed (0.000 seconds).
Test Case '-[TesseraCoreTests.DocumentVectorTests testPolygonStarAndLinePrimitivesMatchTheEngine]' started.
Test Case '-[TesseraCoreTests.DocumentVectorTests testPolygonStarAndLinePrimitivesMatchTheEngine]' passed (0.000 seconds).
Test Case '-[TesseraCoreTests.DocumentVectorTests testRectanglePrimitiveMatchesTheEngineConstruction]' started.
Test Case '-[TesseraCoreTests.DocumentVectorTests testRectanglePrimitiveMatchesTheEngineConstruction]' passed (0.000 seconds).
Test Case '-[TesseraCoreTests.DocumentVectorTests testShapeSourceDecodesAndReencodesTheEngineSchema]' started.
Test Case '-[TesseraCoreTests.DocumentVectorTests testShapeSourceDecodesAndReencodesTheEngineSchema]' passed (0.001 seconds).
Test Case '-[TesseraCoreTests.DocumentVectorTests testShapeToolConstraints]' started.
Test Case '-[TesseraCoreTests.DocumentVectorTests testShapeToolConstraints]' passed (0.000 seconds).
Test Case '-[TesseraCoreTests.DocumentVectorTests testSplitIsExactAndHandlesMirrorOrStayIndependent]' started.
Test Case '-[TesseraCoreTests.DocumentVectorTests testSplitIsExactAndHandlesMirrorOrStayIndependent]' passed (0.000 seconds).
Test Case '-[TesseraCoreTests.DocumentVectorTests testTargetsPreferSelectedHandlesThenAnchorsThenSegments]' started.
Test Case '-[TesseraCoreTests.DocumentVectorTests testTargetsPreferSelectedHandlesThenAnchorsThenSegments]' passed (0.000 seconds).
Test Case '-[TesseraCoreTests.DocumentVectorTests testToolRoutingKeysAndGroups]' started.
Test Case '-[TesseraCoreTests.DocumentVectorTests testToolRoutingKeysAndGroups]' passed (0.000 seconds).
Test Suite 'DocumentVectorTests' passed at 2026-09-28 14:57:29.034.
	 Executed 16 tests, with 0 failures (0 unexpected) in 0.021 (0.022) seconds
Test Suite 'DocumentVectorVerifyFixesTests' started at 2026-09-28 14:57:29.034.
Test Case '-[TesseraCoreTests.DocumentVectorVerifyFixesTests testAutoNamedTextLayerNameFollowsItsFirstLine]' started.
document: frames on the Viewport path (L0, requested Rect { x0: 0, y0: 0, x1: 1200, y1: 800 })
document: frames on the Cpu path (L0, requested Rect { x0: 0, y0: 0, x1: 1200, y1: 800 })
document: frames on the Viewport path (L0, requested Rect { x0: 0, y0: 0, x1: 1200, y1: 800 })
document: frames on the Cpu path (L0, requested Rect { x0: 0, y0: 0, x1: 1200, y1: 800 })
document: frames on the Viewport path (L0, requested Rect { x0: 0, y0: 0, x1: 1200, y1: 800 })
Test Case '-[TesseraCoreTests.DocumentVectorVerifyFixesTests testAutoNamedTextLayerNameFollowsItsFirstLine]' passed (0.104 seconds).
Test Case '-[TesseraCoreTests.DocumentVectorVerifyFixesTests testKeyboardStepsOfAShapeSliderAreOneHistoryNode]' started.
document: frames on the Viewport path (L0, requested Rect { x0: 0, y0: 0, x1: 1200, y1: 800 })
Test Case '-[TesseraCoreTests.DocumentVectorVerifyFixesTests testKeyboardStepsOfAShapeSliderAreOneHistoryNode]' passed (1.391 seconds).
Test Case '-[TesseraCoreTests.DocumentVectorVerifyFixesTests testLayersRowShowsAVectorMaskThumbnailNextToTheRasterMask]' started.
document: frames on the Viewport path (L0, requested Rect { x0: 0, y0: 0, x1: 1200, y1: 800 })
Test Case '-[TesseraCoreTests.DocumentVectorVerifyFixesTests testLayersRowShowsAVectorMaskThumbnailNextToTheRasterMask]' passed (0.089 seconds).
Test Case '-[TesseraCoreTests.DocumentVectorVerifyFixesTests testNewAreaTextResizedBeforeTheFirstApplyIsOneAddText]' started.
document: frames on the Viewport path (L0, requested Rect { x0: 0, y0: 0, x1: 1200, y1: 800 })
document: frames on the Cpu path (L0, requested Rect { x0: 0, y0: 0, x1: 1200, y1: 800 })
document: frames on the Viewport path (L0, requested Rect { x0: 0, y0: 0, x1: 1200, y1: 800 })
Test Case '-[TesseraCoreTests.DocumentVectorVerifyFixesTests testNewAreaTextResizedBeforeTheFirstApplyIsOneAddText]' passed (0.098 seconds).
Test Case '-[TesseraCoreTests.DocumentVectorVerifyFixesTests testNewStrokeTakesTheForegroundOrAContrastingColourNotTheFill]' started.
document: frames on the Viewport path (L0, requested Rect { x0: 0, y0: 0, x1: 1200, y1: 800 })
Test Case '-[TesseraCoreTests.DocumentVectorVerifyFixesTests testNewStrokeTakesTheForegroundOrAContrastingColourNotTheFill]' passed (0.077 seconds).
Test Case '-[TesseraCoreTests.DocumentVectorVerifyFixesTests testPathSelectionClickOnEmptyCanvasDeselects]' started.
document: frames on the Viewport path (L0, requested Rect { x0: 0, y0: 0, x1: 1200, y1: 800 })
Test Case '-[TesseraCoreTests.DocumentVectorVerifyFixesTests testPathSelectionClickOnEmptyCanvasDeselects]' passed (0.103 seconds).
Test Case '-[TesseraCoreTests.DocumentVectorVerifyFixesTests testPenDraftKeepsThePreviousAnchorsHandles]' started.
document: frames on the Viewport path (L0, requested Rect { x0: 0, y0: 0, x1: 1200, y1: 800 })
Test Case '-[TesseraCoreTests.DocumentVectorVerifyFixesTests testPenDraftKeepsThePreviousAnchorsHandles]' passed (0.065 seconds).
Test Case '-[TesseraCoreTests.DocumentVectorVerifyFixesTests testPropertiesReportTheShapesRealBoundsLiveDuringDrags]' started.
document: frames on the Viewport path (L0, requested Rect { x0: 0, y0: 0, x1: 1200, y1: 800 })
Test Case '-[TesseraCoreTests.DocumentVectorVerifyFixesTests testPropertiesReportTheShapesRealBoundsLiveDuringDrags]' passed (0.086 seconds).
Test Case '-[TesseraCoreTests.DocumentVectorVerifyFixesTests testRejectedRecolourRevertsTheColourWell]' started.
document: frames on the Viewport path (L0, requested Rect { x0: 0, y0: 0, x1: 1200, y1: 800 })
Test Case '-[TesseraCoreTests.DocumentVectorVerifyFixesTests testRejectedRecolourRevertsTheColourWell]' passed (0.378 seconds).
Test Case '-[TesseraCoreTests.DocumentVectorVerifyFixesTests testStatusHintsFollowTheToolAndPenState]' started.
document: frames on the Viewport path (L0, requested Rect { x0: 0, y0: 0, x1: 1200, y1: 800 })
Test Case '-[TesseraCoreTests.DocumentVectorVerifyFixesTests testStatusHintsFollowTheToolAndPenState]' passed (0.083 seconds).
Test Case '-[TesseraCoreTests.DocumentVectorVerifyFixesTests testToolLettersWorkWhileASliderOrTheLayersListHasTheKeyboard]' started.
document: frames on the Viewport path (L0, requested Rect { x0: 0, y0: 0, x1: 1200, y1: 800 })
Test Case '-[TesseraCoreTests.DocumentVectorVerifyFixesTests testToolLettersWorkWhileASliderOrTheLayersListHasTheKeyboard]' passed (0.079 seconds).
Test Suite 'DocumentVectorVerifyFixesTests' passed at 2026-09-28 14:57:31.587.
	 Executed 11 tests, with 0 failures (0 unexpected) in 2.552 (2.554) seconds
Test Suite 'DocumentViewportMathTests' started at 2026-09-28 14:57:31.587.
Test Case '-[TesseraCoreTests.DocumentViewportMathTests testAnchoredZoomKeepsThePointUnderThePointer]' started.
Test Case '-[TesseraCoreTests.DocumentViewportMathTests testAnchoredZoomKeepsThePointUnderThePointer]' passed (0.000 seconds).
Test Case '-[TesseraCoreTests.DocumentViewportMathTests testFitZoomAndSteps]' started.
Test Case '-[TesseraCoreTests.DocumentViewportMathTests testFitZoomAndSteps]' passed (0.000 seconds).
Test Case '-[TesseraCoreTests.DocumentViewportMathTests testLevelFromZoom]' started.
Test Case '-[TesseraCoreTests.DocumentViewportMathTests testLevelFromZoom]' passed (0.000 seconds).
Test Case '-[TesseraCoreTests.DocumentViewportMathTests testVisibleRectAndPan]' started.
Test Case '-[TesseraCoreTests.DocumentViewportMathTests testVisibleRectAndPan]' passed (0.000 seconds).
Test Suite 'DocumentViewportMathTests' passed at 2026-09-28 14:57:31.588.
	 Executed 4 tests, with 0 failures (0 unexpected) in 0.000 (0.001) seconds
Test Suite 'DocumentViewportOwnershipTests' started at 2026-09-28 14:57:31.588.
Test Case '-[TesseraCoreTests.DocumentViewportOwnershipTests testControllerReleasedBeforeDismantleStillClearsLocalResources]' started.
Test Case '-[TesseraCoreTests.DocumentViewportOwnershipTests testControllerReleasedBeforeDismantleStillClearsLocalResources]' passed (0.004 seconds).
Test Case '-[TesseraCoreTests.DocumentViewportOwnershipTests testDetachClearsCurrentOwnerAndFrameCallback]' started.
Test Case '-[TesseraCoreTests.DocumentViewportOwnershipTests testDetachClearsCurrentOwnerAndFrameCallback]' passed (0.001 seconds).
Test Case '-[TesseraCoreTests.DocumentViewportOwnershipTests testReplacementDetachesPriorOwnerBeforeOldViewDismantles]' started.
Test Case '-[TesseraCoreTests.DocumentViewportOwnershipTests testReplacementDetachesPriorOwnerBeforeOldViewDismantles]' passed (0.002 seconds).
Test Case '-[TesseraCoreTests.DocumentViewportOwnershipTests testStaleOwnerCannotClearNewOwnerCallback]' started.
Test Case '-[TesseraCoreTests.DocumentViewportOwnershipTests testStaleOwnerCannotClearNewOwnerCallback]' passed (0.001 seconds).
Test Suite 'DocumentViewportOwnershipTests' passed at 2026-09-28 14:57:31.596.
	 Executed 4 tests, with 0 failures (0 unexpected) in 0.008 (0.008) seconds
Test Suite 'EDRPresentationTests' started at 2026-09-28 14:57:31.596.
Test Case '-[TesseraCoreTests.EDRPresentationTests testEDRScreenUsesFloatSurfacesOnlyWithHDROn]' started.
Test Case '-[TesseraCoreTests.EDRPresentationTests testEDRScreenUsesFloatSurfacesOnlyWithHDROn]' passed (0.000 seconds).
Test Case '-[TesseraCoreTests.EDRPresentationTests testHeadroomChangesAreDebounced]' started.
Test Case '-[TesseraCoreTests.EDRPresentationTests testHeadroomChangesAreDebounced]' passed (0.000 seconds).
Test Case '-[TesseraCoreTests.EDRPresentationTests testHeadroomControlPatchesTheRecipe]' started.
Test Case '-[TesseraCoreTests.EDRPresentationTests testHeadroomControlPatchesTheRecipe]' passed (0.000 seconds).
Test Case '-[TesseraCoreTests.EDRPresentationTests testHeadroomIsCappedByTheCurrentDisplayHeadroom]' started.
Test Case '-[TesseraCoreTests.EDRPresentationTests testHeadroomIsCappedByTheCurrentDisplayHeadroom]' passed (0.000 seconds).
Test Case '-[TesseraCoreTests.EDRPresentationTests testOddScreenValuesAreSanitized]' started.
Test Case '-[TesseraCoreTests.EDRPresentationTests testOddScreenValuesAreSanitized]' passed (0.000 seconds).
Test Case '-[TesseraCoreTests.EDRPresentationTests testSDRScreenAlwaysKeepsTheRGBA8Path]' started.
Test Case '-[TesseraCoreTests.EDRPresentationTests testSDRScreenAlwaysKeepsTheRGBA8Path]' passed (0.000 seconds).
Test Suite 'EDRPresentationTests' passed at 2026-09-28 14:57:31.597.
	 Executed 6 tests, with 0 failures (0 unexpected) in 0.001 (0.001) seconds
Test Suite 'EngineDocumentBackendTests' started at 2026-09-28 14:57:31.597.
Test Case '-[TesseraCoreTests.EngineDocumentBackendTests testBlendModeStringsMatchTheEngine]' started.
Test Case '-[TesseraCoreTests.EngineDocumentBackendTests testBlendModeStringsMatchTheEngine]' passed (0.015 seconds).
Test Case '-[TesseraCoreTests.EngineDocumentBackendTests testEngineSessionThroughTheAdapter]' started.
Test Case '-[TesseraCoreTests.EngineDocumentBackendTests testEngineSessionThroughTheAdapter]' passed (0.018 seconds).
Test Case '-[TesseraCoreTests.EngineDocumentBackendTests testEnumsRoundTripEveryValue]' started.
Test Case '-[TesseraCoreTests.EngineDocumentBackendTests testEnumsRoundTripEveryValue]' passed (0.000 seconds).
Test Case '-[TesseraCoreTests.EngineDocumentBackendTests testFramesReachTheListenerOnMain]' started.
document: frames on the Cpu path (L1, requested Rect { x0: 0, y0: 0, x1: 128, y1: 64 })
document: frames on the Viewport path (L1, requested Rect { x0: 0, y0: 0, x1: 128, y1: 64 })
Test Case '-[TesseraCoreTests.EngineDocumentBackendTests testFramesReachTheListenerOnMain]' passed (0.037 seconds).
Test Case '-[TesseraCoreTests.EngineDocumentBackendTests testHistoryIDMapShowsTheBaseAsOpened]' started.
Test Case '-[TesseraCoreTests.EngineDocumentBackendTests testHistoryIDMapShowsTheBaseAsOpened]' passed (0.000 seconds).
Test Case '-[TesseraCoreTests.EngineDocumentBackendTests testListenerCoalescesUntilTheMainQueueDrains]' started.
Test Case '-[TesseraCoreTests.EngineDocumentBackendTests testListenerCoalescesUntilTheMainQueueDrains]' passed (0.000 seconds).
Test Case '-[TesseraCoreTests.EngineDocumentBackendTests testListenerDeliversOnTheMainThread]' started.
Test Case '-[TesseraCoreTests.EngineDocumentBackendTests testListenerDeliversOnTheMainThread]' passed (0.000 seconds).
Test Case '-[TesseraCoreTests.EngineDocumentBackendTests testRecordsRoundTripFieldByField]' started.
Test Case '-[TesseraCoreTests.EngineDocumentBackendTests testRecordsRoundTripFieldByField]' passed (0.000 seconds).
Test Case '-[TesseraCoreTests.EngineDocumentBackendTests testWorkspaceChoosesTheEngineOrTheStub]' started.
Test Case '-[TesseraCoreTests.EngineDocumentBackendTests testWorkspaceChoosesTheEngineOrTheStub]' passed (0.018 seconds).
Test Suite 'EngineDocumentBackendTests' passed at 2026-09-28 14:57:31.686.
	 Executed 9 tests, with 0 failures (0 unexpected) in 0.089 (0.089) seconds
Test Suite 'ExportFormatsWatermarkTests' started at 2026-09-28 14:57:31.686.
Test Case '-[TesseraCoreTests.ExportFormatsWatermarkTests testFormatSwitchesStayValidForTheEngine]' started.
Test Case '-[TesseraCoreTests.ExportFormatsWatermarkTests testFormatSwitchesStayValidForTheEngine]' passed (0.018 seconds).
Test Case '-[TesseraCoreTests.ExportFormatsWatermarkTests testJPEGSizeLimitConverges]' started.
Test Case '-[TesseraCoreTests.ExportFormatsWatermarkTests testJPEGSizeLimitConverges]' passed (0.810 seconds).
Test Case '-[TesseraCoreTests.ExportFormatsWatermarkTests testNewFieldsEncodeAsTheEngineExpects]' started.
Test Case '-[TesseraCoreTests.ExportFormatsWatermarkTests testNewFieldsEncodeAsTheEngineExpects]' passed (0.001 seconds).
Test Case '-[TesseraCoreTests.ExportFormatsWatermarkTests testPresetsKeepNewFieldsAndOldPresetsLoadUnchanged]' started.
Test Case '-[TesseraCoreTests.ExportFormatsWatermarkTests testPresetsKeepNewFieldsAndOldPresetsLoadUnchanged]' passed (0.013 seconds).
Test Case '-[TesseraCoreTests.ExportFormatsWatermarkTests testRealExportsAVIFJXLAndDNG]' started.
Test Case '-[TesseraCoreTests.ExportFormatsWatermarkTests testRealExportsAVIFJXLAndDNG]' passed (0.758 seconds).
Test Case '-[TesseraCoreTests.ExportFormatsWatermarkTests testWatermarkProblemsAndPlacement]' started.
Test Case '-[TesseraCoreTests.ExportFormatsWatermarkTests testWatermarkProblemsAndPlacement]' passed (0.001 seconds).
Test Case '-[TesseraCoreTests.ExportFormatsWatermarkTests testWatermarksAreBurnedIn]' started.
Test Case '-[TesseraCoreTests.ExportFormatsWatermarkTests testWatermarksAreBurnedIn]' passed (0.706 seconds).
Test Suite 'ExportFormatsWatermarkTests' passed at 2026-09-28 14:57:33.993.
	 Executed 7 tests, with 0 failures (0 unexpected) in 2.306 (2.307) seconds
Test Suite 'ExportPrintTests' started at 2026-09-28 14:57:33.993.
Test Case '-[TesseraCoreTests.ExportPrintTests testContactSheetGrid]' started.
Test Case '-[TesseraCoreTests.ExportPrintTests testContactSheetGrid]' passed (0.000 seconds).
Test Case '-[TesseraCoreTests.ExportPrintTests testNamingMatchesTheEngine]' started.
Test Case '-[TesseraCoreTests.ExportPrintTests testNamingMatchesTheEngine]' passed (0.000 seconds).
Test Case '-[TesseraCoreTests.ExportPrintTests testNamingTokensAndProblems]' started.
Test Case '-[TesseraCoreTests.ExportPrintTests testNamingTokensAndProblems]' passed (0.000 seconds).
Test Case '-[TesseraCoreTests.ExportPrintTests testOutputSizes]' started.
Test Case '-[TesseraCoreTests.ExportPrintTests testOutputSizes]' passed (0.000 seconds).
Test Case '-[TesseraCoreTests.ExportPrintTests testPlacementRotatesToFitAndSizesRenders]' started.
Test Case '-[TesseraCoreTests.ExportPrintTests testPlacementRotatesToFitAndSizesRenders]' passed (0.000 seconds).
Test Case '-[TesseraCoreTests.ExportPrintTests testPresetsPersistUnderTheAppDirectory]' started.
Test Case '-[TesseraCoreTests.ExportPrintTests testPresetsPersistUnderTheAppDirectory]' passed (0.010 seconds).
Test Case '-[TesseraCoreTests.ExportPrintTests testPrintSettingsPersist]' started.
Test Case '-[TesseraCoreTests.ExportPrintTests testPrintSettingsPersist]' passed (0.002 seconds).
Test Case '-[TesseraCoreTests.ExportPrintTests testSettingsRoundTripThroughTheEngine]' started.
Test Case '-[TesseraCoreTests.ExportPrintTests testSettingsRoundTripThroughTheEngine]' passed (0.000 seconds).
Test Case '-[TesseraCoreTests.ExportPrintTests testSingleAndCustomCells]' started.
Test Case '-[TesseraCoreTests.ExportPrintTests testSingleAndCustomCells]' passed (0.000 seconds).
Test Suite 'ExportPrintTests' passed at 2026-09-28 14:57:34.007.
	 Executed 9 tests, with 0 failures (0 unexpected) in 0.013 (0.014) seconds
Test Suite 'ExportWarningsTests' started at 2026-09-28 14:57:34.007.
Test Case '-[TesseraCoreTests.ExportWarningsTests testWarningFilesAreReadAndSurfacedInTheToast]' started.
Test Case '-[TesseraCoreTests.ExportWarningsTests testWarningFilesAreReadAndSurfacedInTheToast]' passed (0.001 seconds).
Test Suite 'ExportWarningsTests' passed at 2026-09-28 14:57:34.007.
	 Executed 1 test, with 0 failures (0 unexpected) in 0.001 (0.001) seconds
Test Suite 'IncomingStripTests' started at 2026-09-28 14:57:34.007.
Test Case '-[TesseraCoreTests.IncomingStripTests testBadgesPreferTheSubjectsFaceAndNeverInventEyes]' started.
Test Case '-[TesseraCoreTests.IncomingStripTests testBadgesPreferTheSubjectsFaceAndNeverInventEyes]' passed (0.000 seconds).
Test Case '-[TesseraCoreTests.IncomingStripTests testFailedFramesAreKeptButNotAdvancedTo]' started.
Test Case '-[TesseraCoreTests.IncomingStripTests testFailedFramesAreKeptButNotAdvancedTo]' passed (0.000 seconds).
Test Case '-[TesseraCoreTests.IncomingStripTests testFrameCountFieldCommitsTypedValueAndClamps]' started.
Test Case '-[TesseraCoreTests.IncomingStripTests testFrameCountFieldCommitsTypedValueAndClamps]' passed (0.000 seconds).
Test Case '-[TesseraCoreTests.IncomingStripTests testIncomingDecisionRevisionTracksLocalCullAndFeed]' started.
Test Case '-[TesseraCoreTests.IncomingStripTests testIncomingDecisionRevisionTracksLocalCullAndFeed]' passed (0.000 seconds).
Test Case '-[TesseraCoreTests.IncomingStripTests testIntervalPlanCountsDown]' started.
Test Case '-[TesseraCoreTests.IncomingStripTests testIntervalPlanCountsDown]' passed (0.000 seconds).
Test Case '-[TesseraCoreTests.IncomingStripTests testNewestFirstCappedWithPendingRequests]' started.
Test Case '-[TesseraCoreTests.IncomingStripTests testNewestFirstCappedWithPendingRequests]' passed (0.000 seconds).
Test Suite 'IncomingStripTests' passed at 2026-09-28 14:57:34.008.
	 Executed 6 tests, with 0 failures (0 unexpected) in 0.001 (0.001) seconds
Test Suite 'IncrementalLibraryTests' started at 2026-09-28 14:57:34.008.
Test Case '-[TesseraCoreTests.IncrementalLibraryTests testAppModelKeepsSelectionFilterAndGridAcrossUpdates]' started.
Test Case '-[TesseraCoreTests.IncrementalLibraryTests testAppModelKeepsSelectionFilterAndGridAcrossUpdates]' passed (0.286 seconds).
Test Case '-[TesseraCoreTests.IncrementalLibraryTests testLibraryInsertsUpdatesAndRemovesInPlaceKeepingUndo]' started.
Test Case '-[TesseraCoreTests.IncrementalLibraryTests testLibraryInsertsUpdatesAndRemovesInPlaceKeepingUndo]' passed (0.050 seconds).
Test Case '-[TesseraCoreTests.IncrementalLibraryTests testTwentyTetheredFramesKeepUndoAndFilters]' started.
Test Case '-[TesseraCoreTests.IncrementalLibraryTests testTwentyTetheredFramesKeepUndoAndFilters]' passed (5.204 seconds).
Test Suite 'IncrementalLibraryTests' passed at 2026-09-28 14:57:39.549.
	 Executed 3 tests, with 0 failures (0 unexpected) in 5.540 (5.541) seconds
Test Suite 'KeyFocusTests' started at 2026-09-28 14:57:39.549.
Test Case '-[TesseraCoreTests.KeyFocusTests testFocusedCurveOwnsArrowsWithoutSelectedPoint]' started.
Test Case '-[TesseraCoreTests.KeyFocusTests testFocusedCurveOwnsArrowsWithoutSelectedPoint]' passed (0.005 seconds).
Test Case '-[TesseraCoreTests.KeyFocusTests testFocusedSliderOwnsArrows]' started.
Test Case '-[TesseraCoreTests.KeyFocusTests testFocusedSliderOwnsArrows]' passed (0.010 seconds).
Test Case '-[TesseraCoreTests.KeyFocusTests testLoupeDisclosureLeavesKeysToPopoverWithoutWorkspaceRouting]' started.
Test Case '-[TesseraCoreTests.KeyFocusTests testLoupeDisclosureLeavesKeysToPopoverWithoutWorkspaceRouting]' passed (0.005 seconds).
Test Case '-[TesseraCoreTests.KeyFocusTests testPhotoEditConsumesCullKeysWithoutChangingDecisions]' started.
Test Case '-[TesseraCoreTests.KeyFocusTests testPhotoEditConsumesCullKeysWithoutChangingDecisions]' passed (0.008 seconds).
Test Case '-[TesseraCoreTests.KeyFocusTests testPhotoEditTextFieldStillOwnsLetters]' started.
Test Case '-[TesseraCoreTests.KeyFocusTests testPhotoEditTextFieldStillOwnsLetters]' passed (0.007 seconds).
Test Case '-[TesseraCoreTests.KeyFocusTests testReviewOwnsCullKeysAndEscapeCancelsDraftBeforeReturn]' started.
Test Case '-[TesseraCoreTests.KeyFocusTests testReviewOwnsCullKeysAndEscapeCancelsDraftBeforeReturn]' passed (0.004 seconds).
Test Case '-[TesseraCoreTests.KeyFocusTests testReviewTextAndNumericControlsKeepTheirInputAndDocumentWins]' started.
Test Case '-[TesseraCoreTests.KeyFocusTests testReviewTextAndNumericControlsKeepTheirInputAndDocumentWins]' passed (0.010 seconds).
Test Case '-[TesseraCoreTests.KeyFocusTests testSearchFieldOwnsCullKeys]' started.
Test Case '-[TesseraCoreTests.KeyFocusTests testSearchFieldOwnsCullKeys]' passed (0.014 seconds).
Test Case '-[TesseraCoreTests.KeyFocusTests testSliderModifiersBoundsAndBlurCommit]' started.
Test Case '-[TesseraCoreTests.KeyFocusTests testSliderModifiersBoundsAndBlurCommit]' passed (0.004 seconds).
Test Case '-[TesseraCoreTests.KeyFocusTests testUnfocusedLoupeReceivesArrows]' started.
Test Case '-[TesseraCoreTests.KeyFocusTests testUnfocusedLoupeReceivesArrows]' passed (0.003 seconds).
Test Suite 'KeyFocusTests' passed at 2026-09-28 14:57:39.619.
	 Executed 10 tests, with 0 failures (0 unexpected) in 0.069 (0.070) seconds
Test Suite 'LatestRequestBufferTests' started at 2026-09-28 14:57:39.619.
Test Case '-[TesseraCoreTests.LatestRequestBufferTests testBurstRunsOnlyFirstAndLatest]' started.
Test Case '-[TesseraCoreTests.LatestRequestBufferTests testBurstRunsOnlyFirstAndLatest]' passed (0.000 seconds).
Test Case '-[TesseraCoreTests.LatestRequestBufferTests testClearDropsPendingButKeepsRunningSlotUntilCompletion]' started.
Test Case '-[TesseraCoreTests.LatestRequestBufferTests testClearDropsPendingButKeepsRunningSlotUntilCompletion]' passed (0.000 seconds).
Test Case '-[TesseraCoreTests.LatestRequestBufferTests testCloseRejectsLateResultWithoutStartingOldPendingWork]' started.
Test Case '-[TesseraCoreTests.LatestRequestBufferTests testCloseRejectsLateResultWithoutStartingOldPendingWork]' passed (0.000 seconds).
Test Case '-[TesseraCoreTests.LatestRequestBufferTests testDuplicateCompletionCannotReleaseAnotherRunningRequest]' started.
Test Case '-[TesseraCoreTests.LatestRequestBufferTests testDuplicateCompletionCannotReleaseAnotherRunningRequest]' passed (0.000 seconds).
Test Suite 'LatestRequestBufferTests' passed at 2026-09-28 14:57:39.620.
	 Executed 4 tests, with 0 failures (0 unexpected) in 0.001 (0.001) seconds
Test Suite 'LayoutContractTests' started at 2026-09-28 14:57:39.620.
Test Case '-[TesseraCoreTests.LayoutContractTests testAppDirDefaultsAreIsolatedFromTheSharedDomain]' started.
Test Case '-[TesseraCoreTests.LayoutContractTests testAppDirDefaultsAreIsolatedFromTheSharedDomain]' passed (0.003 seconds).
Test Case '-[TesseraCoreTests.LayoutContractTests testColorWheelPuckStaysInsideAtFullSaturation]' started.
Test Case '-[TesseraCoreTests.LayoutContractTests testColorWheelPuckStaysInsideAtFullSaturation]' passed (0.000 seconds).
Test Case '-[TesseraCoreTests.LayoutContractTests testCompareCaptionAndBadgeShareOnePartition]' started.
Test Case '-[TesseraCoreTests.LayoutContractTests testCompareCaptionAndBadgeShareOnePartition]' passed (0.000 seconds).
Test Case '-[TesseraCoreTests.LayoutContractTests testCurveEndKnotsStayInsideTheView]' started.
Test Case '-[TesseraCoreTests.LayoutContractTests testCurveEndKnotsStayInsideTheView]' passed (0.000 seconds).
Test Case '-[TesseraCoreTests.LayoutContractTests testFlowRowOffersOversizedItemsTheRowWidth]' started.
Test Case '-[TesseraCoreTests.LayoutContractTests testFlowRowOffersOversizedItemsTheRowWidth]' passed (0.000 seconds).
Test Case '-[TesseraCoreTests.LayoutContractTests testKeywordChipRowStaysInsideTheInspector]' started.
Test Case '-[TesseraCoreTests.LayoutContractTests testKeywordChipRowStaysInsideTheInspector]' passed (0.009 seconds).
Test Case '-[TesseraCoreTests.LayoutContractTests testShellBudgetYieldOrder]' started.
Test Case '-[TesseraCoreTests.LayoutContractTests testShellBudgetYieldOrder]' passed (0.000 seconds).
Test Case '-[TesseraCoreTests.LayoutContractTests testSidebarHiddenBadgeGivesItsWidthBack]' started.
Test Case '-[TesseraCoreTests.LayoutContractTests testSidebarHiddenBadgeGivesItsWidthBack]' passed (0.013 seconds).
Test Case '-[TesseraCoreTests.LayoutContractTests testSoftProofRowFitsTheMinimumInspector]' started.
Test Case '-[TesseraCoreTests.LayoutContractTests testSoftProofRowFitsTheMinimumInspector]' passed (0.023 seconds).
Test Case '-[TesseraCoreTests.LayoutContractTests testStatusBarFitsANarrowDetailWithLongStrings]' started.
Test Case '-[TesseraCoreTests.LayoutContractTests testStatusBarFitsANarrowDetailWithLongStrings]' passed (0.011 seconds).
Test Case '-[TesseraCoreTests.LayoutContractTests testThemeMenuTruncatesInsteadOfOverflowing]' started.
Test Case '-[TesseraCoreTests.LayoutContractTests testThemeMenuTruncatesInsteadOfOverflowing]' passed (0.005 seconds).
Test Case '-[TesseraCoreTests.LayoutContractTests testValueSliderDrawsWithoutOverflowAt80Points]' started.
Test Case '-[TesseraCoreTests.LayoutContractTests testValueSliderDrawsWithoutOverflowAt80Points]' passed (0.001 seconds).
Test Case '-[TesseraCoreTests.LayoutContractTests testValueSliderRingPaintsInsideTheThumb]' started.
Test Case '-[TesseraCoreTests.LayoutContractTests testValueSliderRingPaintsInsideTheThumb]' passed (0.000 seconds).
Test Case '-[TesseraCoreTests.LayoutContractTests testValueSliderTitleAndValueNeverTouch]' started.
Test Case '-[TesseraCoreTests.LayoutContractTests testValueSliderTitleAndValueNeverTouch]' passed (0.000 seconds).
Test Suite 'LayoutContractTests' passed at 2026-09-28 14:57:39.686.
	 Executed 14 tests, with 0 failures (0 unexpected) in 0.066 (0.067) seconds
Test Suite 'LazyLoupeTests' started at 2026-09-28 14:57:39.686.
Test Case '-[TesseraCoreTests.LazyLoupeTests testBackgroundAuditWindowCannotBecomeKeyOrMain]' started.
Test Case '-[TesseraCoreTests.LazyLoupeTests testBackgroundAuditWindowCannotBecomeKeyOrMain]' passed (0.197 seconds).
Test Case '-[TesseraCoreTests.LazyLoupeTests testEmptyLoupeConstructionDoesNotPrepareMetal]' started.
Test Case '-[TesseraCoreTests.LazyLoupeTests testEmptyLoupeConstructionDoesNotPrepareMetal]' passed (0.001 seconds).
Test Case '-[TesseraCoreTests.LazyLoupeTests testLateLoupeObserverSynchronizesExistingSelection]' started.
Test Case '-[TesseraCoreTests.LazyLoupeTests testLateLoupeObserverSynchronizesExistingSelection]' passed (0.001 seconds).
Test Case '-[TesseraCoreTests.LazyLoupeTests testPreparedResourcesAreSharedAndBuiltOffMain]' started.
Test Case '-[TesseraCoreTests.LazyLoupeTests testPreparedResourcesAreSharedAndBuiltOffMain]' passed (0.045 seconds).
Test Suite 'LazyLoupeTests' passed at 2026-09-28 14:57:39.930.
	 Executed 4 tests, with 0 failures (0 unexpected) in 0.243 (0.244) seconds
Test Suite 'LensBlurDepthModelTests' started at 2026-09-28 14:57:39.930.
Test Case '-[TesseraCoreTests.LensBlurDepthModelTests testHistogramBindsTheEngineBinsNormalised]' started.
Test Case '-[TesseraCoreTests.LensBlurDepthModelTests testHistogramBindsTheEngineBinsNormalised]' passed (0.001 seconds).
Test Case '-[TesseraCoreTests.LensBlurDepthModelTests testMissingWeightsAreAnInlineErrorAndNoEngineCall]' started.
Test Case '-[TesseraCoreTests.LensBlurDepthModelTests testMissingWeightsAreAnInlineErrorAndNoEngineCall]' passed (0.001 seconds).
Test Case '-[TesseraCoreTests.LensBlurDepthModelTests testSubjectAcquiresSegmentationAndAppliesTheEngineRange]' started.
Test Case '-[TesseraCoreTests.LensBlurDepthModelTests testSubjectAcquiresSegmentationAndAppliesTheEngineRange]' passed (0.002 seconds).
Test Case '-[TesseraCoreTests.LensBlurDepthModelTests testVisualizeToggleDrivesTheSessionOverlay]' started.
Test Case '-[TesseraCoreTests.LensBlurDepthModelTests testVisualizeToggleDrivesTheSessionOverlay]' passed (0.000 seconds).
Test Suite 'LensBlurDepthModelTests' passed at 2026-09-28 14:57:39.935.
	 Executed 4 tests, with 0 failures (0 unexpected) in 0.005 (0.005) seconds
Test Suite 'LensBlurExportWarningTests' started at 2026-09-28 14:57:39.935.
Test Case '-[TesseraCoreTests.LensBlurExportWarningTests testLensBlurWithoutDepthWeightsExportsWithAWarning]' started.
develop L2 calibration [first, tone, WB] ms: CPU [479.770667, 191.91904100000002, 226.641333]; GPU [311.005917, 1.541625, 6.8985840000000005]
Test Case '-[TesseraCoreTests.LensBlurExportWarningTests testLensBlurWithoutDepthWeightsExportsWithAWarning]' passed (13.264 seconds).
Test Suite 'LensBlurExportWarningTests' passed at 2026-09-28 14:57:53.199.
	 Executed 1 test, with 0 failures (0 unexpected) in 13.264 (13.264) seconds
Test Suite 'LibraryResponsivenessTests' started at 2026-09-28 14:57:53.199.
Test Case '-[TesseraCoreTests.LibraryResponsivenessTests testBottomHundredLookupScaling]' started.
Test Case '-[TesseraCoreTests.LibraryResponsivenessTests testBottomHundredLookupScaling]' passed (0.058 seconds).
Test Case '-[TesseraCoreTests.LibraryResponsivenessTests testLatestRequestWinsEvenWhenOldWorkFinishesLast]' started.
Test Case '-[TesseraCoreTests.LibraryResponsivenessTests testLatestRequestWinsEvenWhenOldWorkFinishesLast]' passed (0.000 seconds).
Test Case '-[TesseraCoreTests.LibraryResponsivenessTests testSingletonsAndRemappedItems]' started.
Test Case '-[TesseraCoreTests.LibraryResponsivenessTests testSingletonsAndRemappedItems]' passed (0.024 seconds).
Test Case '-[TesseraCoreTests.LibraryResponsivenessTests testSuggestedBestUsesStableGroupIdentity]' started.
Test Case '-[TesseraCoreTests.LibraryResponsivenessTests testSuggestedBestUsesStableGroupIdentity]' passed (0.023 seconds).
Test Case '-[TesseraCoreTests.LibraryResponsivenessTests testTwentyThousandCoreInstallAndSelectAll]' started.
Test Case '-[TesseraCoreTests.LibraryResponsivenessTests testTwentyThousandCoreInstallAndSelectAll]' passed (0.021 seconds).
Test Case '-[TesseraCoreTests.LibraryResponsivenessTests testWarmBottomHundredCellConfiguration]' started.
Test Case '-[TesseraCoreTests.LibraryResponsivenessTests testWarmBottomHundredCellConfiguration]' passed (0.063 seconds).
Test Suite 'LibraryResponsivenessTests' passed at 2026-09-28 14:57:53.389.
	 Executed 6 tests, with 0 failures (0 unexpected) in 0.189 (0.190) seconds
Test Suite 'LibraryTests' started at 2026-09-28 14:57:53.389.
Test Case '-[TesseraCoreTests.LibraryTests testAlbumOrderingAndSidebarNestingPersist]' started.
Test Case '-[TesseraCoreTests.LibraryTests testAlbumOrderingAndSidebarNestingPersist]' passed (0.062 seconds).
Test Case '-[TesseraCoreTests.LibraryTests testBatchMetadataAndFacetOnlySnapshot]' started.
Test Case '-[TesseraCoreTests.LibraryTests testBatchMetadataAndFacetOnlySnapshot]' passed (0.022 seconds).
Test Case '-[TesseraCoreTests.LibraryTests testFilterBarFacetsAndNotInAnyAlbum]' started.
Test Case '-[TesseraCoreTests.LibraryTests testFilterBarFacetsAndNotInAnyAlbum]' passed (0.051 seconds).
Test Case '-[TesseraCoreTests.LibraryTests testRapidQueriesAndLibraryReplacementRejectOldResults]' started.
Test Case '-[TesseraCoreTests.LibraryTests testRapidQueriesAndLibraryReplacementRejectOldResults]' passed (0.365 seconds).
Test Case '-[TesseraCoreTests.LibraryTests testRuleDiagnosticsMapToSwiftRangesThroughTheBridge]' started.
Test Case '-[TesseraCoreTests.LibraryTests testRuleDiagnosticsMapToSwiftRangesThroughTheBridge]' passed (0.019 seconds).
Test Case '-[TesseraCoreTests.LibraryTests testSupportDirectoryResolution]' started.
Test Case '-[TesseraCoreTests.LibraryTests testSupportDirectoryResolution]' passed (0.000 seconds).
Test Case '-[TesseraCoreTests.LibraryTests testTwentyThousandEngineLibraryMeasurement]' started.
/Users/rutmehta/.codex/worktrees/export-integration/tessera/apps/mac/Tests/TesseraCoreTests/LibraryTests.swift:146: -[TesseraCoreTests.LibraryTests testTwentyThousandEngineLibraryMeasurement] : Test skipped - Opt-in generated 20k-file engine fixture
Test Case '-[TesseraCoreTests.LibraryTests testTwentyThousandEngineLibraryMeasurement]' skipped (0.002 seconds).
Test Suite 'LibraryTests' passed at 2026-09-28 14:57:53.910.
	 Executed 7 tests, with 1 test skipped and 0 failures (0 unexpected) in 0.520 (0.521) seconds
Test Suite 'LightroomImportTests' started at 2026-09-28 14:57:53.910.
Test Case '-[TesseraCoreTests.LightroomImportTests testBridgeRejectsANonCatalog]' started.
Test Case '-[TesseraCoreTests.LightroomImportTests testBridgeRejectsANonCatalog]' passed (0.001 seconds).
Test Case '-[TesseraCoreTests.LightroomImportTests testCancelledReportSaysHowToResumeAndIsWrittenBesideLibraryJSON]' started.
Test Case '-[TesseraCoreTests.LightroomImportTests testCancelledReportSaysHowToResumeAndIsWrittenBesideLibraryJSON]' passed (0.002 seconds).
Test Case '-[TesseraCoreTests.LightroomImportTests testFidelityGridSortsAndFiltersLooksDifferent]' started.
Test Case '-[TesseraCoreTests.LightroomImportTests testFidelityGridSortsAndFiltersLooksDifferent]' passed (0.000 seconds).
Test Case '-[TesseraCoreTests.LightroomImportTests testFolderTableRelocatesRootsAndMovesTheLibraryWithThem]' started.
Test Case '-[TesseraCoreTests.LightroomImportTests testFolderTableRelocatesRootsAndMovesTheLibraryWithThem]' passed (0.000 seconds).
Test Case '-[TesseraCoreTests.LightroomImportTests testFolderTableTakesImageCountsFromThePlan]' started.
Test Case '-[TesseraCoreTests.LightroomImportTests testFolderTableTakesImageCountsFromThePlan]' passed (0.000 seconds).
Test Case '-[TesseraCoreTests.LightroomImportTests testMarkTableMapsKeepsAndDropsLabels]' started.
Test Case '-[TesseraCoreTests.LightroomImportTests testMarkTableMapsKeepsAndDropsLabels]' passed (0.001 seconds).
Test Case '-[TesseraCoreTests.LightroomImportTests testReportMarkdownListsImportedSkippedAndUnsupported]' started.
Test Case '-[TesseraCoreTests.LightroomImportTests testReportMarkdownListsImportedSkippedAndUnsupported]' passed (0.001 seconds).
Test Case '-[TesseraCoreTests.LightroomImportTests testSelectionText]' started.
Test Case '-[TesseraCoreTests.LightroomImportTests testSelectionText]' passed (0.000 seconds).
Test Suite 'LightroomImportTests' passed at 2026-09-28 14:57:53.917.
	 Executed 8 tests, with 0 failures (0 unexpected) in 0.007 (0.007) seconds
Test Suite 'LoupeOverlayPresentationTests' started at 2026-09-28 14:57:53.917.
Test Case '-[TesseraCoreTests.LoupeOverlayPresentationTests testDisplayInfoCarriesFullLibraryNameAndPhotoEditUsesHeaderInstead]' started.
Test Case '-[TesseraCoreTests.LoupeOverlayPresentationTests testDisplayInfoCarriesFullLibraryNameAndPhotoEditUsesHeaderInstead]' passed (0.001 seconds).
Test Case '-[TesseraCoreTests.LoupeOverlayPresentationTests testProofBadgeReflectsReadyPendingAndUnavailableStates]' started.
Test Case '-[TesseraCoreTests.LoupeOverlayPresentationTests testProofBadgeReflectsReadyPendingAndUnavailableStates]' passed (0.000 seconds).
Test Case '-[TesseraCoreTests.LoupeOverlayPresentationTests testReviewEditShortcutDisclosureNamesQueueAndReturnDestination]' started.
Test Case '-[TesseraCoreTests.LoupeOverlayPresentationTests testReviewEditShortcutDisclosureNamesQueueAndReturnDestination]' passed (0.000 seconds).
Test Suite 'LoupeOverlayPresentationTests' passed at 2026-09-28 14:57:53.919.
	 Executed 3 tests, with 0 failures (0 unexpected) in 0.002 (0.002) seconds
Test Suite 'MaskingTests' started at 2026-09-28 14:57:53.919.
Test Case '-[TesseraCoreTests.MaskingTests testAIProgressFollowsJobsAndTheEngineList]' started.
Test Case '-[TesseraCoreTests.MaskingTests testAIProgressFollowsJobsAndTheEngineList]' passed (0.000 seconds).
Test Case '-[TesseraCoreTests.MaskingTests testGradientShapesRoundTripTheirEngineJSON]' started.
Test Case '-[TesseraCoreTests.MaskingTests testGradientShapesRoundTripTheirEngineJSON]' passed (0.000 seconds).
Test Case '-[TesseraCoreTests.MaskingTests testListCyclesAndEditsTheSelectedGroupOptimistically]' started.
Test Case '-[TesseraCoreTests.MaskingTests testListCyclesAndEditsTheSelectedGroupOptimistically]' passed (0.000 seconds).
Test Case '-[TesseraCoreTests.MaskingTests testListSelectsNewGroupsAndNeighboursOfDeletedOnes]' started.
Test Case '-[TesseraCoreTests.MaskingTests testListSelectsNewGroupsAndNeighboursOfDeletedOnes]' passed (0.000 seconds).
Test Case '-[TesseraCoreTests.MaskingTests testMaskEditsAreCoalescedPerFrameAndCommittedAsOneStep]' started.
develop L2 calibration [first, tone, WB] ms: CPU [464.61724999999996, 197.355042, 227.31625]; GPU [270.209875, 1.375959, 6.568208]
Test Case '-[TesseraCoreTests.MaskingTests testMaskEditsAreCoalescedPerFrameAndCommittedAsOneStep]' passed (1.782 seconds).
Test Case '-[TesseraCoreTests.MaskingTests testMaskSpaceRoundTripsThroughCropAndOrientation]' started.
Test Case '-[TesseraCoreTests.MaskingTests testMaskSpaceRoundTripsThroughCropAndOrientation]' passed (0.000 seconds).
Test Case '-[TesseraCoreTests.MaskingTests testStrokeCoalescerBatchesManyEventsPerFrame]' started.
Test Case '-[TesseraCoreTests.MaskingTests testStrokeCoalescerBatchesManyEventsPerFrame]' passed (0.000 seconds).
Test Case '-[TesseraCoreTests.MaskingTests testStrokeCoalescerDropsDenseSamplesAndKeepsTheLast]' started.
Test Case '-[TesseraCoreTests.MaskingTests testStrokeCoalescerDropsDenseSamplesAndKeepsTheLast]' passed (0.000 seconds).
Test Suite 'MaskingTests' passed at 2026-09-28 14:57:55.703.
	 Executed 8 tests, with 0 failures (0 unexpected) in 1.784 (1.784) seconds
Test Suite 'MasksPanelLayoutTests' started at 2026-09-28 14:57:55.703.
Test Case '-[TesseraCoreTests.MasksPanelLayoutTests testPopulatedInspectorKeepsComponentActionsReadableAtMinimumWidth]' started.
develop L2 calibration [first, tone, WB] ms: CPU [16.890124999999998, 0.339208, 0.408208]; GPU [17.59075, 0.5264580000000001, 0.7518750000000001]
Test Case '-[TesseraCoreTests.MasksPanelLayoutTests testPopulatedInspectorKeepsComponentActionsReadableAtMinimumWidth]' passed (3.089 seconds).
Test Suite 'MasksPanelLayoutTests' passed at 2026-09-28 14:57:58.792.
	 Executed 1 test, with 0 failures (0 unexpected) in 3.089 (3.089) seconds
Test Suite 'ModelAcquisitionTests' started at 2026-09-28 14:57:58.792.
Test Case '-[TesseraCoreTests.ModelAcquisitionTests testAllowDownloadsSettingPersistsAndReopensTheDownloader]' started.
Test Case '-[TesseraCoreTests.ModelAcquisitionTests testAllowDownloadsSettingPersistsAndReopensTheDownloader]' passed (0.002 seconds).
Test Case '-[TesseraCoreTests.ModelAcquisitionTests testDownloaderThatCannotOpenFailsWithTheReason]' started.
Test Case '-[TesseraCoreTests.ModelAcquisitionTests testDownloaderThatCannotOpenFailsWithTheReason]' passed (0.001 seconds).
Test Case '-[TesseraCoreTests.ModelAcquisitionTests testDownloadProgressQueuedBytesReady]' started.
Test Case '-[TesseraCoreTests.ModelAcquisitionTests testDownloadProgressQueuedBytesReady]' passed (0.013 seconds).
Test Case '-[TesseraCoreTests.ModelAcquisitionTests testFailureCarriesTheReasonAndRetryRequestsAgain]' started.
Test Case '-[TesseraCoreTests.ModelAcquisitionTests testFailureCarriesTheReasonAndRetryRequestsAgain]' passed (0.001 seconds).
Test Case '-[TesseraCoreTests.ModelAcquisitionTests testStandardPathsUseTheSupportModelsFolder]' started.
Test Case '-[TesseraCoreTests.ModelAcquisitionTests testStandardPathsUseTheSupportModelsFolder]' passed (0.001 seconds).
Test Case '-[TesseraCoreTests.ModelAcquisitionTests testStatesFollowTheEngineEvents]' started.
Test Case '-[TesseraCoreTests.ModelAcquisitionTests testStatesFollowTheEngineEvents]' passed (0.000 seconds).
Test Suite 'ModelAcquisitionTests' passed at 2026-09-28 14:57:58.810.
	 Executed 6 tests, with 0 failures (0 unexpected) in 0.018 (0.018) seconds
Test Suite 'OfflineLibraryRoutingTests' started at 2026-09-28 14:57:58.810.
Test Case '-[TesseraCoreTests.OfflineLibraryRoutingTests testAvailabilityPermissionErrorDoesNotBecomeOffline]' started.
Test Case '-[TesseraCoreTests.OfflineLibraryRoutingTests testAvailabilityPermissionErrorDoesNotBecomeOffline]' passed (0.000 seconds).
Test Case '-[TesseraCoreTests.OfflineLibraryRoutingTests testCachedModeRefusesCatalogMutationAndRequiresLexicalAbsoluteFolder]' started.
Test Case '-[TesseraCoreTests.OfflineLibraryRoutingTests testCachedModeRefusesCatalogMutationAndRequiresLexicalAbsoluteFolder]' passed (0.000 seconds).
Test Case '-[TesseraCoreTests.OfflineLibraryRoutingTests testEmptyCachedSessionStaysEmptyAndProvidesReconnectGuidance]' started.
Test Case '-[TesseraCoreTests.OfflineLibraryRoutingTests testEmptyCachedSessionStaysEmptyAndProvidesReconnectGuidance]' passed (0.000 seconds).
Test Case '-[TesseraCoreTests.OfflineLibraryRoutingTests testExplicitReopenObservesOnlineOfflineTransitions]' started.
Test Case '-[TesseraCoreTests.OfflineLibraryRoutingTests testExplicitReopenObservesOnlineOfflineTransitions]' passed (0.000 seconds).
Test Case '-[TesseraCoreTests.OfflineLibraryRoutingTests testOnlineAliasCapturesCanonicalFolderForDisconnectedRelaunch]' started.
Test Case '-[TesseraCoreTests.OfflineLibraryRoutingTests testOnlineAliasCapturesCanonicalFolderForDisconnectedRelaunch]' passed (0.008 seconds).
Test Case '-[TesseraCoreTests.OfflineLibraryRoutingTests testOrdinaryOnlineErrorDoesNotFallBackToCache]' started.
Test Case '-[TesseraCoreTests.OfflineLibraryRoutingTests testOrdinaryOnlineErrorDoesNotFallBackToCache]' passed (0.000 seconds).
Test Case '-[TesseraCoreTests.OfflineLibraryRoutingTests testUnavailableRelaunchUsesCachedDeclarationsWithoutScanOrListing]' started.
Test Case '-[TesseraCoreTests.OfflineLibraryRoutingTests testUnavailableRelaunchUsesCachedDeclarationsWithoutScanOrListing]' passed (0.000 seconds).
Test Suite 'OfflineLibraryRoutingTests' passed at 2026-09-28 14:57:58.819.
	 Executed 7 tests, with 0 failures (0 unexpected) in 0.008 (0.008) seconds
Test Suite 'OutputAdmissionCancellationTests' started at 2026-09-28 14:57:58.819.
Test Case '-[TesseraCoreTests.OutputAdmissionCancellationTests testExportCancelBeforeTaskStartsSettlesAndReleasesReservation]' started.
Test Case '-[TesseraCoreTests.OutputAdmissionCancellationTests testExportCancelBeforeTaskStartsSettlesAndReleasesReservation]' passed (0.015 seconds).
Test Case '-[TesseraCoreTests.OutputAdmissionCancellationTests testPrintPDFCancelBeforeTaskStartsCompletesOnceAndReleasesReservation]' started.
Test Case '-[TesseraCoreTests.OutputAdmissionCancellationTests testPrintPDFCancelBeforeTaskStartsCompletesOnceAndReleasesReservation]' passed (0.030 seconds).
Test Suite 'OutputAdmissionCancellationTests' passed at 2026-09-28 14:57:58.865.
	 Executed 2 tests, with 0 failures (0 unexpected) in 0.046 (0.046) seconds
Test Suite 'PeopleBridgeTests' started at 2026-09-28 14:57:58.865.
Test Case '-[TesseraCoreTests.PeopleBridgeTests testNameMergeSplitConfirmAndFilterThroughTheEngine]' started.
Test Case '-[TesseraCoreTests.PeopleBridgeTests testNameMergeSplitConfirmAndFilterThroughTheEngine]' passed (0.056 seconds).
Test Suite 'PeopleBridgeTests' passed at 2026-09-28 14:57:58.920.
	 Executed 1 test, with 0 failures (0 unexpected) in 0.056 (0.056) seconds
Test Suite 'PeopleLayoutTests' started at 2026-09-28 14:57:58.920.
Test Case '-[TesseraCoreTests.PeopleLayoutTests testDetailFitsWindowAndKeepsHeaderAtTop]' started.
Test Case '-[TesseraCoreTests.PeopleLayoutTests testDetailFitsWindowAndKeepsHeaderAtTop]' passed (0.396 seconds).
Test Suite 'PeopleLayoutTests' passed at 2026-09-28 14:57:59.316.
	 Executed 1 test, with 0 failures (0 unexpected) in 0.396 (0.396) seconds
Test Suite 'PeopleModelTests' started at 2026-09-28 14:57:59.316.
Test Case '-[TesseraCoreTests.PeopleModelTests testDetailLoadsMembersInOneCall]' started.
Test Case '-[TesseraCoreTests.PeopleModelTests testDetailLoadsMembersInOneCall]' passed (0.001 seconds).
Test Case '-[TesseraCoreTests.PeopleModelTests testEngineErrorsBecomeMessagesAndNothingIsHalfApplied]' started.
Test Case '-[TesseraCoreTests.PeopleModelTests testEngineErrorsBecomeMessagesAndNothingIsHalfApplied]' passed (0.002 seconds).
Test Case '-[TesseraCoreTests.PeopleModelTests testFootnoteReportsTheJobsSampleSize]' started.
Test Case '-[TesseraCoreTests.PeopleModelTests testFootnoteReportsTheJobsSampleSize]' passed (0.002 seconds).
Test Case '-[TesseraCoreTests.PeopleModelTests testInstallResetsAndLibraryUpdatesRemapItems]' started.
Test Case '-[TesseraCoreTests.PeopleModelTests testInstallResetsAndLibraryUpdatesRemapItems]' passed (0.001 seconds).
Test Case '-[TesseraCoreTests.PeopleModelTests testMergeSelectionKeepsTheNamedPersonAndItsName]' started.
Test Case '-[TesseraCoreTests.PeopleModelTests testMergeSelectionKeepsTheNamedPersonAndItsName]' passed (0.001 seconds).
Test Case '-[TesseraCoreTests.PeopleModelTests testNamingCommitsTrimmedNameWithOptInsAndReloads]' started.
Test Case '-[TesseraCoreTests.PeopleModelTests testNamingCommitsTrimmedNameWithOptInsAndReloads]' passed (0.001 seconds).
Test Case '-[TesseraCoreTests.PeopleModelTests testPersonFacetIsAUnionWithinAndIntersectsOtherFilters]' started.
Test Case '-[TesseraCoreTests.PeopleModelTests testPersonFacetIsAUnionWithinAndIntersectsOtherFilters]' passed (0.001 seconds).
Test Case '-[TesseraCoreTests.PeopleModelTests testReassignAndConfirmGoThroughTheEngine]' started.
Test Case '-[TesseraCoreTests.PeopleModelTests testReassignAndConfirmGoThroughTheEngine]' passed (0.000 seconds).
Test Case '-[TesseraCoreTests.PeopleModelTests testRefreshRunsTheJobOffTheMainActorAndReportsApproximation]' started.
Test Case '-[TesseraCoreTests.PeopleModelTests testRefreshRunsTheJobOffTheMainActorAndReportsApproximation]' passed (0.001 seconds).
Test Case '-[TesseraCoreTests.PeopleModelTests testSplitMovesSelectedFacesToANewUnconfirmedPerson]' started.
Test Case '-[TesseraCoreTests.PeopleModelTests testSplitMovesSelectedFacesToANewUnconfirmedPerson]' passed (0.001 seconds).
Test Case '-[TesseraCoreTests.PeopleModelTests testSuggestionsAreFilteredSortedAndAcceptingMerges]' started.
Test Case '-[TesseraCoreTests.PeopleModelTests testSuggestionsAreFilteredSortedAndAcceptingMerges]' passed (0.001 seconds).
Test Case '-[TesseraCoreTests.PeopleModelTests testTilesNamedFirstThenByFramesWithNamesMembersAndBadges]' started.
Test Case '-[TesseraCoreTests.PeopleModelTests testTilesNamedFirstThenByFramesWithNamesMembersAndBadges]' passed (0.000 seconds).
Test Case '-[TesseraCoreTests.PeopleModelTests testTilesUseTheMedoidAndEngineCountsWithoutScanningAssignments]' started.
Test Case '-[TesseraCoreTests.PeopleModelTests testTilesUseTheMedoidAndEngineCountsWithoutScanningAssignments]' passed (0.001 seconds).
Test Case '-[TesseraCoreTests.PeopleModelTests testUndoRedoReplayEngineHistoryWithItsDescriptions]' started.
Test Case '-[TesseraCoreTests.PeopleModelTests testUndoRedoReplayEngineHistoryWithItsDescriptions]' passed (0.001 seconds).
Test Suite 'PeopleModelTests' passed at 2026-09-28 14:57:59.328.
	 Executed 14 tests, with 0 failures (0 unexpected) in 0.011 (0.012) seconds
Test Suite 'PeopleUndoMenuTests' started at 2026-09-28 14:57:59.328.
Test Case '-[TesseraCoreTests.PeopleUndoMenuTests testUndoRedoCoverPeopleEditsWhileThePeopleViewIsFrontmost]' started.
Test Case '-[TesseraCoreTests.PeopleUndoMenuTests testUndoRedoCoverPeopleEditsWhileThePeopleViewIsFrontmost]' passed (0.000 seconds).
Test Suite 'PeopleUndoMenuTests' passed at 2026-09-28 14:57:59.329.
	 Executed 1 test, with 0 failures (0 unexpected) in 0.000 (0.000) seconds
Test Suite 'PerformanceTraceTests' started at 2026-09-28 14:57:59.329.
Test Case '-[TesseraCoreTests.PerformanceTraceTests testBoundedTraceReportsDropsAndPreservesIdentity]' started.
Test Case '-[TesseraCoreTests.PerformanceTraceTests testBoundedTraceReportsDropsAndPreservesIdentity]' passed (0.000 seconds).
Test Case '-[TesseraCoreTests.PerformanceTraceTests testDisabledTraceDoesNotRecord]' started.
Test Case '-[TesseraCoreTests.PerformanceTraceTests testDisabledTraceDoesNotRecord]' passed (0.000 seconds).
Test Case '-[TesseraCoreTests.PerformanceTraceTests testSpanDurationAndConcurrentCallbacks]' started.
Test Case '-[TesseraCoreTests.PerformanceTraceTests testSpanDurationAndConcurrentCallbacks]' passed (0.000 seconds).
Test Suite 'PerformanceTraceTests' passed at 2026-09-28 14:57:59.329.
	 Executed 3 tests, with 0 failures (0 unexpected) in 0.000 (0.000) seconds
Test Suite 'PhotoMergeEnhanceTests' started at 2026-09-28 14:57:59.329.
Test Case '-[TesseraCoreTests.PhotoMergeEnhanceTests testAppModelMenuStateFollowsTheSelection]' started.
Test Case '-[TesseraCoreTests.PhotoMergeEnhanceTests testAppModelMenuStateFollowsTheSelection]' passed (0.000 seconds).
Test Case '-[TesseraCoreTests.PhotoMergeEnhanceTests testCancelStopsTheJobAndReportsCancelled]' started.
Test Case '-[TesseraCoreTests.PhotoMergeEnhanceTests testCancelStopsTheJobAndReportsCancelled]' passed (0.048 seconds).
Test Case '-[TesseraCoreTests.PhotoMergeEnhanceTests testCommandRules]' started.
Test Case '-[TesseraCoreTests.PhotoMergeEnhanceTests testCommandRules]' passed (0.000 seconds).
Test Case '-[TesseraCoreTests.PhotoMergeEnhanceTests testDefaultsMatchTheEngineAndHDRIgnoresPanoramaControls]' started.
Test Case '-[TesseraCoreTests.PhotoMergeEnhanceTests testDefaultsMatchTheEngineAndHDRIgnoresPanoramaControls]' passed (0.000 seconds).
Test Case '-[TesseraCoreTests.PhotoMergeEnhanceTests testEnhanceOptionsMapping]' started.
Test Case '-[TesseraCoreTests.PhotoMergeEnhanceTests testEnhanceOptionsMapping]' passed (0.000 seconds).
Test Case '-[TesseraCoreTests.PhotoMergeEnhanceTests testExposureParsingAndSpreadWarnings]' started.
Test Case '-[TesseraCoreTests.PhotoMergeEnhanceTests testExposureParsingAndSpreadWarnings]' passed (0.000 seconds).
Test Case '-[TesseraCoreTests.PhotoMergeEnhanceTests testFailuresAreExplained]' started.
Test Case '-[TesseraCoreTests.PhotoMergeEnhanceTests testFailuresAreExplained]' passed (0.000 seconds).
Test Case '-[TesseraCoreTests.PhotoMergeEnhanceTests testMergeProblemsExplainWhyMergeIsDisabled]' started.
Test Case '-[TesseraCoreTests.PhotoMergeEnhanceTests testMergeProblemsExplainWhyMergeIsDisabled]' passed (0.000 seconds).
Test Case '-[TesseraCoreTests.PhotoMergeEnhanceTests testMergeRunsWithPreviewProgressAndCompletion]' started.
Test Case '-[TesseraCoreTests.PhotoMergeEnhanceTests testMergeRunsWithPreviewProgressAndCompletion]' passed (0.037 seconds).
Test Case '-[TesseraCoreTests.PhotoMergeEnhanceTests testPanoramaAndHDRPanoramaMapping]' started.
Test Case '-[TesseraCoreTests.PhotoMergeEnhanceTests testPanoramaAndHDRPanoramaMapping]' passed (0.000 seconds).
Test Case '-[TesseraCoreTests.PhotoMergeEnhanceTests testRealEngineMergesThreeBracketsIntoAnHDRDngThatOpensInDevelop]' started.
develop L2 calibration [first, tone, WB] ms: CPU [158.19445900000002, 80.079459, 80.040875]; GPU [81.751417, 0.628041, 1.400916]
Test Case '-[TesseraCoreTests.PhotoMergeEnhanceTests testRealEngineMergesThreeBracketsIntoAnHDRDngThatOpensInDevelop]' passed (0.868 seconds).
Test Case '-[TesseraCoreTests.PhotoMergeEnhanceTests testStageTitlesAndErrorMessages]' started.
Test Case '-[TesseraCoreTests.PhotoMergeEnhanceTests testStageTitlesAndErrorMessages]' passed (0.000 seconds).
Test Suite 'PhotoMergeEnhanceTests' passed at 2026-09-28 14:58:00.285.
	 Executed 12 tests, with 0 failures (0 unexpected) in 0.955 (0.956) seconds
Test Suite 'PreviewEventsTests' started at 2026-09-28 14:58:00.285.
Test Case '-[TesseraCoreTests.PreviewEventsTests testCacheDoesNotAliasReusedDenseItemIDs]' started.
Test Case '-[TesseraCoreTests.PreviewEventsTests testCacheDoesNotAliasReusedDenseItemIDs]' passed (0.002 seconds).
Test Case '-[TesseraCoreTests.PreviewEventsTests testCacheKeysRemainRetrievableAcrossManyRequests]' started.
Test Case '-[TesseraCoreTests.PreviewEventsTests testCacheKeysRemainRetrievableAcrossManyRequests]' passed (0.090 seconds).
Test Case '-[TesseraCoreTests.PreviewEventsTests testCancelledTaskStopsWaitingWithoutAnEvent]' started.
Test Case '-[TesseraCoreTests.PreviewEventsTests testCancelledTaskStopsWaitingWithoutAnEvent]' passed (0.000 seconds).
Test Case '-[TesseraCoreTests.PreviewEventsTests testCancellingOneSubscriberDoesNotRemoveAnother]' started.
Test Case '-[TesseraCoreTests.PreviewEventsTests testCancellingOneSubscriberDoesNotRemoveAnother]' passed (0.000 seconds).
Test Case '-[TesseraCoreTests.PreviewEventsTests testConcurrentDeliveriesPublishBeforeCallbackAndEvictOlderImages]' started.
Test Case '-[TesseraCoreTests.PreviewEventsTests testConcurrentDeliveriesPublishBeforeCallbackAndEvictOlderImages]' passed (0.002 seconds).
Test Case '-[TesseraCoreTests.PreviewEventsTests testInvalidationCancelsInFlightRequestsForBothTiersOnlyForThatItem]' started.
Test Case '-[TesseraCoreTests.PreviewEventsTests testInvalidationCancelsInFlightRequestsForBothTiersOnlyForThatItem]' passed (0.001 seconds).
Test Case '-[TesseraCoreTests.PreviewEventsTests testOverBudgetImageIsCachedBeforeDelivery]' started.
Test Case '-[TesseraCoreTests.PreviewEventsTests testOverBudgetImageIsCachedBeforeDelivery]' passed (0.001 seconds).
Test Case '-[TesseraCoreTests.PreviewEventsTests testReadyBeforeWaitIsBufferedAndFiltered]' started.
Test Case '-[TesseraCoreTests.PreviewEventsTests testReadyBeforeWaitIsBufferedAndFiltered]' passed (0.000 seconds).
Test Case '-[TesseraCoreTests.PreviewEventsTests testRemoveAllPreventsLateDeliveryAndCacheRepopulation]' started.
Test Case '-[TesseraCoreTests.PreviewEventsTests testRemoveAllPreventsLateDeliveryAndCacheRepopulation]' passed (0.000 seconds).
Test Case '-[TesseraCoreTests.PreviewEventsTests testUnrelatedEventsDoNotWakeSubscriber]' started.
Test Case '-[TesseraCoreTests.PreviewEventsTests testUnrelatedEventsDoNotWakeSubscriber]' passed (0.000 seconds).
Test Suite 'PreviewEventsTests' passed at 2026-09-28 14:58:00.381.
	 Executed 10 tests, with 0 failures (0 unexpected) in 0.096 (0.096) seconds
Test Suite 'RasterizedPSDCopyTests' started at 2026-09-28 14:58:00.381.
Test Case '-[TesseraCoreTests.RasterizedPSDCopyTests testCancelBeforeWorkerRunsRetainsAdmissionUntilCompletion]' started.
Test Case '-[TesseraCoreTests.RasterizedPSDCopyTests testCancelBeforeWorkerRunsRetainsAdmissionUntilCompletion]' passed (0.000 seconds).
Test Case '-[TesseraCoreTests.RasterizedPSDCopyTests testCloseCancelsOriginAndStaleCompletionCannotClearReplacement]' started.
Test Case '-[TesseraCoreTests.RasterizedPSDCopyTests testCloseCancelsOriginAndStaleCompletionCannotClearReplacement]' passed (0.000 seconds).
Test Case '-[TesseraCoreTests.RasterizedPSDCopyTests testHostCloseWhileWorkerDrainsSuppressesCompletionAndBalancesQueue]' started.
Test Case '-[TesseraCoreTests.RasterizedPSDCopyTests testHostCloseWhileWorkerDrainsSuppressesCompletionAndBalancesQueue]' passed (0.012 seconds).
Test Case '-[TesseraCoreTests.RasterizedPSDCopyTests testSeparateDocumentSlotsAndTooLateCancellation]' started.
Test Case '-[TesseraCoreTests.RasterizedPSDCopyTests testSeparateDocumentSlotsAndTooLateCancellation]' passed (0.000 seconds).
Test Suite 'RasterizedPSDCopyTests' passed at 2026-09-28 14:58:00.394.
	 Executed 4 tests, with 0 failures (0 unexpected) in 0.013 (0.013) seconds
Test Suite 'RecoveryWindowCloseGuardTests' started at 2026-09-28 14:58:00.394.
Test Case '-[TesseraCoreTests.RecoveryWindowCloseGuardTests testAllowedCloseDefersToPriorDelegateExactlyOnce]' started.
Test Case '-[TesseraCoreTests.RecoveryWindowCloseGuardTests testAllowedCloseDefersToPriorDelegateExactlyOnce]' passed (0.006 seconds).
Test Case '-[TesseraCoreTests.RecoveryWindowCloseGuardTests testBlockedCloseDoesNotCallPriorDelegateOrDiscardWindow]' started.
Test Case '-[TesseraCoreTests.RecoveryWindowCloseGuardTests testBlockedCloseDoesNotCallPriorDelegateOrDiscardWindow]' passed (0.058 seconds).
Test Case '-[TesseraCoreTests.RecoveryWindowCloseGuardTests testInstallingOnOneWindowLeavesUnrelatedWindowDelegateUntouched]' started.
Test Case '-[TesseraCoreTests.RecoveryWindowCloseGuardTests testInstallingOnOneWindowLeavesUnrelatedWindowDelegateUntouched]' passed (0.009 seconds).
Test Case '-[TesseraCoreTests.RecoveryWindowCloseGuardTests testLateOldGuardCleanupCannotRemoveReinstalledGuard]' started.
Test Case '-[TesseraCoreTests.RecoveryWindowCloseGuardTests testLateOldGuardCleanupCannotRemoveReinstalledGuard]' passed (0.008 seconds).
Test Case '-[TesseraCoreTests.RecoveryWindowCloseGuardTests testRealPerformCloseForwardsWillCloseOnce]' started.
Test Case '-[TesseraCoreTests.RecoveryWindowCloseGuardTests testRealPerformCloseForwardsWillCloseOnce]' passed (0.019 seconds).
Test Suite 'RecoveryWindowCloseGuardTests' passed at 2026-09-28 14:58:00.495.
	 Executed 5 tests, with 0 failures (0 unexpected) in 0.100 (0.101) seconds
Test Suite 'ReviewPreviewDrainTests' started at 2026-09-28 14:58:00.495.
Test Case '-[TesseraCoreTests.ReviewPreviewDrainTests testReviewObserveDoesNotRetryARegisteredFailedDevelopClose]' started.
develop L2 calibration [first, tone, WB] ms: CPU [17.07125, 0.325542, 0.397417]; GPU [18.566416, 0.649375, 0.855958]
Test Case '-[TesseraCoreTests.ReviewPreviewDrainTests testReviewObserveDoesNotRetryARegisteredFailedDevelopClose]' passed (0.057 seconds).
Test Case '-[TesseraCoreTests.ReviewPreviewDrainTests testReviewRetriesObservationAfterEarlierPreviewFlightDrains]' started.
Test Case '-[TesseraCoreTests.ReviewPreviewDrainTests testReviewRetriesObservationAfterEarlierPreviewFlightDrains]' passed (3.437 seconds).
Test Suite 'ReviewPreviewDrainTests' passed at 2026-09-28 14:58:03.989.
	 Executed 2 tests, with 0 failures (0 unexpected) in 3.494 (3.495) seconds
Test Suite 'ReviewResumeStoreTests' started at 2026-09-28 14:58:03.989.
Test Case '-[TesseraCoreTests.ReviewResumeStoreTests testCompletingRunningIntentDoesNotTreatItAsAnInterruptedRestore]' started.
Test Case '-[TesseraCoreTests.ReviewResumeStoreTests testCompletingRunningIntentDoesNotTreatItAsAnInterruptedRestore]' passed (0.002 seconds).
Test Case '-[TesseraCoreTests.ReviewResumeStoreTests testDifferentCanonicalPathDoesNotAdoptAnotherLibraryQueue]' started.
Test Case '-[TesseraCoreTests.ReviewResumeStoreTests testDifferentCanonicalPathDoesNotAdoptAnotherLibraryQueue]' passed (0.001 seconds).
Test Case '-[TesseraCoreTests.ReviewResumeStoreTests testDuplicateTargetIdentityIsRejectedAsCorrupt]' started.
Test Case '-[TesseraCoreTests.ReviewResumeStoreTests testDuplicateTargetIdentityIsRejectedAsCorrupt]' passed (0.000 seconds).
Test Case '-[TesseraCoreTests.ReviewResumeStoreTests testFailureAdvancesNewestCursorRevisionAndKeepsCapturedTargets]' started.
Test Case '-[TesseraCoreTests.ReviewResumeStoreTests testFailureAdvancesNewestCursorRevisionAndKeepsCapturedTargets]' passed (0.002 seconds).
Test Case '-[TesseraCoreTests.ReviewResumeStoreTests testFutureSchemaIsPreservedAndReportedWithoutDecodingAsCurrent]' started.
Test Case '-[TesseraCoreTests.ReviewResumeStoreTests testFutureSchemaIsPreservedAndReportedWithoutDecodingAsCurrent]' passed (0.001 seconds).
Test Case '-[TesseraCoreTests.ReviewResumeStoreTests testRevisionCannotOverflow]' started.
Test Case '-[TesseraCoreTests.ReviewResumeStoreTests testRevisionCannotOverflow]' passed (0.000 seconds).
Test Case '-[TesseraCoreTests.ReviewResumeStoreTests testRoundTripsOnlySafeQueueMembershipAndCursorForCanonicalLibraryPath]' started.
Test Case '-[TesseraCoreTests.ReviewResumeStoreTests testRoundTripsOnlySafeQueueMembershipAndCursorForCanonicalLibraryPath]' passed (0.001 seconds).
Test Case '-[TesseraCoreTests.ReviewResumeStoreTests testRunningRecordCanBeMarkedInterruptedWithoutChangingTargetsOrReplaying]' started.
Test Case '-[TesseraCoreTests.ReviewResumeStoreTests testRunningRecordCanBeMarkedInterruptedWithoutChangingTargetsOrReplaying]' passed (0.002 seconds).
Test Case '-[TesseraCoreTests.ReviewResumeStoreTests testStaleRevisionCannotOverwriteNewerQueueRecord]' started.
Test Case '-[TesseraCoreTests.ReviewResumeStoreTests testStaleRevisionCannotOverwriteNewerQueueRecord]' passed (0.001 seconds).
Test Case '-[TesseraCoreTests.ReviewResumeStoreTests testTargetOrdinalsCanBeSafelyReindexedBeforeMerging]' started.
Test Case '-[TesseraCoreTests.ReviewResumeStoreTests testTargetOrdinalsCanBeSafelyReindexedBeforeMerging]' passed (0.000 seconds).
Test Suite 'ReviewResumeStoreTests' passed at 2026-09-28 14:58:04.000.
	 Executed 10 tests, with 0 failures (0 unexpected) in 0.011 (0.011) seconds
Test Suite 'SearchTermTests' started at 2026-09-28 14:58:04.000.
Test Case '-[TesseraCoreTests.SearchTermTests testAppendingANDsOntoExistingText]' started.
Test Case '-[TesseraCoreTests.SearchTermTests testAppendingANDsOntoExistingText]' passed (0.000 seconds).
Test Case '-[TesseraCoreTests.SearchTermTests testTextTermsAreQuotedWithTheGrammarsJSONEscaping]' started.
Test Case '-[TesseraCoreTests.SearchTermTests testTextTermsAreQuotedWithTheGrammarsJSONEscaping]' passed (0.000 seconds).
Test Suite 'SearchTermTests' passed at 2026-09-28 14:58:04.001.
	 Executed 2 tests, with 0 failures (0 unexpected) in 0.000 (0.000) seconds
Test Suite 'ShellLayoutTests' started at 2026-09-28 14:58:04.001.
Test Case '-[TesseraCoreTests.ShellLayoutTests testShellContainedAtEverySizeStateAndAppearance]' started.
XCTExpectFailure: matcher accepted Assertion Failure at ShellLayoutTests.swift:92: failed - document-960x600-dark: HostingScrollView {{684, 533}, {264, 128}} outside {{0, 0}, {960, 652}}
document-960x600-dark: HostingScrollView {{684, 739}, {264, 144}} outside {{0, 0}, {960, 652}}
document-1280x800-dark: HostingScrollView {{1004, 739}, {264, 144}} outside {{0, 0}, {1280, 800}}
document-960x600-light: HostingScrollView {{684, 533}, {264, 128}} outside {{0, 0}, {960, 652}}
document-960x600-light: HostingScrollView {{684, 739}, {264, 144}} outside {{0, 0}, {960, 652}}
document-1280x800-light: HostingScrollView {{1004, 739}, {264, 144}} outside {{0, 0}, {1280, 800}}
ShellLayoutTests.swift:92: Expected failure in -[TesseraCoreTests.ShellLayoutTests testShellContainedAtEverySizeStateAndAppearance]: failed - document-960x600-dark: HostingScrollView {{684, 533}, {264, 128}} outside {{0, 0}, {960, 652}}
document-960x600-dark: HostingScrollView {{684, 739}, {264, 144}} outside {{0, 0}, {960, 652}}
document-1280x800-dark: HostingScrollView {{1004, 739}, {264, 144}} outside {{0, 0}, {1280, 800}}
document-960x600-light: HostingScrollView {{684, 533}, {264, 128}} outside {{0, 0}, {960, 652}}
document-960x600-light: HostingScrollView {{684, 739}, {264, 144}} outside {{0, 0}, {960, 652}}
document-1280x800-light: HostingScrollView {{1004, 739}, {264, 144}} outside {{0, 0}, {1280, 800}}Reason: (document inspector panels overflow their column (handed off to Machine B, L1))
Test Case '-[TesseraCoreTests.ShellLayoutTests testShellContainedAtEverySizeStateAndAppearance]' passed (47.995 seconds).
Test Suite 'ShellLayoutTests' passed at 2026-09-28 14:58:51.996.
	 Executed 1 test, with 0 failures (0 unexpected) in 47.995 (47.996) seconds
Test Suite 'SmartPreviewNativeWorkflowTests' started at 2026-09-28 14:58:51.996.
Test Case '-[TesseraCoreTests.SmartPreviewNativeWorkflowTests testActualCachedThumbnailAfterOriginalDisconnect]' started.
develop L2 calibration [first, tone, WB] ms: CPU [506.926125, 192.470125, 226.566417]; GPU [322.113792, 1.4363329999999999, 6.902916]
Test Case '-[TesseraCoreTests.SmartPreviewNativeWorkflowTests testActualCachedThumbnailAfterOriginalDisconnect]' passed (4.766 seconds).
Test Case '-[TesseraCoreTests.SmartPreviewNativeWorkflowTests testActualSwiftBridgeOfflineLibraryRenderSaveReopenAndReconnect]' started.
develop L2 calibration [first, tone, WB] ms: CPU [451.452625, 190.07275, 217.04775]; GPU [272.157542, 1.5578750000000001, 9.141833]
develop L2 calibration [first, tone, WB] ms: CPU [477.375333, 195.721917, 217.724583]; GPU [274.602916, 2.6964580000000002, 7.181042000000001]
Test Case '-[TesseraCoreTests.SmartPreviewNativeWorkflowTests testActualSwiftBridgeOfflineLibraryRenderSaveReopenAndReconnect]' passed (4.328 seconds).
Test Suite 'SmartPreviewNativeWorkflowTests' passed at 2026-09-28 14:59:01.090.
	 Executed 2 tests, with 0 failures (0 unexpected) in 9.094 (9.094) seconds
Test Suite 'SmartPreviewThumbnailTests' started at 2026-09-28 14:59:01.090.
Test Case '-[TesseraCoreTests.SmartPreviewThumbnailTests testCancelledRetryWaitTerminatesWithoutAnotherNativeCall]' started.
Test Case '-[TesseraCoreTests.SmartPreviewThumbnailTests testCancelledRetryWaitTerminatesWithoutAnotherNativeCall]' passed (0.008 seconds).
Test Case '-[TesseraCoreTests.SmartPreviewThumbnailTests testExplicitRoleChoosesExactlyOneAPIAndNeverFallsBack]' started.
Test Case '-[TesseraCoreTests.SmartPreviewThumbnailTests testExplicitRoleChoosesExactlyOneAPIAndNeverFallsBack]' passed (0.008 seconds).
Test Case '-[TesseraCoreTests.SmartPreviewThumbnailTests testInvalidatedProxyWorkerCannotRepopulateCacheOrDeliverOldResult]' started.
Test Case '-[TesseraCoreTests.SmartPreviewThumbnailTests testInvalidatedProxyWorkerCannotRepopulateCacheOrDeliverOldResult]' passed (0.006 seconds).
Test Case '-[TesseraCoreTests.SmartPreviewThumbnailTests testOriginalCacheCannotSatisfySameImageProxyRequest]' started.
Test Case '-[TesseraCoreTests.SmartPreviewThumbnailTests testOriginalCacheCannotSatisfySameImageProxyRequest]' passed (0.009 seconds).
Test Case '-[TesseraCoreTests.SmartPreviewThumbnailTests testOriginalErrorsRemainTerminalWithoutRetry]' started.
Test Case '-[TesseraCoreTests.SmartPreviewThumbnailTests testOriginalErrorsRemainTerminalWithoutRetry]' passed (0.007 seconds).
Test Case '-[TesseraCoreTests.SmartPreviewThumbnailTests testPendingProxyUsesBufferedReadyEventAndKeepsSource]' started.
Test Case '-[TesseraCoreTests.SmartPreviewThumbnailTests testPendingProxyUsesBufferedReadyEventAndKeepsSource]' passed (0.008 seconds).
Test Case '-[TesseraCoreTests.SmartPreviewThumbnailTests testPersistentProxyFailureHasBoundedCallsAndNoPendingPlaceholderFlight]' started.
Test Case '-[TesseraCoreTests.SmartPreviewThumbnailTests testPersistentProxyFailureHasBoundedCallsAndNoPendingPlaceholderFlight]' passed (0.007 seconds).
Test Case '-[TesseraCoreTests.SmartPreviewThumbnailTests testReconnectDropsProxyFlightAndDoesNotShareOriginalCache]' started.
Test Case '-[TesseraCoreTests.SmartPreviewThumbnailTests testReconnectDropsProxyFlightAndDoesNotShareOriginalCache]' passed (0.010 seconds).
Test Case '-[TesseraCoreTests.SmartPreviewThumbnailTests testSupersessionDuringRetrySuppressesOldRetryAndDeliversReplacement]' started.
Test Case '-[TesseraCoreTests.SmartPreviewThumbnailTests testSupersessionDuringRetrySuppressesOldRetryAndDeliversReplacement]' passed (0.007 seconds).
Test Case '-[TesseraCoreTests.SmartPreviewThumbnailTests testTransientProxyErrorRetriesWithinSameFlightThenDelivers]' started.
Test Case '-[TesseraCoreTests.SmartPreviewThumbnailTests testTransientProxyErrorRetriesWithinSameFlightThenDelivers]' passed (0.011 seconds).
Test Suite 'SmartPreviewThumbnailTests' passed at 2026-09-28 14:59:01.173.
	 Executed 10 tests, with 0 failures (0 unexpected) in 0.082 (0.083) seconds
Test Suite 'SmartPreviewUITests' started at 2026-09-28 14:59:01.173.
Test Case '-[TesseraCoreTests.SmartPreviewUITests testAbsentPreferenceDefaultsToOriginalAndPreservesExplicitSavedChoice]' started.
Test Case '-[TesseraCoreTests.SmartPreviewUITests testAbsentPreferenceDefaultsToOriginalAndPreservesExplicitSavedChoice]' passed (0.002 seconds).
Test Case '-[TesseraCoreTests.SmartPreviewUITests testAssetMutationsInvalidateThumbnailsBeforeAndAfterNativeDrain]' started.
Test Case '-[TesseraCoreTests.SmartPreviewUITests testAssetMutationsInvalidateThumbnailsBeforeAndAfterNativeDrain]' passed (0.000 seconds).
Test Case '-[TesseraCoreTests.SmartPreviewUITests testBadgesDescribeOfflinePendingConflictAndActualRoute]' started.
Test Case '-[TesseraCoreTests.SmartPreviewUITests testBadgesDescribeOfflinePendingConflictAndActualRoute]' passed (0.000 seconds).
Test Case '-[TesseraCoreTests.SmartPreviewUITests testBatchCancelDrainsCurrentPhotoThenStopsAndRetainsOutcome]' started.
Test Case '-[TesseraCoreTests.SmartPreviewUITests testBatchCancelDrainsCurrentPhotoThenStopsAndRetainsOutcome]' passed (0.000 seconds).
Test Case '-[TesseraCoreTests.SmartPreviewUITests testClearedSelectionAndSeparateOwnerIgnoreOldCompletion]' started.
Test Case '-[TesseraCoreTests.SmartPreviewUITests testClearedSelectionAndSeparateOwnerIgnoreOldCompletion]' passed (0.000 seconds).
Test Case '-[TesseraCoreTests.SmartPreviewUITests testConflictFailedAndDirtySyncAreNotSuccessAndDirtyDiscardNeverCallsNative]' started.
Test Case '-[TesseraCoreTests.SmartPreviewUITests testConflictFailedAndDirtySyncAreNotSuccessAndDirtyDiscardNeverCallsNative]' passed (0.000 seconds).
Test Case '-[TesseraCoreTests.SmartPreviewUITests testFailedValidationCannotUsePresentationAsOpeningAuthority]' started.
Test Case '-[TesseraCoreTests.SmartPreviewUITests testFailedValidationCannotUsePresentationAsOpeningAuthority]' passed (0.000 seconds).
Test Case '-[TesseraCoreTests.SmartPreviewUITests testLocalProxySaveKeepsThumbnailWarningButOpeningValidatesAgain]' started.
Test Case '-[TesseraCoreTests.SmartPreviewUITests testLocalProxySaveKeepsThumbnailWarningButOpeningValidatesAgain]' passed (0.000 seconds).
Test Case '-[TesseraCoreTests.SmartPreviewUITests testOfflineAndPendingLibraryBadgesDisclosePreSyncThumbnail]' started.
Test Case '-[TesseraCoreTests.SmartPreviewUITests testOfflineAndPendingLibraryBadgesDisclosePreSyncThumbnail]' passed (0.000 seconds).
Test Case '-[TesseraCoreTests.SmartPreviewUITests testOfflineExistingPreviewOffersExplicitUseRatherThanRebuildOrSync]' started.
Test Case '-[TesseraCoreTests.SmartPreviewUITests testOfflineExistingPreviewOffersExplicitUseRatherThanRebuildOrSync]' passed (0.000 seconds).
Test Case '-[TesseraCoreTests.SmartPreviewUITests testOnlyCleanMissingPreviewFallsBackToAvailableOriginal]' started.
Test Case '-[TesseraCoreTests.SmartPreviewUITests testOnlyCleanMissingPreviewFallsBackToAvailableOriginal]' passed (0.000 seconds).
Test Case '-[TesseraCoreTests.SmartPreviewUITests testOpeningCancelsIfSelectionChangesAwayAndBackDuringRead]' started.
Test Case '-[TesseraCoreTests.SmartPreviewUITests testOpeningCancelsIfSelectionChangesAwayAndBackDuringRead]' passed (0.000 seconds).
Test Case '-[TesseraCoreTests.SmartPreviewUITests testOpeningFollowsReplacementSamePhotoStatusRead]' started.
Test Case '-[TesseraCoreTests.SmartPreviewUITests testOpeningFollowsReplacementSamePhotoStatusRead]' passed (0.000 seconds).
Test Case '-[TesseraCoreTests.SmartPreviewUITests testOriginalSaveDoesNotInventProxyPresentation]' started.
Test Case '-[TesseraCoreTests.SmartPreviewUITests testOriginalSaveDoesNotInventProxyPresentation]' passed (0.000 seconds).
Test Case '-[TesseraCoreTests.SmartPreviewUITests testProxyRenderedLibraryCopyKeepsSaveWarningWithoutLastSyncedClaim]' started.
Test Case '-[TesseraCoreTests.SmartPreviewUITests testProxyRenderedLibraryCopyKeepsSaveWarningWithoutLastSyncedClaim]' passed (0.000 seconds).
Test Case '-[TesseraCoreTests.SmartPreviewUITests testRapidSelectionOnlyDecodesActiveAndLatestPhoto]' started.
Test Case '-[TesseraCoreTests.SmartPreviewUITests testRapidSelectionOnlyDecodesActiveAndLatestPhoto]' passed (0.000 seconds).
Test Case '-[TesseraCoreTests.SmartPreviewUITests testRepeatedSelectionAndOpeningShareOneStatusRead]' started.
Test Case '-[TesseraCoreTests.SmartPreviewUITests testRepeatedSelectionAndOpeningShareOneStatusRead]' passed (0.000 seconds).
Test Case '-[TesseraCoreTests.SmartPreviewUITests testRouteUsesRequestedSessionAndNeverFallsBackAfterProxyFailure]' started.
Test Case '-[TesseraCoreTests.SmartPreviewUITests testRouteUsesRequestedSessionAndNeverFallsBackAfterProxyFailure]' passed (0.000 seconds).
Test Case '-[TesseraCoreTests.SmartPreviewUITests testSavedStateInvalidationDoesNotAutomaticallyHashAssets]' started.
Test Case '-[TesseraCoreTests.SmartPreviewUITests testSavedStateInvalidationDoesNotAutomaticallyHashAssets]' passed (0.000 seconds).
Test Case '-[TesseraCoreTests.SmartPreviewUITests testSelectionGenerationSuppressesOldInfoCompletion]' started.
Test Case '-[TesseraCoreTests.SmartPreviewUITests testSelectionGenerationSuppressesOldInfoCompletion]' passed (0.000 seconds).
Test Case '-[TesseraCoreTests.SmartPreviewUITests testSelectionReadStartedBeforeBatchCannotOverwriteNewOutcome]' started.
Test Case '-[TesseraCoreTests.SmartPreviewUITests testSelectionReadStartedBeforeBatchCannotOverwriteNewOutcome]' passed (0.000 seconds).
Test Case '-[TesseraCoreTests.SmartPreviewUITests testStaleOpenerCannotRetargetCurrentSelectionOrStartAnotherRead]' started.
Test Case '-[TesseraCoreTests.SmartPreviewUITests testStaleOpenerCannotRetargetCurrentSelectionOrStartAnotherRead]' passed (0.000 seconds).
Test Suite 'SmartPreviewUITests' passed at 2026-09-28 14:59:01.179.
	 Executed 22 tests, with 0 failures (0 unexpected) in 0.006 (0.006) seconds
Test Suite 'StagedLibraryFilterTests' started at 2026-09-28 14:59:01.179.
Test Case '-[TesseraCoreTests.StagedLibraryFilterTests testExplicitRetryCommitsAllEditsStagedAfterFailedClose]' started.
develop L2 calibration [first, tone, WB] ms: CPU [0.385708, 0.266209, 0.305709]; GPU [1.057833, 0.5165000000000001, 0.590667]
Test Case '-[TesseraCoreTests.StagedLibraryFilterTests testExplicitRetryCommitsAllEditsStagedAfterFailedClose]' passed (0.038 seconds).
Test Case '-[TesseraCoreTests.StagedLibraryFilterTests testFilterAndFacetRequestDuringLayersSaveCancelOnlyItsDestination]' started.
develop L2 calibration [first, tone, WB] ms: CPU [0.38991600000000004, 0.254792, 0.25366700000000003]; GPU [1.1019580000000002, 1.007208, 0.83325]
Test Case '-[TesseraCoreTests.StagedLibraryFilterTests testFilterAndFacetRequestDuringLayersSaveCancelOnlyItsDestination]' passed (0.032 seconds).
Test Case '-[TesseraCoreTests.StagedLibraryFilterTests testHeldCloseComposesDistinctPersonFacets]' started.
develop L2 calibration [first, tone, WB] ms: CPU [0.37920800000000005, 0.24508400000000002, 0.257875]; GPU [0.924, 0.75225, 0.824292]
Test Case '-[TesseraCoreTests.StagedLibraryFilterTests testHeldCloseComposesDistinctPersonFacets]' passed (0.031 seconds).
Test Case '-[TesseraCoreTests.StagedLibraryFilterTests testHeldCloseComposesRepeatedTextAndCancellingPersonToggle]' started.
develop L2 calibration [first, tone, WB] ms: CPU [0.40004100000000004, 0.279083, 0.259458]; GPU [1.03725, 0.527833, 0.5950000000000001]
Test Case '-[TesseraCoreTests.StagedLibraryFilterTests testHeldCloseComposesRepeatedTextAndCancellingPersonToggle]' passed (0.031 seconds).
Test Case '-[TesseraCoreTests.StagedLibraryFilterTests testHeldCloseComposesTwoFilterFieldsWithoutEarlyPublication]' started.
develop L2 calibration [first, tone, WB] ms: CPU [0.400416, 0.298084, 0.294041]; GPU [1.6765, 0.530875, 0.5966670000000001]
Test Case '-[TesseraCoreTests.StagedLibraryFilterTests testHeldCloseComposesTwoFilterFieldsWithoutEarlyPublication]' passed (0.032 seconds).
Test Case '-[TesseraCoreTests.StagedLibraryFilterTests testKeepEditingDiscardsFailedFilterDraft]' started.
develop L2 calibration [first, tone, WB] ms: CPU [0.38775000000000004, 0.298792, 0.26475]; GPU [1.6385, 0.51375, 0.608625]
Test Case '-[TesseraCoreTests.StagedLibraryFilterTests testKeepEditingDiscardsFailedFilterDraft]' passed (0.039 seconds).
Test Case '-[TesseraCoreTests.StagedLibraryFilterTests testOwnerReplacementDropsHeldFilterDraft]' started.
develop L2 calibration [first, tone, WB] ms: CPU [0.372875, 0.229375, 0.24345899999999998]; GPU [1.007625, 0.731625, 0.877333]
Test Case '-[TesseraCoreTests.StagedLibraryFilterTests testOwnerReplacementDropsHeldFilterDraft]' passed (0.032 seconds).
Test Case '-[TesseraCoreTests.StagedLibraryFilterTests testPersonFacetAloneDuringLayersSaveCancelsItsDestination]' started.
develop L2 calibration [first, tone, WB] ms: CPU [0.406875, 0.25175000000000003, 0.25187499999999996]; GPU [1.0545, 0.550625, 0.5581670000000001]
Test Case '-[TesseraCoreTests.StagedLibraryFilterTests testPersonFacetAloneDuringLayersSaveCancelsItsDestination]' passed (0.030 seconds).
Test Case '-[TesseraCoreTests.StagedLibraryFilterTests testUnrelatedNavigationSupersedesHeldFilterDraft]' started.
develop L2 calibration [first, tone, WB] ms: CPU [0.411667, 0.307458, 0.277416]; GPU [1.0509169999999999, 0.49458399999999997, 0.643417]
Test Case '-[TesseraCoreTests.StagedLibraryFilterTests testUnrelatedNavigationSupersedesHeldFilterDraft]' passed (0.032 seconds).
Test Suite 'StagedLibraryFilterTests' passed at 2026-09-28 14:59:01.477.
	 Executed 9 tests, with 0 failures (0 unexpected) in 0.297 (0.298) seconds
Test Suite 'StubDocumentBackendTests' started at 2026-09-28 14:59:01.477.
Test Case '-[TesseraCoreTests.StubDocumentBackendTests testCompositeHasTransparentMarginAndThumbnailsAreCached]' started.
Test Case '-[TesseraCoreTests.StubDocumentBackendTests testCompositeHasTransparentMarginAndThumbnailsAreCached]' passed (0.013 seconds).
Test Case '-[TesseraCoreTests.StubDocumentBackendTests testDragPlanAppliesThroughMoveLayer]' started.
Test Case '-[TesseraCoreTests.StubDocumentBackendTests testDragPlanAppliesThroughMoveLayer]' passed (0.000 seconds).
Test Case '-[TesseraCoreTests.StubDocumentBackendTests testInteractiveEditsWaitForCommit]' started.
Test Case '-[TesseraCoreTests.StubDocumentBackendTests testInteractiveEditsWaitForCommit]' passed (0.000 seconds).
Test Case '-[TesseraCoreTests.StubDocumentBackendTests testSaveOpenAndExport]' started.
Test Case '-[TesseraCoreTests.StubDocumentBackendTests testSaveOpenAndExport]' passed (0.148 seconds).
Test Case '-[TesseraCoreTests.StubDocumentBackendTests testStructuralEdits]' started.
Test Case '-[TesseraCoreTests.StubDocumentBackendTests testStructuralEdits]' passed (0.000 seconds).
Test Case '-[TesseraCoreTests.StubDocumentBackendTests testUndoRedoCheckoutAndSnapshots]' started.
Test Case '-[TesseraCoreTests.StubDocumentBackendTests testUndoRedoCheckoutAndSnapshots]' passed (0.000 seconds).
Test Case '-[TesseraCoreTests.StubDocumentBackendTests testViewportFramesArriveOnTheListener]' started.
Test Case '-[TesseraCoreTests.StubDocumentBackendTests testViewportFramesArriveOnTheListener]' passed (0.033 seconds).
Test Suite 'StubDocumentBackendTests' passed at 2026-09-28 14:59:01.673.
	 Executed 7 tests, with 0 failures (0 unexpected) in 0.196 (0.196) seconds
Test Suite 'SuggestionChipTests' started at 2026-09-28 14:59:01.673.
Test Case '-[TesseraCoreTests.SuggestionChipTests testBridgeRecordConversion]' started.
Test Case '-[TesseraCoreTests.SuggestionChipTests testBridgeRecordConversion]' passed (0.000 seconds).
Test Case '-[TesseraCoreTests.SuggestionChipTests testClickAcceptsOneAndRejectRemovesOne]' started.
Test Case '-[TesseraCoreTests.SuggestionChipTests testClickAcceptsOneAndRejectRemovesOne]' passed (0.000 seconds).
Test Case '-[TesseraCoreTests.SuggestionChipTests testOrderingDeduplicationAndMapping]' started.
Test Case '-[TesseraCoreTests.SuggestionChipTests testOrderingDeduplicationAndMapping]' passed (0.000 seconds).
Test Case '-[TesseraCoreTests.SuggestionChipTests testReplaceKeepsTheThreshold]' started.
Test Case '-[TesseraCoreTests.SuggestionChipTests testReplaceKeepsTheThreshold]' passed (0.000 seconds).
Test Case '-[TesseraCoreTests.SuggestionChipTests testShiftClickAcceptsEverythingAtOrAboveTheThreshold]' started.
Test Case '-[TesseraCoreTests.SuggestionChipTests testShiftClickAcceptsEverythingAtOrAboveTheThreshold]' passed (0.000 seconds).
Test Suite 'SuggestionChipTests' passed at 2026-09-28 14:59:01.674.
	 Executed 5 tests, with 0 failures (0 unexpected) in 0.000 (0.001) seconds
Test Suite 'TetherBridgeTests' started at 2026-09-28 14:59:01.674.
Test Case '-[TesseraCoreTests.TetherBridgeTests testFakeCameraFrameArrivesNamedIndexedAndScored]' started.
Test Case '-[TesseraCoreTests.TetherBridgeTests testFakeCameraFrameArrivesNamedIndexedAndScored]' passed (0.276 seconds).
Test Case '-[TesseraCoreTests.TetherBridgeTests testLaunchArguments]' started.
Test Case '-[TesseraCoreTests.TetherBridgeTests testLaunchArguments]' passed (0.000 seconds).
Test Suite 'TetherBridgeTests' passed at 2026-09-28 14:59:01.950.
	 Executed 2 tests, with 0 failures (0 unexpected) in 0.277 (0.277) seconds
Test Suite 'TetherNamingTests' started at 2026-09-28 14:59:01.950.
Test Case '-[TesseraCoreTests.TetherNamingTests testRejectsWhatTheEngineRejects]' started.
Test Case '-[TesseraCoreTests.TetherNamingTests testRejectsWhatTheEngineRejects]' passed (0.001 seconds).
Test Case '-[TesseraCoreTests.TetherNamingTests testRendersTokensWithFourDigitSequence]' started.
Test Case '-[TesseraCoreTests.TetherNamingTests testRendersTokensWithFourDigitSequence]' passed (0.000 seconds).
Test Case '-[TesseraCoreTests.TetherNamingTests testSessionNames]' started.
Test Case '-[TesseraCoreTests.TetherNamingTests testSessionNames]' passed (0.000 seconds).
Test Case '-[TesseraCoreTests.TetherNamingTests testTokenMenuInsertsBeforeTheExtension]' started.
Test Case '-[TesseraCoreTests.TetherNamingTests testTokenMenuInsertsBeforeTheExtension]' passed (0.000 seconds).
Test Suite 'TetherNamingTests' passed at 2026-09-28 14:59:01.952.
	 Executed 4 tests, with 0 failures (0 unexpected) in 0.001 (0.002) seconds
Test Suite 'ThemeLintTests' started at 2026-09-28 14:59:01.952.
Test Case '-[TesseraCoreTests.ThemeLintTests testViewsUseThemeTokensOnly]' started.
Test Case '-[TesseraCoreTests.ThemeLintTests testViewsUseThemeTokensOnly]' passed (0.242 seconds).
Test Suite 'ThemeLintTests' passed at 2026-09-28 14:59:02.194.
	 Executed 1 test, with 0 failures (0 unexpected) in 0.242 (0.242) seconds
Test Suite 'ThumbnailFlightDrainTests' started at 2026-09-28 14:59:02.194.
Test Case '-[TesseraCoreTests.ThumbnailFlightDrainTests testCachedHitNeedsNoFlightHandle]' started.
Test Case '-[TesseraCoreTests.ThumbnailFlightDrainTests testCachedHitNeedsNoFlightHandle]' passed (0.001 seconds).
Test Case '-[TesseraCoreTests.ThumbnailFlightDrainTests testCancelledCoalescedSubscriberSharesRunningDrain]' started.
Test Case '-[TesseraCoreTests.ThumbnailFlightDrainTests testCancelledCoalescedSubscriberSharesRunningDrain]' passed (0.007 seconds).
Test Case '-[TesseraCoreTests.ThumbnailFlightDrainTests testCancelledPendingReplacementWaitsForOlderSameKeyWorker]' started.
Test Case '-[TesseraCoreTests.ThumbnailFlightDrainTests testCancelledPendingReplacementWaitsForOlderSameKeyWorker]' passed (0.007 seconds).
Test Case '-[TesseraCoreTests.ThumbnailFlightDrainTests testInvalidateDetachesSubscriberButWaitsForRunningWorkerDrain]' started.
Test Case '-[TesseraCoreTests.ThumbnailFlightDrainTests testInvalidateDetachesSubscriberButWaitsForRunningWorkerDrain]' passed (0.007 seconds).
Test Case '-[TesseraCoreTests.ThumbnailFlightDrainTests testPendingOnlyCancellationDrainsImmediately]' started.
Test Case '-[TesseraCoreTests.ThumbnailFlightDrainTests testPendingOnlyCancellationDrainsImmediately]' passed (0.001 seconds).
Test Case '-[TesseraCoreTests.ThumbnailFlightDrainTests testRemoveAllAndLoaderReleaseDoNotStrandRunningDrain]' started.
Test Case '-[TesseraCoreTests.ThumbnailFlightDrainTests testRemoveAllAndLoaderReleaseDoNotStrandRunningDrain]' passed (0.007 seconds).
Test Suite 'ThumbnailFlightDrainTests' passed at 2026-09-28 14:59:02.224.
	 Executed 6 tests, with 0 failures (0 unexpected) in 0.029 (0.030) seconds
Test Suite 'ThumbnailQueueTests' started at 2026-09-28 14:59:02.224.
Test Case '-[TesseraCoreTests.ThumbnailQueueTests testCancelAndImmediatelyResubscribeDoesNotOverlapSameKey]' started.
Test Case '-[TesseraCoreTests.ThumbnailQueueTests testCancelAndImmediatelyResubscribeDoesNotOverlapSameKey]' passed (0.001 seconds).
Test Case '-[TesseraCoreTests.ThumbnailQueueTests testCancellingSharedSubscriberKeepsOtherTierAndSubscriber]' started.
Test Case '-[TesseraCoreTests.ThumbnailQueueTests testCancellingSharedSubscriberKeepsOtherTierAndSubscriber]' passed (0.009 seconds).
Test Case '-[TesseraCoreTests.ThumbnailQueueTests testGridAndFilmstripShareOneDecodedImage]' started.
Test Case '-[TesseraCoreTests.ThumbnailQueueTests testGridAndFilmstripShareOneDecodedImage]' passed (0.001 seconds).
Test Case '-[TesseraCoreTests.ThumbnailQueueTests testLateSubscriberAfterCacheEvictionStillReceivesResult]' started.
Test Case '-[TesseraCoreTests.ThumbnailQueueTests testLateSubscriberAfterCacheEvictionStillReceivesResult]' passed (0.001 seconds).
Test Case '-[TesseraCoreTests.ThumbnailQueueTests testLoupeIsNextAdmissionAheadOfThumbnailBacklog]' started.
Test Case '-[TesseraCoreTests.ThumbnailQueueTests testLoupeIsNextAdmissionAheadOfThumbnailBacklog]' passed (0.010 seconds).
Test Case '-[TesseraCoreTests.ThumbnailQueueTests testMixedTiersShareViewportPendingBudget]' started.
Test Case '-[TesseraCoreTests.ThumbnailQueueTests testMixedTiersShareViewportPendingBudget]' passed (0.000 seconds).
Test Case '-[TesseraCoreTests.ThumbnailQueueTests testPendingCancellationRemovesSubscriberSynchronously]' started.
Test Case '-[TesseraCoreTests.ThumbnailQueueTests testPendingCancellationRemovesSubscriberSynchronously]' passed (0.000 seconds).
Test Case '-[TesseraCoreTests.ThumbnailQueueTests testReentrantInvalidationPreventsOtherSharedDeliveryAndCanReload]' started.
Test Case '-[TesseraCoreTests.ThumbnailQueueTests testReentrantInvalidationPreventsOtherSharedDeliveryAndCanReload]' passed (0.001 seconds).
Test Case '-[TesseraCoreTests.ThumbnailQueueTests testTwentyThousandRequestsKeepOnlyNewestBoundedBacklog]' started.
Test Case '-[TesseraCoreTests.ThumbnailQueueTests testTwentyThousandRequestsKeepOnlyNewestBoundedBacklog]' passed (0.432 seconds).
Test Case '-[TesseraCoreTests.ThumbnailQueueTests testTwentyThousandReversalDeliversOnlyFinalViewport]' started.
Test Case '-[TesseraCoreTests.ThumbnailQueueTests testTwentyThousandReversalDeliversOnlyFinalViewport]' passed (0.542 seconds).
Test Case '-[TesseraCoreTests.ThumbnailQueueTests testViewportOwnersResizeAndReleaseBound]' started.
Test Case '-[TesseraCoreTests.ThumbnailQueueTests testViewportOwnersResizeAndReleaseBound]' passed (0.002 seconds).
Test Suite 'ThumbnailQueueTests' passed at 2026-09-28 14:59:03.223.
	 Executed 11 tests, with 0 failures (0 unexpected) in 0.999 (0.999) seconds
Test Suite 'ThumbnailViewportTests' started at 2026-09-28 14:59:03.223.
Test Case '-[TesseraCoreTests.ThumbnailViewportTests testHiddenRetainedGridDoesNotContributeViewportBudget]' started.
Test Case '-[TesseraCoreTests.ThumbnailViewportTests testHiddenRetainedGridDoesNotContributeViewportBudget]' passed (0.002 seconds).
Test Suite 'ThumbnailViewportTests' passed at 2026-09-28 14:59:03.226.
	 Executed 1 test, with 0 failures (0 unexpected) in 0.002 (0.002) seconds
Test Suite 'TransformLensBlurTests' started at 2026-09-28 14:59:03.226.
Test Case '-[TesseraCoreTests.TransformLensBlurTests testAIDenoiseTogglesTheNeuralModeAndAmount]' started.
Test Case '-[TesseraCoreTests.TransformLensBlurTests testAIDenoiseTogglesTheNeuralModeAndAmount]' passed (0.000 seconds).
Test Case '-[TesseraCoreTests.TransformLensBlurTests testGuidedEditorKeepsTwoToFourGuidesInTheImage]' started.
Test Case '-[TesseraCoreTests.TransformLensBlurTests testGuidedEditorKeepsTwoToFourGuidesInTheImage]' passed (0.000 seconds).
Test Case '-[TesseraCoreTests.TransformLensBlurTests testLensBlurApplyBokehAndFocalRange]' started.
Test Case '-[TesseraCoreTests.TransformLensBlurTests testLensBlurApplyBokehAndFocalRange]' passed (0.000 seconds).
Test Case '-[TesseraCoreTests.TransformLensBlurTests testTransformSlidersWriteTheirPatchesAndResetPerGroup]' started.
Test Case '-[TesseraCoreTests.TransformLensBlurTests testTransformSlidersWriteTheirPatchesAndResetPerGroup]' passed (0.000 seconds).
Test Case '-[TesseraCoreTests.TransformLensBlurTests testUprightButtonsWriteTheirModeAndClearGuides]' started.
Test Case '-[TesseraCoreTests.TransformLensBlurTests testUprightButtonsWriteTheirModeAndClearGuides]' passed (0.000 seconds).
Test Suite 'TransformLensBlurTests' passed at 2026-09-28 14:59:03.227.
	 Executed 5 tests, with 0 failures (0 unexpected) in 0.001 (0.001) seconds
Test Suite 'TransformSessionTests' started at 2026-09-28 14:59:03.227.
Test Case '-[TesseraCoreTests.TransformSessionTests testTransformDragsAndUprightButtonsAreOneHistoryStepEach]' started.
develop L2 calibration [first, tone, WB] ms: CPU [453.006875, 189.775583, 222.698084]; GPU [284.91929100000004, 1.509709, 7.361625]
Test Case '-[TesseraCoreTests.TransformSessionTests testTransformDragsAndUprightButtonsAreOneHistoryStepEach]' passed (4.324 seconds).
Test Case '-[TesseraCoreTests.TransformSessionTests testUprightAutoChangesTheRenderedFrame]' started.
develop L2 calibration [first, tone, WB] ms: CPU [450.988458, 196.947708, 218.156917]; GPU [268.2615, 1.7706250000000001, 6.736416999999999]
Test Case '-[TesseraCoreTests.TransformSessionTests testUprightAutoChangesTheRenderedFrame]' passed (20.314 seconds).
Test Suite 'TransformSessionTests' passed at 2026-09-28 14:59:27.865.
	 Executed 2 tests, with 0 failures (0 unexpected) in 24.638 (24.638) seconds
Test Suite 'UncorrectedPlacementTests' started at 2026-09-28 14:59:27.865.
Test Case '-[TesseraCoreTests.UncorrectedPlacementTests testGuidedEnterAndExitToggleTheUncorrectedView]' started.
Test Case '-[TesseraCoreTests.UncorrectedPlacementTests testGuidedEnterAndExitToggleTheUncorrectedView]' passed (0.000 seconds).
Test Suite 'UncorrectedPlacementTests' passed at 2026-09-28 14:59:27.865.
	 Executed 1 test, with 0 failures (0 unexpected) in 0.000 (0.000) seconds
Test Suite 'WorkspaceBrowserRestoreTests' started at 2026-09-28 14:59:27.865.
Test Case '-[TesseraCoreTests.WorkspaceBrowserRestoreTests testReturnRestoresGridAnchorWithoutFocusSnap]' started.
Test Case '-[TesseraCoreTests.WorkspaceBrowserRestoreTests testReturnRestoresGridAnchorWithoutFocusSnap]' passed (0.017 seconds).
Test Case '-[TesseraCoreTests.WorkspaceBrowserRestoreTests testReviewEditRoundTripRestoresNativeAnchorAfterColumnResize]' started.
Test Case '-[TesseraCoreTests.WorkspaceBrowserRestoreTests testReviewEditRoundTripRestoresNativeAnchorAfterColumnResize]' passed (0.010 seconds).
Test Suite 'WorkspaceBrowserRestoreTests' passed at 2026-09-28 14:59:27.892.
	 Executed 2 tests, with 0 failures (0 unexpected) in 0.027 (0.027) seconds
Test Suite 'WorkspaceNavigationTests' started at 2026-09-28 14:59:27.892.
Test Case '-[TesseraCoreTests.WorkspaceNavigationTests testChangingSourceExitsEditWithoutRestoringOldSource]' started.
Test Case '-[TesseraCoreTests.WorkspaceNavigationTests testChangingSourceExitsEditWithoutRestoringOldSource]' passed (0.000 seconds).
Test Case '-[TesseraCoreTests.WorkspaceNavigationTests testCompareReturnRestoresPairAndActiveSide]' started.
Test Case '-[TesseraCoreTests.WorkspaceNavigationTests testCompareReturnRestoresPairAndActiveSide]' passed (0.000 seconds).
Test Case '-[TesseraCoreTests.WorkspaceNavigationTests testEditTargetsOnePhotoAndReturnsOriginalSelection]' started.
Test Case '-[TesseraCoreTests.WorkspaceNavigationTests testEditTargetsOnePhotoAndReturnsOriginalSelection]' passed (0.000 seconds).
Test Case '-[TesseraCoreTests.WorkspaceNavigationTests testEveryExitDisarmsModelOwnedPointerTools]' started.
Test Case '-[TesseraCoreTests.WorkspaceNavigationTests testEveryExitDisarmsModelOwnedPointerTools]' passed (0.001 seconds).
Test Case '-[TesseraCoreTests.WorkspaceNavigationTests testInspectorTabKeepsTargetAndReturnState]' started.
Test Case '-[TesseraCoreTests.WorkspaceNavigationTests testInspectorTabKeepsTargetAndReturnState]' passed (0.000 seconds).
Test Case '-[TesseraCoreTests.WorkspaceNavigationTests testInstallingDifferentLibraryDiscardsBookmark]' started.
Test Case '-[TesseraCoreTests.WorkspaceNavigationTests testInstallingDifferentLibraryDiscardsBookmark]' passed (0.000 seconds).
Test Case '-[TesseraCoreTests.WorkspaceNavigationTests testPhotoEditUndoCannotConsumeCullHistory]' started.
Test Case '-[TesseraCoreTests.WorkspaceNavigationTests testPhotoEditUndoCannotConsumeCullHistory]' passed (0.000 seconds).
Test Case '-[TesseraCoreTests.WorkspaceNavigationTests testRenderedCopyRequestCapturesTargetAndCancelHasNoSideEffect]' started.
Test Case '-[TesseraCoreTests.WorkspaceNavigationTests testRenderedCopyRequestCapturesTargetAndCancelHasNoSideEffect]' passed (0.000 seconds).
Test Case '-[TesseraCoreTests.WorkspaceNavigationTests testScopeUsesCompareCandidateRatherThanOriginalSelection]' started.
Test Case '-[TesseraCoreTests.WorkspaceNavigationTests testScopeUsesCompareCandidateRatherThanOriginalSelection]' passed (0.000 seconds).
Test Case '-[TesseraCoreTests.WorkspaceNavigationTests testUnavailablePhotoExplainsItsActualStateInEdit]' started.
Test Case '-[TesseraCoreTests.WorkspaceNavigationTests testUnavailablePhotoExplainsItsActualStateInEdit]' passed (0.000 seconds).
Test Suite 'WorkspaceNavigationTests' passed at 2026-09-28 14:59:27.896.
	 Executed 10 tests, with 0 failures (0 unexpected) in 0.003 (0.004) seconds
Test Suite 'WorkspaceReadyPhotoTests' started at 2026-09-28 14:59:27.896.
Test Case '-[TesseraCoreTests.WorkspaceReadyPhotoTests testRealRAWDevelopAndMasksRemainReadyAcrossInspectorTabs]' started.
develop L2 calibration [first, tone, WB] ms: CPU [466.81679199999996, 197.09608400000002, 230.31075]; GPU [266.69666600000005, 1.631459, 7.19875]
Test Case '-[TesseraCoreTests.WorkspaceReadyPhotoTests testRealRAWDevelopAndMasksRemainReadyAcrossInspectorTabs]' passed (4.314 seconds).
Test Suite 'WorkspaceReadyPhotoTests' passed at 2026-09-28 14:59:32.210.
	 Executed 1 test, with 0 failures (0 unexpected) in 4.314 (4.314) seconds
Test Suite 'WorkspaceSelectionTests' started at 2026-09-28 14:59:32.210.
Test Case '-[TesseraCoreTests.WorkspaceSelectionTests testEmptyDestinationHasNoAccidentalTarget]' started.
Test Case '-[TesseraCoreTests.WorkspaceSelectionTests testEmptyDestinationHasNoAccidentalTarget]' passed (0.000 seconds).
Test Case '-[TesseraCoreTests.WorkspaceSelectionTests testRestorationUsesStableKeysAfterInsertionAndRemoval]' started.
Test Case '-[TesseraCoreTests.WorkspaceSelectionTests testRestorationUsesStableKeysAfterInsertionAndRemoval]' passed (0.000 seconds).
Test Suite 'WorkspaceSelectionTests' passed at 2026-09-28 14:59:32.211.
	 Executed 2 tests, with 0 failures (0 unexpected) in 0.000 (0.000) seconds
Test Suite 'TesseraPackageTests.xctest' passed at 2026-09-28 14:59:32.211.
	 Executed 689 tests, with 1 test skipped and 0 failures (0 unexpected) in 198.321 (198.362) seconds
Test Suite 'All tests' passed at 2026-09-28 14:59:32.211.
	 Executed 689 tests, with 1 test skipped and 0 failures (0 unexpected) in 198.321 (198.364) seconds
lensblur-export-warning: ["sony-arw.ARW: Lens Blur skipped: Lens Blur depth model is not cached; download depth/anything-v2-small in Models"]
M2-54 lookup count=1000 before_ms=0.02841949462890625 after_ms=0.0028705596923828125
M2-54 lookup count=20000 before_ms=0.5202794075012207 after_ms=0.002510547637939453
M2-54 core_install_ms=0.16498565673828125 select_all_ms=0.048041343688964844
M2-54 warm_bottom_100 count=1000 before_median_ms=0.12302398681640625 median_ms=0.09608268737792969 max_ms=0.11205673217773438
M2-54 warm_bottom_100 count=20000 before_median_ms=0.6289482116699219 median_ms=0.09500980377197266 max_ms=0.1100301742553711
M2-54 warm_bottom_100 ratio=0.988833746898263 target=1.2
P08 20k retained subscribers: 68
P08 20k forward/reverse: peak pending=24, active=4, subscribers=24, delivered=24, traceMs=541.6637500748038
upright-auto: 640x426 -> 640x426, 43.4% of pixels changed
◇ Test run started.
↳ Testing Library Version: 1902
↳ Target Platform: arm64e-apple-macos14.0
◇ Suite GroupingTests started.
◇ Suite CullStoreTests started.
◇ Test syntheticLibraryIsGroupedAndSorted() started.
◇ Test exifDateParsing() started.
◇ Test splitsOnGaps() started.
◇ Test undoRedo() started.
◇ Test decisionsGradesMarksBasket() started.
✔ Test decisionsGradesMarksBasket() passed after 0.001 seconds.
✔ Test splitsOnGaps() passed after 0.001 seconds.
✔ Test undoRedo() passed after 0.001 seconds.
✔ Test exifDateParsing() passed after 0.001 seconds.
✔ Suite CullStoreTests passed after 0.001 seconds.
✔ Test syntheticLibraryIsGroupedAndSorted() passed after 0.022 seconds.
✔ Suite GroupingTests passed after 0.022 seconds.
✔ Test run with 5 tests in 2 suites passed after 0.023 seconds.
