Building for production...
[0/3] Write swift-version--58304C5D6DBC2206.txt
Build complete! (0.12s)
Test Suite 'All tests' started at 2026-09-28 16:34:45.072.
Test Suite 'TesseraPackageTests.xctest' started at 2026-09-28 16:34:45.073.
Test Suite 'AISettingsTests' started at 2026-09-28 16:34:45.073.
Test Case '-[TesseraCoreTests.AISettingsTests testKeychainStoreRoundTripUsesItsOwnService]' started.
Test Case '-[TesseraCoreTests.AISettingsTests testKeychainStoreRoundTripUsesItsOwnService]' passed (0.042 seconds).
Test Case '-[TesseraCoreTests.AISettingsTests testKeysLiveOnlyInTheSecretStoreAndProvidersReadThemLate]' started.
Test Case '-[TesseraCoreTests.AISettingsTests testKeysLiveOnlyInTheSecretStoreAndProvidersReadThemLate]' passed (0.002 seconds).
Test Case '-[TesseraCoreTests.AISettingsTests testPreferencesToleratePartialFilesAndClampGuardrails]' started.
Test Case '-[TesseraCoreTests.AISettingsTests testPreferencesToleratePartialFilesAndClampGuardrails]' passed (0.001 seconds).
Test Suite 'AISettingsTests' passed at 2026-09-28 16:34:45.118.
	 Executed 3 tests, with 0 failures (0 unexpected) in 0.045 (0.045) seconds
Test Suite 'AgentFadeTests' started at 2026-09-28 16:34:45.118.
Test Case '-[TesseraCoreTests.AgentFadeTests testBlendInterpolatesNumbersAndSwitchesOtherValuesAtHalf]' started.
Test Case '-[TesseraCoreTests.AgentFadeTests testBlendInterpolatesNumbersAndSwitchesOtherValuesAtHalf]' passed (0.000 seconds).
Test Case '-[TesseraCoreTests.AgentFadeTests testMergePatchRemovesMembersWithNull]' started.
Test Case '-[TesseraCoreTests.AgentFadeTests testMergePatchRemovesMembersWithNull]' passed (0.000 seconds).
Test Case '-[TesseraCoreTests.AgentFadeTests testPatchOnlyTouchesWhatTheAmountChangesAndKeepsLaterEdits]' started.
Test Case '-[TesseraCoreTests.AgentFadeTests testPatchOnlyTouchesWhatTheAmountChangesAndKeepsLaterEdits]' passed (0.000 seconds).
Test Suite 'AgentFadeTests' passed at 2026-09-28 16:34:45.119.
	 Executed 3 tests, with 0 failures (0 unexpected) in 0.001 (0.001) seconds
Test Suite 'AgentReviewLayoutTests' started at 2026-09-28 16:34:45.119.
Test Case '-[TesseraCoreTests.AgentReviewLayoutTests testReviewEmptyAndRealQueueAtEverySizeAndAppearance]' started.
Test Case '-[TesseraCoreTests.AgentReviewLayoutTests testReviewEmptyAndRealQueueAtEverySizeAndAppearance]' passed (31.554 seconds).
Test Case '-[TesseraCoreTests.AgentReviewLayoutTests testRowsOnlyRecipeAndFileUpdateReloadsCurrentReviewPreview]' started.
develop original L2 calibration [first, tone, WB] ms: CPU [17.5975, 0.34433400000000003, 0.423917]; GPU [21.644, 0.608209, 0.6963339999999999]
Test Case '-[TesseraCoreTests.AgentReviewLayoutTests testRowsOnlyRecipeAndFileUpdateReloadsCurrentReviewPreview]' passed (1.792 seconds).
Test Suite 'AgentReviewLayoutTests' passed at 2026-09-28 16:35:18.465.
	 Executed 2 tests, with 0 failures (0 unexpected) in 33.346 (33.346) seconds
Test Suite 'AgentReviewNavigationStateTests' started at 2026-09-28 16:35:18.465.
Test Case '-[TesseraCoreTests.AgentReviewNavigationStateTests testAcceptAndNextRequiresSuccessfulCurrentSelectionAndSkipsFailedReviewed]' started.
Test Case '-[TesseraCoreTests.AgentReviewNavigationStateTests testAcceptAndNextRequiresSuccessfulCurrentSelectionAndSkipsFailedReviewed]' passed (0.000 seconds).
Test Case '-[TesseraCoreTests.AgentReviewNavigationStateTests testRedoReorderKeepsSelectedIdentityAndInvalidatesOldDraft]' started.
Test Case '-[TesseraCoreTests.AgentReviewNavigationStateTests testRedoReorderKeepsSelectedIdentityAndInvalidatesOldDraft]' passed (0.000 seconds).
Test Case '-[TesseraCoreTests.AgentReviewNavigationStateTests testRestoredCursorUsesStableIDsAndFallsBackWhenTheyAreMissing]' started.
Test Case '-[TesseraCoreTests.AgentReviewNavigationStateTests testRestoredCursorUsesStableIDsAndFallsBackWhenTheyAreMissing]' passed (0.000 seconds).
Test Case '-[TesseraCoreTests.AgentReviewNavigationStateTests testStatusUpdateKeepsDraftButSelectingAnotherPhotoClearsIt]' started.
Test Case '-[TesseraCoreTests.AgentReviewNavigationStateTests testStatusUpdateKeepsDraftButSelectingAnotherPhotoClearsIt]' passed (0.000 seconds).
Test Case '-[TesseraCoreTests.AgentReviewNavigationStateTests testUserSelectionChangeDoesNotAdvanceOnLateAcceptCompletion]' started.
Test Case '-[TesseraCoreTests.AgentReviewNavigationStateTests testUserSelectionChangeDoesNotAdvanceOnLateAcceptCompletion]' passed (0.000 seconds).
Test Suite 'AgentReviewNavigationStateTests' passed at 2026-09-28 16:35:18.466.
	 Executed 5 tests, with 0 failures (0 unexpected) in 0.001 (0.001) seconds
Test Suite 'AgentReviewNavigationTests' started at 2026-09-28 16:35:18.466.
Test Case '-[TesseraCoreTests.AgentReviewNavigationTests testEmptyReviewIsReachableAndDoesNotConsumeLibraryUndoOrSelection]' started.
Test Case '-[TesseraCoreTests.AgentReviewNavigationTests testEmptyReviewIsReachableAndDoesNotConsumeLibraryUndoOrSelection]' passed (0.001 seconds).
Test Case '-[TesseraCoreTests.AgentReviewNavigationTests testExplicitReviewEditBackUnwindsBeforeLibraryAndSourceChangeClearsIt]' started.
Test Case '-[TesseraCoreTests.AgentReviewNavigationTests testExplicitReviewEditBackUnwindsBeforeLibraryAndSourceChangeClearsIt]' passed (0.000 seconds).
Test Case '-[TesseraCoreTests.AgentReviewNavigationTests testFirstLayeredCopyIncludesPendingPhotoAdjustment]' started.
develop original L2 calibration [first, tone, WB] ms: CPU [12.873333, 0.37658400000000003, 0.455042]; GPU [13.54975, 0.8704160000000001, 1.047667]
Test Case '-[TesseraCoreTests.AgentReviewNavigationTests testFirstLayeredCopyIncludesPendingPhotoAdjustment]' passed (0.776 seconds).
Test Case '-[TesseraCoreTests.AgentReviewNavigationTests testForeignFolderRejectsCapturedReviewTarget]' started.
Test Case '-[TesseraCoreTests.AgentReviewNavigationTests testForeignFolderRejectsCapturedReviewTarget]' passed (0.542 seconds).
Test Case '-[TesseraCoreTests.AgentReviewNavigationTests testLayeredHandoffCancelsWhenSelectionOrOwnerChangesBeforeSaveWaitReturns]' started.
develop original L2 calibration [first, tone, WB] ms: CPU [12.755333, 0.428875, 0.464542]; GPU [14.827167000000001, 1.225084, 0.905209]
develop original L2 calibration [first, tone, WB] ms: CPU [13.153625, 0.3675, 0.5005]; GPU [13.67425, 0.920958, 1.009041]
develop original L2 calibration [first, tone, WB] ms: CPU [12.756708999999999, 0.387208, 0.430166]; GPU [13.552084, 0.623041, 0.980542]
Test Case '-[TesseraCoreTests.AgentReviewNavigationTests testLayeredHandoffCancelsWhenSelectionOrOwnerChangesBeforeSaveWaitReturns]' passed (1.920 seconds).
Test Case '-[TesseraCoreTests.AgentReviewNavigationTests testLegacyPeopleAndTetherInspectionKeepsLibraryLoupe]' started.
Test Case '-[TesseraCoreTests.AgentReviewNavigationTests testLegacyPeopleAndTetherInspectionKeepsLibraryLoupe]' passed (0.001 seconds).
Test Case '-[TesseraCoreTests.AgentReviewNavigationTests testNewFolderRestoresLibraryInspectorPreferenceWhenLeavingReview]' started.
Test Case '-[TesseraCoreTests.AgentReviewNavigationTests testNewFolderRestoresLibraryInspectorPreferenceWhenLeavingReview]' passed (0.000 seconds).
Test Case '-[TesseraCoreTests.AgentReviewNavigationTests testOpeningReviewedPhotoOutsideFilterPreservesLibraryPlace]' started.
Test Case '-[TesseraCoreTests.AgentReviewNavigationTests testOpeningReviewedPhotoOutsideFilterPreservesLibraryPlace]' passed (0.000 seconds).
Test Case '-[TesseraCoreTests.AgentReviewNavigationTests testRealQueueFilteredEditRoundTripDraftAndSuccessfulAcceptNext]' started.
develop original L2 calibration [first, tone, WB] ms: CPU [12.948917000000002, 0.514792, 0.515917]; GPU [14.7905, 0.8681249999999999, 0.889625]
Test Case '-[TesseraCoreTests.AgentReviewNavigationTests testRealQueueFilteredEditRoundTripDraftAndSuccessfulAcceptNext]' passed (0.817 seconds).
Test Case '-[TesseraCoreTests.AgentReviewNavigationTests testReviewEditKeysAndMenuCannotOpenTargetDuringRunOrAcceptance]' started.
Test Case '-[TesseraCoreTests.AgentReviewNavigationTests testReviewEditKeysAndMenuCannotOpenTargetDuringRunOrAcceptance]' passed (0.972 seconds).
Test Case '-[TesseraCoreTests.AgentReviewNavigationTests testSamePathLibraryReopenRehydratesAllReviewedQueueAndRejectsStaleTarget]' started.
Test Case '-[TesseraCoreTests.AgentReviewNavigationTests testSamePathLibraryReopenRehydratesAllReviewedQueueAndRejectsStaleTarget]' passed (0.771 seconds).
Test Suite 'AgentReviewNavigationTests' passed at 2026-09-28 16:35:24.267.
	 Executed 11 tests, with 0 failures (0 unexpected) in 5.800 (5.801) seconds
Test Suite 'AgentReviewOwnershipTests' started at 2026-09-28 16:35:24.267.
Test Case '-[TesseraCoreTests.AgentReviewOwnershipTests testAcceptAlreadyInFlightCannotPublishStatusInNewLibrary]' started.
Test Case '-[TesseraCoreTests.AgentReviewOwnershipTests testAcceptAlreadyInFlightCannotPublishStatusInNewLibrary]' passed (0.523 seconds).
Test Case '-[TesseraCoreTests.AgentReviewOwnershipTests testAcceptWaitsForAlreadyClosingDevelopSave]' started.
develop original L2 calibration [first, tone, WB] ms: CPU [25.165833, 0.5483750000000001, 0.6275000000000001]; GPU [27.490000000000002, 1.120125, 1.0378749999999999]
Test Case '-[TesseraCoreTests.AgentReviewOwnershipTests testAcceptWaitsForAlreadyClosingDevelopSave]' passed (0.821 seconds).
Test Case '-[TesseraCoreTests.AgentReviewOwnershipTests testAlreadyClosingDevelopSavePrecedesCapturedRun]' started.
develop original L2 calibration [first, tone, WB] ms: CPU [25.122249999999998, 0.47275, 0.6244160000000001]; GPU [27.329165999999997, 1.1165, 0.975458]
Test Case '-[TesseraCoreTests.AgentReviewOwnershipTests testAlreadyClosingDevelopSavePrecedesCapturedRun]' passed (0.401 seconds).
Test Case '-[TesseraCoreTests.AgentReviewOwnershipTests testCancelledRunReleasesMutationExclusion]' started.
develop original L2 calibration [first, tone, WB] ms: CPU [26.76075, 0.513209, 0.649875]; GPU [27.721334, 0.936875, 0.997375]
Test Case '-[TesseraCoreTests.AgentReviewOwnershipTests testCancelledRunReleasesMutationExclusion]' passed (0.123 seconds).
Test Case '-[TesseraCoreTests.AgentReviewOwnershipTests testCapturedOwnerBarrierDoesNotCancelNewLibraryPendingOpen]' started.
develop original L2 calibration [first, tone, WB] ms: CPU [26.539, 0.51925, 0.593041]; GPU [27.8735, 0.967917, 1.685791]
develop original L2 calibration [first, tone, WB] ms: CPU [26.287417, 0.501292, 0.606833]; GPU [28.092417, 0.975583, 1.677166]
Test Case '-[TesseraCoreTests.AgentReviewOwnershipTests testCapturedOwnerBarrierDoesNotCancelNewLibraryPendingOpen]' passed (0.083 seconds).
Test Case '-[TesseraCoreTests.AgentReviewOwnershipTests testClosePersistsCoalescedMaskParametersAndAmount]' started.
develop original L2 calibration [first, tone, WB] ms: CPU [24.974125, 0.48466600000000004, 0.6359589999999999]; GPU [29.643542, 1.006917, 0.960917]
Test Case '-[TesseraCoreTests.AgentReviewOwnershipTests testClosePersistsCoalescedMaskParametersAndAmount]' passed (0.122 seconds).
Test Case '-[TesseraCoreTests.AgentReviewOwnershipTests testCompletedQueueRestoresRecipeStatusAndCursorWithFreshOwner]' started.
Test Case '-[TesseraCoreTests.AgentReviewOwnershipTests testCompletedQueueRestoresRecipeStatusAndCursorWithFreshOwner]' passed (0.721 seconds).
Test Case '-[TesseraCoreTests.AgentReviewOwnershipTests testConcurrentCloseWaitsForOneActualSessionFlush]' started.
develop original L2 calibration [first, tone, WB] ms: CPU [25.255583, 0.491625, 0.629667]; GPU [27.016041, 0.8775000000000001, 1.00675]
Test Case '-[TesseraCoreTests.AgentReviewOwnershipTests testConcurrentCloseWaitsForOneActualSessionFlush]' passed (0.167 seconds).
Test Case '-[TesseraCoreTests.AgentReviewOwnershipTests testCurrentOwnerAcceptCompletesAndPreservesQueuePosition]' started.
Test Case '-[TesseraCoreTests.AgentReviewOwnershipTests testCurrentOwnerAcceptCompletesAndPreservesQueuePosition]' passed (0.721 seconds).
Test Case '-[TesseraCoreTests.AgentReviewOwnershipTests testCurrentPhotoContextWorksWhileQueueBelongsToAnotherLibrary]' started.
Test Case '-[TesseraCoreTests.AgentReviewOwnershipTests testCurrentPhotoContextWorksWhileQueueBelongsToAnotherLibrary]' passed (1.349 seconds).
Test Case '-[TesseraCoreTests.AgentReviewOwnershipTests testCursorUpdateDuringRedoIsMergedIntoCompletionRevision]' started.
Test Case '-[TesseraCoreTests.AgentReviewOwnershipTests testCursorUpdateDuringRedoIsMergedIntoCompletionRevision]' passed (1.288 seconds).
Test Case '-[TesseraCoreTests.AgentReviewOwnershipTests testDevelopFailureCallbackCanQueueAnotherPatchForExplicitRetry]' started.
develop original L2 calibration [first, tone, WB] ms: CPU [24.960957999999998, 0.49216600000000005, 0.6220829999999999]; GPU [27.179624999999998, 0.823625, 0.75075]
Test Case '-[TesseraCoreTests.AgentReviewOwnershipTests testDevelopFailureCallbackCanQueueAnotherPatchForExplicitRetry]' passed (0.117 seconds).
Test Case '-[TesseraCoreTests.AgentReviewOwnershipTests testDirtyDevelopSavePrecedesCapturedRunAfterFolderSwitch]' started.
develop original L2 calibration [first, tone, WB] ms: CPU [25.868084, 0.513459, 0.610959]; GPU [27.426542, 0.620709, 0.895667]
Test Case '-[TesseraCoreTests.AgentReviewOwnershipTests testDirtyDevelopSavePrecedesCapturedRunAfterFolderSwitch]' passed (0.401 seconds).
Test Case '-[TesseraCoreTests.AgentReviewOwnershipTests testExplicitRejectedRetryCancelsAnOlderDeferredFlush]' started.
develop original L2 calibration [first, tone, WB] ms: CPU [25.352709, 0.5005, 0.627209]; GPU [27.608458, 1.1945000000000001, 0.9205]
Test Case '-[TesseraCoreTests.AgentReviewOwnershipTests testExplicitRejectedRetryCancelsAnOlderDeferredFlush]' passed (0.119 seconds).
Test Case '-[TesseraCoreTests.AgentReviewOwnershipTests testFailedFinalPatchKeepsFinalRenderModeWhenNewerInteractivePatchArrives]' started.
develop original L2 calibration [first, tone, WB] ms: CPU [25.495584, 0.49279100000000003, 0.6234580000000001]; GPU [27.470583, 0.874875, 0.9575]
Test Case '-[TesseraCoreTests.AgentReviewOwnershipTests testFailedFinalPatchKeepsFinalRenderModeWhenNewerInteractivePatchArrives]' passed (0.125 seconds).
Test Case '-[TesseraCoreTests.AgentReviewOwnershipTests testForeignRedoAndShowRejectCapturedQueueTarget]' started.
Test Case '-[TesseraCoreTests.AgentReviewOwnershipTests testForeignRedoAndShowRejectCapturedQueueTarget]' passed (0.517 seconds).
Test Case '-[TesseraCoreTests.AgentReviewOwnershipTests testInterruptedIntentRestoresUnknownTargetWithoutReplaying]' started.
Test Case '-[TesseraCoreTests.AgentReviewOwnershipTests testInterruptedIntentRestoresUnknownTargetWithoutReplaying]' passed (0.014 seconds).
Test Case '-[TesseraCoreTests.AgentReviewOwnershipTests testMissingAndSupersededTargetsStayVisibleButDisabledAfterRestore]' started.
Test Case '-[TesseraCoreTests.AgentReviewOwnershipTests testMissingAndSupersededTargetsStayVisibleButDisabledAfterRestore]' passed (0.530 seconds).
Test Case '-[TesseraCoreTests.AgentReviewOwnershipTests testPendingDevelopOpenSettlesBeforeAcceptAndRevert]' started.
develop original L2 calibration [first, tone, WB] ms: CPU [25.242542, 0.48050000000000004, 0.644458]; GPU [27.681667, 0.58875, 1.674292]
Test Case '-[TesseraCoreTests.AgentReviewOwnershipTests testPendingDevelopOpenSettlesBeforeAcceptAndRevert]' passed (0.786 seconds).
Test Case '-[TesseraCoreTests.AgentReviewOwnershipTests testPendingDevelopOpenSettlesBeforeRun]' started.
develop original L2 calibration [first, tone, WB] ms: CPU [25.062041999999998, 0.515417, 0.628333]; GPU [27.047334, 0.620375, 0.773458]
Test Case '-[TesseraCoreTests.AgentReviewOwnershipTests testPendingDevelopOpenSettlesBeforeRun]' passed (0.608 seconds).
Test Case '-[TesseraCoreTests.AgentReviewOwnershipTests testRedoInvalidatesOldTargetAndCurrentRevertStillWorks]' started.
Test Case '-[TesseraCoreTests.AgentReviewOwnershipTests testRedoInvalidatesOldTargetAndCurrentRevertStillWorks]' passed (0.898 seconds).
Test Case '-[TesseraCoreTests.AgentReviewOwnershipTests testRejectedDevelopPatchPreservesReentrantNewerSettings]' started.
develop original L2 calibration [first, tone, WB] ms: CPU [25.278125, 0.580417, 0.626084]; GPU [31.47925, 1.6067500000000001, 1.567625]
Test Case '-[TesseraCoreTests.AgentReviewOwnershipTests testRejectedDevelopPatchPreservesReentrantNewerSettings]' passed (0.125 seconds).
Test Case '-[TesseraCoreTests.AgentReviewOwnershipTests testRejectedDevelopPatchRemainsPendingForRetry]' started.
develop original L2 calibration [first, tone, WB] ms: CPU [25.122666, 0.48533400000000004, 0.6507919999999999]; GPU [27.555417, 0.5992919999999999, 0.665792]
Test Case '-[TesseraCoreTests.AgentReviewOwnershipTests testRejectedDevelopPatchRemainsPendingForRetry]' passed (0.122 seconds).
Test Case '-[TesseraCoreTests.AgentReviewOwnershipTests testReopenedOwnerAndFileAliasesCannotOpenAcrossCapturedMutation]' started.
develop original L2 calibration [first, tone, WB] ms: CPU [25.254915999999998, 0.518958, 0.63875]; GPU [29.009125, 0.7224160000000001, 1.098125]
Test Case '-[TesseraCoreTests.AgentReviewOwnershipTests testReopenedOwnerAndFileAliasesCannotOpenAcrossCapturedMutation]' passed (0.616 seconds).
Test Case '-[TesseraCoreTests.AgentReviewOwnershipTests testResumeSaveFailureKeepsInMemoryQueueAndExposesWarningState]' started.
Test Case '-[TesseraCoreTests.AgentReviewOwnershipTests testResumeSaveFailureKeepsInMemoryQueueAndExposesWarningState]' passed (0.518 seconds).
Test Case '-[TesseraCoreTests.AgentReviewOwnershipTests testRetainedQueueAcceptCannotTrainNewLibraryProfile]' started.
Test Case '-[TesseraCoreTests.AgentReviewOwnershipTests testRetainedQueueAcceptCannotTrainNewLibraryProfile]' passed (0.524 seconds).
Test Case '-[TesseraCoreTests.AgentReviewOwnershipTests testRetainedQueueRevertCannotRefreshNewLibraryOrMutateOldRecipe]' started.
Test Case '-[TesseraCoreTests.AgentReviewOwnershipTests testRetainedQueueRevertCannotRefreshNewLibraryOrMutateOldRecipe]' passed (0.515 seconds).
Test Case '-[TesseraCoreTests.AgentReviewOwnershipTests testRevertWaitsForAlreadyClosingDevelopSave]' started.
develop original L2 calibration [first, tone, WB] ms: CPU [25.945916999999998, 0.593125, 0.6259170000000001]; GPU [29.039749999999998, 0.704, 1.0434999999999999]
Test Case '-[TesseraCoreTests.AgentReviewOwnershipTests testRevertWaitsForAlreadyClosingDevelopSave]' passed (0.683 seconds).
Test Case '-[TesseraCoreTests.AgentReviewOwnershipTests testReviewMutationsRejectNewTargetDevelopOpenAndReleaseOnCompletion]' started.
develop original L2 calibration [first, tone, WB] ms: CPU [25.355916, 0.5175, 0.641625]; GPU [27.17275, 0.950875, 1.0523749999999998]
Test Case '-[TesseraCoreTests.AgentReviewOwnershipTests testReviewMutationsRejectNewTargetDevelopOpenAndReleaseOnCompletion]' passed (0.794 seconds).
Test Case '-[TesseraCoreTests.AgentReviewOwnershipTests testRunCompletionAfterFolderSwitchDoesNotRefreshNewLibrary]' started.
Test Case '-[TesseraCoreTests.AgentReviewOwnershipTests testRunCompletionAfterFolderSwitchDoesNotRefreshNewLibrary]' passed (0.501 seconds).
Test Case '-[TesseraCoreTests.AgentReviewOwnershipTests testRunningOwnerDoesNotBlockAnotherLibraryDevelopOpen]' started.
develop original L2 calibration [first, tone, WB] ms: CPU [27.665083, 0.487458, 0.631375]; GPU [28.187958, 1.149167, 1.571]
Test Case '-[TesseraCoreTests.AgentReviewOwnershipTests testRunningOwnerDoesNotBlockAnotherLibraryDevelopOpen]' passed (0.519 seconds).
Test Case '-[TesseraCoreTests.AgentReviewOwnershipTests testRunOnAnotherPhotoWaitsForAcceptAndRevertCompletion]' started.
Test Case '-[TesseraCoreTests.AgentReviewOwnershipTests testRunOnAnotherPhotoWaitsForAcceptAndRevertCompletion]' passed (0.726 seconds).
Test Case '-[TesseraCoreTests.AgentReviewOwnershipTests testRunRejectsNewTargetDevelopOpenAndCompletionOpensFreshRecipe]' started.
develop original L2 calibration [first, tone, WB] ms: CPU [25.384417, 0.495875, 0.629333]; GPU [27.549167, 1.042625, 1.195541]
Test Case '-[TesseraCoreTests.AgentReviewOwnershipTests testRunRejectsNewTargetDevelopOpenAndCompletionOpensFreshRecipe]' passed (0.575 seconds).
Test Case '-[TesseraCoreTests.AgentReviewOwnershipTests testSamePathReopenDuringLiveRunDoesNotMarkItInterrupted]' started.
Test Case '-[TesseraCoreTests.AgentReviewOwnershipTests testSamePathReopenDuringLiveRunDoesNotMarkItInterrupted]' passed (0.504 seconds).
Test Case '-[TesseraCoreTests.AgentReviewOwnershipTests testSuccessfulReentrantNoninteractivePatchFlushesAfterCurrentAttempt]' started.
develop original L2 calibration [first, tone, WB] ms: CPU [26.202625, 0.49595900000000004, 0.627166]; GPU [28.50125, 0.892167, 0.724041]
Test Case '-[TesseraCoreTests.AgentReviewOwnershipTests testSuccessfulReentrantNoninteractivePatchFlushesAfterCurrentAttempt]' passed (0.147 seconds).
Test Case '-[TesseraCoreTests.AgentReviewOwnershipTests testSynchronousNeedsFlushHandlerDoesNotReenterBackendCall]' started.
develop original L2 calibration [first, tone, WB] ms: CPU [25.848, 0.47358300000000003, 0.583917]; GPU [27.639583, 0.795084, 1.003959]
Test Case '-[TesseraCoreTests.AgentReviewOwnershipTests testSynchronousNeedsFlushHandlerDoesNotReenterBackendCall]' passed (0.150 seconds).
Test Suite 'AgentReviewOwnershipTests' passed at 2026-09-28 16:35:41.728.
	 Executed 36 tests, with 0 failures (0 unexpected) in 17.457 (17.461) seconds
Test Suite 'AgentReviewQueueTests' started at 2026-09-28 16:35:41.728.
Test Case '-[TesseraCoreTests.AgentReviewQueueTests testOrdersFailuresThenLeastConfidentFirst]' started.
Test Case '-[TesseraCoreTests.AgentReviewQueueTests testOrdersFailuresThenLeastConfidentFirst]' passed (0.000 seconds).
Test Case '-[TesseraCoreTests.AgentReviewQueueTests testRedoMergeReplacesOnlyThosePhotos]' started.
Test Case '-[TesseraCoreTests.AgentReviewQueueTests testRedoMergeReplacesOnlyThosePhotos]' passed (0.000 seconds).
Test Case '-[TesseraCoreTests.AgentReviewQueueTests testStatusesChangeInPlaceAndNextSkipsReviewed]' started.
Test Case '-[TesseraCoreTests.AgentReviewQueueTests testStatusesChangeInPlaceAndNextSkipsReviewed]' passed (0.000 seconds).
Test Case '-[TesseraCoreTests.AgentReviewQueueTests testUnavailableResumeRowsStayVisibleButDoNotCountAsActionableFailures]' started.
Test Case '-[TesseraCoreTests.AgentReviewQueueTests testUnavailableResumeRowsStayVisibleButDoNotCountAsActionableFailures]' passed (0.000 seconds).
Test Suite 'AgentReviewQueueTests' passed at 2026-09-28 16:35:41.729.
	 Executed 4 tests, with 0 failures (0 unexpected) in 0.001 (0.001) seconds
Test Suite 'AssistBridgeTests' started at 2026-09-28 16:35:41.729.
Test Case '-[TesseraCoreTests.AssistBridgeTests testAutomatedSuggestionsConfirmAndFacesThroughTheController]' started.
Test Case '-[TesseraCoreTests.AssistBridgeTests testAutomatedSuggestionsConfirmAndFacesThroughTheController]' passed (0.098 seconds).
Test Suite 'AssistBridgeTests' passed at 2026-09-28 16:35:41.827.
	 Executed 1 test, with 0 failures (0 unexpected) in 0.098 (0.099) seconds
Test Suite 'BatchSettingsDraftTests' started at 2026-09-28 16:35:41.827.
Test Case '-[TesseraCoreTests.BatchSettingsDraftTests testChangingGroupsRebuildsPreviewWithoutChangingSourceOrTargets]' started.
Test Case '-[TesseraCoreTests.BatchSettingsDraftTests testChangingGroupsRebuildsPreviewWithoutChangingSourceOrTargets]' passed (0.000 seconds).
Test Case '-[TesseraCoreTests.BatchSettingsDraftTests testCropAndEmptyFieldsAreRejected]' started.
Test Case '-[TesseraCoreTests.BatchSettingsDraftTests testCropAndEmptyFieldsAreRejected]' passed (0.000 seconds).
Test Case '-[TesseraCoreTests.BatchSettingsDraftTests testDefaultPatchCopiesToneAndColorButExcludesImageSpecificWork]' started.
Test Case '-[TesseraCoreTests.BatchSettingsDraftTests testDefaultPatchCopiesToneAndColorButExcludesImageSpecificWork]' passed (0.000 seconds).
Test Case '-[TesseraCoreTests.BatchSettingsDraftTests testEmptyOpaqueIDsAreRejectedAtDraftBoundary]' started.
Test Case '-[TesseraCoreTests.BatchSettingsDraftTests testEmptyOpaqueIDsAreRejectedAtDraftBoundary]' passed (0.000 seconds).
Test Case '-[TesseraCoreTests.BatchSettingsDraftTests testInvalidSourceSettingsCannotCreateMisleadingPreview]' started.
Test Case '-[TesseraCoreTests.BatchSettingsDraftTests testInvalidSourceSettingsCannotCreateMisleadingPreview]' passed (0.000 seconds).
Test Case '-[TesseraCoreTests.BatchSettingsDraftTests testOnlyReferenceOrDuplicatesCannotApply]' started.
Test Case '-[TesseraCoreTests.BatchSettingsDraftTests testOnlyReferenceOrDuplicatesCannotApply]' passed (0.000 seconds).
Test Case '-[TesseraCoreTests.BatchSettingsDraftTests testPatchLeavesExcludedAndUnselectedNestedTargetValuesIntact]' started.
Test Case '-[TesseraCoreTests.BatchSettingsDraftTests testPatchLeavesExcludedAndUnselectedNestedTargetValuesIntact]' passed (0.000 seconds).
Test Case '-[TesseraCoreTests.BatchSettingsDraftTests testReferenceMustBeInExplicitSelection]' started.
Test Case '-[TesseraCoreTests.BatchSettingsDraftTests testReferenceMustBeInExplicitSelection]' passed (0.000 seconds).
Test Case '-[TesseraCoreTests.BatchSettingsDraftTests testTargetsAreFrozenDeduplicatedAndNeverIncludeReference]' started.
Test Case '-[TesseraCoreTests.BatchSettingsDraftTests testTargetsAreFrozenDeduplicatedAndNeverIncludeReference]' passed (0.000 seconds).
Test Case '-[TesseraCoreTests.BatchSettingsDraftTests testValidSourceWithoutSelectedPathsCannotClaimASettingsCopy]' started.
Test Case '-[TesseraCoreTests.BatchSettingsDraftTests testValidSourceWithoutSelectedPathsCannotClaimASettingsCopy]' passed (0.000 seconds).
Test Suite 'BatchSettingsDraftTests' passed at 2026-09-28 16:35:41.830.
	 Executed 10 tests, with 0 failures (0 unexpected) in 0.002 (0.002) seconds
Test Suite 'BridgeTests' started at 2026-09-28 16:35:41.830.
Test Case '-[TesseraCoreTests.BridgeTests testBasketAlbumsSafeDeleteAndDefectSweep]' started.
Test Case '-[TesseraCoreTests.BridgeTests testBasketAlbumsSafeDeleteAndDefectSweep]' passed (0.281 seconds).
Test Case '-[TesseraCoreTests.BridgeTests testDeleteFromDiskTrashesFileAndLeavesTheQueue]' started.
Test Case '-[TesseraCoreTests.BridgeTests testDeleteFromDiskTrashesFileAndLeavesTheQueue]' passed (0.052 seconds).
Test Case '-[TesseraCoreTests.BridgeTests testGroupNavigationComesFromTheSession]' started.
Test Case '-[TesseraCoreTests.BridgeTests testGroupNavigationComesFromTheSession]' passed (0.015 seconds).
Test Case '-[TesseraCoreTests.BridgeTests testKeepBestRejectRestIsOneUndoableStepThatPersists]' started.
Test Case '-[TesseraCoreTests.BridgeTests testKeepBestRejectRestIsOneUndoableStepThatPersists]' passed (0.146 seconds).
Test Case '-[TesseraCoreTests.BridgeTests testRawFixturesPersistAcrossReopenThroughTheSession]' started.
Test Case '-[TesseraCoreTests.BridgeTests testRawFixturesPersistAcrossReopenThroughTheSession]' passed (3.346 seconds).
Test Case '-[TesseraCoreTests.BridgeTests testRestoreDoesNotCreateUndoHistory]' started.
Test Case '-[TesseraCoreTests.BridgeTests testRestoreDoesNotCreateUndoHistory]' passed (0.000 seconds).
Test Suite 'BridgeTests' passed at 2026-09-28 16:35:45.670.
	 Executed 6 tests, with 0 failures (0 unexpected) in 3.840 (3.840) seconds
Test Suite 'DevelopCloseResultTests' started at 2026-09-28 16:35:45.670.
Test Case '-[TesseraCoreTests.DevelopCloseResultTests testAdmissionFailureCallbackCannotReenterIndefinitely]' started.
develop original L2 calibration [first, tone, WB] ms: CPU [0.40254100000000004, 0.265917, 0.303083]; GPU [3.113166, 0.688708, 0.8197089999999999]
Test Case '-[TesseraCoreTests.DevelopCloseResultTests testAdmissionFailureCallbackCannotReenterIndefinitely]' passed (0.026 seconds).
Test Case '-[TesseraCoreTests.DevelopCloseResultTests testCancelingOneWaiterDoesNotCancelSharedNativeClose]' started.
develop original L2 calibration [first, tone, WB] ms: CPU [0.39587500000000003, 0.254125, 0.257167]; GPU [2.675125, 0.880667, 0.984375]
Test Case '-[TesseraCoreTests.DevelopCloseResultTests testCancelingOneWaiterDoesNotCancelSharedNativeClose]' passed (0.024 seconds).
Test Case '-[TesseraCoreTests.DevelopCloseResultTests testCloseInvalidatesDeferredMaskDrain]' started.
develop original L2 calibration [first, tone, WB] ms: CPU [0.39525, 0.270584, 0.302375]; GPU [2.589083, 0.556333, 0.675833]
Test Case '-[TesseraCoreTests.DevelopCloseResultTests testCloseInvalidatesDeferredMaskDrain]' passed (0.036 seconds).
Test Case '-[TesseraCoreTests.DevelopCloseResultTests testCloseInvalidatesDeferredSettingsDrain]' started.
develop original L2 calibration [first, tone, WB] ms: CPU [0.395, 0.262375, 0.276833]; GPU [10.142209, 1.331959, 1.177416]
Test Case '-[TesseraCoreTests.DevelopCloseResultTests testCloseInvalidatesDeferredSettingsDrain]' passed (0.057 seconds).
Test Case '-[TesseraCoreTests.DevelopCloseResultTests testClosingRejectsMutationsBeforeChangingHostState]' started.
develop original L2 calibration [first, tone, WB] ms: CPU [0.5515410000000001, 0.27999999999999997, 0.401833]; GPU [7.3332500000000005, 1.2899999999999998, 3.162959]
Test Case '-[TesseraCoreTests.DevelopCloseResultTests testClosingRejectsMutationsBeforeChangingHostState]' passed (0.052 seconds).
Test Case '-[TesseraCoreTests.DevelopCloseResultTests testConcurrentCloseCallersShareFailureAndSessionCanRetry]' started.
develop original L2 calibration [first, tone, WB] ms: CPU [0.399791, 0.26625, 0.261666]; GPU [2.671708, 1.0201660000000001, 0.910209]
Test Case '-[TesseraCoreTests.DevelopCloseResultTests testConcurrentCloseCallersShareFailureAndSessionCanRetry]' passed (0.044 seconds).
Test Case '-[TesseraCoreTests.DevelopCloseResultTests testDelayedCallbackChildKeepsOriginOutcomeAfterIndependentRetry]' started.
develop original L2 calibration [first, tone, WB] ms: CPU [0.4505, 0.286209, 0.302667]; GPU [2.440959, 0.556167, 0.669666]
Test Case '-[TesseraCoreTests.DevelopCloseResultTests testDelayedCallbackChildKeepsOriginOutcomeAfterIndependentRetry]' passed (0.042 seconds).
Test Case '-[TesseraCoreTests.DevelopCloseResultTests testFailureCallbackCloseDoesNotStartAutomaticRetry]' started.
develop original L2 calibration [first, tone, WB] ms: CPU [0.41820799999999997, 0.315541, 0.315625]; GPU [2.512541, 0.621792, 0.694791]
Test Case '-[TesseraCoreTests.DevelopCloseResultTests testFailureCallbackCloseDoesNotStartAutomaticRetry]' passed (0.039 seconds).
Test Case '-[TesseraCoreTests.DevelopCloseResultTests testMaskFlushFailurePreventsNativeCloseAndRetainsPendingValue]' started.
develop original L2 calibration [first, tone, WB] ms: CPU [0.409167, 0.276625, 0.304208]; GPU [4.041, 0.7942910000000001, 0.690708]
Test Case '-[TesseraCoreTests.DevelopCloseResultTests testMaskFlushFailurePreventsNativeCloseAndRetainsPendingValue]' passed (0.044 seconds).
Test Case '-[TesseraCoreTests.DevelopCloseResultTests testPatchCallbackCloseJoinsPublishedAttempt]' started.
develop original L2 calibration [first, tone, WB] ms: CPU [0.404833, 0.271167, 0.301541]; GPU [2.71375, 0.8465, 0.707042]
Test Case '-[TesseraCoreTests.DevelopCloseResultTests testPatchCallbackCloseJoinsPublishedAttempt]' passed (0.036 seconds).
Test Case '-[TesseraCoreTests.DevelopCloseResultTests testSettingsFlushFailurePreventsNativeCloseAndRemainsRetryable]' started.
develop original L2 calibration [first, tone, WB] ms: CPU [0.38987499999999997, 0.26245799999999997, 0.265]; GPU [2.740834, 0.9808340000000001, 0.681709]
Test Case '-[TesseraCoreTests.DevelopCloseResultTests testSettingsFlushFailurePreventsNativeCloseAndRemainsRetryable]' passed (0.040 seconds).
Test Case '-[TesseraCoreTests.DevelopCloseResultTests testSuccessfulCloseDrainsOnceAndIsIdempotent]' started.
develop original L2 calibration [first, tone, WB] ms: CPU [0.395375, 0.2675, 0.300333]; GPU [3.0329580000000003, 0.908333, 0.884916]
Test Case '-[TesseraCoreTests.DevelopCloseResultTests testSuccessfulCloseDrainsOnceAndIsIdempotent]' passed (0.038 seconds).
Test Case '-[TesseraCoreTests.DevelopCloseResultTests testUnencodableSettingsBlockCloseAndRemainPending]' started.
develop original L2 calibration [first, tone, WB] ms: CPU [0.404834, 0.27316599999999996, 0.288875]; GPU [2.745375, 0.676125, 0.7637079999999999]
Test Case '-[TesseraCoreTests.DevelopCloseResultTests testUnencodableSettingsBlockCloseAndRemainPending]' passed (0.037 seconds).
Test Suite 'DevelopCloseResultTests' passed at 2026-09-28 16:35:46.187.
	 Executed 13 tests, with 0 failures (0 unexpected) in 0.515 (0.516) seconds
Test Suite 'DevelopMaskPendingRetentionTests' started at 2026-09-28 16:35:46.187.
Test Case '-[TesseraCoreTests.DevelopMaskPendingRetentionTests testAcceptedPrefixAndBrushPointsNeverReplayOnLaterFailure]' started.
Test Case '-[TesseraCoreTests.DevelopMaskPendingRetentionTests testAcceptedPrefixAndBrushPointsNeverReplayOnLaterFailure]' passed (0.000 seconds).
Test Case '-[TesseraCoreTests.DevelopMaskPendingRetentionTests testBrushRejectionRetainsSamplesAndSuccessKeepsReentrantSample]' started.
Test Case '-[TesseraCoreTests.DevelopMaskPendingRetentionTests testBrushRejectionRetainsSamplesAndSuccessKeepsReentrantSample]' passed (0.000 seconds).
Test Case '-[TesseraCoreTests.DevelopMaskPendingRetentionTests testExplicitRejectedFlushInvalidatesOlderQueuedDrain]' started.
Test Case '-[TesseraCoreTests.DevelopMaskPendingRetentionTests testExplicitRejectedFlushInvalidatesOlderQueuedDrain]' passed (0.000 seconds).
Test Case '-[TesseraCoreTests.DevelopMaskPendingRetentionTests testFailedBatchDoesNotScheduleReentrantRetry]' started.
Test Case '-[TesseraCoreTests.DevelopMaskPendingRetentionTests testFailedBatchDoesNotScheduleReentrantRetry]' passed (0.000 seconds).
Test Case '-[TesseraCoreTests.DevelopMaskPendingRetentionTests testNilHandlerDrainsTwoReentrantGenerations]' started.
Test Case '-[TesseraCoreTests.DevelopMaskPendingRetentionTests testNilHandlerDrainsTwoReentrantGenerations]' passed (0.000 seconds).
Test Case '-[TesseraCoreTests.DevelopMaskPendingRetentionTests testParameterFailureKeepsRejectedSuffixOnly]' started.
Test Case '-[TesseraCoreTests.DevelopMaskPendingRetentionTests testParameterFailureKeepsRejectedSuffixOnly]' passed (0.000 seconds).
Test Case '-[TesseraCoreTests.DevelopMaskPendingRetentionTests testReentrantNewerComponentAndParamSurviveFailedAttempt]' started.
Test Case '-[TesseraCoreTests.DevelopMaskPendingRetentionTests testReentrantNewerComponentAndParamSurviveFailedAttempt]' passed (0.000 seconds).
Test Case '-[TesseraCoreTests.DevelopMaskPendingRetentionTests testRejectedComponentAndUnattemptedGroupsParamsSurvive]' started.
Test Case '-[TesseraCoreTests.DevelopMaskPendingRetentionTests testRejectedComponentAndUnattemptedGroupsParamsSurvive]' passed (0.000 seconds).
Test Case '-[TesseraCoreTests.DevelopMaskPendingRetentionTests testRejectedGroupMergesOlderFieldsUnderNewerPatch]' started.
Test Case '-[TesseraCoreTests.DevelopMaskPendingRetentionTests testRejectedGroupMergesOlderFieldsUnderNewerPatch]' passed (0.000 seconds).
Test Case '-[TesseraCoreTests.DevelopMaskPendingRetentionTests testSuccessfulAcknowledgementKeepsNewerSameKeyValues]' started.
Test Case '-[TesseraCoreTests.DevelopMaskPendingRetentionTests testSuccessfulAcknowledgementKeepsNewerSameKeyValues]' passed (0.000 seconds).
Test Case '-[TesseraCoreTests.DevelopMaskPendingRetentionTests testSynchronousHandlerDrainsTwoReentrantGenerations]' started.
Test Case '-[TesseraCoreTests.DevelopMaskPendingRetentionTests testSynchronousHandlerDrainsTwoReentrantGenerations]' passed (0.000 seconds).
Test Suite 'DevelopMaskPendingRetentionTests' passed at 2026-09-28 16:35:46.189.
	 Executed 11 tests, with 0 failures (0 unexpected) in 0.002 (0.002) seconds
Test Suite 'DevelopPanelsSessionTests' started at 2026-09-28 16:35:46.189.
Test Case '-[TesseraCoreTests.DevelopPanelsSessionTests testPanelsDriveTheSession]' started.
develop original L2 calibration [first, tone, WB] ms: CPU [506.58087500000005, 196.463792, 234.884542]; GPU [378.626083, 1.6583329999999998, 9.873916999999999]
Test Case '-[TesseraCoreTests.DevelopPanelsSessionTests testPanelsDriveTheSession]' passed (1.824 seconds).
Test Suite 'DevelopPanelsSessionTests' passed at 2026-09-28 16:35:48.013.
	 Executed 1 test, with 0 failures (0 unexpected) in 1.824 (1.824) seconds
Test Suite 'DevelopPanelsTests' started at 2026-09-28 16:35:48.013.
Test Case '-[TesseraCoreTests.DevelopPanelsTests testCropOrientationRoundTripAndConstraints]' started.
Test Case '-[TesseraCoreTests.DevelopPanelsTests testCropOrientationRoundTripAndConstraints]' passed (0.000 seconds).
Test Case '-[TesseraCoreTests.DevelopPanelsTests testCurveEditorKeepsMonotoneValidPoints]' started.
Test Case '-[TesseraCoreTests.DevelopPanelsTests testCurveEditorKeepsMonotoneValidPoints]' passed (0.035 seconds).
Test Case '-[TesseraCoreTests.DevelopPanelsTests testCurveEvaluationMatchesKnotsAndIdentity]' started.
Test Case '-[TesseraCoreTests.DevelopPanelsTests testCurveEvaluationMatchesKnotsAndIdentity]' passed (0.000 seconds).
Test Case '-[TesseraCoreTests.DevelopPanelsTests testEachPanelControlWritesItsPatch]' started.
Test Case '-[TesseraCoreTests.DevelopPanelsTests testEachPanelControlWritesItsPatch]' passed (0.000 seconds).
Test Case '-[TesseraCoreTests.DevelopPanelsTests testHueBandWeightsAndTargetedAdjustment]' started.
Test Case '-[TesseraCoreTests.DevelopPanelsTests testHueBandWeightsAndTargetedAdjustment]' passed (0.000 seconds).
Test Case '-[TesseraCoreTests.DevelopPanelsTests testMergePatchAccumulatesLikeRFC7386]' started.
Test Case '-[TesseraCoreTests.DevelopPanelsTests testMergePatchAccumulatesLikeRFC7386]' passed (0.000 seconds).
Test Case '-[TesseraCoreTests.DevelopPanelsTests testPresetsArePartialRecipesSavedAsJSON]' started.
Test Case '-[TesseraCoreTests.DevelopPanelsTests testPresetsArePartialRecipesSavedAsJSON]' passed (0.002 seconds).
Test Suite 'DevelopPanelsTests' passed at 2026-09-28 16:35:48.052.
	 Executed 7 tests, with 0 failures (0 unexpected) in 0.038 (0.039) seconds
Test Suite 'DevelopRecoveryAdmissionBehaviorTests' started at 2026-09-28 16:35:48.052.
Test Case '-[TesseraCoreTests.DevelopRecoveryAdmissionBehaviorTests testDevelopReuseUsesImageIdentityAcrossDenseIDChanges]' started.
develop original L2 calibration [first, tone, WB] ms: CPU [0.604166, 0.301167, 0.333125]; GPU [2.772792, 0.624, 2.1698749999999998]
Test Case '-[TesseraCoreTests.DevelopRecoveryAdmissionBehaviorTests testDevelopReuseUsesImageIdentityAcrossDenseIDChanges]' passed (0.034 seconds).
Test Case '-[TesseraCoreTests.DevelopRecoveryAdmissionBehaviorTests testFailedClosePreservesSavedSmartAlbumSourceAndFilter]' started.
develop original L2 calibration [first, tone, WB] ms: CPU [0.586709, 0.302542, 0.33379200000000003]; GPU [2.678334, 0.597, 0.6745829999999999]
Test Case '-[TesseraCoreTests.DevelopRecoveryAdmissionBehaviorTests testFailedClosePreservesSavedSmartAlbumSourceAndFilter]' passed (0.038 seconds).
Test Case '-[TesseraCoreTests.DevelopRecoveryAdmissionBehaviorTests testFailedSaveKeepsWorkspaceAndExplicitRetryCommitsThenReopensFreshController]' started.
develop original L2 calibration [first, tone, WB] ms: CPU [0.607708, 0.298667, 0.362834]; GPU [2.4202500000000002, 0.7775, 0.704209]
Test Case '-[TesseraCoreTests.DevelopRecoveryAdmissionBehaviorTests testFailedSaveKeepsWorkspaceAndExplicitRetryCommitsThenReopensFreshController]' passed (0.045 seconds).
Test Case '-[TesseraCoreTests.DevelopRecoveryAdmissionBehaviorTests testHeldCloseCommitsGridDoubleClickSelectionAndLoupeTogether]' started.
develop original L2 calibration [first, tone, WB] ms: CPU [0.591375, 0.316833, 0.42208300000000004]; GPU [3.4689159999999997, 0.626, 0.7936249999999999]
Test Case '-[TesseraCoreTests.DevelopRecoveryAdmissionBehaviorTests testHeldCloseCommitsGridDoubleClickSelectionAndLoupeTogether]' passed (0.033 seconds).
Test Case '-[TesseraCoreTests.DevelopRecoveryAdmissionBehaviorTests testHeldCloseKeepsTetherAutoAdvanceTargetAndLoupeTogether]' started.
develop original L2 calibration [first, tone, WB] ms: CPU [0.5894579999999999, 0.297333, 0.353583]; GPU [3.5315, 0.5528339999999999, 0.988042]
Test Case '-[TesseraCoreTests.DevelopRecoveryAdmissionBehaviorTests testHeldCloseKeepsTetherAutoAdvanceTargetAndLoupeTogether]' passed (0.032 seconds).
Test Case '-[TesseraCoreTests.DevelopRecoveryAdmissionBehaviorTests testHeldCloseMovesPeoplePhotoToAllPhotosAndLoupeTogether]' started.
develop original L2 calibration [first, tone, WB] ms: CPU [0.571542, 0.298958, 0.337125]; GPU [2.6984589999999997, 0.561125, 1.1133339999999998]
Test Case '-[TesseraCoreTests.DevelopRecoveryAdmissionBehaviorTests testHeldCloseMovesPeoplePhotoToAllPhotosAndLoupeTogether]' passed (0.033 seconds).
Test Case '-[TesseraCoreTests.DevelopRecoveryAdmissionBehaviorTests testHeldCloseOpensSavedSmartAlbumAndClearsFilterAsOneIntent]' started.
develop original L2 calibration [first, tone, WB] ms: CPU [0.561083, 0.28525, 0.339791]; GPU [3.953791, 0.9209170000000001, 0.9655]
Test Case '-[TesseraCoreTests.DevelopRecoveryAdmissionBehaviorTests testHeldCloseOpensSavedSmartAlbumAndClearsFilterAsOneIntent]' passed (0.040 seconds).
Test Case '-[TesseraCoreTests.DevelopRecoveryAdmissionBehaviorTests testHeldCloseReturnsToLibraryAndEntersCompareAsOneIntent]' started.
develop original L2 calibration [first, tone, WB] ms: CPU [0.6221249999999999, 0.303083, 0.344833]; GPU [2.777083, 1.649541, 1.073083]
Test Case '-[TesseraCoreTests.DevelopRecoveryAdmissionBehaviorTests testHeldCloseReturnsToLibraryAndEntersCompareAsOneIntent]' passed (0.040 seconds).
Test Case '-[TesseraCoreTests.DevelopRecoveryAdmissionBehaviorTests testHeldGridDestinationResolvesTargetByImageIdentityAfterLibraryRevisionChanges]' started.
develop original L2 calibration [first, tone, WB] ms: CPU [0.5842080000000001, 0.30675, 0.32875]; GPU [2.6876249999999997, 1.5701669999999999, 0.822542]
Test Case '-[TesseraCoreTests.DevelopRecoveryAdmissionBehaviorTests testHeldGridDestinationResolvesTargetByImageIdentityAfterLibraryRevisionChanges]' passed (0.037 seconds).
Test Case '-[TesseraCoreTests.DevelopRecoveryAdmissionBehaviorTests testLatestViewIntentCommitsAfterOneHeldDevelopClose]' started.
develop original L2 calibration [first, tone, WB] ms: CPU [0.584958, 0.36320800000000003, 0.364792]; GPU [3.162875, 0.789542, 0.8295]
Test Case '-[TesseraCoreTests.DevelopRecoveryAdmissionBehaviorTests testLatestViewIntentCommitsAfterOneHeldDevelopClose]' passed (0.033 seconds).
Test Case '-[TesseraCoreTests.DevelopRecoveryAdmissionBehaviorTests testLayeredCompletionCannotTakeOverAfterLibraryReplacement]' started.
develop original L2 calibration [first, tone, WB] ms: CPU [0.592375, 0.304042, 0.310875]; GPU [2.529083, 0.808125, 0.902459]
Test Case '-[TesseraCoreTests.DevelopRecoveryAdmissionBehaviorTests testLayeredCompletionCannotTakeOverAfterLibraryReplacement]' passed (0.043 seconds).
Test Case '-[TesseraCoreTests.DevelopRecoveryAdmissionBehaviorTests testLibraryDestinationDuringLayersCloseInvalidatesCopyUntilReissued]' started.
develop original L2 calibration [first, tone, WB] ms: CPU [0.572208, 0.28854199999999997, 0.30987499999999996]; GPU [2.5565409999999997, 0.779833, 0.914083]
Test Case '-[TesseraCoreTests.DevelopRecoveryAdmissionBehaviorTests testLibraryDestinationDuringLayersCloseInvalidatesCopyUntilReissued]' passed (0.032 seconds).
Test Case '-[TesseraCoreTests.DevelopRecoveryAdmissionBehaviorTests testPresentingExportSheetDoesNotCloseOrReserveDevelopPixels]' started.
develop original L2 calibration [first, tone, WB] ms: CPU [0.929459, 0.309, 0.336667]; GPU [2.614417, 0.831667, 0.928375]
Test Case '-[TesseraCoreTests.DevelopRecoveryAdmissionBehaviorTests testPresentingExportSheetDoesNotCloseOrReserveDevelopPixels]' passed (0.048 seconds).
Test Case '-[TesseraCoreTests.DevelopRecoveryAdmissionBehaviorTests testSelectionDuringHeldLayerBackendKeepsReservationAndPreventsStaleViewStatus]' started.
develop original L2 calibration [first, tone, WB] ms: CPU [1.392791, 0.6135, 0.326416]; GPU [2.544583, 0.8031670000000001, 0.8897090000000001]
Test Case '-[TesseraCoreTests.DevelopRecoveryAdmissionBehaviorTests testSelectionDuringHeldLayerBackendKeepsReservationAndPreventsStaleViewStatus]' passed (0.038 seconds).
Test Case '-[TesseraCoreTests.DevelopRecoveryAdmissionBehaviorTests testSelectionDuringLayersCloseInvalidatesCopyButStillRequiresFreshSelection]' started.
develop original L2 calibration [first, tone, WB] ms: CPU [0.702125, 0.32304099999999997, 0.335542]; GPU [2.464417, 0.8711669999999999, 0.9645]
Test Case '-[TesseraCoreTests.DevelopRecoveryAdmissionBehaviorTests testSelectionDuringLayersCloseInvalidatesCopyButStillRequiresFreshSelection]' passed (0.032 seconds).
Test Case '-[TesseraCoreTests.DevelopRecoveryAdmissionBehaviorTests testStaleLayeredFailurePreservesReplacementStatusAndReleasesSourceGate]' started.
develop original L2 calibration [first, tone, WB] ms: CPU [0.561042, 0.292417, 0.33837500000000004]; GPU [2.540333, 0.88075, 1.03075]
Test Case '-[TesseraCoreTests.DevelopRecoveryAdmissionBehaviorTests testStaleLayeredFailurePreservesReplacementStatusAndReleasesSourceGate]' passed (0.047 seconds).
Test Case '-[TesseraCoreTests.DevelopRecoveryAdmissionBehaviorTests testSuccessfulRetryClearsRecoveryOwnedBlockedNavigationStatus]' started.
develop original L2 calibration [first, tone, WB] ms: CPU [0.5536249999999999, 0.29266699999999995, 0.374875]; GPU [2.507916, 0.594375, 0.698333]
Test Case '-[TesseraCoreTests.DevelopRecoveryAdmissionBehaviorTests testSuccessfulRetryClearsRecoveryOwnedBlockedNavigationStatus]' passed (0.047 seconds).
Test Case '-[TesseraCoreTests.DevelopRecoveryAdmissionBehaviorTests testSuccessfulRetryPreservesNewerUnrelatedStatus]' started.
develop original L2 calibration [first, tone, WB] ms: CPU [0.582708, 0.294125, 0.328333]; GPU [4.605708, 0.853625, 0.7575000000000001]
Test Case '-[TesseraCoreTests.DevelopRecoveryAdmissionBehaviorTests testSuccessfulRetryPreservesNewerUnrelatedStatus]' passed (0.046 seconds).
Test Case '-[TesseraCoreTests.DevelopRecoveryAdmissionBehaviorTests testSupersededFolderCallbackSettlesOnceAndMayReenterOpenFolder]' started.
develop original L2 calibration [first, tone, WB] ms: CPU [0.561917, 0.296375, 0.349584]; GPU [2.607167, 0.548334, 0.6255419999999999]
Test Case '-[TesseraCoreTests.DevelopRecoveryAdmissionBehaviorTests testSupersededFolderCallbackSettlesOnceAndMayReenterOpenFolder]' passed (0.084 seconds).
Test Suite 'DevelopRecoveryAdmissionBehaviorTests' passed at 2026-09-28 16:35:48.837.
	 Executed 19 tests, with 0 failures (0 unexpected) in 0.783 (0.785) seconds
Test Suite 'DevelopRecoveryAdmissionTests' started at 2026-09-28 16:35:48.837.
Test Case '-[TesseraCoreTests.DevelopRecoveryAdmissionTests testLaterConflictingAliasGateWaitsForEarlierReservationBeforeClosing]' started.
develop original L2 calibration [first, tone, WB] ms: CPU [0.560916, 0.29745900000000003, 0.339459]; GPU [2.59225, 0.915084, 0.9331670000000001]
Test Case '-[TesseraCoreTests.DevelopRecoveryAdmissionTests testLaterConflictingAliasGateWaitsForEarlierReservationBeforeClosing]' passed (0.059 seconds).
Test Case '-[TesseraCoreTests.DevelopRecoveryAdmissionTests testReservationsCoverSamePathAndHardLinkAliasesButNotUnrelatedSources]' started.
Test Case '-[TesseraCoreTests.DevelopRecoveryAdmissionTests testReservationsCoverSamePathAndHardLinkAliasesButNotUnrelatedSources]' passed (0.051 seconds).
Test Suite 'DevelopRecoveryAdmissionTests' passed at 2026-09-28 16:35:48.946.
	 Executed 2 tests, with 0 failures (0 unexpected) in 0.109 (0.110) seconds
Test Suite 'DevelopRecoveryCoordinatorTests' started at 2026-09-28 16:35:48.946.
Test Case '-[TesseraCoreTests.DevelopRecoveryCoordinatorTests testFailedActiveCloseDoesNotAdmitAnotherSamePhotoOpen]' started.
develop original L2 calibration [first, tone, WB] ms: CPU [4.413291, 0.290541, 0.35300000000000004]; GPU [6.492375, 0.761417, 0.9335829999999999]
Test Case '-[TesseraCoreTests.DevelopRecoveryCoordinatorTests testFailedActiveCloseDoesNotAdmitAnotherSamePhotoOpen]' passed (0.035 seconds).
Test Case '-[TesseraCoreTests.DevelopRecoveryCoordinatorTests testFailedCleanupOfStaleOpenDoesNotAdmitSameOwnerPhotoOpen]' started.
develop original L2 calibration [first, tone, WB] ms: CPU [4.624208, 0.309958, 0.343875]; GPU [6.4942910000000005, 0.890292, 1.147709]
Test Case '-[TesseraCoreTests.DevelopRecoveryCoordinatorTests testFailedCleanupOfStaleOpenDoesNotAdmitSameOwnerPhotoOpen]' passed (0.039 seconds).
Test Case '-[TesseraCoreTests.DevelopRecoveryCoordinatorTests testSupersededAdmissionErrorPreservesReplacementLoadingAndReadyState]' started.
develop original L2 calibration [first, tone, WB] ms: CPU [4.4419580000000005, 0.29745900000000003, 0.304]; GPU [6.790791, 0.83725, 0.9261659999999999]
develop original L2 calibration [first, tone, WB] ms: CPU [4.465291, 0.310959, 0.342208]; GPU [6.6045, 0.9864999999999999, 1.640625]
Test Case '-[TesseraCoreTests.DevelopRecoveryCoordinatorTests testSupersededAdmissionErrorPreservesReplacementLoadingAndReadyState]' passed (0.076 seconds).
Test Case '-[TesseraCoreTests.DevelopRecoveryCoordinatorTests testThrownAdmissionErrorIsVisibleAndFreshOpenSucceedsAfterReentry]' started.
develop original L2 calibration [first, tone, WB] ms: CPU [4.374750000000001, 0.293375, 0.345459]; GPU [6.572042, 0.865667, 0.9049159999999999]
Test Case '-[TesseraCoreTests.DevelopRecoveryCoordinatorTests testThrownAdmissionErrorIsVisibleAndFreshOpenSucceedsAfterReentry]' passed (0.037 seconds).
Test Suite 'DevelopRecoveryCoordinatorTests' passed at 2026-09-28 16:35:49.134.
	 Executed 4 tests, with 0 failures (0 unexpected) in 0.187 (0.188) seconds
Test Suite 'DevelopRecoveryStateTests' started at 2026-09-28 16:35:49.134.
Test Case '-[TesseraCoreTests.DevelopRecoveryStateTests testFailedCloseRetainsOwnerAndControllerUntilExplicitRetrySucceeds]' started.
develop original L2 calibration [first, tone, WB] ms: CPU [4.442458, 0.310666, 0.313083]; GPU [6.57125, 0.790792, 0.912167]
Test Case '-[TesseraCoreTests.DevelopRecoveryStateTests testFailedCloseRetainsOwnerAndControllerUntilExplicitRetrySucceeds]' passed (0.039 seconds).
Test Case '-[TesseraCoreTests.DevelopRecoveryStateTests testFailedStaleOpenCleanupRegistersBeforeInitiatingBarrierReturns]' started.
develop original L2 calibration [first, tone, WB] ms: CPU [4.428292000000001, 0.28800000000000003, 0.354708]; GPU [6.8604590000000005, 1.123042, 0.977166]
Test Case '-[TesseraCoreTests.DevelopRecoveryStateTests testFailedStaleOpenCleanupRegistersBeforeInitiatingBarrierReturns]' passed (0.037 seconds).
Test Case '-[TesseraCoreTests.DevelopRecoveryStateTests testFinishOpenClosesProducedControllerThatWasNotTransferred]' started.
develop original L2 calibration [first, tone, WB] ms: CPU [4.5050419999999995, 0.326416, 0.37437499999999996]; GPU [6.511542, 0.573167, 0.7234999999999999]
Test Case '-[TesseraCoreTests.DevelopRecoveryStateTests testFinishOpenClosesProducedControllerThatWasNotTransferred]' passed (0.036 seconds).
Test Case '-[TesseraCoreTests.DevelopRecoveryStateTests testJoinedCloseCallersShareOneFailureAndDoNotAutoRetry]' started.
develop original L2 calibration [first, tone, WB] ms: CPU [4.49, 0.29133400000000004, 0.350667]; GPU [6.572916, 0.855667, 0.9236249999999999]
Test Case '-[TesseraCoreTests.DevelopRecoveryStateTests testJoinedCloseCallersShareOneFailureAndDoNotAutoRetry]' passed (0.045 seconds).
Test Case '-[TesseraCoreTests.DevelopRecoveryStateTests testLateProducedControllerIsRetainedAndCanBeRetried]' started.
develop original L2 calibration [first, tone, WB] ms: CPU [4.42875, 0.29570799999999997, 0.30325]; GPU [6.611458, 1.108583, 1.028291]
Test Case '-[TesseraCoreTests.DevelopRecoveryStateTests testLateProducedControllerIsRetainedAndCanBeRetried]' passed (0.035 seconds).
Test Case '-[TesseraCoreTests.DevelopRecoveryStateTests testOwnerlessRecoveryRecordBlocksEveryLibraryUntilResolved]' started.
develop original L2 calibration [first, tone, WB] ms: CPU [4.457875, 0.29562499999999997, 0.32025]; GPU [7.086208, 0.748208, 0.7737080000000001]
Test Case '-[TesseraCoreTests.DevelopRecoveryStateTests testOwnerlessRecoveryRecordBlocksEveryLibraryUntilResolved]' passed (0.035 seconds).
Test Case '-[TesseraCoreTests.DevelopRecoveryStateTests testSuccessfulBarrierKeepsAdmissionReservedUntilGateFinish]' started.
develop original L2 calibration [first, tone, WB] ms: CPU [4.458374999999999, 0.307792, 0.360166]; GPU [6.2816670000000006, 3.449834, 0.742]
Test Case '-[TesseraCoreTests.DevelopRecoveryStateTests testSuccessfulBarrierKeepsAdmissionReservedUntilGateFinish]' passed (0.038 seconds).
Test Case '-[TesseraCoreTests.DevelopRecoveryStateTests testTransferRequiresMatchingOwnerAndExactControllerRecipient]' started.
develop original L2 calibration [first, tone, WB] ms: CPU [4.389792, 0.28808300000000003, 0.336458]; GPU [6.257375, 0.8352919999999999, 0.7496659999999999]
Test Case '-[TesseraCoreTests.DevelopRecoveryStateTests testTransferRequiresMatchingOwnerAndExactControllerRecipient]' passed (0.035 seconds).
Test Case '-[TesseraCoreTests.DevelopRecoveryStateTests testUnknownSessionCloseFailsClosed]' started.
Test Case '-[TesseraCoreTests.DevelopRecoveryStateTests testUnknownSessionCloseFailsClosed]' passed (0.000 seconds).
Test Suite 'DevelopRecoveryStateTests' passed at 2026-09-28 16:35:49.435.
	 Executed 9 tests, with 0 failures (0 unexpected) in 0.300 (0.301) seconds
Test Suite 'DevelopTests' started at 2026-09-28 16:35:49.435.
Test Case '-[TesseraCoreTests.DevelopTests testAppModelOpensRenderedJpegAndHeic]' started.
/Users/rutmehta/.codex/worktrees/render-resource-bounds/tessera/apps/mac/build/develop-app-rendered-3BDDA160-04E6-49E9-9F68-072592AFD220/shoot/photo.jpg
  /Users/rutmehta/.codex/worktrees/render-resource-bounds/tessera/apps/mac/build/develop-app-rendered-3BDDA160-04E6-49E9-9F68-072592AFD220/shoot/photo.heic
develop original L2 calibration [first, tone, WB] ms: CPU [0.411667, 0.27375, 0.30320800000000003]; GPU [5.139333000000001, 0.708917, 0.755458]
Test Case '-[TesseraCoreTests.DevelopTests testAppModelOpensRenderedJpegAndHeic]' passed (0.281 seconds).
Test Case '-[TesseraCoreTests.DevelopTests testJpegIsDevelopable]' started.
develop original L2 calibration [first, tone, WB] ms: CPU [0.33225000000000005, 0.247125, 0.250375]; GPU [2.260584, 0.766417, 1.039375]
Test Case '-[TesseraCoreTests.DevelopTests testJpegIsDevelopable]' passed (0.063 seconds).
Test Case '-[TesseraCoreTests.DevelopTests testSettingsChangeRendersIntoTheSurfaceAndReopenRestoresExposure]' started.
develop original L2 calibration [first, tone, WB] ms: CPU [478.768209, 196.03937499999998, 228.443208]; GPU [283.981459, 1.3597920000000001, 6.835416]
develop original L2 calibration [first, tone, WB] ms: CPU [479.63275, 196.660458, 234.51125000000002]; GPU [273.430458, 1.631834, 7.358125]
Test Case '-[TesseraCoreTests.DevelopTests testSettingsChangeRendersIntoTheSurfaceAndReopenRestoresExposure]' passed (2.790 seconds).
Test Suite 'DevelopTests' passed at 2026-09-28 16:35:52.570.
	 Executed 3 tests, with 0 failures (0 unexpected) in 3.134 (3.135) seconds
Test Suite 'DocumentAdjustmentAnalysisTests' started at 2026-09-28 16:35:52.570.
Test Case '-[TesseraCoreTests.DocumentAdjustmentAnalysisTests testAutoToneStretchesEachChannelAndColorSetsGamma]' started.
Test Case '-[TesseraCoreTests.DocumentAdjustmentAnalysisTests testAutoToneStretchesEachChannelAndColorSetsGamma]' passed (0.001 seconds).
Test Case '-[TesseraCoreTests.DocumentAdjustmentAnalysisTests testBlackWhiteAutoMatchesLumaAndKeepsDefaultsForMissingHues]' started.
Test Case '-[TesseraCoreTests.DocumentAdjustmentAnalysisTests testBlackWhiteAutoMatchesLumaAndKeepsDefaultsForMissingHues]' passed (0.000 seconds).
Test Case '-[TesseraCoreTests.DocumentAdjustmentAnalysisTests testCompositeAnalysisNeutralizesTheLayerAndLeavesNoTrace]' started.
Test Case '-[TesseraCoreTests.DocumentAdjustmentAnalysisTests testCompositeAnalysisNeutralizesTheLayerAndLeavesNoTrace]' passed (0.021 seconds).
Test Case '-[TesseraCoreTests.DocumentAdjustmentAnalysisTests testCubeAnd3DLLoaders]' started.
Test Case '-[TesseraCoreTests.DocumentAdjustmentAnalysisTests testCubeAnd3DLLoaders]' passed (0.000 seconds).
Test Case '-[TesseraCoreTests.DocumentAdjustmentAnalysisTests testEqualizeMapsAreCDFMinNormalized]' started.
Test Case '-[TesseraCoreTests.DocumentAdjustmentAnalysisTests testEqualizeMapsAreCDFMinNormalized]' passed (0.000 seconds).
Test Case '-[TesseraCoreTests.DocumentAdjustmentAnalysisTests testHDREqualizeFreezesALuminanceMap]' started.
Test Case '-[TesseraCoreTests.DocumentAdjustmentAnalysisTests testHDREqualizeFreezesALuminanceMap]' passed (0.000 seconds).
Test Case '-[TesseraCoreTests.DocumentAdjustmentAnalysisTests testLabStatisticsAndMatchColor]' started.
Test Case '-[TesseraCoreTests.DocumentAdjustmentAnalysisTests testLabStatisticsAndMatchColor]' passed (0.000 seconds).
Test Case '-[TesseraCoreTests.DocumentAdjustmentAnalysisTests testMenusListEveryKindOnceInPhotoshopOrder]' started.
Test Case '-[TesseraCoreTests.DocumentAdjustmentAnalysisTests testMenusListEveryKindOnceInPhotoshopOrder]' passed (0.000 seconds).
Test Case '-[TesseraCoreTests.DocumentAdjustmentAnalysisTests testNewImageDependentLayersAreAnalysed]' started.
Test Case '-[TesseraCoreTests.DocumentAdjustmentAnalysisTests testNewImageDependentLayersAreAnalysed]' passed (0.018 seconds).
Test Case '-[TesseraCoreTests.DocumentAdjustmentAnalysisTests testPhotoFilterPresetsMatchTheEngineSwatches]' started.
Test Case '-[TesseraCoreTests.DocumentAdjustmentAnalysisTests testPhotoFilterPresetsMatchTheEngineSwatches]' passed (0.000 seconds).
Test Case '-[TesseraCoreTests.DocumentAdjustmentAnalysisTests testSaveAsNames]' started.
Test Case '-[TesseraCoreTests.DocumentAdjustmentAnalysisTests testSaveAsNames]' passed (0.000 seconds).
Test Case '-[TesseraCoreTests.DocumentAdjustmentAnalysisTests testStubRendersTheNewPointwiseKinds]' started.
Test Case '-[TesseraCoreTests.DocumentAdjustmentAnalysisTests testStubRendersTheNewPointwiseKinds]' passed (0.001 seconds).
Test Suite 'DocumentAdjustmentAnalysisTests' passed at 2026-09-28 16:35:52.613.
	 Executed 12 tests, with 0 failures (0 unexpected) in 0.042 (0.043) seconds
Test Suite 'DocumentAdjustmentJSONTests' started at 2026-09-28 16:35:52.613.
Test Case '-[TesseraCoreTests.DocumentAdjustmentJSONTests testAuto]' started.
Test Case '-[TesseraCoreTests.DocumentAdjustmentJSONTests testAuto]' passed (0.012 seconds).
Test Case '-[TesseraCoreTests.DocumentAdjustmentJSONTests testBlackWhite]' started.
Test Case '-[TesseraCoreTests.DocumentAdjustmentJSONTests testBlackWhite]' passed (0.011 seconds).
Test Case '-[TesseraCoreTests.DocumentAdjustmentJSONTests testBrightnessContrast]' started.
Test Case '-[TesseraCoreTests.DocumentAdjustmentJSONTests testBrightnessContrast]' passed (0.011 seconds).
Test Case '-[TesseraCoreTests.DocumentAdjustmentJSONTests testChannelMixer]' started.
Test Case '-[TesseraCoreTests.DocumentAdjustmentJSONTests testChannelMixer]' passed (0.011 seconds).
Test Case '-[TesseraCoreTests.DocumentAdjustmentJSONTests testColorBalance]' started.
Test Case '-[TesseraCoreTests.DocumentAdjustmentJSONTests testColorBalance]' passed (0.011 seconds).
Test Case '-[TesseraCoreTests.DocumentAdjustmentJSONTests testColorLookup]' started.
Test Case '-[TesseraCoreTests.DocumentAdjustmentJSONTests testColorLookup]' passed (0.011 seconds).
Test Case '-[TesseraCoreTests.DocumentAdjustmentJSONTests testCurves]' started.
Test Case '-[TesseraCoreTests.DocumentAdjustmentJSONTests testCurves]' passed (0.011 seconds).
Test Case '-[TesseraCoreTests.DocumentAdjustmentJSONTests testDesaturate]' started.
Test Case '-[TesseraCoreTests.DocumentAdjustmentJSONTests testDesaturate]' passed (0.011 seconds).
Test Case '-[TesseraCoreTests.DocumentAdjustmentJSONTests testEqualize]' started.
Test Case '-[TesseraCoreTests.DocumentAdjustmentJSONTests testEqualize]' passed (0.011 seconds).
Test Case '-[TesseraCoreTests.DocumentAdjustmentJSONTests testExposure]' started.
Test Case '-[TesseraCoreTests.DocumentAdjustmentJSONTests testExposure]' passed (0.011 seconds).
Test Case '-[TesseraCoreTests.DocumentAdjustmentJSONTests testFixtureCoversEveryKindAndRoundTrips]' started.
Test Case '-[TesseraCoreTests.DocumentAdjustmentJSONTests testFixtureCoversEveryKindAndRoundTrips]' passed (0.001 seconds).
Test Case '-[TesseraCoreTests.DocumentAdjustmentJSONTests testGradientMap]' started.
Test Case '-[TesseraCoreTests.DocumentAdjustmentJSONTests testGradientMap]' passed (0.011 seconds).
Test Case '-[TesseraCoreTests.DocumentAdjustmentJSONTests testHdrToning]' started.
Test Case '-[TesseraCoreTests.DocumentAdjustmentJSONTests testHdrToning]' passed (0.011 seconds).
Test Case '-[TesseraCoreTests.DocumentAdjustmentJSONTests testHueSaturation]' started.
Test Case '-[TesseraCoreTests.DocumentAdjustmentJSONTests testHueSaturation]' passed (0.011 seconds).
Test Case '-[TesseraCoreTests.DocumentAdjustmentJSONTests testInvert]' started.
Test Case '-[TesseraCoreTests.DocumentAdjustmentJSONTests testInvert]' passed (0.011 seconds).
Test Case '-[TesseraCoreTests.DocumentAdjustmentJSONTests testLevels]' started.
Test Case '-[TesseraCoreTests.DocumentAdjustmentJSONTests testLevels]' passed (0.011 seconds).
Test Case '-[TesseraCoreTests.DocumentAdjustmentJSONTests testMatchColor]' started.
Test Case '-[TesseraCoreTests.DocumentAdjustmentJSONTests testMatchColor]' passed (0.011 seconds).
Test Case '-[TesseraCoreTests.DocumentAdjustmentJSONTests testNeutralValuesRoundTripThroughTheEngine]' started.
Test Case '-[TesseraCoreTests.DocumentAdjustmentJSONTests testNeutralValuesRoundTripThroughTheEngine]' passed (0.011 seconds).
Test Case '-[TesseraCoreTests.DocumentAdjustmentJSONTests testPhotoFilter]' started.
Test Case '-[TesseraCoreTests.DocumentAdjustmentJSONTests testPhotoFilter]' passed (0.012 seconds).
Test Case '-[TesseraCoreTests.DocumentAdjustmentJSONTests testPosterize]' started.
Test Case '-[TesseraCoreTests.DocumentAdjustmentJSONTests testPosterize]' passed (0.011 seconds).
Test Case '-[TesseraCoreTests.DocumentAdjustmentJSONTests testReplaceColor]' started.
Test Case '-[TesseraCoreTests.DocumentAdjustmentJSONTests testReplaceColor]' passed (0.012 seconds).
Test Case '-[TesseraCoreTests.DocumentAdjustmentJSONTests testSelectiveColor]' started.
Test Case '-[TesseraCoreTests.DocumentAdjustmentJSONTests testSelectiveColor]' passed (0.013 seconds).
Test Case '-[TesseraCoreTests.DocumentAdjustmentJSONTests testShadowsHighlights]' started.
Test Case '-[TesseraCoreTests.DocumentAdjustmentJSONTests testShadowsHighlights]' passed (0.011 seconds).
Test Case '-[TesseraCoreTests.DocumentAdjustmentJSONTests testThreshold]' started.
Test Case '-[TesseraCoreTests.DocumentAdjustmentJSONTests testThreshold]' passed (0.012 seconds).
Test Case '-[TesseraCoreTests.DocumentAdjustmentJSONTests testVibrance]' started.
Test Case '-[TesseraCoreTests.DocumentAdjustmentJSONTests testVibrance]' passed (0.013 seconds).
Test Suite 'DocumentAdjustmentJSONTests' passed at 2026-09-28 16:35:52.891.
	 Executed 25 tests, with 0 failures (0 unexpected) in 0.276 (0.278) seconds
Test Suite 'DocumentAdjustmentModelTests' started at 2026-09-28 16:35:52.891.
Test Case '-[TesseraCoreTests.DocumentAdjustmentModelTests testEveryAdjustmentRoundTripsThroughJSON]' started.
Test Case '-[TesseraCoreTests.DocumentAdjustmentModelTests testEveryAdjustmentRoundTripsThroughJSON]' passed (0.001 seconds).
Test Case '-[TesseraCoreTests.DocumentAdjustmentModelTests testFillsRoundTrip]' started.
Test Case '-[TesseraCoreTests.DocumentAdjustmentModelTests testFillsRoundTrip]' passed (0.000 seconds).
Test Suite 'DocumentAdjustmentModelTests' passed at 2026-09-28 16:35:52.891.
	 Executed 2 tests, with 0 failures (0 unexpected) in 0.001 (0.001) seconds
Test Suite 'DocumentBlendModeTests' started at 2026-09-28 16:35:52.891.
Test Case '-[TesseraCoreTests.DocumentBlendModeTests testRoundTripAndGroups]' started.
Test Case '-[TesseraCoreTests.DocumentBlendModeTests testRoundTripAndGroups]' passed (0.000 seconds).
Test Case '-[TesseraCoreTests.DocumentBlendModeTests testStubAcceptsEveryModeAndRejectsOthers]' started.
Test Case '-[TesseraCoreTests.DocumentBlendModeTests testStubAcceptsEveryModeAndRejectsOthers]' passed (0.000 seconds).
Test Case '-[TesseraCoreTests.DocumentBlendModeTests testTwentySevenModesInPhotoshopOrder]' started.
Test Case '-[TesseraCoreTests.DocumentBlendModeTests testTwentySevenModesInPhotoshopOrder]' passed (0.000 seconds).
Test Suite 'DocumentBlendModeTests' passed at 2026-09-28 16:35:52.892.
	 Executed 3 tests, with 0 failures (0 unexpected) in 0.001 (0.001) seconds
Test Suite 'DocumentChannelsTests' started at 2026-09-28 16:35:52.892.
Test Case '-[TesseraCoreTests.DocumentChannelsTests testComponentVisibilityAndNames]' started.
Test Case '-[TesseraCoreTests.DocumentChannelsTests testComponentVisibilityAndNames]' passed (0.000 seconds).
Test Case '-[TesseraCoreTests.DocumentChannelsTests testEngineChannelsThroughTheAdapter]' started.
Test Case '-[TesseraCoreTests.DocumentChannelsTests testEngineChannelsThroughTheAdapter]' passed (0.020 seconds).
Test Case '-[TesseraCoreTests.DocumentChannelsTests testLoadSelectionFormMapping]' started.
Test Case '-[TesseraCoreTests.DocumentChannelsTests testLoadSelectionFormMapping]' passed (0.000 seconds).
Test Case '-[TesseraCoreTests.DocumentChannelsTests testPanelRowsFromRecords]' started.
Test Case '-[TesseraCoreTests.DocumentChannelsTests testPanelRowsFromRecords]' passed (0.000 seconds).
Test Case '-[TesseraCoreTests.DocumentChannelsTests testQuickMaskEnterExitOnTheStub]' started.
Test Case '-[TesseraCoreTests.DocumentChannelsTests testQuickMaskEnterExitOnTheStub]' passed (0.000 seconds).
Test Case '-[TesseraCoreTests.DocumentChannelsTests testSaveSelectionFormMapping]' started.
Test Case '-[TesseraCoreTests.DocumentChannelsTests testSaveSelectionFormMapping]' passed (0.000 seconds).
Test Case '-[TesseraCoreTests.DocumentChannelsTests testStubChannelsSaveLoadAndEdit]' started.
Test Case '-[TesseraCoreTests.DocumentChannelsTests testStubChannelsSaveLoadAndEdit]' passed (0.000 seconds).
Test Suite 'DocumentChannelsTests' passed at 2026-09-28 16:35:52.914.
	 Executed 7 tests, with 0 failures (0 unexpected) in 0.021 (0.021) seconds
Test Suite 'DocumentFiltersTests' started at 2026-09-28 16:35:52.914.
Test Case '-[TesseraCoreTests.DocumentFiltersTests testEngineFiltersThroughTheAdapter]' started.
Test Case '-[TesseraCoreTests.DocumentFiltersTests testEngineFiltersThroughTheAdapter]' passed (0.017 seconds).
Test Case '-[TesseraCoreTests.DocumentFiltersTests testFilterSettingsJSONRoundTrips]' started.
Test Case '-[TesseraCoreTests.DocumentFiltersTests testFilterSettingsJSONRoundTrips]' passed (0.001 seconds).
Test Case '-[TesseraCoreTests.DocumentFiltersTests testLastFilterMemoryRemembersPerFilterAndPersists]' started.
Test Case '-[TesseraCoreTests.DocumentFiltersTests testLastFilterMemoryRemembersPerFilterAndPersists]' passed (0.002 seconds).
Test Case '-[TesseraCoreTests.DocumentFiltersTests testMenusOpenDialogsAndLastFilterReapplies]' started.
Test Case '-[TesseraCoreTests.DocumentFiltersTests testMenusOpenDialogsAndLastFilterReapplies]' passed (0.043 seconds).
Test Case '-[TesseraCoreTests.DocumentFiltersTests testSchemaMapsEveryControlKind]' started.
Test Case '-[TesseraCoreTests.DocumentFiltersTests testSchemaMapsEveryControlKind]' passed (0.000 seconds).
Test Case '-[TesseraCoreTests.DocumentFiltersTests testTheEngineCatalogueDecodesAndGroups]' started.
Test Case '-[TesseraCoreTests.DocumentFiltersTests testTheEngineCatalogueDecodesAndGroups]' passed (0.000 seconds).
Test Case '-[TesseraCoreTests.DocumentFiltersTests testTheStubListsFiltersButNeedsTheEngineToApply]' started.
Test Case '-[TesseraCoreTests.DocumentFiltersTests testTheStubListsFiltersButNeedsTheEngineToApply]' passed (0.001 seconds).
Test Suite 'DocumentFiltersTests' passed at 2026-09-28 16:35:52.979.
	 Executed 7 tests, with 0 failures (0 unexpected) in 0.065 (0.065) seconds
Test Suite 'DocumentInspectorLayoutTests' started at 2026-09-28 16:35:52.979.
Test Case '-[TesseraCoreTests.DocumentInspectorLayoutTests testColumnBudgetAt1440AndAdjacentWidths]' started.
Test Case '-[TesseraCoreTests.DocumentInspectorLayoutTests testColumnBudgetAt1440AndAdjacentWidths]' passed (0.000 seconds).
Test Case '-[TesseraCoreTests.DocumentInspectorLayoutTests testInspectorFitsItsColumnForEveryLayerKindAt1440AndAdjacentWidths]' started.
Test Case '-[TesseraCoreTests.DocumentInspectorLayoutTests testInspectorFitsItsColumnForEveryLayerKindAt1440AndAdjacentWidths]' passed (6.982 seconds).
Test Suite 'DocumentInspectorLayoutTests' passed at 2026-09-28 16:35:59.962.
	 Executed 2 tests, with 0 failures (0 unexpected) in 6.983 (6.983) seconds
Test Suite 'DocumentKeyMapTests' started at 2026-09-28 16:35:59.962.
Test Case '-[TesseraCoreTests.DocumentKeyMapTests testCommandShortcuts]' started.
Test Case '-[TesseraCoreTests.DocumentKeyMapTests testCommandShortcuts]' passed (0.000 seconds).
Test Case '-[TesseraCoreTests.DocumentKeyMapTests testCullingKeysDoNothingInDocumentMode]' started.
Test Case '-[TesseraCoreTests.DocumentKeyMapTests testCullingKeysDoNothingInDocumentMode]' passed (0.000 seconds).
Test Case '-[TesseraCoreTests.DocumentKeyMapTests testToolsAndPanelKeys]' started.
Test Case '-[TesseraCoreTests.DocumentKeyMapTests testToolsAndPanelKeys]' passed (0.000 seconds).
Test Suite 'DocumentKeyMapTests' passed at 2026-09-28 16:35:59.963.
	 Executed 3 tests, with 0 failures (0 unexpected) in 0.001 (0.001) seconds
Test Suite 'DocumentKeyRoutingTests' started at 2026-09-28 16:35:59.963.
Test Case '-[TesseraCoreTests.DocumentKeyRoutingTests testCommandEInGridDisclosesRenderedCopyBeforeExistingHandoff]' started.
Test Case '-[TesseraCoreTests.DocumentKeyRoutingTests testCommandEInGridDisclosesRenderedCopyBeforeExistingHandoff]' passed (0.073 seconds).
Test Case '-[TesseraCoreTests.DocumentKeyRoutingTests testControllerGroupsAndDragsAsOneStepEach]' started.
Test Case '-[TesseraCoreTests.DocumentKeyRoutingTests testControllerGroupsAndDragsAsOneStepEach]' passed (0.001 seconds).
Test Case '-[TesseraCoreTests.DocumentKeyRoutingTests testCullingKeysDoNotFireInDocumentMode]' started.
Test Case '-[TesseraCoreTests.DocumentKeyRoutingTests testCullingKeysDoNotFireInDocumentMode]' passed (0.011 seconds).
Test Case '-[TesseraCoreTests.DocumentKeyRoutingTests testDocumentKeys]' started.
Test Case '-[TesseraCoreTests.DocumentKeyRoutingTests testDocumentKeys]' passed (0.004 seconds).
Test Case '-[TesseraCoreTests.DocumentKeyRoutingTests testUndoRoutesToTheDocumentInDocumentMode]' started.
Test Case '-[TesseraCoreTests.DocumentKeyRoutingTests testUndoRoutesToTheDocumentInDocumentMode]' passed (0.001 seconds).
Test Suite 'DocumentKeyRoutingTests' passed at 2026-09-28 16:36:00.053.
	 Executed 5 tests, with 0 failures (0 unexpected) in 0.089 (0.090) seconds
Test Suite 'DocumentLayersActivationTests' started at 2026-09-28 16:36:00.053.
Test Case '-[TesseraCoreTests.DocumentLayersActivationTests testDefaultActivationIsIndependentOfCallerOwnedStatus]' started.
Test Case '-[TesseraCoreTests.DocumentLayersActivationTests testDefaultActivationIsIndependentOfCallerOwnedStatus]' passed (0.000 seconds).
Test Case '-[TesseraCoreTests.DocumentLayersActivationTests testExistingBackendInstallSelectsInternallyWithoutModePublication]' started.
Test Case '-[TesseraCoreTests.DocumentLayersActivationTests testExistingBackendInstallSelectsInternallyWithoutModePublication]' passed (0.000 seconds).
Test Case '-[TesseraCoreTests.DocumentLayersActivationTests testHeldCallerOwnedLoadInstallsWithoutPublishingModeAndSettlesOnce]' started.
Test Case '-[TesseraCoreTests.DocumentLayersActivationTests testHeldCallerOwnedLoadInstallsWithoutPublishingModeAndSettlesOnce]' passed (0.000 seconds).
Test Case '-[TesseraCoreTests.DocumentLayersActivationTests testOpenRetainsDefaultModePublication]' started.
Test Case '-[TesseraCoreTests.DocumentLayersActivationTests testOpenRetainsDefaultModePublication]' passed (0.000 seconds).
Test Case '-[TesseraCoreTests.DocumentLayersActivationTests testSuppressedActivationStillAllowsWorkspaceStatus]' started.
Test Case '-[TesseraCoreTests.DocumentLayersActivationTests testSuppressedActivationStillAllowsWorkspaceStatus]' passed (0.000 seconds).
Test Suite 'DocumentLayersActivationTests' passed at 2026-09-28 16:36:00.055.
	 Executed 5 tests, with 0 failures (0 unexpected) in 0.002 (0.002) seconds
Test Suite 'DocumentLoadSettlementTests' started at 2026-09-28 16:36:00.055.
Test Case '-[TesseraCoreTests.DocumentLoadSettlementTests testBackendFailureSettlesOnceWithoutInstall]' started.
Test Case '-[TesseraCoreTests.DocumentLoadSettlementTests testBackendFailureSettlesOnceWithoutInstall]' passed (0.002 seconds).
Test Case '-[TesseraCoreTests.DocumentLoadSettlementTests testDelayedBackendCompletionDoesNotReleaseAtDispatch]' started.
Test Case '-[TesseraCoreTests.DocumentLoadSettlementTests testDelayedBackendCompletionDoesNotReleaseAtDispatch]' passed (0.000 seconds).
Test Case '-[TesseraCoreTests.DocumentLoadSettlementTests testEarlyRejectsSettleWithoutExecutor]' started.
Test Case '-[TesseraCoreTests.DocumentLoadSettlementTests testEarlyRejectsSettleWithoutExecutor]' passed (0.000 seconds).
Test Case '-[TesseraCoreTests.DocumentLoadSettlementTests testReleasedWorkspaceStillSettlesAfterBackendReturns]' started.
Test Case '-[TesseraCoreTests.DocumentLoadSettlementTests testReleasedWorkspaceStillSettlesAfterBackendReturns]' passed (0.000 seconds).
Test Suite 'DocumentLoadSettlementTests' passed at 2026-09-28 16:36:00.057.
	 Executed 4 tests, with 0 failures (0 unexpected) in 0.002 (0.003) seconds
Test Suite 'DocumentLoadStatusTests' started at 2026-09-28 16:36:00.057.
Test Case '-[TesseraCoreTests.DocumentLoadStatusTests testCallerOwnedFailureDoesNotOverwriteNewerStatus]' started.
Test Case '-[TesseraCoreTests.DocumentLoadStatusTests testCallerOwnedFailureDoesNotOverwriteNewerStatus]' passed (0.000 seconds).
Test Case '-[TesseraCoreTests.DocumentLoadStatusTests testCallerOwnedRejectionDoesNotPublishStatus]' started.
Test Case '-[TesseraCoreTests.DocumentLoadStatusTests testCallerOwnedRejectionDoesNotPublishStatus]' passed (0.000 seconds).
Test Case '-[TesseraCoreTests.DocumentLoadStatusTests testCallerOwnedSuccessPreservesStatusAndStillInstallsAndSettles]' started.
Test Case '-[TesseraCoreTests.DocumentLoadStatusTests testCallerOwnedSuccessPreservesStatusAndStillInstallsAndSettles]' passed (0.000 seconds).
Test Case '-[TesseraCoreTests.DocumentLoadStatusTests testDefaultRetainsStartFailureAndRejectionMessages]' started.
Test Case '-[TesseraCoreTests.DocumentLoadStatusTests testDefaultRetainsStartFailureAndRejectionMessages]' passed (0.000 seconds).
Test Case '-[TesseraCoreTests.DocumentLoadStatusTests testDefaultSuccessStillPublishesLegacyMessage]' started.
Test Case '-[TesseraCoreTests.DocumentLoadStatusTests testDefaultSuccessStillPublishesLegacyMessage]' passed (0.000 seconds).
Test Suite 'DocumentLoadStatusTests' passed at 2026-09-28 16:36:00.059.
	 Executed 5 tests, with 0 failures (0 unexpected) in 0.002 (0.002) seconds
Test Suite 'DocumentOutlineLifecycleTests' started at 2026-09-28 16:36:00.059.
Test Case '-[TesseraCoreTests.DocumentOutlineLifecycleTests testClearDropsPendingAndCannotResurrectOldOutline]' started.
Test Case '-[TesseraCoreTests.DocumentOutlineLifecycleTests testClearDropsPendingAndCannotResurrectOldOutline]' passed (0.048 seconds).
Test Case '-[TesseraCoreTests.DocumentOutlineLifecycleTests testCloseRejectsRunningResultAndDropsPendingWork]' started.
Test Case '-[TesseraCoreTests.DocumentOutlineLifecycleTests testCloseRejectsRunningResultAndDropsPendingWork]' passed (0.001 seconds).
Test Case '-[TesseraCoreTests.DocumentOutlineLifecycleTests testSwitchDiscardsOldOutlineAndRunsOnlyNewestPendingDocument]' started.
Test Case '-[TesseraCoreTests.DocumentOutlineLifecycleTests testSwitchDiscardsOldOutlineAndRunsOnlyNewestPendingDocument]' passed (0.001 seconds).
Test Suite 'DocumentOutlineLifecycleTests' passed at 2026-09-28 16:36:00.108.
	 Executed 3 tests, with 0 failures (0 unexpected) in 0.049 (0.049) seconds
Test Suite 'DocumentOutlineTests' started at 2026-09-28 16:36:00.108.
Test Case '-[TesseraCoreTests.DocumentOutlineTests testInsertRemoveAndUngroupDiffs]' started.
Test Case '-[TesseraCoreTests.DocumentOutlineTests testInsertRemoveAndUngroupDiffs]' passed (0.000 seconds).
Test Case '-[TesseraCoreTests.DocumentOutlineTests testListOrderDoesNotMatterOnlyIndices]' started.
Test Case '-[TesseraCoreTests.DocumentOutlineTests testListOrderDoesNotMatterOnlyIndices]' passed (0.000 seconds).
Test Case '-[TesseraCoreTests.DocumentOutlineTests testLongestIncreasingSubsequence]' started.
Test Case '-[TesseraCoreTests.DocumentOutlineTests testLongestIncreasingSubsequence]' passed (0.000 seconds).
Test Case '-[TesseraCoreTests.DocumentOutlineTests testMinimalMovesForUnchangedTree]' started.
Test Case '-[TesseraCoreTests.DocumentOutlineTests testMinimalMovesForUnchangedTree]' passed (0.000 seconds).
Test Case '-[TesseraCoreTests.DocumentOutlineTests testMoveIntoGroupAndOutIsOneMoveEach]' started.
Test Case '-[TesseraCoreTests.DocumentOutlineTests testMoveIntoGroupAndOutIsOneMoveEach]' passed (0.000 seconds).
Test Case '-[TesseraCoreTests.DocumentOutlineTests testRandomTreesDiffToTheirTarget]' started.
Test Case '-[TesseraCoreTests.DocumentOutlineTests testRandomTreesDiffToTheirTarget]' passed (0.008 seconds).
Test Case '-[TesseraCoreTests.DocumentOutlineTests testSampleDocumentFlattensTopFirst]' started.
Test Case '-[TesseraCoreTests.DocumentOutlineTests testSampleDocumentFlattensTopFirst]' passed (0.000 seconds).
Test Case '-[TesseraCoreTests.DocumentOutlineTests testSingleReorderIsOneMove]' started.
Test Case '-[TesseraCoreTests.DocumentOutlineTests testSingleReorderIsOneMove]' passed (0.000 seconds).
Test Suite 'DocumentOutlineTests' passed at 2026-09-28 16:36:00.118.
	 Executed 8 tests, with 0 failures (0 unexpected) in 0.009 (0.010) seconds
Test Suite 'DocumentOverlayAnimationTests' started at 2026-09-28 16:36:00.118.
Test Case '-[TesseraCoreTests.DocumentOverlayAnimationTests testConcreteOverlaysNeverScheduleWhileDetached]' started.
Test Case '-[TesseraCoreTests.DocumentOverlayAnimationTests testConcreteOverlaysNeverScheduleWhileDetached]' passed (0.000 seconds).
Test Case '-[TesseraCoreTests.DocumentOverlayAnimationTests testHideUnhideAndWindowDetachHooksReconcileTimer]' started.
Test Case '-[TesseraCoreTests.DocumentOverlayAnimationTests testHideUnhideAndWindowDetachHooksReconcileTimer]' passed (0.000 seconds).
Test Case '-[TesseraCoreTests.DocumentOverlayAnimationTests testReleasedOwnerInvalidatesRetainedTimerWithoutTicks]' started.
Test Case '-[TesseraCoreTests.DocumentOverlayAnimationTests testReleasedOwnerInvalidatesRetainedTimerWithoutTicks]' passed (0.000 seconds).
Test Case '-[TesseraCoreTests.DocumentOverlayAnimationTests testRepeatedUpdatesDoNotDuplicateTimerAndRestartOnce]' started.
Test Case '-[TesseraCoreTests.DocumentOverlayAnimationTests testRepeatedUpdatesDoNotDuplicateTimerAndRestartOnce]' passed (0.000 seconds).
Test Case '-[TesseraCoreTests.DocumentOverlayAnimationTests testTickRechecksVisibilityAndOwnershipBeforeDrawing]' started.
Test Case '-[TesseraCoreTests.DocumentOverlayAnimationTests testTickRechecksVisibilityAndOwnershipBeforeDrawing]' passed (0.000 seconds).
Test Suite 'DocumentOverlayAnimationTests' passed at 2026-09-28 16:36:00.119.
	 Executed 5 tests, with 0 failures (0 unexpected) in 0.001 (0.001) seconds
Test Suite 'DocumentRetouchTests' started at 2026-09-28 16:36:00.119.
Test Case '-[TesseraCoreTests.DocumentRetouchTests testCancelledRemoveNeverReachesHistory]' started.
Test Case '-[TesseraCoreTests.DocumentRetouchTests testCancelledRemoveNeverReachesHistory]' passed (0.013 seconds).
Test Case '-[TesseraCoreTests.DocumentRetouchTests testContentAwareFillIsEnabledWithAMarqueeAndDisabledWithoutASelection]' started.
Test Case '-[TesseraCoreTests.DocumentRetouchTests testContentAwareFillIsEnabledWithAMarqueeAndDisabledWithoutASelection]' passed (0.000 seconds).
Test Case '-[TesseraCoreTests.DocumentRetouchTests testContentAwareFillMenuFollowsTheDocumentSelection]' started.
Test Case '-[TesseraCoreTests.DocumentRetouchTests testContentAwareFillMenuFollowsTheDocumentSelection]' passed (0.006 seconds).
Test Case '-[TesseraCoreTests.DocumentRetouchTests testDownloadAllowedShowsProgressThenRunsTheOperation]' started.
Test Case '-[TesseraCoreTests.DocumentRetouchTests testDownloadAllowedShowsProgressThenRunsTheOperation]' passed (0.014 seconds).
Test Case '-[TesseraCoreTests.DocumentRetouchTests testDownloadFailureIsReportedAndRetryRequestsAgain]' started.
Test Case '-[TesseraCoreTests.DocumentRetouchTests testDownloadFailureIsReportedAndRetryRequestsAgain]' passed (0.014 seconds).
Test Case '-[TesseraCoreTests.DocumentRetouchTests testDownloadsOffNeverRequestsAndSaysSo]' started.
Test Case '-[TesseraCoreTests.DocumentRetouchTests testDownloadsOffNeverRequestsAndSaysSo]' passed (0.002 seconds).
Test Case '-[TesseraCoreTests.DocumentRetouchTests testEngineRetouchThroughTheAdapter]' started.
Test Case '-[TesseraCoreTests.DocumentRetouchTests testEngineRetouchThroughTheAdapter]' passed (0.024 seconds).
Test Case '-[TesseraCoreTests.DocumentRetouchTests testForgettingAWaitingOperationKeepsTheDownload]' started.
Test Case '-[TesseraCoreTests.DocumentRetouchTests testForgettingAWaitingOperationKeepsTheDownload]' passed (0.007 seconds).
Test Case '-[TesseraCoreTests.DocumentRetouchTests testJobsCancelAbandonsWithoutWaitingAndRefusesUntilStopped]' started.
Test Case '-[TesseraCoreTests.DocumentRetouchTests testJobsCancelAbandonsWithoutWaitingAndRefusesUntilStopped]' passed (0.020 seconds).
Test Case '-[TesseraCoreTests.DocumentRetouchTests testMissingWeightsAreNamedWithTheirSource]' started.
Test Case '-[TesseraCoreTests.DocumentRetouchTests testMissingWeightsAreNamedWithTheirSource]' passed (0.000 seconds).
Test Case '-[TesseraCoreTests.DocumentRetouchTests testNeuralCatalogueComesFromTheEngine]' started.
Test Case '-[TesseraCoreTests.DocumentRetouchTests testNeuralCatalogueComesFromTheEngine]' passed (0.000 seconds).
Test Case '-[TesseraCoreTests.DocumentRetouchTests testNeuralSheetDestinationsFollowTheLayer]' started.
Test Case '-[TesseraCoreTests.DocumentRetouchTests testNeuralSheetDestinationsFollowTheLayer]' passed (0.000 seconds).
Test Case '-[TesseraCoreTests.DocumentRetouchTests testOutlineGenerationDropsStaleResults]' started.
Test Case '-[TesseraCoreTests.DocumentRetouchTests testOutlineGenerationDropsStaleResults]' passed (0.000 seconds).
Test Case '-[TesseraCoreTests.DocumentRetouchTests testReEditingANeuralSmartFilterKeepsItsFacesAndOutput]' started.
Test Case '-[TesseraCoreTests.DocumentRetouchTests testReEditingANeuralSmartFilterKeepsItsFacesAndOutput]' passed (0.000 seconds).
Test Case '-[TesseraCoreTests.DocumentRetouchTests testRemoveOptionsMapToEngineParams]' started.
Test Case '-[TesseraCoreTests.DocumentRetouchTests testRemoveOptionsMapToEngineParams]' passed (0.000 seconds).
Test Case '-[TesseraCoreTests.DocumentRetouchTests testSuggestionReviewStartsAcceptedAndAppliesOnlyAccepted]' started.
Test Case '-[TesseraCoreTests.DocumentRetouchTests testSuggestionReviewStartsAcceptedAndAppliesOnlyAccepted]' passed (0.000 seconds).
Test Case '-[TesseraCoreTests.DocumentRetouchTests testTheStubNeedsTheEngine]' started.
Test Case '-[TesseraCoreTests.DocumentRetouchTests testTheStubNeedsTheEngine]' passed (0.000 seconds).
Test Suite 'DocumentRetouchTests' passed at 2026-09-28 16:36:00.222.
	 Executed 17 tests, with 0 failures (0 unexpected) in 0.102 (0.103) seconds
Test Suite 'DocumentSaveDestinationCommitTests' started at 2026-09-28 16:36:00.222.
Test Case '-[TesseraCoreTests.DocumentSaveDestinationCommitTests testCapturedHeadLeavesLaterEditDirtyAndOrdinarySaveReadsPathAfterGate]' started.
Test Case '-[TesseraCoreTests.DocumentSaveDestinationCommitTests testCapturedHeadLeavesLaterEditDirtyAndOrdinarySaveReadsPathAfterGate]' passed (0.003 seconds).
Test Case '-[TesseraCoreTests.DocumentSaveDestinationCommitTests testConcurrentSameNamePublishesExactlyOneAndUsesUniqueStaging]' started.
Test Case '-[TesseraCoreTests.DocumentSaveDestinationCommitTests testConcurrentSameNamePublishesExactlyOneAndUsesUniqueStaging]' passed (0.001 seconds).
Test Case '-[TesseraCoreTests.DocumentSaveDestinationCommitTests testConfirmedReplaceStillReplacesPathChangedAfterConfirmation]' started.
Test Case '-[TesseraCoreTests.DocumentSaveDestinationCommitTests testConfirmedReplaceStillReplacesPathChangedAfterConfirmation]' passed (0.001 seconds).
Test Case '-[TesseraCoreTests.DocumentSaveDestinationCommitTests testExclusiveRenameFallbackAndPostCommitCleanupFailureKeepActualResult]' started.
2026-09-28 16:36:00.229 xctest[3770:105099034] Document save cleanup: Could not remove staging file /var/folders/_f/grgzfz9j7c1bq0m39nwqz9mm0000gn/T/checked-stub-394ABB13-A512-4EAA-BBC3-FFAFA3E453F9/.tessera-save-UkLS3x (errno 13)
Test Case '-[TesseraCoreTests.DocumentSaveDestinationCommitTests testExclusiveRenameFallbackAndPostCommitCleanupFailureKeepActualResult]' passed (0.001 seconds).
Test Case '-[TesseraCoreTests.DocumentSaveDestinationCommitTests testForcedExclusiveRenameFallbackCollisionPreservesSentinelAndRemovesStage]' started.
Test Case '-[TesseraCoreTests.DocumentSaveDestinationCommitTests testForcedExclusiveRenameFallbackCollisionPreservesSentinelAndRemovesStage]' passed (0.002 seconds).
Test Case '-[TesseraCoreTests.DocumentSaveDestinationCommitTests testLateFileAppearanceAndUnsafeEntriesNeverClobber]' started.
Test Case '-[TesseraCoreTests.DocumentSaveDestinationCommitTests testLateFileAppearanceAndUnsafeEntriesNeverClobber]' passed (0.002 seconds).
Test Case '-[TesseraCoreTests.DocumentSaveDestinationCommitTests testRealCollisionLeavesSentinelAndMarkersThenRetryAndLegacyReplaceWork]' started.
Test Case '-[TesseraCoreTests.DocumentSaveDestinationCommitTests testRealCollisionLeavesSentinelAndMarkersThenRetryAndLegacyReplaceWork]' passed (0.002 seconds).
Test Case '-[TesseraCoreTests.DocumentSaveDestinationCommitTests testReplacedStagingNameIsNeitherPublishedNorDeleted]' started.
Test Case '-[TesseraCoreTests.DocumentSaveDestinationCommitTests testReplacedStagingNameIsNeitherPublishedNorDeleted]' passed (0.001 seconds).
Test Case '-[TesseraCoreTests.DocumentSaveDestinationCommitTests testSuccessfulRenameDoesNotCleanupReusedOldStageName]' started.
Test Case '-[TesseraCoreTests.DocumentSaveDestinationCommitTests testSuccessfulRenameDoesNotCleanupReusedOldStageName]' passed (0.001 seconds).
Test Suite 'DocumentSaveDestinationCommitTests' passed at 2026-09-28 16:36:00.237.
	 Executed 9 tests, with 0 failures (0 unexpected) in 0.014 (0.015) seconds
Test Suite 'DocumentSavePresenterTests' started at 2026-09-28 16:36:00.237.
Test Case '-[TesseraCoreTests.DocumentSavePresenterTests testCancelBeforeBeginFromFactoryNeverBeginsNativeSession]' started.
Test Case '-[TesseraCoreTests.DocumentSavePresenterTests testCancelBeforeBeginFromFactoryNeverBeginsNativeSession]' passed (0.000 seconds).
Test Case '-[TesseraCoreTests.DocumentSavePresenterTests testCancelThenWholeNativeLifetimeBeforeBeginReturnsStillDrains]' started.
Test Case '-[TesseraCoreTests.DocumentSavePresenterTests testCancelThenWholeNativeLifetimeBeforeBeginReturnsStillDrains]' passed (0.000 seconds).
Test Case '-[TesseraCoreTests.DocumentSavePresenterTests testCompletionWithCapturedSheetStillNativeQueuedCannotRelease]' started.
Test Case '-[TesseraCoreTests.DocumentSavePresenterTests testCompletionWithCapturedSheetStillNativeQueuedCannotRelease]' passed (0.000 seconds).
Test Case '-[TesseraCoreTests.DocumentSavePresenterTests testDuplicateCompletionBeforeDetachPreservesFirstResponse]' started.
Test Case '-[TesseraCoreTests.DocumentSavePresenterTests testDuplicateCompletionBeforeDetachPreservesFirstResponse]' passed (0.000 seconds).
Test Case '-[TesseraCoreTests.DocumentSavePresenterTests testHeldChildCancellationDefersParentEndIncludingReentrantChildReturn]' started.
Test Case '-[TesseraCoreTests.DocumentSavePresenterTests testHeldChildCancellationDefersParentEndIncludingReentrantChildReturn]' passed (0.000 seconds).
Test Case '-[TesseraCoreTests.DocumentSavePresenterTests testNewBindingMayWaitForOldDrainButOldCloseCannotRemoveNewHost]' started.
Test Case '-[TesseraCoreTests.DocumentSavePresenterTests testNewBindingMayWaitForOldDrainButOldCloseCannotRemoveNewHost]' passed (0.000 seconds).
Test Case '-[TesseraCoreTests.DocumentSavePresenterTests testOldWindowCloseForCurrentBridgeCannotShutdownReboundWindow]' started.
Test Case '-[TesseraCoreTests.DocumentSavePresenterTests testOldWindowCloseForCurrentBridgeCannotShutdownReboundWindow]' passed (0.000 seconds).
Test Case '-[TesseraCoreTests.DocumentSavePresenterTests testParentCloseSettlesLossButNativeMembershipStillMustDrain]' started.
Test Case '-[TesseraCoreTests.DocumentSavePresenterTests testParentCloseSettlesLossButNativeMembershipStillMustDrain]' passed (0.000 seconds).
Test Case '-[TesseraCoreTests.DocumentSavePresenterTests testParentLossCancelsHeldChildEvenIfNativeCompletionAlreadyArrived]' started.
Test Case '-[TesseraCoreTests.DocumentSavePresenterTests testParentLossCancelsHeldChildEvenIfNativeCompletionAlreadyArrived]' passed (0.000 seconds).
Test Case '-[TesseraCoreTests.DocumentSavePresenterTests testReentrantCancelDuringBeginAndCompletionDuringEndAreIdempotent]' started.
Test Case '-[TesseraCoreTests.DocumentSavePresenterTests testReentrantCancelDuringBeginAndCompletionDuringEndAreIdempotent]' passed (0.000 seconds).
Test Case '-[TesseraCoreTests.DocumentSavePresenterTests testSameWindowNewGenerationRejectsOldUpdateAndTeardown]' started.
Test Case '-[TesseraCoreTests.DocumentSavePresenterTests testSameWindowNewGenerationRejectsOldUpdateAndTeardown]' passed (0.000 seconds).
Test Case '-[TesseraCoreTests.DocumentSavePresenterTests testStaleCompletionCannotRetireSuccessorAndUnrelatedAdmissionFailsClosed]' started.
Test Case '-[TesseraCoreTests.DocumentSavePresenterTests testStaleCompletionCannotRetireSuccessorAndUnrelatedAdmissionFailsClosed]' passed (0.000 seconds).
Test Case '-[TesseraCoreTests.DocumentSavePresenterTests testWhollyUnseenAttachmentWithLiveViewWaitsCompletionAndDetachInEitherOrder]' started.
Test Case '-[TesseraCoreTests.DocumentSavePresenterTests testWhollyUnseenAttachmentWithLiveViewWaitsCompletionAndDetachInEitherOrder]' passed (0.000 seconds).
Test Suite 'DocumentSavePresenterTests' passed at 2026-09-28 16:36:00.239.
	 Executed 13 tests, with 0 failures (0 unexpected) in 0.001 (0.002) seconds
Test Suite 'DocumentSaveSettlementTests' started at 2026-09-28 16:36:00.239.
Test Case '-[TesseraCoreTests.DocumentSaveSettlementTests testAbsentIntentSurvivesLateAppearanceAndConflictDoesNotAdvanceState]' started.
Test Case '-[TesseraCoreTests.DocumentSaveSettlementTests testAbsentIntentSurvivesLateAppearanceAndConflictDoesNotAdvanceState]' passed (0.001 seconds).
Test Case '-[TesseraCoreTests.DocumentSaveSettlementTests testCancelDuringFormDrainCannotStartReplacementOrWrite]' started.
Test Case '-[TesseraCoreTests.DocumentSaveSettlementTests testCancelDuringFormDrainCannotStartReplacementOrWrite]' passed (0.001 seconds).
Test Case '-[TesseraCoreTests.DocumentSaveSettlementTests testHostLossWhileWriterRunsReportsActualOutcomeWithCancelledContinuation]' started.
Test Case '-[TesseraCoreTests.DocumentSaveSettlementTests testHostLossWhileWriterRunsReportsActualOutcomeWithCancelledContinuation]' passed (0.000 seconds).
Test Case '-[TesseraCoreTests.DocumentSaveSettlementTests testKnownGapEntireAttachmentAfterCancelWithoutAnyObservationNeedsProgress]' started.
Test Case '-[TesseraCoreTests.DocumentSaveSettlementTests testKnownGapEntireAttachmentAfterCancelWithoutAnyObservationNeedsProgress]' passed (0.000 seconds).
Test Case '-[TesseraCoreTests.DocumentSaveSettlementTests testLegacyHeadlessSaveAsUsesAutomaticDestinationAndReportsSuccess]' started.
Test Case '-[TesseraCoreTests.DocumentSaveSettlementTests testLegacyHeadlessSaveAsUsesAutomaticDestinationAndReportsSuccess]' passed (0.000 seconds).
Test Case '-[TesseraCoreTests.DocumentSaveSettlementTests testMissingWindowFailsClosed]' started.
Test Case '-[TesseraCoreTests.DocumentSaveSettlementTests testMissingWindowFailsClosed]' passed (0.000 seconds).
Test Case '-[TesseraCoreTests.DocumentSaveSettlementTests testOldWriteCannotOverwriteNewPromptOrAdmitDuplicateDocumentWrite]' started.
Test Case '-[TesseraCoreTests.DocumentSaveSettlementTests testOldWriteCannotOverwriteNewPromptOrAdmitDuplicateDocumentWrite]' passed (0.000 seconds).
Test Case '-[TesseraCoreTests.DocumentSaveSettlementTests testOnlyAffirmativeMatchingReplaceDrainGrantsReplacementIntent]' started.
Test Case '-[TesseraCoreTests.DocumentSaveSettlementTests testOnlyAffirmativeMatchingReplaceDrainGrantsReplacementIntent]' passed (0.000 seconds).
Test Case '-[TesseraCoreTests.DocumentSaveSettlementTests testParentCloseFailsQueuedSuccessorAndKeepsNativeDrain]' started.
Test Case '-[TesseraCoreTests.DocumentSaveSettlementTests testParentCloseFailsQueuedSuccessorAndKeepsNativeDrain]' passed (0.000 seconds).
Test Case '-[TesseraCoreTests.DocumentSaveSettlementTests testReentrantCancelledCallerSupersedesIntermediateQueuedRequest]' started.
Test Case '-[TesseraCoreTests.DocumentSaveSettlementTests testReentrantCancelledCallerSupersedesIntermediateQueuedRequest]' passed (0.000 seconds).
Test Case '-[TesseraCoreTests.DocumentSaveSettlementTests testReplaceCancelAndStaleApprovalCannotWrite]' started.
Test Case '-[TesseraCoreTests.DocumentSaveSettlementTests testReplaceCancelAndStaleApprovalCannotWrite]' passed (0.000 seconds).
Test Case '-[TesseraCoreTests.DocumentSaveSettlementTests testReplaceOwnsDistinctTokenAndWaitsForItsPhysicalDrainBeforeWrite]' started.
Test Case '-[TesseraCoreTests.DocumentSaveSettlementTests testReplaceOwnsDistinctTokenAndWaitsForItsPhysicalDrainBeforeWrite]' passed (0.000 seconds).
Test Case '-[TesseraCoreTests.DocumentSaveSettlementTests testSaveWaitsForCompletionAndMembershipThenWritesOnce]' started.
Test Case '-[TesseraCoreTests.DocumentSaveSettlementTests testSaveWaitsForCompletionAndMembershipThenWritesOnce]' passed (0.000 seconds).
Test Case '-[TesseraCoreTests.DocumentSaveSettlementTests testSupersededWriterConflictPreservesNewStatusAndNeverRunsThen]' started.
Test Case '-[TesseraCoreTests.DocumentSaveSettlementTests testSupersededWriterConflictPreservesNewStatusAndNeverRunsThen]' passed (0.000 seconds).
Test Case '-[TesseraCoreTests.DocumentSaveSettlementTests testWriteFailurePreservesFolderAndAdmittedWriteDrainsThroughCancellation]' started.
Test Case '-[TesseraCoreTests.DocumentSaveSettlementTests testWriteFailurePreservesFolderAndAdmittedWriteDrainsThroughCancellation]' passed (0.000 seconds).
Test Case '-[TesseraCoreTests.DocumentSaveSettlementTests testWrongControllerAndStaleActionsCannotAffectSuccessor]' started.
Test Case '-[TesseraCoreTests.DocumentSaveSettlementTests testWrongControllerAndStaleActionsCannotAffectSuccessor]' passed (0.000 seconds).
Test Suite 'DocumentSaveSettlementTests' passed at 2026-09-28 16:36:00.245.
	 Executed 16 tests, with 0 failures (0 unexpected) in 0.005 (0.006) seconds
Test Suite 'DocumentSaveSheetAttachmentTests' started at 2026-09-28 16:36:00.245.
Test Case '-[TesseraCoreTests.DocumentSaveSheetAttachmentTests testNewSheetIsNotModifiedWhenOldSheetHasDetached]' started.
Test Case '-[TesseraCoreTests.DocumentSaveSheetAttachmentTests testNewSheetIsNotModifiedWhenOldSheetHasDetached]' passed (0.000 seconds).
Test Case '-[TesseraCoreTests.DocumentSaveSheetAttachmentTests testParentNoLongerAttachesOldSheetDespiteStaleChildParentMetadata]' started.
Test Case '-[TesseraCoreTests.DocumentSaveSheetAttachmentTests testParentNoLongerAttachesOldSheetDespiteStaleChildParentMetadata]' passed (0.000 seconds).
Test Case '-[TesseraCoreTests.DocumentSaveSheetAttachmentTests testQueuedCapturedSheetStillBelongsToParentUnderUnrelatedAttachedSheet]' started.
Test Case '-[TesseraCoreTests.DocumentSaveSheetAttachmentTests testQueuedCapturedSheetStillBelongsToParentUnderUnrelatedAttachedSheet]' passed (0.000 seconds).
Test Case '-[TesseraCoreTests.DocumentSaveSheetAttachmentTests testUnrelatedEventWhileOldSheetStillAttachedDoesNotComplete]' started.
Test Case '-[TesseraCoreTests.DocumentSaveSheetAttachmentTests testUnrelatedEventWhileOldSheetStillAttachedDoesNotComplete]' passed (0.000 seconds).
Test Suite 'DocumentSaveSheetAttachmentTests' passed at 2026-09-28 16:36:00.246.
	 Executed 4 tests, with 0 failures (0 unexpected) in 0.000 (0.001) seconds
Test Suite 'DocumentSaveSheetProbeTests' started at 2026-09-28 16:36:00.246.
Test Case '-[TesseraCoreTests.DocumentSaveSheetProbeTests testClosingCapturedParentDuringRealFolderChooserDrainsNativeSheet]' started.
Test Case '-[TesseraCoreTests.DocumentSaveSheetProbeTests testClosingCapturedParentDuringRealFolderChooserDrainsNativeSheet]' passed (1.349 seconds).
Test Case '-[TesseraCoreTests.DocumentSaveSheetProbeTests testDismantlingOldAttachedBridgeCannotClearNewBridgeOnSameWindow]' started.
Test Case '-[TesseraCoreTests.DocumentSaveSheetProbeTests testDismantlingOldAttachedBridgeCannotClearNewBridgeOnSameWindow]' passed (0.001 seconds).
Test Case '-[TesseraCoreTests.DocumentSaveSheetProbeTests testStaleSameWindowBridgeTeardownDoesNotShutdownNewBinding]' started.
Test Case '-[TesseraCoreTests.DocumentSaveSheetProbeTests testStaleSameWindowBridgeTeardownDoesNotShutdownNewBinding]' passed (0.000 seconds).
Test Suite 'DocumentSaveSheetProbeTests' passed at 2026-09-28 16:36:01.596.
	 Executed 3 tests, with 0 failures (0 unexpected) in 1.350 (1.351) seconds
Test Suite 'DocumentStylesTests' started at 2026-09-28 16:36:01.596.
Test Case '-[TesseraCoreTests.DocumentStylesTests testControllerAddsEditsAndFollowsTheGlobalLight]' started.
Test Case '-[TesseraCoreTests.DocumentStylesTests testControllerAddsEditsAndFollowsTheGlobalLight]' passed (0.032 seconds).
Test Case '-[TesseraCoreTests.DocumentStylesTests testEngineBackendRoundTripsAndRecordsOneNodePerGesture]' started.
Test Case '-[TesseraCoreTests.DocumentStylesTests testEngineBackendRoundTripsAndRecordsOneNodePerGesture]' passed (0.029 seconds).
Test Case '-[TesseraCoreTests.DocumentStylesTests testEveryEffectKindRoundTripsThroughTheModel]' started.
Test Case '-[TesseraCoreTests.DocumentStylesTests testEveryEffectKindRoundTripsThroughTheModel]' passed (0.022 seconds).
Test Case '-[TesseraCoreTests.DocumentStylesTests testGlobalLightPropagatesAcrossLayersInTheUIModel]' started.
Test Case '-[TesseraCoreTests.DocumentStylesTests testGlobalLightPropagatesAcrossLayersInTheUIModel]' passed (0.003 seconds).
Test Case '-[TesseraCoreTests.DocumentStylesTests testRepeatableEffectsOrderAndLimits]' started.
Test Case '-[TesseraCoreTests.DocumentStylesTests testRepeatableEffectsOrderAndLimits]' passed (0.003 seconds).
Test Case '-[TesseraCoreTests.DocumentStylesTests testSchemaDescribesEveryKindTopFirst]' started.
Test Case '-[TesseraCoreTests.DocumentStylesTests testSchemaDescribesEveryKindTopFirst]' passed (0.005 seconds).
Test Case '-[TesseraCoreTests.DocumentStylesTests testStubBackendKeepsStylesPerDocument]' started.
Test Case '-[TesseraCoreTests.DocumentStylesTests testStubBackendKeepsStylesPerDocument]' passed (0.005 seconds).
Test Suite 'DocumentStylesTests' passed at 2026-09-28 16:36:01.696.
	 Executed 7 tests, with 0 failures (0 unexpected) in 0.099 (0.100) seconds
Test Suite 'DocumentTextSessionTests' started at 2026-09-28 16:36:01.696.
Test Case '-[TesseraCoreTests.DocumentTextSessionTests testApplyAndCancelKeysReachTheSessionWhateverViewIsFocused]' started.
document: frames on the Cpu path (L0, requested Rect { x0: 0, y0: 0, x1: 1200, y1: 800 })
document: frames on the Viewport path (L0, requested Rect { x0: 0, y0: 0, x1: 1200, y1: 800 })
document: frames on the Cpu path (L0, requested Rect { x0: 0, y0: 0, x1: 1200, y1: 800 })
document: frames on the Viewport path (L0, requested Rect { x0: 0, y0: 0, x1: 1200, y1: 800 })
document: frames on the Cpu path (L0, requested Rect { x0: 0, y0: 0, x1: 1200, y1: 800 })
document: frames on the Viewport path (L0, requested Rect { x0: 0, y0: 0, x1: 1200, y1: 800 })
Test Case '-[TesseraCoreTests.DocumentTextSessionTests testApplyAndCancelKeysReachTheSessionWhateverViewIsFocused]' passed (0.293 seconds).
Test Case '-[TesseraCoreTests.DocumentTextSessionTests testClickJustRightOfTheLastGlyphResumesEditing]' started.
document: frames on the Viewport path (L0, requested Rect { x0: 0, y0: 0, x1: 1200, y1: 800 })
Test Case '-[TesseraCoreTests.DocumentTextSessionTests testClickJustRightOfTheLastGlyphResumesEditing]' passed (0.078 seconds).
Test Case '-[TesseraCoreTests.DocumentTextSessionTests testCommandReturnAppliesAfterABoxHandleDrag]' started.
document: frames on the Viewport path (L0, requested Rect { x0: 0, y0: 0, x1: 1200, y1: 800 })
Test Case '-[TesseraCoreTests.DocumentTextSessionTests testCommandReturnAppliesAfterABoxHandleDrag]' passed (0.109 seconds).
Test Case '-[TesseraCoreTests.DocumentTextSessionTests testHitRegionIsTheLineBoxPlusTheTrailingMargin]' started.
document: frames on the Viewport path (L0, requested Rect { x0: 0, y0: 0, x1: 1200, y1: 800 })
Test Case '-[TesseraCoreTests.DocumentTextSessionTests testHitRegionIsTheLineBoxPlusTheTrailingMargin]' passed (0.064 seconds).
Test Case '-[TesseraCoreTests.DocumentTextSessionTests testLatencyCountsKeystrokesOnlyAndExcludesInactiveTime]' started.
document: frames on the Viewport path (L0, requested Rect { x0: 0, y0: 0, x1: 1200, y1: 800 })
Test Case '-[TesseraCoreTests.DocumentTextSessionTests testLatencyCountsKeystrokesOnlyAndExcludesInactiveTime]' passed (0.063 seconds).
Test Case '-[TesseraCoreTests.DocumentTextSessionTests testSessionMeasuresKeystrokesNotGestures]' started.
document: frames on the Cpu path (L0, requested Rect { x0: 0, y0: 0, x1: 1200, y1: 800 })
document: frames on the Viewport path (L0, requested Rect { x0: 0, y0: 0, x1: 1200, y1: 800 })
Test Case '-[TesseraCoreTests.DocumentTextSessionTests testSessionMeasuresKeystrokesNotGestures]' passed (0.096 seconds).
Test Case '-[TesseraCoreTests.DocumentTextSessionTests testStatusHintFollowsTheSession]' started.
document: frames on the Viewport path (L0, requested Rect { x0: 0, y0: 0, x1: 1200, y1: 800 })
Test Case '-[TesseraCoreTests.DocumentTextSessionTests testStatusHintFollowsTheSession]' passed (0.110 seconds).
Test Case '-[TesseraCoreTests.DocumentTextSessionTests testTextFrameIsDashedForPointAndAreaText]' started.
document: frames on the Viewport path (L0, requested Rect { x0: 0, y0: 0, x1: 1200, y1: 800 })
Test Case '-[TesseraCoreTests.DocumentTextSessionTests testTextFrameIsDashedForPointAndAreaText]' passed (0.067 seconds).
Test Suite 'DocumentTextSessionTests' passed at 2026-09-28 16:36:02.578.
	 Executed 8 tests, with 0 failures (0 unexpected) in 0.880 (0.881) seconds
Test Suite 'DocumentTextTests' started at 2026-09-28 16:36:02.578.
Test Case '-[TesseraCoreTests.DocumentTextTests testAffineConversionToCoreGraphicsKeepsTranslationAndSkew]' started.
Test Case '-[TesseraCoreTests.DocumentTextTests testAffineConversionToCoreGraphicsKeepsTranslationAndSkew]' passed (0.000 seconds).
Test Case '-[TesseraCoreTests.DocumentTextTests testApplyStyleSplitsOnlyAtTheSelectionAndSpliceMatchesTheEngine]' started.
Test Case '-[TesseraCoreTests.DocumentTextTests testApplyStyleSplitsOnlyAtTheSelectionAndSpliceMatchesTheEngine]' passed (0.000 seconds).
Test Case '-[TesseraCoreTests.DocumentTextTests testDeletionAcrossMixedStyleRunsKeepsUntouchedRuns]' started.
Test Case '-[TesseraCoreTests.DocumentTextTests testDeletionAcrossMixedStyleRunsKeepsUntouchedRuns]' passed (0.000 seconds).
Test Case '-[TesseraCoreTests.DocumentTextTests testDraftsThroughTheSessionAreOneNodeCancelAndLocks]' started.
Test Case '-[TesseraCoreTests.DocumentTextTests testDraftsThroughTheSessionAreOneNodeCancelAndLocks]' passed (0.210 seconds).
Test Case '-[TesseraCoreTests.DocumentTextTests testEngineLayoutClustersAgreeWithTheIndexOnRealText]' started.
Test Case '-[TesseraCoreTests.DocumentTextTests testEngineLayoutClustersAgreeWithTheIndexOnRealText]' passed (0.001 seconds).
Test Case '-[TesseraCoreTests.DocumentTextTests testInsertJoinsTheRunBeforeTheCaretAndSplitsForATypingStyle]' started.
Test Case '-[TesseraCoreTests.DocumentTextTests testInsertJoinsTheRunBeforeTheCaretAndSplitsForATypingStyle]' passed (0.000 seconds).
Test Case '-[TesseraCoreTests.DocumentTextTests testLigatureInteriorIsNotACaretStopAndHitsSnapToClusterEdges]' started.
Test Case '-[TesseraCoreTests.DocumentTextTests testLigatureInteriorIsNotACaretStopAndHitsSnapToClusterEdges]' passed (0.000 seconds).
Test Case '-[TesseraCoreTests.DocumentTextTests testMarkedTextCancelRestoresAndCommitKeepsOneComposition]' started.
Test Case '-[TesseraCoreTests.DocumentTextTests testMarkedTextCancelRestoresAndCommitKeepsOneComposition]' passed (0.000 seconds).
Test Case '-[TesseraCoreTests.DocumentTextTests testMixedBidiCaretAndHitTestFollowTheVisualLayout]' started.
Test Case '-[TesseraCoreTests.DocumentTextTests testMixedBidiCaretAndHitTestFollowTheVisualLayout]' passed (0.000 seconds).
Test Case '-[TesseraCoreTests.DocumentTextTests testModelJSONMatchesTheEngineSchemaAndKeepsPathData]' started.
Test Case '-[TesseraCoreTests.DocumentTextTests testModelJSONMatchesTheEngineSchemaAndKeepsPathData]' passed (0.000 seconds).
Test Case '-[TesseraCoreTests.DocumentTextTests testRunMappingPrefersTheRunBeforeTheCaret]' started.
Test Case '-[TesseraCoreTests.DocumentTextTests testRunMappingPrefersTheRunBeforeTheCaret]' passed (0.000 seconds).
Test Case '-[TesseraCoreTests.DocumentTextTests testTrailingNewlineVerticalMovesAndLineBounds]' started.
Test Case '-[TesseraCoreTests.DocumentTextTests testTrailingNewlineVerticalMovesAndLineBounds]' passed (0.000 seconds).
Test Case '-[TesseraCoreTests.DocumentTextTests testTypingStyleAndDeleteBackwardOverNonBMP]' started.
Test Case '-[TesseraCoreTests.DocumentTextTests testTypingStyleAndDeleteBackwardOverNonBMP]' passed (0.000 seconds).
Test Case '-[TesseraCoreTests.DocumentTextTests testUTF16UTF8AndGraphemeMappingAcrossNonBMPAndCombiningMarks]' started.
Test Case '-[TesseraCoreTests.DocumentTextTests testUTF16UTF8AndGraphemeMappingAcrossNonBMPAndCombiningMarks]' passed (0.000 seconds).
Test Suite 'DocumentTextTests' passed at 2026-09-28 16:36:02.793.
	 Executed 14 tests, with 0 failures (0 unexpected) in 0.214 (0.215) seconds
Test Suite 'DocumentToolsTests' started at 2026-09-28 16:36:02.793.
Test Case '-[TesseraCoreTests.DocumentToolsTests testAffineComposition]' started.
Test Case '-[TesseraCoreTests.DocumentToolsTests testAffineComposition]' passed (0.000 seconds).
Test Case '-[TesseraCoreTests.DocumentToolsTests testBracketKeysAndHardness]' started.
Test Case '-[TesseraCoreTests.DocumentToolsTests testBracketKeysAndHardness]' passed (0.000 seconds).
Test Case '-[TesseraCoreTests.DocumentToolsTests testCoalescerBatchesSamplesWhileAFrameIsInFlight]' started.
Test Case '-[TesseraCoreTests.DocumentToolsTests testCoalescerBatchesSamplesWhileAFrameIsInFlight]' passed (0.000 seconds).
Test Case '-[TesseraCoreTests.DocumentToolsTests testEngineToolsThroughTheAdapter]' started.
Test Case '-[TesseraCoreTests.DocumentToolsTests testEngineToolsThroughTheAdapter]' passed (0.029 seconds).
Test Case '-[TesseraCoreTests.DocumentToolsTests testFreeTransformHandleDrags]' started.
Test Case '-[TesseraCoreTests.DocumentToolsTests testFreeTransformHandleDrags]' passed (0.000 seconds).
Test Case '-[TesseraCoreTests.DocumentToolsTests testFreeTransformModel]' started.
Test Case '-[TesseraCoreTests.DocumentToolsTests testFreeTransformModel]' passed (0.000 seconds).
Test Case '-[TesseraCoreTests.DocumentToolsTests testFreeTransformRotateMoveAndHitTest]' started.
Test Case '-[TesseraCoreTests.DocumentToolsTests testFreeTransformRotateMoveAndHitTest]' passed (0.000 seconds).
Test Case '-[TesseraCoreTests.DocumentToolsTests testHUDDragMapsToSizeAndHardness]' started.
Test Case '-[TesseraCoreTests.DocumentToolsTests testHUDDragMapsToSizeAndHardness]' passed (0.000 seconds).
Test Case '-[TesseraCoreTests.DocumentToolsTests testMarqueeGeometry]' started.
Test Case '-[TesseraCoreTests.DocumentToolsTests testMarqueeGeometry]' passed (0.000 seconds).
Test Case '-[TesseraCoreTests.DocumentToolsTests testOpacityDigits]' started.
Test Case '-[TesseraCoreTests.DocumentToolsTests testOpacityDigits]' passed (0.000 seconds).
Test Case '-[TesseraCoreTests.DocumentToolsTests testPressureCurve]' started.
Test Case '-[TesseraCoreTests.DocumentToolsTests testPressureCurve]' passed (0.000 seconds).
Test Case '-[TesseraCoreTests.DocumentToolsTests testSelectionModifierMapping]' started.
Test Case '-[TesseraCoreTests.DocumentToolsTests testSelectionModifierMapping]' passed (0.000 seconds).
Test Case '-[TesseraCoreTests.DocumentToolsTests testStubAdoptsTheGeometricSubset]' started.
Test Case '-[TesseraCoreTests.DocumentToolsTests testStubAdoptsTheGeometricSubset]' passed (0.000 seconds).
Test Case '-[TesseraCoreTests.DocumentToolsTests testToolColors]' started.
Test Case '-[TesseraCoreTests.DocumentToolsTests testToolColors]' passed (0.000 seconds).
Test Case '-[TesseraCoreTests.DocumentToolsTests testToolKeyMap]' started.
Test Case '-[TesseraCoreTests.DocumentToolsTests testToolKeyMap]' passed (0.000 seconds).
Test Suite 'DocumentToolsTests' passed at 2026-09-28 16:36:02.824.
	 Executed 15 tests, with 0 failures (0 unexpected) in 0.030 (0.031) seconds
Test Suite 'DocumentTransformTests' started at 2026-09-28 16:36:02.824.
Test Case '-[TesseraCoreTests.DocumentTransformTests testChildMappingUsesTheRowMajorAffineWithSkewAndTranslation]' started.
Test Case '-[TesseraCoreTests.DocumentTransformTests testChildMappingUsesTheRowMajorAffineWithSkewAndTranslation]' passed (0.000 seconds).
Test Case '-[TesseraCoreTests.DocumentTransformTests testContentAwareBoxHandlesProportionsAndLimits]' started.
Test Case '-[TesseraCoreTests.DocumentTransformTests testContentAwareBoxHandlesProportionsAndLimits]' passed (0.000 seconds).
Test Case '-[TesseraCoreTests.DocumentTransformTests testCrossingAndDegenerateQuadsAreRejectedBeforeTheEngine]' started.
Test Case '-[TesseraCoreTests.DocumentTransformTests testCrossingAndDegenerateQuadsAreRejectedBeforeTheEngine]' passed (0.000 seconds).
Test Case '-[TesseraCoreTests.DocumentTransformTests testEnginePuppetMeshAndProtectionChannels]' started.
Test Case '-[TesseraCoreTests.DocumentTransformTests testEnginePuppetMeshAndProtectionChannels]' passed (0.025 seconds).
Test Case '-[TesseraCoreTests.DocumentTransformTests testEngineSessionNeedsConsentCancelsCleanlyAndAppliesOneNode]' started.
Test Case '-[TesseraCoreTests.DocumentTransformTests testEngineSessionNeedsConsentCancelsCleanlyAndAppliesOneNode]' passed (0.040 seconds).
Test Case '-[TesseraCoreTests.DocumentTransformTests testEngineSplitAddsLinesWithoutMovingTheSurface]' started.
Test Case '-[TesseraCoreTests.DocumentTransformTests testEngineSplitAddsLinesWithoutMovingTheSurface]' passed (0.001 seconds).
Test Case '-[TesseraCoreTests.DocumentTransformTests testOperationJSONCarriesKernelAndNeverAProtectMask]' started.
Test Case '-[TesseraCoreTests.DocumentTransformTests testOperationJSONCarriesKernelAndNeverAProtectMask]' passed (0.001 seconds).
Test Case '-[TesseraCoreTests.DocumentTransformTests testPerspectiveLayoutMovesBothSpacesAndWarpOnlyTheDestination]' started.
Test Case '-[TesseraCoreTests.DocumentTransformTests testPerspectiveLayoutMovesBothSpacesAndWarpOnlyTheDestination]' passed (0.001 seconds).
Test Case '-[TesseraCoreTests.DocumentTransformTests testPerspectiveQuadsArePerimeterOrderedAndRoundTrip]' started.
Test Case '-[TesseraCoreTests.DocumentTransformTests testPerspectiveQuadsArePerimeterOrderedAndRoundTrip]' passed (0.001 seconds).
Test Case '-[TesseraCoreTests.DocumentTransformTests testPerspectiveSplitKeepsTheWarpedImageInPlace]' started.
Test Case '-[TesseraCoreTests.DocumentTransformTests testPerspectiveSplitKeepsTheWarpedImageInPlace]' passed (0.000 seconds).
Test Case '-[TesseraCoreTests.DocumentTransformTests testPresetsBendZeroIsIdentityAndInvalidBendFails]' started.
Test Case '-[TesseraCoreTests.DocumentTransformTests testPresetsBendZeroIsIdentityAndInvalidBendFails]' passed (0.001 seconds).
Test Case '-[TesseraCoreTests.DocumentTransformTests testPuppetModelRoundTripsAndPinsNeverJump]' started.
Test Case '-[TesseraCoreTests.DocumentTransformTests testPuppetModelRoundTripsAndPinsNeverJump]' passed (0.000 seconds).
Test Case '-[TesseraCoreTests.DocumentTransformTests testPuppetRebaseKeepsPinsOnTheNearestNewVertex]' started.
Test Case '-[TesseraCoreTests.DocumentTransformTests testPuppetRebaseKeepsPinsOnTheNearestNewVertex]' passed (0.001 seconds).
Test Case '-[TesseraCoreTests.DocumentTransformTests testTransformDeleteVariantsAndEscapeRequireUnmodifiedKeys]' started.
Test Case '-[TesseraCoreTests.DocumentTransformTests testTransformDeleteVariantsAndEscapeRequireUnmodifiedKeys]' passed (0.000 seconds).
Test Case '-[TesseraCoreTests.DocumentTransformTests testTransformKeyRoutingIgnoresOnlyIncidentalFlags]' started.
Test Case '-[TesseraCoreTests.DocumentTransformTests testTransformKeyRoutingIgnoresOnlyIncidentalFlags]' passed (0.000 seconds).
Test Case '-[TesseraCoreTests.DocumentTransformTests testTransformReturnAndEnterUseTheSameModifierGuard]' started.
Test Case '-[TesseraCoreTests.DocumentTransformTests testTransformReturnAndEnterUseTheSameModifierGuard]' passed (0.000 seconds).
Test Case '-[TesseraCoreTests.DocumentTransformTests testWarpAnchorDragCarriesItsHandles]' started.
Test Case '-[TesseraCoreTests.DocumentTransformTests testWarpAnchorDragCarriesItsHandles]' passed (0.000 seconds).
Test Case '-[TesseraCoreTests.DocumentTransformTests testWarpMeshJSONMatchesTheEngineSchema]' started.
Test Case '-[TesseraCoreTests.DocumentTransformTests testWarpMeshJSONMatchesTheEngineSchema]' passed (0.000 seconds).
Test Case '-[TesseraCoreTests.DocumentTransformTests testWarpSurfaceInterpolatesCornersAndIsLinearAtIdentity]' started.
Test Case '-[TesseraCoreTests.DocumentTransformTests testWarpSurfaceInterpolatesCornersAndIsLinearAtIdentity]' passed (0.000 seconds).
Test Suite 'DocumentTransformTests' passed at 2026-09-28 16:36:02.897.
	 Executed 19 tests, with 0 failures (0 unexpected) in 0.071 (0.073) seconds
Test Suite 'DocumentVectorTests' started at 2026-09-28 16:36:02.897.
Test Case '-[TesseraCoreTests.DocumentVectorTests testAffineLayoutsConvertExplicitlyWithSkewAndTranslation]' started.
Test Case '-[TesseraCoreTests.DocumentVectorTests testAffineLayoutsConvertExplicitlyWithSkewAndTranslation]' passed (0.000 seconds).
Test Case '-[TesseraCoreTests.DocumentVectorTests testCoincidentAnchorsMergeLikeTheEngine]' started.
Test Case '-[TesseraCoreTests.DocumentVectorTests testCoincidentAnchorsMergeLikeTheEngine]' passed (0.000 seconds).
Test Case '-[TesseraCoreTests.DocumentVectorTests testEllipseOverlayLiesOnTheEnginesEllipse]' started.
Test Case '-[TesseraCoreTests.DocumentVectorTests testEllipseOverlayLiesOnTheEnginesEllipse]' passed (0.001 seconds).
Test Case '-[TesseraCoreTests.DocumentVectorTests testEngineShapesDraftsMasksBooleansAndConversion]' started.
Test Case '-[TesseraCoreTests.DocumentVectorTests testEngineShapesDraftsMasksBooleansAndConversion]' passed (0.025 seconds).
Test Case '-[TesseraCoreTests.DocumentVectorTests testEvenOddHolesAndNonzeroContainment]' started.
Test Case '-[TesseraCoreTests.DocumentVectorTests testEvenOddHolesAndNonzeroContainment]' passed (0.000 seconds).
Test Case '-[TesseraCoreTests.DocumentVectorTests testInverseAffineHitsWithSkewAndTranslation]' started.
Test Case '-[TesseraCoreTests.DocumentVectorTests testInverseAffineHitsWithSkewAndTranslation]' passed (0.000 seconds).
Test Case '-[TesseraCoreTests.DocumentVectorTests testPathCommandJSONMatchesTheEngineSchema]' started.
Test Case '-[TesseraCoreTests.DocumentVectorTests testPathCommandJSONMatchesTheEngineSchema]' passed (0.000 seconds).
Test Case '-[TesseraCoreTests.DocumentVectorTests testPatternPaintIsCarriedOpaquely]' started.
Test Case '-[TesseraCoreTests.DocumentVectorTests testPatternPaintIsCarriedOpaquely]' passed (0.001 seconds).
Test Case '-[TesseraCoreTests.DocumentVectorTests testPenDraftBuildsCubicHandlesAndCloses]' started.
Test Case '-[TesseraCoreTests.DocumentVectorTests testPenDraftBuildsCubicHandlesAndCloses]' passed (0.000 seconds).
Test Case '-[TesseraCoreTests.DocumentVectorTests testPolygonStarAndLinePrimitivesMatchTheEngine]' started.
Test Case '-[TesseraCoreTests.DocumentVectorTests testPolygonStarAndLinePrimitivesMatchTheEngine]' passed (0.000 seconds).
Test Case '-[TesseraCoreTests.DocumentVectorTests testRectanglePrimitiveMatchesTheEngineConstruction]' started.
Test Case '-[TesseraCoreTests.DocumentVectorTests testRectanglePrimitiveMatchesTheEngineConstruction]' passed (0.000 seconds).
Test Case '-[TesseraCoreTests.DocumentVectorTests testShapeSourceDecodesAndReencodesTheEngineSchema]' started.
Test Case '-[TesseraCoreTests.DocumentVectorTests testShapeSourceDecodesAndReencodesTheEngineSchema]' passed (0.001 seconds).
Test Case '-[TesseraCoreTests.DocumentVectorTests testShapeToolConstraints]' started.
Test Case '-[TesseraCoreTests.DocumentVectorTests testShapeToolConstraints]' passed (0.000 seconds).
Test Case '-[TesseraCoreTests.DocumentVectorTests testSplitIsExactAndHandlesMirrorOrStayIndependent]' started.
Test Case '-[TesseraCoreTests.DocumentVectorTests testSplitIsExactAndHandlesMirrorOrStayIndependent]' passed (0.000 seconds).
Test Case '-[TesseraCoreTests.DocumentVectorTests testTargetsPreferSelectedHandlesThenAnchorsThenSegments]' started.
Test Case '-[TesseraCoreTests.DocumentVectorTests testTargetsPreferSelectedHandlesThenAnchorsThenSegments]' passed (0.000 seconds).
Test Case '-[TesseraCoreTests.DocumentVectorTests testToolRoutingKeysAndGroups]' started.
Test Case '-[TesseraCoreTests.DocumentVectorTests testToolRoutingKeysAndGroups]' passed (0.000 seconds).
Test Suite 'DocumentVectorTests' passed at 2026-09-28 16:36:02.926.
	 Executed 16 tests, with 0 failures (0 unexpected) in 0.029 (0.030) seconds
Test Suite 'DocumentVectorVerifyFixesTests' started at 2026-09-28 16:36:02.926.
Test Case '-[TesseraCoreTests.DocumentVectorVerifyFixesTests testAutoNamedTextLayerNameFollowsItsFirstLine]' started.
document: frames on the Viewport path (L0, requested Rect { x0: 0, y0: 0, x1: 1200, y1: 800 })
Test Case '-[TesseraCoreTests.DocumentVectorVerifyFixesTests testAutoNamedTextLayerNameFollowsItsFirstLine]' passed (0.161 seconds).
Test Case '-[TesseraCoreTests.DocumentVectorVerifyFixesTests testKeyboardStepsOfAShapeSliderAreOneHistoryNode]' started.
document: frames on the Viewport path (L0, requested Rect { x0: 0, y0: 0, x1: 1200, y1: 800 })
Test Case '-[TesseraCoreTests.DocumentVectorVerifyFixesTests testKeyboardStepsOfAShapeSliderAreOneHistoryNode]' passed (1.411 seconds).
Test Case '-[TesseraCoreTests.DocumentVectorVerifyFixesTests testLayersRowShowsAVectorMaskThumbnailNextToTheRasterMask]' started.
document: frames on the Viewport path (L0, requested Rect { x0: 0, y0: 0, x1: 1200, y1: 800 })
Test Case '-[TesseraCoreTests.DocumentVectorVerifyFixesTests testLayersRowShowsAVectorMaskThumbnailNextToTheRasterMask]' passed (0.099 seconds).
Test Case '-[TesseraCoreTests.DocumentVectorVerifyFixesTests testNewAreaTextResizedBeforeTheFirstApplyIsOneAddText]' started.
document: frames on the Viewport path (L0, requested Rect { x0: 0, y0: 0, x1: 1200, y1: 800 })
Test Case '-[TesseraCoreTests.DocumentVectorVerifyFixesTests testNewAreaTextResizedBeforeTheFirstApplyIsOneAddText]' passed (0.101 seconds).
Test Case '-[TesseraCoreTests.DocumentVectorVerifyFixesTests testNewStrokeTakesTheForegroundOrAContrastingColourNotTheFill]' started.
document: frames on the Viewport path (L0, requested Rect { x0: 0, y0: 0, x1: 1200, y1: 800 })
Test Case '-[TesseraCoreTests.DocumentVectorVerifyFixesTests testNewStrokeTakesTheForegroundOrAContrastingColourNotTheFill]' passed (0.064 seconds).
Test Case '-[TesseraCoreTests.DocumentVectorVerifyFixesTests testPathSelectionClickOnEmptyCanvasDeselects]' started.
document: frames on the Viewport path (L0, requested Rect { x0: 0, y0: 0, x1: 1200, y1: 800 })
Test Case '-[TesseraCoreTests.DocumentVectorVerifyFixesTests testPathSelectionClickOnEmptyCanvasDeselects]' passed (0.102 seconds).
Test Case '-[TesseraCoreTests.DocumentVectorVerifyFixesTests testPenDraftKeepsThePreviousAnchorsHandles]' started.
document: frames on the Viewport path (L0, requested Rect { x0: 0, y0: 0, x1: 1200, y1: 800 })
Test Case '-[TesseraCoreTests.DocumentVectorVerifyFixesTests testPenDraftKeepsThePreviousAnchorsHandles]' passed (0.072 seconds).
Test Case '-[TesseraCoreTests.DocumentVectorVerifyFixesTests testPropertiesReportTheShapesRealBoundsLiveDuringDrags]' started.
document: frames on the Viewport path (L0, requested Rect { x0: 0, y0: 0, x1: 1200, y1: 800 })
Test Case '-[TesseraCoreTests.DocumentVectorVerifyFixesTests testPropertiesReportTheShapesRealBoundsLiveDuringDrags]' passed (0.089 seconds).
Test Case '-[TesseraCoreTests.DocumentVectorVerifyFixesTests testRejectedRecolourRevertsTheColourWell]' started.
document: frames on the Viewport path (L0, requested Rect { x0: 0, y0: 0, x1: 1200, y1: 800 })
Test Case '-[TesseraCoreTests.DocumentVectorVerifyFixesTests testRejectedRecolourRevertsTheColourWell]' passed (0.390 seconds).
Test Case '-[TesseraCoreTests.DocumentVectorVerifyFixesTests testStatusHintsFollowTheToolAndPenState]' started.
document: frames on the Cpu path (L0, requested Rect { x0: 0, y0: 0, x1: 1200, y1: 800 })
document: frames on the Viewport path (L0, requested Rect { x0: 0, y0: 0, x1: 1200, y1: 800 })
Test Case '-[TesseraCoreTests.DocumentVectorVerifyFixesTests testStatusHintsFollowTheToolAndPenState]' passed (0.098 seconds).
Test Case '-[TesseraCoreTests.DocumentVectorVerifyFixesTests testToolLettersWorkWhileASliderOrTheLayersListHasTheKeyboard]' started.
document: frames on the Viewport path (L0, requested Rect { x0: 0, y0: 0, x1: 1200, y1: 800 })
Test Case '-[TesseraCoreTests.DocumentVectorVerifyFixesTests testToolLettersWorkWhileASliderOrTheLayersListHasTheKeyboard]' passed (0.077 seconds).
Test Suite 'DocumentVectorVerifyFixesTests' passed at 2026-09-28 16:36:05.592.
	 Executed 11 tests, with 0 failures (0 unexpected) in 2.664 (2.666) seconds
Test Suite 'DocumentViewportMathTests' started at 2026-09-28 16:36:05.592.
Test Case '-[TesseraCoreTests.DocumentViewportMathTests testAnchoredZoomKeepsThePointUnderThePointer]' started.
Test Case '-[TesseraCoreTests.DocumentViewportMathTests testAnchoredZoomKeepsThePointUnderThePointer]' passed (0.000 seconds).
Test Case '-[TesseraCoreTests.DocumentViewportMathTests testFitZoomAndSteps]' started.
Test Case '-[TesseraCoreTests.DocumentViewportMathTests testFitZoomAndSteps]' passed (0.000 seconds).
Test Case '-[TesseraCoreTests.DocumentViewportMathTests testLevelFromZoom]' started.
Test Case '-[TesseraCoreTests.DocumentViewportMathTests testLevelFromZoom]' passed (0.000 seconds).
Test Case '-[TesseraCoreTests.DocumentViewportMathTests testVisibleRectAndPan]' started.
Test Case '-[TesseraCoreTests.DocumentViewportMathTests testVisibleRectAndPan]' passed (0.000 seconds).
Test Suite 'DocumentViewportMathTests' passed at 2026-09-28 16:36:05.593.
	 Executed 4 tests, with 0 failures (0 unexpected) in 0.001 (0.001) seconds
Test Suite 'DocumentViewportOwnershipTests' started at 2026-09-28 16:36:05.593.
Test Case '-[TesseraCoreTests.DocumentViewportOwnershipTests testControllerReleasedBeforeDismantleStillClearsLocalResources]' started.
Test Case '-[TesseraCoreTests.DocumentViewportOwnershipTests testControllerReleasedBeforeDismantleStillClearsLocalResources]' passed (0.001 seconds).
Test Case '-[TesseraCoreTests.DocumentViewportOwnershipTests testDetachClearsCurrentOwnerAndFrameCallback]' started.
Test Case '-[TesseraCoreTests.DocumentViewportOwnershipTests testDetachClearsCurrentOwnerAndFrameCallback]' passed (0.001 seconds).
Test Case '-[TesseraCoreTests.DocumentViewportOwnershipTests testReplacementDetachesPriorOwnerBeforeOldViewDismantles]' started.
Test Case '-[TesseraCoreTests.DocumentViewportOwnershipTests testReplacementDetachesPriorOwnerBeforeOldViewDismantles]' passed (0.001 seconds).
Test Case '-[TesseraCoreTests.DocumentViewportOwnershipTests testStaleOwnerCannotClearNewOwnerCallback]' started.
Test Case '-[TesseraCoreTests.DocumentViewportOwnershipTests testStaleOwnerCannotClearNewOwnerCallback]' passed (0.001 seconds).
Test Suite 'DocumentViewportOwnershipTests' passed at 2026-09-28 16:36:05.597.
	 Executed 4 tests, with 0 failures (0 unexpected) in 0.004 (0.005) seconds
Test Suite 'EDRPresentationTests' started at 2026-09-28 16:36:05.597.
Test Case '-[TesseraCoreTests.EDRPresentationTests testEDRScreenUsesFloatSurfacesOnlyWithHDROn]' started.
Test Case '-[TesseraCoreTests.EDRPresentationTests testEDRScreenUsesFloatSurfacesOnlyWithHDROn]' passed (0.000 seconds).
Test Case '-[TesseraCoreTests.EDRPresentationTests testHeadroomChangesAreDebounced]' started.
Test Case '-[TesseraCoreTests.EDRPresentationTests testHeadroomChangesAreDebounced]' passed (0.000 seconds).
Test Case '-[TesseraCoreTests.EDRPresentationTests testHeadroomControlPatchesTheRecipe]' started.
Test Case '-[TesseraCoreTests.EDRPresentationTests testHeadroomControlPatchesTheRecipe]' passed (0.000 seconds).
Test Case '-[TesseraCoreTests.EDRPresentationTests testHeadroomIsCappedByTheCurrentDisplayHeadroom]' started.
Test Case '-[TesseraCoreTests.EDRPresentationTests testHeadroomIsCappedByTheCurrentDisplayHeadroom]' passed (0.000 seconds).
Test Case '-[TesseraCoreTests.EDRPresentationTests testOddScreenValuesAreSanitized]' started.
Test Case '-[TesseraCoreTests.EDRPresentationTests testOddScreenValuesAreSanitized]' passed (0.000 seconds).
Test Case '-[TesseraCoreTests.EDRPresentationTests testSDRScreenAlwaysKeepsTheRGBA8Path]' started.
Test Case '-[TesseraCoreTests.EDRPresentationTests testSDRScreenAlwaysKeepsTheRGBA8Path]' passed (0.000 seconds).
Test Suite 'EDRPresentationTests' passed at 2026-09-28 16:36:05.598.
	 Executed 6 tests, with 0 failures (0 unexpected) in 0.001 (0.001) seconds
Test Suite 'EngineDocumentBackendTests' started at 2026-09-28 16:36:05.598.
Test Case '-[TesseraCoreTests.EngineDocumentBackendTests testBlendModeStringsMatchTheEngine]' started.
Test Case '-[TesseraCoreTests.EngineDocumentBackendTests testBlendModeStringsMatchTheEngine]' passed (0.019 seconds).
Test Case '-[TesseraCoreTests.EngineDocumentBackendTests testCheckedSaveAsMapsTypedResultsAndPreservesOtherErrors]' started.
Test Case '-[TesseraCoreTests.EngineDocumentBackendTests testCheckedSaveAsMapsTypedResultsAndPreservesOtherErrors]' passed (0.064 seconds).
Test Case '-[TesseraCoreTests.EngineDocumentBackendTests testDirtyCheckedSaveConflictAtDifferentTargetPreservesIdentityAndSavedMarker]' started.
Test Case '-[TesseraCoreTests.EngineDocumentBackendTests testDirtyCheckedSaveConflictAtDifferentTargetPreservesIdentityAndSavedMarker]' passed (0.031 seconds).
Test Case '-[TesseraCoreTests.EngineDocumentBackendTests testEngineSessionThroughTheAdapter]' started.
Test Case '-[TesseraCoreTests.EngineDocumentBackendTests testEngineSessionThroughTheAdapter]' passed (0.032 seconds).
Test Case '-[TesseraCoreTests.EngineDocumentBackendTests testEnumsRoundTripEveryValue]' started.
Test Case '-[TesseraCoreTests.EngineDocumentBackendTests testEnumsRoundTripEveryValue]' passed (0.000 seconds).
Test Case '-[TesseraCoreTests.EngineDocumentBackendTests testFramesReachTheListenerOnMain]' started.
document: frames on the Cpu path (L1, requested Rect { x0: 0, y0: 0, x1: 128, y1: 64 })
document: frames on the Viewport path (L1, requested Rect { x0: 0, y0: 0, x1: 128, y1: 64 })
Test Case '-[TesseraCoreTests.EngineDocumentBackendTests testFramesReachTheListenerOnMain]' passed (0.043 seconds).
Test Case '-[TesseraCoreTests.EngineDocumentBackendTests testHistoryIDMapShowsTheBaseAsOpened]' started.
Test Case '-[TesseraCoreTests.EngineDocumentBackendTests testHistoryIDMapShowsTheBaseAsOpened]' passed (0.000 seconds).
Test Case '-[TesseraCoreTests.EngineDocumentBackendTests testListenerCoalescesUntilTheMainQueueDrains]' started.
Test Case '-[TesseraCoreTests.EngineDocumentBackendTests testListenerCoalescesUntilTheMainQueueDrains]' passed (0.000 seconds).
Test Case '-[TesseraCoreTests.EngineDocumentBackendTests testListenerDeliversOnTheMainThread]' started.
Test Case '-[TesseraCoreTests.EngineDocumentBackendTests testListenerDeliversOnTheMainThread]' passed (0.000 seconds).
Test Case '-[TesseraCoreTests.EngineDocumentBackendTests testRecordsRoundTripFieldByField]' started.
Test Case '-[TesseraCoreTests.EngineDocumentBackendTests testRecordsRoundTripFieldByField]' passed (0.000 seconds).
Test Case '-[TesseraCoreTests.EngineDocumentBackendTests testWorkspaceChoosesTheEngineOrTheStub]' started.
Test Case '-[TesseraCoreTests.EngineDocumentBackendTests testWorkspaceChoosesTheEngineOrTheStub]' passed (0.026 seconds).
Test Suite 'EngineDocumentBackendTests' passed at 2026-09-28 16:36:05.815.
	 Executed 11 tests, with 0 failures (0 unexpected) in 0.216 (0.217) seconds
Test Suite 'ExportFormatsWatermarkTests' started at 2026-09-28 16:36:05.815.
Test Case '-[TesseraCoreTests.ExportFormatsWatermarkTests testFormatSwitchesStayValidForTheEngine]' started.
Test Case '-[TesseraCoreTests.ExportFormatsWatermarkTests testFormatSwitchesStayValidForTheEngine]' passed (0.017 seconds).
Test Case '-[TesseraCoreTests.ExportFormatsWatermarkTests testJPEGSizeLimitConverges]' started.
Test Case '-[TesseraCoreTests.ExportFormatsWatermarkTests testJPEGSizeLimitConverges]' passed (0.847 seconds).
Test Case '-[TesseraCoreTests.ExportFormatsWatermarkTests testNewFieldsEncodeAsTheEngineExpects]' started.
Test Case '-[TesseraCoreTests.ExportFormatsWatermarkTests testNewFieldsEncodeAsTheEngineExpects]' passed (0.001 seconds).
Test Case '-[TesseraCoreTests.ExportFormatsWatermarkTests testPresetsKeepNewFieldsAndOldPresetsLoadUnchanged]' started.
Test Case '-[TesseraCoreTests.ExportFormatsWatermarkTests testPresetsKeepNewFieldsAndOldPresetsLoadUnchanged]' passed (0.014 seconds).
Test Case '-[TesseraCoreTests.ExportFormatsWatermarkTests testRealExportsAVIFJXLAndDNG]' started.
Test Case '-[TesseraCoreTests.ExportFormatsWatermarkTests testRealExportsAVIFJXLAndDNG]' passed (0.789 seconds).
Test Case '-[TesseraCoreTests.ExportFormatsWatermarkTests testWatermarkProblemsAndPlacement]' started.
Test Case '-[TesseraCoreTests.ExportFormatsWatermarkTests testWatermarkProblemsAndPlacement]' passed (0.001 seconds).
Test Case '-[TesseraCoreTests.ExportFormatsWatermarkTests testWatermarksAreBurnedIn]' started.
Test Case '-[TesseraCoreTests.ExportFormatsWatermarkTests testWatermarksAreBurnedIn]' passed (0.727 seconds).
Test Suite 'ExportFormatsWatermarkTests' passed at 2026-09-28 16:36:08.213.
	 Executed 7 tests, with 0 failures (0 unexpected) in 2.397 (2.397) seconds
Test Suite 'ExportPrintTests' started at 2026-09-28 16:36:08.213.
Test Case '-[TesseraCoreTests.ExportPrintTests testContactSheetGrid]' started.
Test Case '-[TesseraCoreTests.ExportPrintTests testContactSheetGrid]' passed (0.000 seconds).
Test Case '-[TesseraCoreTests.ExportPrintTests testNamingMatchesTheEngine]' started.
Test Case '-[TesseraCoreTests.ExportPrintTests testNamingMatchesTheEngine]' passed (0.002 seconds).
Test Case '-[TesseraCoreTests.ExportPrintTests testNamingTokensAndProblems]' started.
Test Case '-[TesseraCoreTests.ExportPrintTests testNamingTokensAndProblems]' passed (0.001 seconds).
Test Case '-[TesseraCoreTests.ExportPrintTests testOutputSizes]' started.
Test Case '-[TesseraCoreTests.ExportPrintTests testOutputSizes]' passed (0.000 seconds).
Test Case '-[TesseraCoreTests.ExportPrintTests testPlacementRotatesToFitAndSizesRenders]' started.
Test Case '-[TesseraCoreTests.ExportPrintTests testPlacementRotatesToFitAndSizesRenders]' passed (0.000 seconds).
Test Case '-[TesseraCoreTests.ExportPrintTests testPresetsPersistUnderTheAppDirectory]' started.
Test Case '-[TesseraCoreTests.ExportPrintTests testPresetsPersistUnderTheAppDirectory]' passed (0.013 seconds).
Test Case '-[TesseraCoreTests.ExportPrintTests testPrintSettingsPersist]' started.
Test Case '-[TesseraCoreTests.ExportPrintTests testPrintSettingsPersist]' passed (0.003 seconds).
Test Case '-[TesseraCoreTests.ExportPrintTests testSettingsRoundTripThroughTheEngine]' started.
Test Case '-[TesseraCoreTests.ExportPrintTests testSettingsRoundTripThroughTheEngine]' passed (0.001 seconds).
Test Case '-[TesseraCoreTests.ExportPrintTests testSingleAndCustomCells]' started.
Test Case '-[TesseraCoreTests.ExportPrintTests testSingleAndCustomCells]' passed (0.000 seconds).
Test Suite 'ExportPrintTests' passed at 2026-09-28 16:36:08.233.
	 Executed 9 tests, with 0 failures (0 unexpected) in 0.020 (0.021) seconds
Test Suite 'ExportWarningsTests' started at 2026-09-28 16:36:08.233.
Test Case '-[TesseraCoreTests.ExportWarningsTests testWarningFilesAreReadAndSurfacedInTheToast]' started.
Test Case '-[TesseraCoreTests.ExportWarningsTests testWarningFilesAreReadAndSurfacedInTheToast]' passed (0.001 seconds).
Test Suite 'ExportWarningsTests' passed at 2026-09-28 16:36:08.234.
	 Executed 1 test, with 0 failures (0 unexpected) in 0.001 (0.001) seconds
Test Suite 'IncomingStripTests' started at 2026-09-28 16:36:08.234.
Test Case '-[TesseraCoreTests.IncomingStripTests testBadgesPreferTheSubjectsFaceAndNeverInventEyes]' started.
Test Case '-[TesseraCoreTests.IncomingStripTests testBadgesPreferTheSubjectsFaceAndNeverInventEyes]' passed (0.000 seconds).
Test Case '-[TesseraCoreTests.IncomingStripTests testFailedFramesAreKeptButNotAdvancedTo]' started.
Test Case '-[TesseraCoreTests.IncomingStripTests testFailedFramesAreKeptButNotAdvancedTo]' passed (0.000 seconds).
Test Case '-[TesseraCoreTests.IncomingStripTests testFrameCountFieldCommitsTypedValueAndClamps]' started.
Test Case '-[TesseraCoreTests.IncomingStripTests testFrameCountFieldCommitsTypedValueAndClamps]' passed (0.000 seconds).
Test Case '-[TesseraCoreTests.IncomingStripTests testIncomingDecisionRevisionTracksLocalCullAndFeed]' started.
Test Case '-[TesseraCoreTests.IncomingStripTests testIncomingDecisionRevisionTracksLocalCullAndFeed]' passed (0.000 seconds).
Test Case '-[TesseraCoreTests.IncomingStripTests testIntervalPlanCountsDown]' started.
Test Case '-[TesseraCoreTests.IncomingStripTests testIntervalPlanCountsDown]' passed (0.000 seconds).
Test Case '-[TesseraCoreTests.IncomingStripTests testNewestFirstCappedWithPendingRequests]' started.
Test Case '-[TesseraCoreTests.IncomingStripTests testNewestFirstCappedWithPendingRequests]' passed (0.000 seconds).
Test Suite 'IncomingStripTests' passed at 2026-09-28 16:36:08.236.
	 Executed 6 tests, with 0 failures (0 unexpected) in 0.001 (0.001) seconds
Test Suite 'IncrementalLibraryTests' started at 2026-09-28 16:36:08.236.
Test Case '-[TesseraCoreTests.IncrementalLibraryTests testAppModelKeepsSelectionFilterAndGridAcrossUpdates]' started.
Test Case '-[TesseraCoreTests.IncrementalLibraryTests testAppModelKeepsSelectionFilterAndGridAcrossUpdates]' passed (0.300 seconds).
Test Case '-[TesseraCoreTests.IncrementalLibraryTests testLibraryInsertsUpdatesAndRemovesInPlaceKeepingUndo]' started.
Test Case '-[TesseraCoreTests.IncrementalLibraryTests testLibraryInsertsUpdatesAndRemovesInPlaceKeepingUndo]' passed (0.051 seconds).
Test Case '-[TesseraCoreTests.IncrementalLibraryTests testTwentyTetheredFramesKeepUndoAndFilters]' started.
Test Case '-[TesseraCoreTests.IncrementalLibraryTests testTwentyTetheredFramesKeepUndoAndFilters]' passed (5.603 seconds).
Test Suite 'IncrementalLibraryTests' passed at 2026-09-28 16:36:14.190.
	 Executed 3 tests, with 0 failures (0 unexpected) in 5.954 (5.954) seconds
Test Suite 'KeyFocusTests' started at 2026-09-28 16:36:14.190.
Test Case '-[TesseraCoreTests.KeyFocusTests testFocusedCurveOwnsArrowsWithoutSelectedPoint]' started.
Test Case '-[TesseraCoreTests.KeyFocusTests testFocusedCurveOwnsArrowsWithoutSelectedPoint]' passed (0.009 seconds).
Test Case '-[TesseraCoreTests.KeyFocusTests testFocusedSliderOwnsArrows]' started.
Test Case '-[TesseraCoreTests.KeyFocusTests testFocusedSliderOwnsArrows]' passed (0.004 seconds).
Test Case '-[TesseraCoreTests.KeyFocusTests testLoupeDisclosureLeavesKeysToPopoverWithoutWorkspaceRouting]' started.
Test Case '-[TesseraCoreTests.KeyFocusTests testLoupeDisclosureLeavesKeysToPopoverWithoutWorkspaceRouting]' passed (0.011 seconds).
Test Case '-[TesseraCoreTests.KeyFocusTests testPhotoEditConsumesCullKeysWithoutChangingDecisions]' started.
Test Case '-[TesseraCoreTests.KeyFocusTests testPhotoEditConsumesCullKeysWithoutChangingDecisions]' passed (0.004 seconds).
Test Case '-[TesseraCoreTests.KeyFocusTests testPhotoEditTextFieldStillOwnsLetters]' started.
Test Case '-[TesseraCoreTests.KeyFocusTests testPhotoEditTextFieldStillOwnsLetters]' passed (0.009 seconds).
Test Case '-[TesseraCoreTests.KeyFocusTests testReviewOwnsCullKeysAndEscapeCancelsDraftBeforeReturn]' started.
Test Case '-[TesseraCoreTests.KeyFocusTests testReviewOwnsCullKeysAndEscapeCancelsDraftBeforeReturn]' passed (0.004 seconds).
Test Case '-[TesseraCoreTests.KeyFocusTests testReviewTextAndNumericControlsKeepTheirInputAndDocumentWins]' started.
Test Case '-[TesseraCoreTests.KeyFocusTests testReviewTextAndNumericControlsKeepTheirInputAndDocumentWins]' passed (0.005 seconds).
Test Case '-[TesseraCoreTests.KeyFocusTests testSearchFieldOwnsCullKeys]' started.
Test Case '-[TesseraCoreTests.KeyFocusTests testSearchFieldOwnsCullKeys]' passed (0.017 seconds).
Test Case '-[TesseraCoreTests.KeyFocusTests testSliderModifiersBoundsAndBlurCommit]' started.
Test Case '-[TesseraCoreTests.KeyFocusTests testSliderModifiersBoundsAndBlurCommit]' passed (0.007 seconds).
Test Case '-[TesseraCoreTests.KeyFocusTests testUnfocusedLoupeReceivesArrows]' started.
Test Case '-[TesseraCoreTests.KeyFocusTests testUnfocusedLoupeReceivesArrows]' passed (0.003 seconds).
Test Suite 'KeyFocusTests' passed at 2026-09-28 16:36:14.264.
	 Executed 10 tests, with 0 failures (0 unexpected) in 0.073 (0.074) seconds
Test Suite 'LatestRequestBufferTests' started at 2026-09-28 16:36:14.264.
Test Case '-[TesseraCoreTests.LatestRequestBufferTests testBurstRunsOnlyFirstAndLatest]' started.
Test Case '-[TesseraCoreTests.LatestRequestBufferTests testBurstRunsOnlyFirstAndLatest]' passed (0.000 seconds).
Test Case '-[TesseraCoreTests.LatestRequestBufferTests testClearDropsPendingButKeepsRunningSlotUntilCompletion]' started.
Test Case '-[TesseraCoreTests.LatestRequestBufferTests testClearDropsPendingButKeepsRunningSlotUntilCompletion]' passed (0.000 seconds).
Test Case '-[TesseraCoreTests.LatestRequestBufferTests testCloseRejectsLateResultWithoutStartingOldPendingWork]' started.
Test Case '-[TesseraCoreTests.LatestRequestBufferTests testCloseRejectsLateResultWithoutStartingOldPendingWork]' passed (0.000 seconds).
Test Case '-[TesseraCoreTests.LatestRequestBufferTests testDuplicateCompletionCannotReleaseAnotherRunningRequest]' started.
Test Case '-[TesseraCoreTests.LatestRequestBufferTests testDuplicateCompletionCannotReleaseAnotherRunningRequest]' passed (0.000 seconds).
Test Suite 'LatestRequestBufferTests' passed at 2026-09-28 16:36:14.265.
	 Executed 4 tests, with 0 failures (0 unexpected) in 0.001 (0.001) seconds
Test Suite 'LayoutContractTests' started at 2026-09-28 16:36:14.265.
Test Case '-[TesseraCoreTests.LayoutContractTests testAppDirDefaultsAreIsolatedFromTheSharedDomain]' started.
Test Case '-[TesseraCoreTests.LayoutContractTests testAppDirDefaultsAreIsolatedFromTheSharedDomain]' passed (0.003 seconds).
Test Case '-[TesseraCoreTests.LayoutContractTests testColorWheelPuckStaysInsideAtFullSaturation]' started.
Test Case '-[TesseraCoreTests.LayoutContractTests testColorWheelPuckStaysInsideAtFullSaturation]' passed (0.000 seconds).
Test Case '-[TesseraCoreTests.LayoutContractTests testCompareCaptionAndBadgeShareOnePartition]' started.
Test Case '-[TesseraCoreTests.LayoutContractTests testCompareCaptionAndBadgeShareOnePartition]' passed (0.000 seconds).
Test Case '-[TesseraCoreTests.LayoutContractTests testCurveEndKnotsStayInsideTheView]' started.
Test Case '-[TesseraCoreTests.LayoutContractTests testCurveEndKnotsStayInsideTheView]' passed (0.000 seconds).
Test Case '-[TesseraCoreTests.LayoutContractTests testFlowRowOffersOversizedItemsTheRowWidth]' started.
Test Case '-[TesseraCoreTests.LayoutContractTests testFlowRowOffersOversizedItemsTheRowWidth]' passed (0.000 seconds).
Test Case '-[TesseraCoreTests.LayoutContractTests testKeywordChipRowStaysInsideTheInspector]' started.
Test Case '-[TesseraCoreTests.LayoutContractTests testKeywordChipRowStaysInsideTheInspector]' passed (0.008 seconds).
Test Case '-[TesseraCoreTests.LayoutContractTests testShellBudgetYieldOrder]' started.
Test Case '-[TesseraCoreTests.LayoutContractTests testShellBudgetYieldOrder]' passed (0.000 seconds).
Test Case '-[TesseraCoreTests.LayoutContractTests testSidebarHiddenBadgeGivesItsWidthBack]' started.
Test Case '-[TesseraCoreTests.LayoutContractTests testSidebarHiddenBadgeGivesItsWidthBack]' passed (0.015 seconds).
Test Case '-[TesseraCoreTests.LayoutContractTests testSoftProofRowFitsTheMinimumInspector]' started.
Test Case '-[TesseraCoreTests.LayoutContractTests testSoftProofRowFitsTheMinimumInspector]' passed (0.023 seconds).
Test Case '-[TesseraCoreTests.LayoutContractTests testStatusBarFitsANarrowDetailWithLongStrings]' started.
Test Case '-[TesseraCoreTests.LayoutContractTests testStatusBarFitsANarrowDetailWithLongStrings]' passed (0.011 seconds).
Test Case '-[TesseraCoreTests.LayoutContractTests testThemeMenuTruncatesInsteadOfOverflowing]' started.
Test Case '-[TesseraCoreTests.LayoutContractTests testThemeMenuTruncatesInsteadOfOverflowing]' passed (0.006 seconds).
Test Case '-[TesseraCoreTests.LayoutContractTests testValueSliderDrawsWithoutOverflowAt80Points]' started.
Test Case '-[TesseraCoreTests.LayoutContractTests testValueSliderDrawsWithoutOverflowAt80Points]' passed (0.001 seconds).
Test Case '-[TesseraCoreTests.LayoutContractTests testValueSliderRingPaintsInsideTheThumb]' started.
Test Case '-[TesseraCoreTests.LayoutContractTests testValueSliderRingPaintsInsideTheThumb]' passed (0.000 seconds).
Test Case '-[TesseraCoreTests.LayoutContractTests testValueSliderTitleAndValueNeverTouch]' started.
Test Case '-[TesseraCoreTests.LayoutContractTests testValueSliderTitleAndValueNeverTouch]' passed (0.000 seconds).
Test Suite 'LayoutContractTests' passed at 2026-09-28 16:36:14.334.
	 Executed 14 tests, with 0 failures (0 unexpected) in 0.068 (0.069) seconds
Test Suite 'LazyLoupeTests' started at 2026-09-28 16:36:14.334.
Test Case '-[TesseraCoreTests.LazyLoupeTests testBackgroundAuditWindowCannotBecomeKeyOrMain]' started.
Test Case '-[TesseraCoreTests.LazyLoupeTests testBackgroundAuditWindowCannotBecomeKeyOrMain]' passed (0.285 seconds).
Test Case '-[TesseraCoreTests.LazyLoupeTests testEmptyLoupeConstructionDoesNotPrepareMetal]' started.
Test Case '-[TesseraCoreTests.LazyLoupeTests testEmptyLoupeConstructionDoesNotPrepareMetal]' passed (0.001 seconds).
Test Case '-[TesseraCoreTests.LazyLoupeTests testLateLoupeObserverSynchronizesExistingSelection]' started.
Test Case '-[TesseraCoreTests.LazyLoupeTests testLateLoupeObserverSynchronizesExistingSelection]' passed (0.001 seconds).
Test Case '-[TesseraCoreTests.LazyLoupeTests testPreparedResourcesAreSharedAndBuiltOffMain]' started.
Test Case '-[TesseraCoreTests.LazyLoupeTests testPreparedResourcesAreSharedAndBuiltOffMain]' passed (0.061 seconds).
Test Suite 'LazyLoupeTests' passed at 2026-09-28 16:36:14.681.
	 Executed 4 tests, with 0 failures (0 unexpected) in 0.347 (0.347) seconds
Test Suite 'LensBlurDepthModelTests' started at 2026-09-28 16:36:14.681.
Test Case '-[TesseraCoreTests.LensBlurDepthModelTests testHistogramBindsTheEngineBinsNormalised]' started.
Test Case '-[TesseraCoreTests.LensBlurDepthModelTests testHistogramBindsTheEngineBinsNormalised]' passed (0.001 seconds).
Test Case '-[TesseraCoreTests.LensBlurDepthModelTests testMissingWeightsAreAnInlineErrorAndNoEngineCall]' started.
Test Case '-[TesseraCoreTests.LensBlurDepthModelTests testMissingWeightsAreAnInlineErrorAndNoEngineCall]' passed (0.002 seconds).
Test Case '-[TesseraCoreTests.LensBlurDepthModelTests testSubjectAcquiresSegmentationAndAppliesTheEngineRange]' started.
Test Case '-[TesseraCoreTests.LensBlurDepthModelTests testSubjectAcquiresSegmentationAndAppliesTheEngineRange]' passed (0.003 seconds).
Test Case '-[TesseraCoreTests.LensBlurDepthModelTests testVisualizeToggleDrivesTheSessionOverlay]' started.
Test Case '-[TesseraCoreTests.LensBlurDepthModelTests testVisualizeToggleDrivesTheSessionOverlay]' passed (0.001 seconds).
Test Suite 'LensBlurDepthModelTests' passed at 2026-09-28 16:36:14.690.
	 Executed 4 tests, with 0 failures (0 unexpected) in 0.008 (0.009) seconds
Test Suite 'LensBlurExportWarningTests' started at 2026-09-28 16:36:14.690.
Test Case '-[TesseraCoreTests.LensBlurExportWarningTests testLensBlurWithoutDepthWeightsExportsWithAWarning]' started.
develop original L2 calibration [first, tone, WB] ms: CPU [528.3852089999999, 205.550417, 242.81491699999998]; GPU [374.421125, 1.8396249999999998, 7.946625000000001]
Test Case '-[TesseraCoreTests.LensBlurExportWarningTests testLensBlurWithoutDepthWeightsExportsWithAWarning]' passed (14.836 seconds).
Test Suite 'LensBlurExportWarningTests' passed at 2026-09-28 16:36:29.526.
	 Executed 1 test, with 0 failures (0 unexpected) in 14.836 (14.836) seconds
Test Suite 'LibraryResponsivenessTests' started at 2026-09-28 16:36:29.526.
Test Case '-[TesseraCoreTests.LibraryResponsivenessTests testBottomHundredLookupScaling]' started.
Test Case '-[TesseraCoreTests.LibraryResponsivenessTests testBottomHundredLookupScaling]' passed (0.068 seconds).
Test Case '-[TesseraCoreTests.LibraryResponsivenessTests testLatestRequestWinsEvenWhenOldWorkFinishesLast]' started.
Test Case '-[TesseraCoreTests.LibraryResponsivenessTests testLatestRequestWinsEvenWhenOldWorkFinishesLast]' passed (0.000 seconds).
Test Case '-[TesseraCoreTests.LibraryResponsivenessTests testSingletonsAndRemappedItems]' started.
Test Case '-[TesseraCoreTests.LibraryResponsivenessTests testSingletonsAndRemappedItems]' passed (0.029 seconds).
Test Case '-[TesseraCoreTests.LibraryResponsivenessTests testSuggestedBestUsesStableGroupIdentity]' started.
Test Case '-[TesseraCoreTests.LibraryResponsivenessTests testSuggestedBestUsesStableGroupIdentity]' passed (0.029 seconds).
Test Case '-[TesseraCoreTests.LibraryResponsivenessTests testTwentyThousandCoreInstallAndSelectAll]' started.
Test Case '-[TesseraCoreTests.LibraryResponsivenessTests testTwentyThousandCoreInstallAndSelectAll]' passed (0.025 seconds).
Test Case '-[TesseraCoreTests.LibraryResponsivenessTests testWarmBottomHundredCellConfiguration]' started.
Test Case '-[TesseraCoreTests.LibraryResponsivenessTests testWarmBottomHundredCellConfiguration]' passed (0.079 seconds).
Test Suite 'LibraryResponsivenessTests' passed at 2026-09-28 16:36:29.755.
	 Executed 6 tests, with 0 failures (0 unexpected) in 0.229 (0.229) seconds
Test Suite 'LibraryTests' started at 2026-09-28 16:36:29.755.
Test Case '-[TesseraCoreTests.LibraryTests testAlbumOrderingAndSidebarNestingPersist]' started.
Test Case '-[TesseraCoreTests.LibraryTests testAlbumOrderingAndSidebarNestingPersist]' passed (0.058 seconds).
Test Case '-[TesseraCoreTests.LibraryTests testBatchMetadataAndFacetOnlySnapshot]' started.
Test Case '-[TesseraCoreTests.LibraryTests testBatchMetadataAndFacetOnlySnapshot]' passed (0.025 seconds).
Test Case '-[TesseraCoreTests.LibraryTests testFilterBarFacetsAndNotInAnyAlbum]' started.
Test Case '-[TesseraCoreTests.LibraryTests testFilterBarFacetsAndNotInAnyAlbum]' passed (0.056 seconds).
Test Case '-[TesseraCoreTests.LibraryTests testRapidQueriesAndLibraryReplacementRejectOldResults]' started.
Test Case '-[TesseraCoreTests.LibraryTests testRapidQueriesAndLibraryReplacementRejectOldResults]' passed (0.385 seconds).
Test Case '-[TesseraCoreTests.LibraryTests testRuleDiagnosticsMapToSwiftRangesThroughTheBridge]' started.
Test Case '-[TesseraCoreTests.LibraryTests testRuleDiagnosticsMapToSwiftRangesThroughTheBridge]' passed (0.012 seconds).
Test Case '-[TesseraCoreTests.LibraryTests testSupportDirectoryResolution]' started.
Test Case '-[TesseraCoreTests.LibraryTests testSupportDirectoryResolution]' passed (0.000 seconds).
Test Case '-[TesseraCoreTests.LibraryTests testTwentyThousandEngineLibraryMeasurement]' started.
/Users/rutmehta/.codex/worktrees/render-resource-bounds/tessera/apps/mac/Tests/TesseraCoreTests/LibraryTests.swift:146: -[TesseraCoreTests.LibraryTests testTwentyThousandEngineLibraryMeasurement] : Test skipped - Opt-in generated 20k-file engine fixture
Test Case '-[TesseraCoreTests.LibraryTests testTwentyThousandEngineLibraryMeasurement]' skipped (0.001 seconds).
Test Suite 'LibraryTests' passed at 2026-09-28 16:36:30.294.
	 Executed 7 tests, with 1 test skipped and 0 failures (0 unexpected) in 0.538 (0.538) seconds
Test Suite 'LightroomImportTests' started at 2026-09-28 16:36:30.294.
Test Case '-[TesseraCoreTests.LightroomImportTests testBridgeRejectsANonCatalog]' started.
Test Case '-[TesseraCoreTests.LightroomImportTests testBridgeRejectsANonCatalog]' passed (0.001 seconds).
Test Case '-[TesseraCoreTests.LightroomImportTests testCancelledReportSaysHowToResumeAndIsWrittenBesideLibraryJSON]' started.
Test Case '-[TesseraCoreTests.LightroomImportTests testCancelledReportSaysHowToResumeAndIsWrittenBesideLibraryJSON]' passed (0.002 seconds).
Test Case '-[TesseraCoreTests.LightroomImportTests testFidelityGridSortsAndFiltersLooksDifferent]' started.
Test Case '-[TesseraCoreTests.LightroomImportTests testFidelityGridSortsAndFiltersLooksDifferent]' passed (0.001 seconds).
Test Case '-[TesseraCoreTests.LightroomImportTests testFolderTableRelocatesRootsAndMovesTheLibraryWithThem]' started.
Test Case '-[TesseraCoreTests.LightroomImportTests testFolderTableRelocatesRootsAndMovesTheLibraryWithThem]' passed (0.000 seconds).
Test Case '-[TesseraCoreTests.LightroomImportTests testFolderTableTakesImageCountsFromThePlan]' started.
Test Case '-[TesseraCoreTests.LightroomImportTests testFolderTableTakesImageCountsFromThePlan]' passed (0.000 seconds).
Test Case '-[TesseraCoreTests.LightroomImportTests testMarkTableMapsKeepsAndDropsLabels]' started.
Test Case '-[TesseraCoreTests.LightroomImportTests testMarkTableMapsKeepsAndDropsLabels]' passed (0.000 seconds).
Test Case '-[TesseraCoreTests.LightroomImportTests testReportMarkdownListsImportedSkippedAndUnsupported]' started.
Test Case '-[TesseraCoreTests.LightroomImportTests testReportMarkdownListsImportedSkippedAndUnsupported]' passed (0.001 seconds).
Test Case '-[TesseraCoreTests.LightroomImportTests testSelectionText]' started.
Test Case '-[TesseraCoreTests.LightroomImportTests testSelectionText]' passed (0.000 seconds).
Test Suite 'LightroomImportTests' passed at 2026-09-28 16:36:30.300.
	 Executed 8 tests, with 0 failures (0 unexpected) in 0.005 (0.006) seconds
Test Suite 'LoupeOverlayPresentationTests' started at 2026-09-28 16:36:30.300.
Test Case '-[TesseraCoreTests.LoupeOverlayPresentationTests testDisplayInfoCarriesFullLibraryNameAndPhotoEditUsesHeaderInstead]' started.
Test Case '-[TesseraCoreTests.LoupeOverlayPresentationTests testDisplayInfoCarriesFullLibraryNameAndPhotoEditUsesHeaderInstead]' passed (0.000 seconds).
Test Case '-[TesseraCoreTests.LoupeOverlayPresentationTests testProofBadgeReflectsReadyPendingAndUnavailableStates]' started.
Test Case '-[TesseraCoreTests.LoupeOverlayPresentationTests testProofBadgeReflectsReadyPendingAndUnavailableStates]' passed (0.000 seconds).
Test Case '-[TesseraCoreTests.LoupeOverlayPresentationTests testReviewEditShortcutDisclosureNamesQueueAndReturnDestination]' started.
Test Case '-[TesseraCoreTests.LoupeOverlayPresentationTests testReviewEditShortcutDisclosureNamesQueueAndReturnDestination]' passed (0.000 seconds).
Test Suite 'LoupeOverlayPresentationTests' passed at 2026-09-28 16:36:30.301.
	 Executed 3 tests, with 0 failures (0 unexpected) in 0.001 (0.001) seconds
Test Suite 'MaskingTests' started at 2026-09-28 16:36:30.301.
Test Case '-[TesseraCoreTests.MaskingTests testAIProgressFollowsJobsAndTheEngineList]' started.
Test Case '-[TesseraCoreTests.MaskingTests testAIProgressFollowsJobsAndTheEngineList]' passed (0.000 seconds).
Test Case '-[TesseraCoreTests.MaskingTests testGradientShapesRoundTripTheirEngineJSON]' started.
Test Case '-[TesseraCoreTests.MaskingTests testGradientShapesRoundTripTheirEngineJSON]' passed (0.000 seconds).
Test Case '-[TesseraCoreTests.MaskingTests testListCyclesAndEditsTheSelectedGroupOptimistically]' started.
Test Case '-[TesseraCoreTests.MaskingTests testListCyclesAndEditsTheSelectedGroupOptimistically]' passed (0.000 seconds).
Test Case '-[TesseraCoreTests.MaskingTests testListSelectsNewGroupsAndNeighboursOfDeletedOnes]' started.
Test Case '-[TesseraCoreTests.MaskingTests testListSelectsNewGroupsAndNeighboursOfDeletedOnes]' passed (0.000 seconds).
Test Case '-[TesseraCoreTests.MaskingTests testMaskEditsAreCoalescedPerFrameAndCommittedAsOneStep]' started.
develop original L2 calibration [first, tone, WB] ms: CPU [497.73841699999997, 202.424, 243.716666]; GPU [494.485083, 1.586625, 9.652083000000001]
Test Case '-[TesseraCoreTests.MaskingTests testMaskEditsAreCoalescedPerFrameAndCommittedAsOneStep]' passed (2.256 seconds).
Test Case '-[TesseraCoreTests.MaskingTests testMaskSpaceRoundTripsThroughCropAndOrientation]' started.
Test Case '-[TesseraCoreTests.MaskingTests testMaskSpaceRoundTripsThroughCropAndOrientation]' passed (0.000 seconds).
Test Case '-[TesseraCoreTests.MaskingTests testStrokeCoalescerBatchesManyEventsPerFrame]' started.
Test Case '-[TesseraCoreTests.MaskingTests testStrokeCoalescerBatchesManyEventsPerFrame]' passed (0.000 seconds).
Test Case '-[TesseraCoreTests.MaskingTests testStrokeCoalescerDropsDenseSamplesAndKeepsTheLast]' started.
Test Case '-[TesseraCoreTests.MaskingTests testStrokeCoalescerDropsDenseSamplesAndKeepsTheLast]' passed (0.000 seconds).
Test Suite 'MaskingTests' passed at 2026-09-28 16:36:32.559.
	 Executed 8 tests, with 0 failures (0 unexpected) in 2.257 (2.258) seconds
Test Suite 'MasksPanelLayoutTests' started at 2026-09-28 16:36:32.559.
Test Case '-[TesseraCoreTests.MasksPanelLayoutTests testPopulatedInspectorKeepsComponentActionsReadableAtMinimumWidth]' started.
develop original L2 calibration [first, tone, WB] ms: CPU [17.024334, 0.33175, 0.40775]; GPU [17.930542, 1.0403339999999999, 0.897084]
Test Case '-[TesseraCoreTests.MasksPanelLayoutTests testPopulatedInspectorKeepsComponentActionsReadableAtMinimumWidth]' passed (10.989 seconds).
Test Suite 'MasksPanelLayoutTests' passed at 2026-09-28 16:36:43.548.
	 Executed 1 test, with 0 failures (0 unexpected) in 10.989 (10.989) seconds
Test Suite 'ModelAcquisitionTests' started at 2026-09-28 16:36:43.549.
Test Case '-[TesseraCoreTests.ModelAcquisitionTests testAllowDownloadsSettingPersistsAndReopensTheDownloader]' started.
Test Case '-[TesseraCoreTests.ModelAcquisitionTests testAllowDownloadsSettingPersistsAndReopensTheDownloader]' passed (0.002 seconds).
Test Case '-[TesseraCoreTests.ModelAcquisitionTests testDownloaderThatCannotOpenFailsWithTheReason]' started.
Test Case '-[TesseraCoreTests.ModelAcquisitionTests testDownloaderThatCannotOpenFailsWithTheReason]' passed (0.001 seconds).
Test Case '-[TesseraCoreTests.ModelAcquisitionTests testDownloadProgressQueuedBytesReady]' started.
Test Case '-[TesseraCoreTests.ModelAcquisitionTests testDownloadProgressQueuedBytesReady]' passed (0.013 seconds).
Test Case '-[TesseraCoreTests.ModelAcquisitionTests testFailureCarriesTheReasonAndRetryRequestsAgain]' started.
Test Case '-[TesseraCoreTests.ModelAcquisitionTests testFailureCarriesTheReasonAndRetryRequestsAgain]' passed (0.001 seconds).
Test Case '-[TesseraCoreTests.ModelAcquisitionTests testStandardPathsUseTheSupportModelsFolder]' started.
Test Case '-[TesseraCoreTests.ModelAcquisitionTests testStandardPathsUseTheSupportModelsFolder]' passed (0.001 seconds).
Test Case '-[TesseraCoreTests.ModelAcquisitionTests testStatesFollowTheEngineEvents]' started.
Test Case '-[TesseraCoreTests.ModelAcquisitionTests testStatesFollowTheEngineEvents]' passed (0.000 seconds).
Test Suite 'ModelAcquisitionTests' passed at 2026-09-28 16:36:43.566.
	 Executed 6 tests, with 0 failures (0 unexpected) in 0.017 (0.018) seconds
Test Suite 'OfflineLibraryRoutingTests' started at 2026-09-28 16:36:43.566.
Test Case '-[TesseraCoreTests.OfflineLibraryRoutingTests testAvailabilityPermissionErrorDoesNotBecomeOffline]' started.
Test Case '-[TesseraCoreTests.OfflineLibraryRoutingTests testAvailabilityPermissionErrorDoesNotBecomeOffline]' passed (0.000 seconds).
Test Case '-[TesseraCoreTests.OfflineLibraryRoutingTests testCachedModeRefusesCatalogMutationAndRequiresLexicalAbsoluteFolder]' started.
Test Case '-[TesseraCoreTests.OfflineLibraryRoutingTests testCachedModeRefusesCatalogMutationAndRequiresLexicalAbsoluteFolder]' passed (0.000 seconds).
Test Case '-[TesseraCoreTests.OfflineLibraryRoutingTests testEmptyCachedSessionStaysEmptyAndProvidesReconnectGuidance]' started.
Test Case '-[TesseraCoreTests.OfflineLibraryRoutingTests testEmptyCachedSessionStaysEmptyAndProvidesReconnectGuidance]' passed (0.000 seconds).
Test Case '-[TesseraCoreTests.OfflineLibraryRoutingTests testExplicitReopenObservesOnlineOfflineTransitions]' started.
Test Case '-[TesseraCoreTests.OfflineLibraryRoutingTests testExplicitReopenObservesOnlineOfflineTransitions]' passed (0.000 seconds).
Test Case '-[TesseraCoreTests.OfflineLibraryRoutingTests testOnlineAliasCapturesCanonicalFolderForDisconnectedRelaunch]' started.
Test Case '-[TesseraCoreTests.OfflineLibraryRoutingTests testOnlineAliasCapturesCanonicalFolderForDisconnectedRelaunch]' passed (0.013 seconds).
Test Case '-[TesseraCoreTests.OfflineLibraryRoutingTests testOrdinaryOnlineErrorDoesNotFallBackToCache]' started.
Test Case '-[TesseraCoreTests.OfflineLibraryRoutingTests testOrdinaryOnlineErrorDoesNotFallBackToCache]' passed (0.000 seconds).
Test Case '-[TesseraCoreTests.OfflineLibraryRoutingTests testUnavailableRelaunchUsesCachedDeclarationsWithoutScanOrListing]' started.
Test Case '-[TesseraCoreTests.OfflineLibraryRoutingTests testUnavailableRelaunchUsesCachedDeclarationsWithoutScanOrListing]' passed (0.000 seconds).
Test Suite 'OfflineLibraryRoutingTests' passed at 2026-09-28 16:36:43.580.
	 Executed 7 tests, with 0 failures (0 unexpected) in 0.013 (0.014) seconds
Test Suite 'OutputAdmissionCancellationTests' started at 2026-09-28 16:36:43.580.
Test Case '-[TesseraCoreTests.OutputAdmissionCancellationTests testExportCancelBeforeTaskStartsSettlesAndReleasesReservation]' started.
Test Case '-[TesseraCoreTests.OutputAdmissionCancellationTests testExportCancelBeforeTaskStartsSettlesAndReleasesReservation]' passed (0.021 seconds).
Test Case '-[TesseraCoreTests.OutputAdmissionCancellationTests testPrintPDFCancelBeforeTaskStartsCompletesOnceAndReleasesReservation]' started.
Test Case '-[TesseraCoreTests.OutputAdmissionCancellationTests testPrintPDFCancelBeforeTaskStartsCompletesOnceAndReleasesReservation]' passed (0.093 seconds).
Test Suite 'OutputAdmissionCancellationTests' passed at 2026-09-28 16:36:43.694.
	 Executed 2 tests, with 0 failures (0 unexpected) in 0.114 (0.114) seconds
Test Suite 'PeopleBridgeTests' started at 2026-09-28 16:36:43.694.
Test Case '-[TesseraCoreTests.PeopleBridgeTests testNameMergeSplitConfirmAndFilterThroughTheEngine]' started.
Test Case '-[TesseraCoreTests.PeopleBridgeTests testNameMergeSplitConfirmAndFilterThroughTheEngine]' passed (0.084 seconds).
Test Suite 'PeopleBridgeTests' passed at 2026-09-28 16:36:43.779.
	 Executed 1 test, with 0 failures (0 unexpected) in 0.084 (0.084) seconds
Test Suite 'PeopleLayoutTests' started at 2026-09-28 16:36:43.779.
Test Case '-[TesseraCoreTests.PeopleLayoutTests testDetailFitsWindowAndKeepsHeaderAtTop]' started.
Test Case '-[TesseraCoreTests.PeopleLayoutTests testDetailFitsWindowAndKeepsHeaderAtTop]' passed (0.475 seconds).
Test Suite 'PeopleLayoutTests' passed at 2026-09-28 16:36:44.254.
	 Executed 1 test, with 0 failures (0 unexpected) in 0.475 (0.475) seconds
Test Suite 'PeopleModelTests' started at 2026-09-28 16:36:44.254.
Test Case '-[TesseraCoreTests.PeopleModelTests testDetailLoadsMembersInOneCall]' started.
Test Case '-[TesseraCoreTests.PeopleModelTests testDetailLoadsMembersInOneCall]' passed (0.001 seconds).
Test Case '-[TesseraCoreTests.PeopleModelTests testEngineErrorsBecomeMessagesAndNothingIsHalfApplied]' started.
Test Case '-[TesseraCoreTests.PeopleModelTests testEngineErrorsBecomeMessagesAndNothingIsHalfApplied]' passed (0.001 seconds).
Test Case '-[TesseraCoreTests.PeopleModelTests testFootnoteReportsTheJobsSampleSize]' started.
Test Case '-[TesseraCoreTests.PeopleModelTests testFootnoteReportsTheJobsSampleSize]' passed (0.002 seconds).
Test Case '-[TesseraCoreTests.PeopleModelTests testInstallResetsAndLibraryUpdatesRemapItems]' started.
Test Case '-[TesseraCoreTests.PeopleModelTests testInstallResetsAndLibraryUpdatesRemapItems]' passed (0.001 seconds).
Test Case '-[TesseraCoreTests.PeopleModelTests testMergeSelectionKeepsTheNamedPersonAndItsName]' started.
Test Case '-[TesseraCoreTests.PeopleModelTests testMergeSelectionKeepsTheNamedPersonAndItsName]' passed (0.001 seconds).
Test Case '-[TesseraCoreTests.PeopleModelTests testNamingCommitsTrimmedNameWithOptInsAndReloads]' started.
Test Case '-[TesseraCoreTests.PeopleModelTests testNamingCommitsTrimmedNameWithOptInsAndReloads]' passed (0.001 seconds).
Test Case '-[TesseraCoreTests.PeopleModelTests testPersonFacetIsAUnionWithinAndIntersectsOtherFilters]' started.
Test Case '-[TesseraCoreTests.PeopleModelTests testPersonFacetIsAUnionWithinAndIntersectsOtherFilters]' passed (0.000 seconds).
Test Case '-[TesseraCoreTests.PeopleModelTests testReassignAndConfirmGoThroughTheEngine]' started.
Test Case '-[TesseraCoreTests.PeopleModelTests testReassignAndConfirmGoThroughTheEngine]' passed (0.001 seconds).
Test Case '-[TesseraCoreTests.PeopleModelTests testRefreshRunsTheJobOffTheMainActorAndReportsApproximation]' started.
Test Case '-[TesseraCoreTests.PeopleModelTests testRefreshRunsTheJobOffTheMainActorAndReportsApproximation]' passed (0.001 seconds).
Test Case '-[TesseraCoreTests.PeopleModelTests testSplitMovesSelectedFacesToANewUnconfirmedPerson]' started.
Test Case '-[TesseraCoreTests.PeopleModelTests testSplitMovesSelectedFacesToANewUnconfirmedPerson]' passed (0.001 seconds).
Test Case '-[TesseraCoreTests.PeopleModelTests testSuggestionsAreFilteredSortedAndAcceptingMerges]' started.
Test Case '-[TesseraCoreTests.PeopleModelTests testSuggestionsAreFilteredSortedAndAcceptingMerges]' passed (0.000 seconds).
Test Case '-[TesseraCoreTests.PeopleModelTests testTilesNamedFirstThenByFramesWithNamesMembersAndBadges]' started.
Test Case '-[TesseraCoreTests.PeopleModelTests testTilesNamedFirstThenByFramesWithNamesMembersAndBadges]' passed (0.000 seconds).
Test Case '-[TesseraCoreTests.PeopleModelTests testTilesUseTheMedoidAndEngineCountsWithoutScanningAssignments]' started.
Test Case '-[TesseraCoreTests.PeopleModelTests testTilesUseTheMedoidAndEngineCountsWithoutScanningAssignments]' passed (0.001 seconds).
Test Case '-[TesseraCoreTests.PeopleModelTests testUndoRedoReplayEngineHistoryWithItsDescriptions]' started.
Test Case '-[TesseraCoreTests.PeopleModelTests testUndoRedoReplayEngineHistoryWithItsDescriptions]' passed (0.001 seconds).
Test Suite 'PeopleModelTests' passed at 2026-09-28 16:36:44.267.
	 Executed 14 tests, with 0 failures (0 unexpected) in 0.012 (0.013) seconds
Test Suite 'PeopleUndoMenuTests' started at 2026-09-28 16:36:44.267.
Test Case '-[TesseraCoreTests.PeopleUndoMenuTests testUndoRedoCoverPeopleEditsWhileThePeopleViewIsFrontmost]' started.
Test Case '-[TesseraCoreTests.PeopleUndoMenuTests testUndoRedoCoverPeopleEditsWhileThePeopleViewIsFrontmost]' passed (0.000 seconds).
Test Suite 'PeopleUndoMenuTests' passed at 2026-09-28 16:36:44.268.
	 Executed 1 test, with 0 failures (0 unexpected) in 0.000 (0.001) seconds
Test Suite 'PerformanceTraceTests' started at 2026-09-28 16:36:44.268.
Test Case '-[TesseraCoreTests.PerformanceTraceTests testBoundedTraceReportsDropsAndPreservesIdentity]' started.
Test Case '-[TesseraCoreTests.PerformanceTraceTests testBoundedTraceReportsDropsAndPreservesIdentity]' passed (0.000 seconds).
Test Case '-[TesseraCoreTests.PerformanceTraceTests testDisabledTraceDoesNotRecord]' started.
Test Case '-[TesseraCoreTests.PerformanceTraceTests testDisabledTraceDoesNotRecord]' passed (0.000 seconds).
Test Case '-[TesseraCoreTests.PerformanceTraceTests testSpanDurationAndConcurrentCallbacks]' started.
Test Case '-[TesseraCoreTests.PerformanceTraceTests testSpanDurationAndConcurrentCallbacks]' passed (0.000 seconds).
Test Suite 'PerformanceTraceTests' passed at 2026-09-28 16:36:44.268.
	 Executed 3 tests, with 0 failures (0 unexpected) in 0.000 (0.001) seconds
Test Suite 'PhotoMergeEnhanceTests' started at 2026-09-28 16:36:44.268.
Test Case '-[TesseraCoreTests.PhotoMergeEnhanceTests testAppModelMenuStateFollowsTheSelection]' started.
Test Case '-[TesseraCoreTests.PhotoMergeEnhanceTests testAppModelMenuStateFollowsTheSelection]' passed (0.000 seconds).
Test Case '-[TesseraCoreTests.PhotoMergeEnhanceTests testCancelStopsTheJobAndReportsCancelled]' started.
Test Case '-[TesseraCoreTests.PhotoMergeEnhanceTests testCancelStopsTheJobAndReportsCancelled]' passed (0.044 seconds).
Test Case '-[TesseraCoreTests.PhotoMergeEnhanceTests testCommandRules]' started.
Test Case '-[TesseraCoreTests.PhotoMergeEnhanceTests testCommandRules]' passed (0.000 seconds).
Test Case '-[TesseraCoreTests.PhotoMergeEnhanceTests testDefaultsMatchTheEngineAndHDRIgnoresPanoramaControls]' started.
Test Case '-[TesseraCoreTests.PhotoMergeEnhanceTests testDefaultsMatchTheEngineAndHDRIgnoresPanoramaControls]' passed (0.000 seconds).
Test Case '-[TesseraCoreTests.PhotoMergeEnhanceTests testEnhanceOptionsMapping]' started.
Test Case '-[TesseraCoreTests.PhotoMergeEnhanceTests testEnhanceOptionsMapping]' passed (0.000 seconds).
Test Case '-[TesseraCoreTests.PhotoMergeEnhanceTests testExposureParsingAndSpreadWarnings]' started.
Test Case '-[TesseraCoreTests.PhotoMergeEnhanceTests testExposureParsingAndSpreadWarnings]' passed (0.000 seconds).
Test Case '-[TesseraCoreTests.PhotoMergeEnhanceTests testFailuresAreExplained]' started.
Test Case '-[TesseraCoreTests.PhotoMergeEnhanceTests testFailuresAreExplained]' passed (0.001 seconds).
Test Case '-[TesseraCoreTests.PhotoMergeEnhanceTests testMergeProblemsExplainWhyMergeIsDisabled]' started.
Test Case '-[TesseraCoreTests.PhotoMergeEnhanceTests testMergeProblemsExplainWhyMergeIsDisabled]' passed (0.000 seconds).
Test Case '-[TesseraCoreTests.PhotoMergeEnhanceTests testMergeRunsWithPreviewProgressAndCompletion]' started.
Test Case '-[TesseraCoreTests.PhotoMergeEnhanceTests testMergeRunsWithPreviewProgressAndCompletion]' passed (0.036 seconds).
Test Case '-[TesseraCoreTests.PhotoMergeEnhanceTests testPanoramaAndHDRPanoramaMapping]' started.
Test Case '-[TesseraCoreTests.PhotoMergeEnhanceTests testPanoramaAndHDRPanoramaMapping]' passed (0.000 seconds).
Test Case '-[TesseraCoreTests.PhotoMergeEnhanceTests testRealEngineMergesThreeBracketsIntoAnHDRDngThatOpensInDevelop]' started.
develop original L2 calibration [first, tone, WB] ms: CPU [159.98379200000002, 80.889084, 80.716083]; GPU [82.184709, 0.990917, 0.807958]
Test Case '-[TesseraCoreTests.PhotoMergeEnhanceTests testRealEngineMergesThreeBracketsIntoAnHDRDngThatOpensInDevelop]' passed (0.905 seconds).
Test Case '-[TesseraCoreTests.PhotoMergeEnhanceTests testStageTitlesAndErrorMessages]' started.
Test Case '-[TesseraCoreTests.PhotoMergeEnhanceTests testStageTitlesAndErrorMessages]' passed (0.000 seconds).
Test Suite 'PhotoMergeEnhanceTests' passed at 2026-09-28 16:36:45.257.
	 Executed 12 tests, with 0 failures (0 unexpected) in 0.988 (0.989) seconds
Test Suite 'PreviewEventsTests' started at 2026-09-28 16:36:45.257.
Test Case '-[TesseraCoreTests.PreviewEventsTests testCacheDoesNotAliasReusedDenseItemIDs]' started.
Test Case '-[TesseraCoreTests.PreviewEventsTests testCacheDoesNotAliasReusedDenseItemIDs]' passed (0.002 seconds).
Test Case '-[TesseraCoreTests.PreviewEventsTests testCacheKeysRemainRetrievableAcrossManyRequests]' started.
Test Case '-[TesseraCoreTests.PreviewEventsTests testCacheKeysRemainRetrievableAcrossManyRequests]' passed (0.092 seconds).
Test Case '-[TesseraCoreTests.PreviewEventsTests testCancelledTaskStopsWaitingWithoutAnEvent]' started.
Test Case '-[TesseraCoreTests.PreviewEventsTests testCancelledTaskStopsWaitingWithoutAnEvent]' passed (0.000 seconds).
Test Case '-[TesseraCoreTests.PreviewEventsTests testCancellingOneSubscriberDoesNotRemoveAnother]' started.
Test Case '-[TesseraCoreTests.PreviewEventsTests testCancellingOneSubscriberDoesNotRemoveAnother]' passed (0.000 seconds).
Test Case '-[TesseraCoreTests.PreviewEventsTests testConcurrentDeliveriesPublishBeforeCallbackAndEvictOlderImages]' started.
Test Case '-[TesseraCoreTests.PreviewEventsTests testConcurrentDeliveriesPublishBeforeCallbackAndEvictOlderImages]' passed (0.002 seconds).
Test Case '-[TesseraCoreTests.PreviewEventsTests testInvalidationCancelsInFlightRequestsForBothTiersOnlyForThatItem]' started.
Test Case '-[TesseraCoreTests.PreviewEventsTests testInvalidationCancelsInFlightRequestsForBothTiersOnlyForThatItem]' passed (0.001 seconds).
Test Case '-[TesseraCoreTests.PreviewEventsTests testOverBudgetImageIsCachedBeforeDelivery]' started.
Test Case '-[TesseraCoreTests.PreviewEventsTests testOverBudgetImageIsCachedBeforeDelivery]' passed (0.001 seconds).
Test Case '-[TesseraCoreTests.PreviewEventsTests testReadyBeforeWaitIsBufferedAndFiltered]' started.
Test Case '-[TesseraCoreTests.PreviewEventsTests testReadyBeforeWaitIsBufferedAndFiltered]' passed (0.000 seconds).
Test Case '-[TesseraCoreTests.PreviewEventsTests testRemoveAllPreventsLateDeliveryAndCacheRepopulation]' started.
Test Case '-[TesseraCoreTests.PreviewEventsTests testRemoveAllPreventsLateDeliveryAndCacheRepopulation]' passed (0.000 seconds).
Test Case '-[TesseraCoreTests.PreviewEventsTests testUnrelatedEventsDoNotWakeSubscriber]' started.
Test Case '-[TesseraCoreTests.PreviewEventsTests testUnrelatedEventsDoNotWakeSubscriber]' passed (0.000 seconds).
Test Suite 'PreviewEventsTests' passed at 2026-09-28 16:36:45.356.
	 Executed 10 tests, with 0 failures (0 unexpected) in 0.098 (0.099) seconds
Test Suite 'RasterizedPSDCopyTests' started at 2026-09-28 16:36:45.356.
Test Case '-[TesseraCoreTests.RasterizedPSDCopyTests testCancelBeforeWorkerRunsRetainsAdmissionUntilCompletion]' started.
Test Case '-[TesseraCoreTests.RasterizedPSDCopyTests testCancelBeforeWorkerRunsRetainsAdmissionUntilCompletion]' passed (0.000 seconds).
Test Case '-[TesseraCoreTests.RasterizedPSDCopyTests testCloseCancelsOriginAndStaleCompletionCannotClearReplacement]' started.
Test Case '-[TesseraCoreTests.RasterizedPSDCopyTests testCloseCancelsOriginAndStaleCompletionCannotClearReplacement]' passed (0.000 seconds).
Test Case '-[TesseraCoreTests.RasterizedPSDCopyTests testHostCloseWhileWorkerDrainsSuppressesCompletionAndBalancesQueue]' started.
Test Case '-[TesseraCoreTests.RasterizedPSDCopyTests testHostCloseWhileWorkerDrainsSuppressesCompletionAndBalancesQueue]' passed (0.013 seconds).
Test Case '-[TesseraCoreTests.RasterizedPSDCopyTests testSeparateDocumentSlotsAndTooLateCancellation]' started.
Test Case '-[TesseraCoreTests.RasterizedPSDCopyTests testSeparateDocumentSlotsAndTooLateCancellation]' passed (0.000 seconds).
Test Suite 'RasterizedPSDCopyTests' passed at 2026-09-28 16:36:45.370.
	 Executed 4 tests, with 0 failures (0 unexpected) in 0.013 (0.014) seconds
Test Suite 'RecoveryWindowCloseGuardTests' started at 2026-09-28 16:36:45.370.
Test Case '-[TesseraCoreTests.RecoveryWindowCloseGuardTests testAllowedCloseDefersToPriorDelegateExactlyOnce]' started.
Test Case '-[TesseraCoreTests.RecoveryWindowCloseGuardTests testAllowedCloseDefersToPriorDelegateExactlyOnce]' passed (0.008 seconds).
Test Case '-[TesseraCoreTests.RecoveryWindowCloseGuardTests testBlockedCloseDoesNotCallPriorDelegateOrDiscardWindow]' started.
Test Case '-[TesseraCoreTests.RecoveryWindowCloseGuardTests testBlockedCloseDoesNotCallPriorDelegateOrDiscardWindow]' passed (0.053 seconds).
Test Case '-[TesseraCoreTests.RecoveryWindowCloseGuardTests testInstallingOnOneWindowLeavesUnrelatedWindowDelegateUntouched]' started.
Test Case '-[TesseraCoreTests.RecoveryWindowCloseGuardTests testInstallingOnOneWindowLeavesUnrelatedWindowDelegateUntouched]' passed (0.011 seconds).
Test Case '-[TesseraCoreTests.RecoveryWindowCloseGuardTests testLateOldGuardCleanupCannotRemoveReinstalledGuard]' started.
Test Case '-[TesseraCoreTests.RecoveryWindowCloseGuardTests testLateOldGuardCleanupCannotRemoveReinstalledGuard]' passed (0.005 seconds).
Test Case '-[TesseraCoreTests.RecoveryWindowCloseGuardTests testRealPerformCloseForwardsWillCloseOnce]' started.
Test Case '-[TesseraCoreTests.RecoveryWindowCloseGuardTests testRealPerformCloseForwardsWillCloseOnce]' passed (0.017 seconds).
Test Suite 'RecoveryWindowCloseGuardTests' passed at 2026-09-28 16:36:45.465.
	 Executed 5 tests, with 0 failures (0 unexpected) in 0.095 (0.096) seconds
Test Suite 'ReviewPreviewDrainTests' started at 2026-09-28 16:36:45.465.
Test Case '-[TesseraCoreTests.ReviewPreviewDrainTests testReviewObserveDoesNotRetryARegisteredFailedDevelopClose]' started.
develop original L2 calibration [first, tone, WB] ms: CPU [16.972583999999998, 0.33337500000000003, 0.399333]; GPU [17.944249999999997, 0.839791, 1.0250000000000001]
Test Case '-[TesseraCoreTests.ReviewPreviewDrainTests testReviewObserveDoesNotRetryARegisteredFailedDevelopClose]' passed (0.058 seconds).
Test Case '-[TesseraCoreTests.ReviewPreviewDrainTests testReviewRetriesObservationAfterEarlierPreviewFlightDrains]' started.
Test Case '-[TesseraCoreTests.ReviewPreviewDrainTests testReviewRetriesObservationAfterEarlierPreviewFlightDrains]' passed (3.557 seconds).
Test Suite 'ReviewPreviewDrainTests' passed at 2026-09-28 16:36:49.081.
	 Executed 2 tests, with 0 failures (0 unexpected) in 3.615 (3.615) seconds
Test Suite 'ReviewResumeStoreTests' started at 2026-09-28 16:36:49.081.
Test Case '-[TesseraCoreTests.ReviewResumeStoreTests testCompletingRunningIntentDoesNotTreatItAsAnInterruptedRestore]' started.
Test Case '-[TesseraCoreTests.ReviewResumeStoreTests testCompletingRunningIntentDoesNotTreatItAsAnInterruptedRestore]' passed (0.003 seconds).
Test Case '-[TesseraCoreTests.ReviewResumeStoreTests testDifferentCanonicalPathDoesNotAdoptAnotherLibraryQueue]' started.
Test Case '-[TesseraCoreTests.ReviewResumeStoreTests testDifferentCanonicalPathDoesNotAdoptAnotherLibraryQueue]' passed (0.001 seconds).
Test Case '-[TesseraCoreTests.ReviewResumeStoreTests testDuplicateTargetIdentityIsRejectedAsCorrupt]' started.
Test Case '-[TesseraCoreTests.ReviewResumeStoreTests testDuplicateTargetIdentityIsRejectedAsCorrupt]' passed (0.001 seconds).
Test Case '-[TesseraCoreTests.ReviewResumeStoreTests testFailureAdvancesNewestCursorRevisionAndKeepsCapturedTargets]' started.
Test Case '-[TesseraCoreTests.ReviewResumeStoreTests testFailureAdvancesNewestCursorRevisionAndKeepsCapturedTargets]' passed (0.002 seconds).
Test Case '-[TesseraCoreTests.ReviewResumeStoreTests testFutureSchemaIsPreservedAndReportedWithoutDecodingAsCurrent]' started.
Test Case '-[TesseraCoreTests.ReviewResumeStoreTests testFutureSchemaIsPreservedAndReportedWithoutDecodingAsCurrent]' passed (0.001 seconds).
Test Case '-[TesseraCoreTests.ReviewResumeStoreTests testRevisionCannotOverflow]' started.
Test Case '-[TesseraCoreTests.ReviewResumeStoreTests testRevisionCannotOverflow]' passed (0.000 seconds).
Test Case '-[TesseraCoreTests.ReviewResumeStoreTests testRoundTripsOnlySafeQueueMembershipAndCursorForCanonicalLibraryPath]' started.
Test Case '-[TesseraCoreTests.ReviewResumeStoreTests testRoundTripsOnlySafeQueueMembershipAndCursorForCanonicalLibraryPath]' passed (0.001 seconds).
Test Case '-[TesseraCoreTests.ReviewResumeStoreTests testRunningRecordCanBeMarkedInterruptedWithoutChangingTargetsOrReplaying]' started.
Test Case '-[TesseraCoreTests.ReviewResumeStoreTests testRunningRecordCanBeMarkedInterruptedWithoutChangingTargetsOrReplaying]' passed (0.002 seconds).
Test Case '-[TesseraCoreTests.ReviewResumeStoreTests testStaleRevisionCannotOverwriteNewerQueueRecord]' started.
Test Case '-[TesseraCoreTests.ReviewResumeStoreTests testStaleRevisionCannotOverwriteNewerQueueRecord]' passed (0.001 seconds).
Test Case '-[TesseraCoreTests.ReviewResumeStoreTests testTargetOrdinalsCanBeSafelyReindexedBeforeMerging]' started.
Test Case '-[TesseraCoreTests.ReviewResumeStoreTests testTargetOrdinalsCanBeSafelyReindexedBeforeMerging]' passed (0.000 seconds).
Test Suite 'ReviewResumeStoreTests' passed at 2026-09-28 16:36:49.094.
	 Executed 10 tests, with 0 failures (0 unexpected) in 0.012 (0.013) seconds
Test Suite 'SearchTermTests' started at 2026-09-28 16:36:49.094.
Test Case '-[TesseraCoreTests.SearchTermTests testAppendingANDsOntoExistingText]' started.
Test Case '-[TesseraCoreTests.SearchTermTests testAppendingANDsOntoExistingText]' passed (0.000 seconds).
Test Case '-[TesseraCoreTests.SearchTermTests testTextTermsAreQuotedWithTheGrammarsJSONEscaping]' started.
Test Case '-[TesseraCoreTests.SearchTermTests testTextTermsAreQuotedWithTheGrammarsJSONEscaping]' passed (0.000 seconds).
Test Suite 'SearchTermTests' passed at 2026-09-28 16:36:49.094.
	 Executed 2 tests, with 0 failures (0 unexpected) in 0.000 (0.000) seconds
Test Suite 'ShellLayoutTests' started at 2026-09-28 16:36:49.094.
Test Case '-[TesseraCoreTests.ShellLayoutTests testShellContainedAtEverySizeStateAndAppearance]' started.
XCTExpectFailure: matcher accepted Assertion Failure at ShellLayoutTests.swift:92: failed - document-960x600-dark: HostingScrollView {{684, 533}, {264, 128}} outside {{0, 0}, {960, 652}}
document-960x600-dark: HostingScrollView {{684, 739}, {264, 144}} outside {{0, 0}, {960, 652}}
document-1280x800-dark: HostingScrollView {{1004, 739}, {264, 144}} outside {{0, 0}, {1280, 800}}
document-960x600-light: HostingScrollView {{684, 533}, {264, 128}} outside {{0, 0}, {960, 652}}
document-960x600-light: HostingScrollView {{684, 739}, {264, 144}} outside {{0, 0}, {960, 652}}
document-1280x800-light: HostingScrollView {{1004, 739}, {264, 144}} outside {{0, 0}, {1280, 800}}
ShellLayoutTests.swift:92: Expected failure in -[TesseraCoreTests.ShellLayoutTests testShellContainedAtEverySizeStateAndAppearance]: failed - document-960x600-dark: HostingScrollView {{684, 533}, {264, 128}} outside {{0, 0}, {960, 652}}
document-960x600-dark: HostingScrollView {{684, 739}, {264, 144}} outside {{0, 0}, {960, 652}}
document-1280x800-dark: HostingScrollView {{1004, 739}, {264, 144}} outside {{0, 0}, {1280, 800}}
document-960x600-light: HostingScrollView {{684, 533}, {264, 128}} outside {{0, 0}, {960, 652}}
document-960x600-light: HostingScrollView {{684, 739}, {264, 144}} outside {{0, 0}, {960, 652}}
document-1280x800-light: HostingScrollView {{1004, 739}, {264, 144}} outside {{0, 0}, {1280, 800}}Reason: (document inspector panels overflow their column (handed off to Machine B, L1))
Test Case '-[TesseraCoreTests.ShellLayoutTests testShellContainedAtEverySizeStateAndAppearance]' passed (50.081 seconds).
Test Suite 'ShellLayoutTests' passed at 2026-09-28 16:37:39.175.
	 Executed 1 test, with 0 failures (0 unexpected) in 50.081 (50.081) seconds
Test Suite 'SmartPreviewNativeWorkflowTests' started at 2026-09-28 16:37:39.176.
Test Case '-[TesseraCoreTests.SmartPreviewNativeWorkflowTests testActualCachedThumbnailAfterOriginalDisconnect]' started.
develop original L2 calibration [first, tone, WB] ms: CPU [486.693333, 199.959292, 245.847417]; GPU [415.762625, 1.611167, 7.206375]
Test Case '-[TesseraCoreTests.SmartPreviewNativeWorkflowTests testActualCachedThumbnailAfterOriginalDisconnect]' passed (5.162 seconds).
Test Case '-[TesseraCoreTests.SmartPreviewNativeWorkflowTests testActualSwiftBridgeOfflineLibraryRenderSaveReopenAndReconnect]' started.
develop original L2 calibration [first, tone, WB] ms: CPU [469.71579099999997, 192.8915, 224.294791]; GPU [289.496042, 1.738, 7.064584]
develop Smart Preview L0 calibration [first, tone, WB] ms: CPU [182.11875, 197.292416, 186.112083]; GPU [31.872916, 2.0441249999999997, 14.649375]
develop Smart Preview L0 calibration [first, tone, WB] ms: CPU [187.533166, 183.332167, 184.409833]; GPU [29.157208, 2.5145, 18.270916000000003]
develop original L2 calibration [first, tone, WB] ms: CPU [485.98120900000004, 204.60983399999998, 238.643833]; GPU [308.346291, 1.6925, 6.814792]
Test Case '-[TesseraCoreTests.SmartPreviewNativeWorkflowTests testActualSwiftBridgeOfflineLibraryRenderSaveReopenAndReconnect]' passed (5.235 seconds).
Test Suite 'SmartPreviewNativeWorkflowTests' passed at 2026-09-28 16:37:49.572.
	 Executed 2 tests, with 0 failures (0 unexpected) in 10.397 (10.397) seconds
Test Suite 'SmartPreviewThumbnailTests' started at 2026-09-28 16:37:49.572.
Test Case '-[TesseraCoreTests.SmartPreviewThumbnailTests testCancelledRetryWaitTerminatesWithoutAnotherNativeCall]' started.
Test Case '-[TesseraCoreTests.SmartPreviewThumbnailTests testCancelledRetryWaitTerminatesWithoutAnotherNativeCall]' passed (0.010 seconds).
Test Case '-[TesseraCoreTests.SmartPreviewThumbnailTests testExplicitRoleChoosesExactlyOneAPIAndNeverFallsBack]' started.
Test Case '-[TesseraCoreTests.SmartPreviewThumbnailTests testExplicitRoleChoosesExactlyOneAPIAndNeverFallsBack]' passed (0.008 seconds).
Test Case '-[TesseraCoreTests.SmartPreviewThumbnailTests testInvalidatedProxyWorkerCannotRepopulateCacheOrDeliverOldResult]' started.
Test Case '-[TesseraCoreTests.SmartPreviewThumbnailTests testInvalidatedProxyWorkerCannotRepopulateCacheOrDeliverOldResult]' passed (0.009 seconds).
Test Case '-[TesseraCoreTests.SmartPreviewThumbnailTests testOriginalCacheCannotSatisfySameImageProxyRequest]' started.
Test Case '-[TesseraCoreTests.SmartPreviewThumbnailTests testOriginalCacheCannotSatisfySameImageProxyRequest]' passed (0.007 seconds).
Test Case '-[TesseraCoreTests.SmartPreviewThumbnailTests testOriginalErrorsRemainTerminalWithoutRetry]' started.
Test Case '-[TesseraCoreTests.SmartPreviewThumbnailTests testOriginalErrorsRemainTerminalWithoutRetry]' passed (0.006 seconds).
Test Case '-[TesseraCoreTests.SmartPreviewThumbnailTests testPendingProxyUsesBufferedReadyEventAndKeepsSource]' started.
Test Case '-[TesseraCoreTests.SmartPreviewThumbnailTests testPendingProxyUsesBufferedReadyEventAndKeepsSource]' passed (0.008 seconds).
Test Case '-[TesseraCoreTests.SmartPreviewThumbnailTests testPersistentProxyFailureHasBoundedCallsAndNoPendingPlaceholderFlight]' started.
Test Case '-[TesseraCoreTests.SmartPreviewThumbnailTests testPersistentProxyFailureHasBoundedCallsAndNoPendingPlaceholderFlight]' passed (0.009 seconds).
Test Case '-[TesseraCoreTests.SmartPreviewThumbnailTests testReconnectDropsProxyFlightAndDoesNotShareOriginalCache]' started.
Test Case '-[TesseraCoreTests.SmartPreviewThumbnailTests testReconnectDropsProxyFlightAndDoesNotShareOriginalCache]' passed (0.009 seconds).
Test Case '-[TesseraCoreTests.SmartPreviewThumbnailTests testSupersessionDuringRetrySuppressesOldRetryAndDeliversReplacement]' started.
Test Case '-[TesseraCoreTests.SmartPreviewThumbnailTests testSupersessionDuringRetrySuppressesOldRetryAndDeliversReplacement]' passed (0.009 seconds).
Test Case '-[TesseraCoreTests.SmartPreviewThumbnailTests testTransientProxyErrorRetriesWithinSameFlightThenDelivers]' started.
Test Case '-[TesseraCoreTests.SmartPreviewThumbnailTests testTransientProxyErrorRetriesWithinSameFlightThenDelivers]' passed (0.009 seconds).
Test Suite 'SmartPreviewThumbnailTests' passed at 2026-09-28 16:37:49.657.
	 Executed 10 tests, with 0 failures (0 unexpected) in 0.083 (0.084) seconds
Test Suite 'SmartPreviewUITests' started at 2026-09-28 16:37:49.657.
Test Case '-[TesseraCoreTests.SmartPreviewUITests testAbsentPreferenceDefaultsToOriginalAndPreservesExplicitSavedChoice]' started.
Test Case '-[TesseraCoreTests.SmartPreviewUITests testAbsentPreferenceDefaultsToOriginalAndPreservesExplicitSavedChoice]' passed (0.002 seconds).
Test Case '-[TesseraCoreTests.SmartPreviewUITests testAssetMutationsInvalidateThumbnailsBeforeAndAfterNativeDrain]' started.
Test Case '-[TesseraCoreTests.SmartPreviewUITests testAssetMutationsInvalidateThumbnailsBeforeAndAfterNativeDrain]' passed (0.001 seconds).
Test Case '-[TesseraCoreTests.SmartPreviewUITests testBadgesDescribeOfflinePendingConflictAndActualRoute]' started.
Test Case '-[TesseraCoreTests.SmartPreviewUITests testBadgesDescribeOfflinePendingConflictAndActualRoute]' passed (0.000 seconds).
Test Case '-[TesseraCoreTests.SmartPreviewUITests testBatchCancelDrainsCurrentPhotoThenStopsAndRetainsOutcome]' started.
Test Case '-[TesseraCoreTests.SmartPreviewUITests testBatchCancelDrainsCurrentPhotoThenStopsAndRetainsOutcome]' passed (0.000 seconds).
Test Case '-[TesseraCoreTests.SmartPreviewUITests testClearedSelectionAndSeparateOwnerIgnoreOldCompletion]' started.
Test Case '-[TesseraCoreTests.SmartPreviewUITests testClearedSelectionAndSeparateOwnerIgnoreOldCompletion]' passed (0.000 seconds).
Test Case '-[TesseraCoreTests.SmartPreviewUITests testConflictFailedAndDirtySyncAreNotSuccessAndDirtyDiscardNeverCallsNative]' started.
Test Case '-[TesseraCoreTests.SmartPreviewUITests testConflictFailedAndDirtySyncAreNotSuccessAndDirtyDiscardNeverCallsNative]' passed (0.000 seconds).
Test Case '-[TesseraCoreTests.SmartPreviewUITests testFailedValidationCannotUsePresentationAsOpeningAuthority]' started.
Test Case '-[TesseraCoreTests.SmartPreviewUITests testFailedValidationCannotUsePresentationAsOpeningAuthority]' passed (0.000 seconds).
Test Case '-[TesseraCoreTests.SmartPreviewUITests testLocalProxySaveKeepsThumbnailWarningButOpeningValidatesAgain]' started.
Test Case '-[TesseraCoreTests.SmartPreviewUITests testLocalProxySaveKeepsThumbnailWarningButOpeningValidatesAgain]' passed (0.000 seconds).
Test Case '-[TesseraCoreTests.SmartPreviewUITests testOfflineAndPendingLibraryBadgesDisclosePreSyncThumbnail]' started.
Test Case '-[TesseraCoreTests.SmartPreviewUITests testOfflineAndPendingLibraryBadgesDisclosePreSyncThumbnail]' passed (0.000 seconds).
Test Case '-[TesseraCoreTests.SmartPreviewUITests testOfflineExistingPreviewOffersExplicitUseRatherThanRebuildOrSync]' started.
Test Case '-[TesseraCoreTests.SmartPreviewUITests testOfflineExistingPreviewOffersExplicitUseRatherThanRebuildOrSync]' passed (0.000 seconds).
Test Case '-[TesseraCoreTests.SmartPreviewUITests testOnlyCleanMissingPreviewFallsBackToAvailableOriginal]' started.
Test Case '-[TesseraCoreTests.SmartPreviewUITests testOnlyCleanMissingPreviewFallsBackToAvailableOriginal]' passed (0.000 seconds).
Test Case '-[TesseraCoreTests.SmartPreviewUITests testOpeningCancelsIfSelectionChangesAwayAndBackDuringRead]' started.
Test Case '-[TesseraCoreTests.SmartPreviewUITests testOpeningCancelsIfSelectionChangesAwayAndBackDuringRead]' passed (0.000 seconds).
Test Case '-[TesseraCoreTests.SmartPreviewUITests testOpeningFollowsReplacementSamePhotoStatusRead]' started.
Test Case '-[TesseraCoreTests.SmartPreviewUITests testOpeningFollowsReplacementSamePhotoStatusRead]' passed (0.000 seconds).
Test Case '-[TesseraCoreTests.SmartPreviewUITests testOriginalSaveDoesNotInventProxyPresentation]' started.
Test Case '-[TesseraCoreTests.SmartPreviewUITests testOriginalSaveDoesNotInventProxyPresentation]' passed (0.000 seconds).
Test Case '-[TesseraCoreTests.SmartPreviewUITests testProxyRenderedLibraryCopyKeepsSaveWarningWithoutLastSyncedClaim]' started.
Test Case '-[TesseraCoreTests.SmartPreviewUITests testProxyRenderedLibraryCopyKeepsSaveWarningWithoutLastSyncedClaim]' passed (0.000 seconds).
Test Case '-[TesseraCoreTests.SmartPreviewUITests testRapidSelectionOnlyDecodesActiveAndLatestPhoto]' started.
Test Case '-[TesseraCoreTests.SmartPreviewUITests testRapidSelectionOnlyDecodesActiveAndLatestPhoto]' passed (0.000 seconds).
Test Case '-[TesseraCoreTests.SmartPreviewUITests testRepeatedSelectionAndOpeningShareOneStatusRead]' started.
Test Case '-[TesseraCoreTests.SmartPreviewUITests testRepeatedSelectionAndOpeningShareOneStatusRead]' passed (0.000 seconds).
Test Case '-[TesseraCoreTests.SmartPreviewUITests testRouteUsesRequestedSessionAndNeverFallsBackAfterProxyFailure]' started.
Test Case '-[TesseraCoreTests.SmartPreviewUITests testRouteUsesRequestedSessionAndNeverFallsBackAfterProxyFailure]' passed (0.000 seconds).
Test Case '-[TesseraCoreTests.SmartPreviewUITests testSavedStateInvalidationDoesNotAutomaticallyHashAssets]' started.
Test Case '-[TesseraCoreTests.SmartPreviewUITests testSavedStateInvalidationDoesNotAutomaticallyHashAssets]' passed (0.000 seconds).
Test Case '-[TesseraCoreTests.SmartPreviewUITests testSelectionGenerationSuppressesOldInfoCompletion]' started.
Test Case '-[TesseraCoreTests.SmartPreviewUITests testSelectionGenerationSuppressesOldInfoCompletion]' passed (0.000 seconds).
Test Case '-[TesseraCoreTests.SmartPreviewUITests testSelectionReadStartedBeforeBatchCannotOverwriteNewOutcome]' started.
Test Case '-[TesseraCoreTests.SmartPreviewUITests testSelectionReadStartedBeforeBatchCannotOverwriteNewOutcome]' passed (0.000 seconds).
Test Case '-[TesseraCoreTests.SmartPreviewUITests testStaleOpenerCannotRetargetCurrentSelectionOrStartAnotherRead]' started.
Test Case '-[TesseraCoreTests.SmartPreviewUITests testStaleOpenerCannotRetargetCurrentSelectionOrStartAnotherRead]' passed (0.000 seconds).
Test Suite 'SmartPreviewUITests' passed at 2026-09-28 16:37:49.664.
	 Executed 22 tests, with 0 failures (0 unexpected) in 0.006 (0.007) seconds
Test Suite 'StagedLibraryFilterTests' started at 2026-09-28 16:37:49.664.
Test Case '-[TesseraCoreTests.StagedLibraryFilterTests testExplicitRetryCommitsAllEditsStagedAfterFailedClose]' started.
develop original L2 calibration [first, tone, WB] ms: CPU [0.42675, 0.27129200000000003, 0.324542]; GPU [1.0641660000000002, 0.721417, 0.6114999999999999]
Test Case '-[TesseraCoreTests.StagedLibraryFilterTests testExplicitRetryCommitsAllEditsStagedAfterFailedClose]' passed (0.040 seconds).
Test Case '-[TesseraCoreTests.StagedLibraryFilterTests testFilterAndFacetRequestDuringLayersSaveCancelOnlyItsDestination]' started.
develop original L2 calibration [first, tone, WB] ms: CPU [0.410875, 0.273291, 0.30112500000000003]; GPU [1.052209, 0.5102089999999999, 0.66425]
Test Case '-[TesseraCoreTests.StagedLibraryFilterTests testFilterAndFacetRequestDuringLayersSaveCancelOnlyItsDestination]' passed (0.038 seconds).
Test Case '-[TesseraCoreTests.StagedLibraryFilterTests testHeldCloseComposesDistinctPersonFacets]' started.
develop original L2 calibration [first, tone, WB] ms: CPU [0.44629199999999997, 0.29320799999999997, 0.28445800000000004]; GPU [1.105917, 0.5665410000000001, 0.5531670000000001]
Test Case '-[TesseraCoreTests.StagedLibraryFilterTests testHeldCloseComposesDistinctPersonFacets]' passed (0.036 seconds).
Test Case '-[TesseraCoreTests.StagedLibraryFilterTests testHeldCloseComposesRepeatedTextAndCancellingPersonToggle]' started.
develop original L2 calibration [first, tone, WB] ms: CPU [0.422667, 0.263416, 0.29916699999999996]; GPU [1.088125, 0.535791, 0.615209]
Test Case '-[TesseraCoreTests.StagedLibraryFilterTests testHeldCloseComposesRepeatedTextAndCancellingPersonToggle]' passed (0.035 seconds).
Test Case '-[TesseraCoreTests.StagedLibraryFilterTests testHeldCloseComposesTwoFilterFieldsWithoutEarlyPublication]' started.
develop original L2 calibration [first, tone, WB] ms: CPU [0.392458, 0.27554100000000004, 0.292833]; GPU [1.099334, 0.823292, 0.847875]
Test Case '-[TesseraCoreTests.StagedLibraryFilterTests testHeldCloseComposesTwoFilterFieldsWithoutEarlyPublication]' passed (0.036 seconds).
Test Case '-[TesseraCoreTests.StagedLibraryFilterTests testKeepEditingDiscardsFailedFilterDraft]' started.
develop original L2 calibration [first, tone, WB] ms: CPU [0.393542, 0.262041, 0.27808299999999997]; GPU [1.165666, 0.7574580000000001, 0.881292]
Test Case '-[TesseraCoreTests.StagedLibraryFilterTests testKeepEditingDiscardsFailedFilterDraft]' passed (0.043 seconds).
Test Case '-[TesseraCoreTests.StagedLibraryFilterTests testOwnerReplacementDropsHeldFilterDraft]' started.
develop original L2 calibration [first, tone, WB] ms: CPU [0.379833, 0.28975, 0.291209]; GPU [1.283958, 0.639125, 0.910791]
Test Case '-[TesseraCoreTests.StagedLibraryFilterTests testOwnerReplacementDropsHeldFilterDraft]' passed (0.036 seconds).
Test Case '-[TesseraCoreTests.StagedLibraryFilterTests testPersonFacetAloneDuringLayersSaveCancelsItsDestination]' started.
develop original L2 calibration [first, tone, WB] ms: CPU [0.402167, 0.259834, 0.259291]; GPU [1.888125, 1.351375, 0.970916]
Test Case '-[TesseraCoreTests.StagedLibraryFilterTests testPersonFacetAloneDuringLayersSaveCancelsItsDestination]' passed (0.039 seconds).
Test Case '-[TesseraCoreTests.StagedLibraryFilterTests testUnrelatedNavigationSupersedesHeldFilterDraft]' started.
develop original L2 calibration [first, tone, WB] ms: CPU [0.41475, 0.28400000000000003, 0.302625]; GPU [2.245042, 1.0193750000000001, 0.986084]
Test Case '-[TesseraCoreTests.StagedLibraryFilterTests testUnrelatedNavigationSupersedesHeldFilterDraft]' passed (0.037 seconds).
Test Suite 'StagedLibraryFilterTests' passed at 2026-09-28 16:37:50.005.
	 Executed 9 tests, with 0 failures (0 unexpected) in 0.339 (0.340) seconds
Test Suite 'StubDocumentBackendTests' started at 2026-09-28 16:37:50.005.
Test Case '-[TesseraCoreTests.StubDocumentBackendTests testCompositeHasTransparentMarginAndThumbnailsAreCached]' started.
Test Case '-[TesseraCoreTests.StubDocumentBackendTests testCompositeHasTransparentMarginAndThumbnailsAreCached]' passed (0.012 seconds).
Test Case '-[TesseraCoreTests.StubDocumentBackendTests testDragPlanAppliesThroughMoveLayer]' started.
Test Case '-[TesseraCoreTests.StubDocumentBackendTests testDragPlanAppliesThroughMoveLayer]' passed (0.000 seconds).
Test Case '-[TesseraCoreTests.StubDocumentBackendTests testInteractiveEditsWaitForCommit]' started.
Test Case '-[TesseraCoreTests.StubDocumentBackendTests testInteractiveEditsWaitForCommit]' passed (0.000 seconds).
Test Case '-[TesseraCoreTests.StubDocumentBackendTests testSaveOpenAndExport]' started.
Test Case '-[TesseraCoreTests.StubDocumentBackendTests testSaveOpenAndExport]' passed (0.138 seconds).
Test Case '-[TesseraCoreTests.StubDocumentBackendTests testStructuralEdits]' started.
Test Case '-[TesseraCoreTests.StubDocumentBackendTests testStructuralEdits]' passed (0.000 seconds).
Test Case '-[TesseraCoreTests.StubDocumentBackendTests testUndoRedoCheckoutAndSnapshots]' started.
Test Case '-[TesseraCoreTests.StubDocumentBackendTests testUndoRedoCheckoutAndSnapshots]' passed (0.000 seconds).
Test Case '-[TesseraCoreTests.StubDocumentBackendTests testViewportFramesArriveOnTheListener]' started.
Test Case '-[TesseraCoreTests.StubDocumentBackendTests testViewportFramesArriveOnTheListener]' passed (0.032 seconds).
Test Suite 'StubDocumentBackendTests' passed at 2026-09-28 16:37:50.188.
	 Executed 7 tests, with 0 failures (0 unexpected) in 0.183 (0.183) seconds
Test Suite 'SuggestionChipTests' started at 2026-09-28 16:37:50.188.
Test Case '-[TesseraCoreTests.SuggestionChipTests testBridgeRecordConversion]' started.
Test Case '-[TesseraCoreTests.SuggestionChipTests testBridgeRecordConversion]' passed (0.000 seconds).
Test Case '-[TesseraCoreTests.SuggestionChipTests testClickAcceptsOneAndRejectRemovesOne]' started.
Test Case '-[TesseraCoreTests.SuggestionChipTests testClickAcceptsOneAndRejectRemovesOne]' passed (0.000 seconds).
Test Case '-[TesseraCoreTests.SuggestionChipTests testOrderingDeduplicationAndMapping]' started.
Test Case '-[TesseraCoreTests.SuggestionChipTests testOrderingDeduplicationAndMapping]' passed (0.000 seconds).
Test Case '-[TesseraCoreTests.SuggestionChipTests testReplaceKeepsTheThreshold]' started.
Test Case '-[TesseraCoreTests.SuggestionChipTests testReplaceKeepsTheThreshold]' passed (0.000 seconds).
Test Case '-[TesseraCoreTests.SuggestionChipTests testShiftClickAcceptsEverythingAtOrAboveTheThreshold]' started.
Test Case '-[TesseraCoreTests.SuggestionChipTests testShiftClickAcceptsEverythingAtOrAboveTheThreshold]' passed (0.000 seconds).
Test Suite 'SuggestionChipTests' passed at 2026-09-28 16:37:50.189.
	 Executed 5 tests, with 0 failures (0 unexpected) in 0.001 (0.001) seconds
Test Suite 'TetherBridgeTests' started at 2026-09-28 16:37:50.189.
Test Case '-[TesseraCoreTests.TetherBridgeTests testFakeCameraFrameArrivesNamedIndexedAndScored]' started.
Test Case '-[TesseraCoreTests.TetherBridgeTests testFakeCameraFrameArrivesNamedIndexedAndScored]' passed (0.280 seconds).
Test Case '-[TesseraCoreTests.TetherBridgeTests testLaunchArguments]' started.
Test Case '-[TesseraCoreTests.TetherBridgeTests testLaunchArguments]' passed (0.000 seconds).
Test Suite 'TetherBridgeTests' passed at 2026-09-28 16:37:50.470.
	 Executed 2 tests, with 0 failures (0 unexpected) in 0.281 (0.281) seconds
Test Suite 'TetherNamingTests' started at 2026-09-28 16:37:50.470.
Test Case '-[TesseraCoreTests.TetherNamingTests testRejectsWhatTheEngineRejects]' started.
Test Case '-[TesseraCoreTests.TetherNamingTests testRejectsWhatTheEngineRejects]' passed (0.001 seconds).
Test Case '-[TesseraCoreTests.TetherNamingTests testRendersTokensWithFourDigitSequence]' started.
Test Case '-[TesseraCoreTests.TetherNamingTests testRendersTokensWithFourDigitSequence]' passed (0.000 seconds).
Test Case '-[TesseraCoreTests.TetherNamingTests testSessionNames]' started.
Test Case '-[TesseraCoreTests.TetherNamingTests testSessionNames]' passed (0.000 seconds).
Test Case '-[TesseraCoreTests.TetherNamingTests testTokenMenuInsertsBeforeTheExtension]' started.
Test Case '-[TesseraCoreTests.TetherNamingTests testTokenMenuInsertsBeforeTheExtension]' passed (0.000 seconds).
Test Suite 'TetherNamingTests' passed at 2026-09-28 16:37:50.472.
	 Executed 4 tests, with 0 failures (0 unexpected) in 0.002 (0.002) seconds
Test Suite 'ThemeLintTests' started at 2026-09-28 16:37:50.472.
Test Case '-[TesseraCoreTests.ThemeLintTests testViewsUseThemeTokensOnly]' started.
Test Case '-[TesseraCoreTests.ThemeLintTests testViewsUseThemeTokensOnly]' passed (0.242 seconds).
Test Suite 'ThemeLintTests' passed at 2026-09-28 16:37:50.714.
	 Executed 1 test, with 0 failures (0 unexpected) in 0.242 (0.243) seconds
Test Suite 'ThumbnailFlightDrainTests' started at 2026-09-28 16:37:50.714.
Test Case '-[TesseraCoreTests.ThumbnailFlightDrainTests testCachedHitNeedsNoFlightHandle]' started.
Test Case '-[TesseraCoreTests.ThumbnailFlightDrainTests testCachedHitNeedsNoFlightHandle]' passed (0.001 seconds).
Test Case '-[TesseraCoreTests.ThumbnailFlightDrainTests testCancelledCoalescedSubscriberSharesRunningDrain]' started.
Test Case '-[TesseraCoreTests.ThumbnailFlightDrainTests testCancelledCoalescedSubscriberSharesRunningDrain]' passed (0.007 seconds).
Test Case '-[TesseraCoreTests.ThumbnailFlightDrainTests testCancelledPendingReplacementWaitsForOlderSameKeyWorker]' started.
Test Case '-[TesseraCoreTests.ThumbnailFlightDrainTests testCancelledPendingReplacementWaitsForOlderSameKeyWorker]' passed (0.007 seconds).
Test Case '-[TesseraCoreTests.ThumbnailFlightDrainTests testInvalidateDetachesSubscriberButWaitsForRunningWorkerDrain]' started.
Test Case '-[TesseraCoreTests.ThumbnailFlightDrainTests testInvalidateDetachesSubscriberButWaitsForRunningWorkerDrain]' passed (0.007 seconds).
Test Case '-[TesseraCoreTests.ThumbnailFlightDrainTests testPendingOnlyCancellationDrainsImmediately]' started.
Test Case '-[TesseraCoreTests.ThumbnailFlightDrainTests testPendingOnlyCancellationDrainsImmediately]' passed (0.001 seconds).
Test Case '-[TesseraCoreTests.ThumbnailFlightDrainTests testRemoveAllAndLoaderReleaseDoNotStrandRunningDrain]' started.
Test Case '-[TesseraCoreTests.ThumbnailFlightDrainTests testRemoveAllAndLoaderReleaseDoNotStrandRunningDrain]' passed (0.007 seconds).
Test Suite 'ThumbnailFlightDrainTests' passed at 2026-09-28 16:37:50.744.
	 Executed 6 tests, with 0 failures (0 unexpected) in 0.030 (0.030) seconds
Test Suite 'ThumbnailQueueTests' started at 2026-09-28 16:37:50.744.
Test Case '-[TesseraCoreTests.ThumbnailQueueTests testCancelAndImmediatelyResubscribeDoesNotOverlapSameKey]' started.
Test Case '-[TesseraCoreTests.ThumbnailQueueTests testCancelAndImmediatelyResubscribeDoesNotOverlapSameKey]' passed (0.001 seconds).
Test Case '-[TesseraCoreTests.ThumbnailQueueTests testCancellingSharedSubscriberKeepsOtherTierAndSubscriber]' started.
Test Case '-[TesseraCoreTests.ThumbnailQueueTests testCancellingSharedSubscriberKeepsOtherTierAndSubscriber]' passed (0.010 seconds).
Test Case '-[TesseraCoreTests.ThumbnailQueueTests testGridAndFilmstripShareOneDecodedImage]' started.
Test Case '-[TesseraCoreTests.ThumbnailQueueTests testGridAndFilmstripShareOneDecodedImage]' passed (0.001 seconds).
Test Case '-[TesseraCoreTests.ThumbnailQueueTests testLateSubscriberAfterCacheEvictionStillReceivesResult]' started.
Test Case '-[TesseraCoreTests.ThumbnailQueueTests testLateSubscriberAfterCacheEvictionStillReceivesResult]' passed (0.001 seconds).
Test Case '-[TesseraCoreTests.ThumbnailQueueTests testLoupeIsNextAdmissionAheadOfThumbnailBacklog]' started.
Test Case '-[TesseraCoreTests.ThumbnailQueueTests testLoupeIsNextAdmissionAheadOfThumbnailBacklog]' passed (0.010 seconds).
Test Case '-[TesseraCoreTests.ThumbnailQueueTests testMixedTiersShareViewportPendingBudget]' started.
Test Case '-[TesseraCoreTests.ThumbnailQueueTests testMixedTiersShareViewportPendingBudget]' passed (0.000 seconds).
Test Case '-[TesseraCoreTests.ThumbnailQueueTests testPendingCancellationRemovesSubscriberSynchronously]' started.
Test Case '-[TesseraCoreTests.ThumbnailQueueTests testPendingCancellationRemovesSubscriberSynchronously]' passed (0.000 seconds).
Test Case '-[TesseraCoreTests.ThumbnailQueueTests testReentrantInvalidationPreventsOtherSharedDeliveryAndCanReload]' started.
Test Case '-[TesseraCoreTests.ThumbnailQueueTests testReentrantInvalidationPreventsOtherSharedDeliveryAndCanReload]' passed (0.001 seconds).
Test Case '-[TesseraCoreTests.ThumbnailQueueTests testTwentyThousandRequestsKeepOnlyNewestBoundedBacklog]' started.
Test Case '-[TesseraCoreTests.ThumbnailQueueTests testTwentyThousandRequestsKeepOnlyNewestBoundedBacklog]' passed (0.431 seconds).
Test Case '-[TesseraCoreTests.ThumbnailQueueTests testTwentyThousandReversalDeliversOnlyFinalViewport]' started.
Test Case '-[TesseraCoreTests.ThumbnailQueueTests testTwentyThousandReversalDeliversOnlyFinalViewport]' passed (0.636 seconds).
Test Case '-[TesseraCoreTests.ThumbnailQueueTests testViewportOwnersResizeAndReleaseBound]' started.
Test Case '-[TesseraCoreTests.ThumbnailQueueTests testViewportOwnersResizeAndReleaseBound]' passed (0.002 seconds).
Test Suite 'ThumbnailQueueTests' passed at 2026-09-28 16:37:51.838.
	 Executed 11 tests, with 0 failures (0 unexpected) in 1.092 (1.093) seconds
Test Suite 'ThumbnailViewportTests' started at 2026-09-28 16:37:51.838.
Test Case '-[TesseraCoreTests.ThumbnailViewportTests testHiddenRetainedGridDoesNotContributeViewportBudget]' started.
Test Case '-[TesseraCoreTests.ThumbnailViewportTests testHiddenRetainedGridDoesNotContributeViewportBudget]' passed (0.003 seconds).
Test Suite 'ThumbnailViewportTests' passed at 2026-09-28 16:37:51.841.
	 Executed 1 test, with 0 failures (0 unexpected) in 0.003 (0.003) seconds
Test Suite 'TransformLensBlurTests' started at 2026-09-28 16:37:51.841.
Test Case '-[TesseraCoreTests.TransformLensBlurTests testAIDenoiseTogglesTheNeuralModeAndAmount]' started.
Test Case '-[TesseraCoreTests.TransformLensBlurTests testAIDenoiseTogglesTheNeuralModeAndAmount]' passed (0.000 seconds).
Test Case '-[TesseraCoreTests.TransformLensBlurTests testGuidedEditorKeepsTwoToFourGuidesInTheImage]' started.
Test Case '-[TesseraCoreTests.TransformLensBlurTests testGuidedEditorKeepsTwoToFourGuidesInTheImage]' passed (0.000 seconds).
Test Case '-[TesseraCoreTests.TransformLensBlurTests testLensBlurApplyBokehAndFocalRange]' started.
Test Case '-[TesseraCoreTests.TransformLensBlurTests testLensBlurApplyBokehAndFocalRange]' passed (0.000 seconds).
Test Case '-[TesseraCoreTests.TransformLensBlurTests testTransformSlidersWriteTheirPatchesAndResetPerGroup]' started.
Test Case '-[TesseraCoreTests.TransformLensBlurTests testTransformSlidersWriteTheirPatchesAndResetPerGroup]' passed (0.000 seconds).
Test Case '-[TesseraCoreTests.TransformLensBlurTests testUprightButtonsWriteTheirModeAndClearGuides]' started.
Test Case '-[TesseraCoreTests.TransformLensBlurTests testUprightButtonsWriteTheirModeAndClearGuides]' passed (0.000 seconds).
Test Suite 'TransformLensBlurTests' passed at 2026-09-28 16:37:51.842.
	 Executed 5 tests, with 0 failures (0 unexpected) in 0.001 (0.001) seconds
Test Suite 'TransformSessionTests' started at 2026-09-28 16:37:51.842.
Test Case '-[TesseraCoreTests.TransformSessionTests testTransformDragsAndUprightButtonsAreOneHistoryStepEach]' started.
develop original L2 calibration [first, tone, WB] ms: CPU [469.888292, 209.58175, 226.677084]; GPU [282.729042, 1.447916, 7.211459]
Test Case '-[TesseraCoreTests.TransformSessionTests testTransformDragsAndUprightButtonsAreOneHistoryStepEach]' passed (5.796 seconds).
Test Case '-[TesseraCoreTests.TransformSessionTests testUprightAutoChangesTheRenderedFrame]' started.
develop original L2 calibration [first, tone, WB] ms: CPU [509.364084, 206.575167, 239.45783400000002]; GPU [291.867667, 1.483625, 7.273625]
Test Case '-[TesseraCoreTests.TransformSessionTests testUprightAutoChangesTheRenderedFrame]' passed (21.531 seconds).
Test Suite 'TransformSessionTests' passed at 2026-09-28 16:38:19.170.
	 Executed 2 tests, with 0 failures (0 unexpected) in 27.327 (27.327) seconds
Test Suite 'UncorrectedPlacementTests' started at 2026-09-28 16:38:19.170.
Test Case '-[TesseraCoreTests.UncorrectedPlacementTests testGuidedEnterAndExitToggleTheUncorrectedView]' started.
Test Case '-[TesseraCoreTests.UncorrectedPlacementTests testGuidedEnterAndExitToggleTheUncorrectedView]' passed (0.000 seconds).
Test Suite 'UncorrectedPlacementTests' passed at 2026-09-28 16:38:19.170.
	 Executed 1 test, with 0 failures (0 unexpected) in 0.000 (0.000) seconds
Test Suite 'WorkspaceBrowserRestoreTests' started at 2026-09-28 16:38:19.170.
Test Case '-[TesseraCoreTests.WorkspaceBrowserRestoreTests testReturnRestoresGridAnchorWithoutFocusSnap]' started.
Test Case '-[TesseraCoreTests.WorkspaceBrowserRestoreTests testReturnRestoresGridAnchorWithoutFocusSnap]' passed (0.023 seconds).
Test Case '-[TesseraCoreTests.WorkspaceBrowserRestoreTests testReviewEditRoundTripRestoresNativeAnchorAfterColumnResize]' started.
Test Case '-[TesseraCoreTests.WorkspaceBrowserRestoreTests testReviewEditRoundTripRestoresNativeAnchorAfterColumnResize]' passed (0.011 seconds).
Test Suite 'WorkspaceBrowserRestoreTests' passed at 2026-09-28 16:38:19.204.
	 Executed 2 tests, with 0 failures (0 unexpected) in 0.034 (0.034) seconds
Test Suite 'WorkspaceNavigationTests' started at 2026-09-28 16:38:19.204.
Test Case '-[TesseraCoreTests.WorkspaceNavigationTests testChangingSourceExitsEditWithoutRestoringOldSource]' started.
Test Case '-[TesseraCoreTests.WorkspaceNavigationTests testChangingSourceExitsEditWithoutRestoringOldSource]' passed (0.000 seconds).
Test Case '-[TesseraCoreTests.WorkspaceNavigationTests testCompareReturnRestoresPairAndActiveSide]' started.
Test Case '-[TesseraCoreTests.WorkspaceNavigationTests testCompareReturnRestoresPairAndActiveSide]' passed (0.000 seconds).
Test Case '-[TesseraCoreTests.WorkspaceNavigationTests testEditTargetsOnePhotoAndReturnsOriginalSelection]' started.
Test Case '-[TesseraCoreTests.WorkspaceNavigationTests testEditTargetsOnePhotoAndReturnsOriginalSelection]' passed (0.000 seconds).
Test Case '-[TesseraCoreTests.WorkspaceNavigationTests testEveryExitDisarmsModelOwnedPointerTools]' started.
Test Case '-[TesseraCoreTests.WorkspaceNavigationTests testEveryExitDisarmsModelOwnedPointerTools]' passed (0.002 seconds).
Test Case '-[TesseraCoreTests.WorkspaceNavigationTests testInspectorTabKeepsTargetAndReturnState]' started.
Test Case '-[TesseraCoreTests.WorkspaceNavigationTests testInspectorTabKeepsTargetAndReturnState]' passed (0.000 seconds).
Test Case '-[TesseraCoreTests.WorkspaceNavigationTests testInstallingDifferentLibraryDiscardsBookmark]' started.
Test Case '-[TesseraCoreTests.WorkspaceNavigationTests testInstallingDifferentLibraryDiscardsBookmark]' passed (0.000 seconds).
Test Case '-[TesseraCoreTests.WorkspaceNavigationTests testPhotoEditUndoCannotConsumeCullHistory]' started.
Test Case '-[TesseraCoreTests.WorkspaceNavigationTests testPhotoEditUndoCannotConsumeCullHistory]' passed (0.000 seconds).
Test Case '-[TesseraCoreTests.WorkspaceNavigationTests testRenderedCopyRequestCapturesTargetAndCancelHasNoSideEffect]' started.
Test Case '-[TesseraCoreTests.WorkspaceNavigationTests testRenderedCopyRequestCapturesTargetAndCancelHasNoSideEffect]' passed (0.000 seconds).
Test Case '-[TesseraCoreTests.WorkspaceNavigationTests testScopeUsesCompareCandidateRatherThanOriginalSelection]' started.
Test Case '-[TesseraCoreTests.WorkspaceNavigationTests testScopeUsesCompareCandidateRatherThanOriginalSelection]' passed (0.000 seconds).
Test Case '-[TesseraCoreTests.WorkspaceNavigationTests testUnavailablePhotoExplainsItsActualStateInEdit]' started.
Test Case '-[TesseraCoreTests.WorkspaceNavigationTests testUnavailablePhotoExplainsItsActualStateInEdit]' passed (0.000 seconds).
Test Suite 'WorkspaceNavigationTests' passed at 2026-09-28 16:38:19.208.
	 Executed 10 tests, with 0 failures (0 unexpected) in 0.004 (0.005) seconds
Test Suite 'WorkspaceReadyPhotoTests' started at 2026-09-28 16:38:19.208.
Test Case '-[TesseraCoreTests.WorkspaceReadyPhotoTests testRealRAWDevelopAndMasksRemainReadyAcrossInspectorTabs]' started.
develop original L2 calibration [first, tone, WB] ms: CPU [486.52025, 192.342667, 229.03833300000002]; GPU [280.439, 1.668166, 6.821]
Test Case '-[TesseraCoreTests.WorkspaceReadyPhotoTests testRealRAWDevelopAndMasksRemainReadyAcrossInspectorTabs]' passed (4.401 seconds).
Test Suite 'WorkspaceReadyPhotoTests' passed at 2026-09-28 16:38:23.610.
	 Executed 1 test, with 0 failures (0 unexpected) in 4.401 (4.402) seconds
Test Suite 'WorkspaceSelectionTests' started at 2026-09-28 16:38:23.610.
Test Case '-[TesseraCoreTests.WorkspaceSelectionTests testEmptyDestinationHasNoAccidentalTarget]' started.
Test Case '-[TesseraCoreTests.WorkspaceSelectionTests testEmptyDestinationHasNoAccidentalTarget]' passed (0.000 seconds).
Test Case '-[TesseraCoreTests.WorkspaceSelectionTests testRestorationUsesStableKeysAfterInsertionAndRemoval]' started.
Test Case '-[TesseraCoreTests.WorkspaceSelectionTests testRestorationUsesStableKeysAfterInsertionAndRemoval]' passed (0.000 seconds).
Test Suite 'WorkspaceSelectionTests' passed at 2026-09-28 16:38:23.611.
	 Executed 2 tests, with 0 failures (0 unexpected) in 0.000 (0.001) seconds
Test Suite 'TesseraPackageTests.xctest' passed at 2026-09-28 16:38:23.611.
	 Executed 703 tests, with 1 test skipped and 0 failures (0 unexpected) in 218.475 (218.538) seconds
Test Suite 'All tests' passed at 2026-09-28 16:38:23.611.
	 Executed 703 tests, with 1 test skipped and 0 failures (0 unexpected) in 218.475 (218.539) seconds
lensblur-export-warning: ["sony-arw.ARW: Lens Blur skipped: Lens Blur depth model is not cached; download depth/anything-v2-small in Models"]
M2-54 lookup count=1000 before_ms=0.03181934356689453 after_ms=0.003631114959716797
M2-54 lookup count=20000 before_ms=0.6020498275756836 after_ms=0.0030803680419921875
M2-54 core_install_ms=0.17499923706054688 select_all_ms=0.024080276489257812
M2-54 warm_bottom_100 count=1000 before_median_ms=0.12505054473876953 median_ms=0.10001659393310547 max_ms=0.18596649169921875
M2-54 warm_bottom_100 count=20000 before_median_ms=0.6690025329589844 median_ms=0.102996826171875 max_ms=0.12695789337158203
M2-54 warm_bottom_100 ratio=1.029797377830751 target=1.2
P08 20k retained subscribers: 68
P08 20k forward/reverse: peak pending=24, active=4, subscribers=24, delivered=24, traceMs=635.4986252263188
upright-auto: 640x426 -> 640x426, 43.4% of pixels changed
◇ Test run started.
↳ Testing Library Version: 1902
↳ Target Platform: arm64e-apple-macos14.0
◇ Suite CullStoreTests started.
◇ Suite GroupingTests started.
◇ Test exifDateParsing() started.
◇ Test splitsOnGaps() started.
◇ Test decisionsGradesMarksBasket() started.
◇ Test undoRedo() started.
◇ Test syntheticLibraryIsGroupedAndSorted() started.
✔ Test decisionsGradesMarksBasket() passed after 0.001 seconds.
✔ Test undoRedo() passed after 0.001 seconds.
✔ Test splitsOnGaps() passed after 0.001 seconds.
✔ Test exifDateParsing() passed after 0.001 seconds.
✔ Suite CullStoreTests passed after 0.001 seconds.
✔ Test syntheticLibraryIsGroupedAndSorted() passed after 0.023 seconds.
✔ Suite GroupingTests passed after 0.024 seconds.
✔ Test run with 5 tests in 2 suites passed after 0.024 seconds.
