[0/1] Planning build
Building for production...
[0/3] Write swift-version--58304C5D6DBC2206.txt
Build complete! (0.72s)
Test Suite 'All tests' started at 2026-09-27 13:41:04.878.
Test Suite 'TesseraPackageTests.xctest' started at 2026-09-27 13:41:04.879.
Test Suite 'AISettingsTests' started at 2026-09-27 13:41:04.879.
Test Case '-[TesseraCoreTests.AISettingsTests testKeychainStoreRoundTripUsesItsOwnService]' started.
Test Case '-[TesseraCoreTests.AISettingsTests testKeychainStoreRoundTripUsesItsOwnService]' passed (0.028 seconds).
Test Case '-[TesseraCoreTests.AISettingsTests testKeysLiveOnlyInTheSecretStoreAndProvidersReadThemLate]' started.
Test Case '-[TesseraCoreTests.AISettingsTests testKeysLiveOnlyInTheSecretStoreAndProvidersReadThemLate]' passed (0.001 seconds).
Test Case '-[TesseraCoreTests.AISettingsTests testPreferencesToleratePartialFilesAndClampGuardrails]' started.
Test Case '-[TesseraCoreTests.AISettingsTests testPreferencesToleratePartialFilesAndClampGuardrails]' passed (0.001 seconds).
Test Suite 'AISettingsTests' passed at 2026-09-27 13:41:04.909.
	 Executed 3 tests, with 0 failures (0 unexpected) in 0.030 (0.031) seconds
Test Suite 'AgentFadeTests' started at 2026-09-27 13:41:04.909.
Test Case '-[TesseraCoreTests.AgentFadeTests testBlendInterpolatesNumbersAndSwitchesOtherValuesAtHalf]' started.
Test Case '-[TesseraCoreTests.AgentFadeTests testBlendInterpolatesNumbersAndSwitchesOtherValuesAtHalf]' passed (0.000 seconds).
Test Case '-[TesseraCoreTests.AgentFadeTests testMergePatchRemovesMembersWithNull]' started.
Test Case '-[TesseraCoreTests.AgentFadeTests testMergePatchRemovesMembersWithNull]' passed (0.000 seconds).
Test Case '-[TesseraCoreTests.AgentFadeTests testPatchOnlyTouchesWhatTheAmountChangesAndKeepsLaterEdits]' started.
Test Case '-[TesseraCoreTests.AgentFadeTests testPatchOnlyTouchesWhatTheAmountChangesAndKeepsLaterEdits]' passed (0.000 seconds).
Test Suite 'AgentFadeTests' passed at 2026-09-27 13:41:04.910.
	 Executed 3 tests, with 0 failures (0 unexpected) in 0.001 (0.001) seconds
Test Suite 'AgentReviewQueueTests' started at 2026-09-27 13:41:04.910.
Test Case '-[TesseraCoreTests.AgentReviewQueueTests testOrdersFailuresThenLeastConfidentFirst]' started.
Test Case '-[TesseraCoreTests.AgentReviewQueueTests testOrdersFailuresThenLeastConfidentFirst]' passed (0.000 seconds).
Test Case '-[TesseraCoreTests.AgentReviewQueueTests testRedoMergeReplacesOnlyThosePhotos]' started.
Test Case '-[TesseraCoreTests.AgentReviewQueueTests testRedoMergeReplacesOnlyThosePhotos]' passed (0.000 seconds).
Test Case '-[TesseraCoreTests.AgentReviewQueueTests testStatusesChangeInPlaceAndNextSkipsReviewed]' started.
Test Case '-[TesseraCoreTests.AgentReviewQueueTests testStatusesChangeInPlaceAndNextSkipsReviewed]' passed (0.000 seconds).
Test Suite 'AgentReviewQueueTests' passed at 2026-09-27 13:41:04.911.
	 Executed 3 tests, with 0 failures (0 unexpected) in 0.000 (0.000) seconds
Test Suite 'AssistBridgeTests' started at 2026-09-27 13:41:04.911.
Test Case '-[TesseraCoreTests.AssistBridgeTests testAutomatedSuggestionsConfirmAndFacesThroughTheController]' started.
Test Case '-[TesseraCoreTests.AssistBridgeTests testAutomatedSuggestionsConfirmAndFacesThroughTheController]' passed (0.086 seconds).
Test Suite 'AssistBridgeTests' passed at 2026-09-27 13:41:04.996.
	 Executed 1 test, with 0 failures (0 unexpected) in 0.086 (0.086) seconds
Test Suite 'BridgeTests' started at 2026-09-27 13:41:04.996.
Test Case '-[TesseraCoreTests.BridgeTests testBasketAlbumsSafeDeleteAndDefectSweep]' started.
Test Case '-[TesseraCoreTests.BridgeTests testBasketAlbumsSafeDeleteAndDefectSweep]' passed (0.248 seconds).
Test Case '-[TesseraCoreTests.BridgeTests testDeleteFromDiskTrashesFileAndLeavesTheQueue]' started.
Test Case '-[TesseraCoreTests.BridgeTests testDeleteFromDiskTrashesFileAndLeavesTheQueue]' passed (0.045 seconds).
Test Case '-[TesseraCoreTests.BridgeTests testGroupNavigationComesFromTheSession]' started.
Test Case '-[TesseraCoreTests.BridgeTests testGroupNavigationComesFromTheSession]' passed (0.012 seconds).
Test Case '-[TesseraCoreTests.BridgeTests testKeepBestRejectRestIsOneUndoableStepThatPersists]' started.
Test Case '-[TesseraCoreTests.BridgeTests testKeepBestRejectRestIsOneUndoableStepThatPersists]' passed (0.134 seconds).
Test Case '-[TesseraCoreTests.BridgeTests testRawFixturesPersistAcrossReopenThroughTheSession]' started.
Test Case '-[TesseraCoreTests.BridgeTests testRawFixturesPersistAcrossReopenThroughTheSession]' passed (2.458 seconds).
Test Case '-[TesseraCoreTests.BridgeTests testRestoreDoesNotCreateUndoHistory]' started.
Test Case '-[TesseraCoreTests.BridgeTests testRestoreDoesNotCreateUndoHistory]' passed (0.000 seconds).
Test Suite 'BridgeTests' passed at 2026-09-27 13:41:07.893.
	 Executed 6 tests, with 0 failures (0 unexpected) in 2.896 (2.896) seconds
Test Suite 'DevelopPanelsSessionTests' started at 2026-09-27 13:41:07.893.
Test Case '-[TesseraCoreTests.DevelopPanelsSessionTests testPanelsDriveTheSession]' started.
develop L2 calibration [first, tone, WB] ms: CPU [436.568084, 184.80783300000002, 212.07791600000002]; GPU [278.042291, 1.793167, 6.376625000000001]
Test Case '-[TesseraCoreTests.DevelopPanelsSessionTests testPanelsDriveTheSession]' passed (1.576 seconds).
Test Suite 'DevelopPanelsSessionTests' passed at 2026-09-27 13:41:09.469.
	 Executed 1 test, with 0 failures (0 unexpected) in 1.576 (1.576) seconds
Test Suite 'DevelopPanelsTests' started at 2026-09-27 13:41:09.469.
Test Case '-[TesseraCoreTests.DevelopPanelsTests testCropOrientationRoundTripAndConstraints]' started.
Test Case '-[TesseraCoreTests.DevelopPanelsTests testCropOrientationRoundTripAndConstraints]' passed (0.000 seconds).
Test Case '-[TesseraCoreTests.DevelopPanelsTests testCurveEditorKeepsMonotoneValidPoints]' started.
Test Case '-[TesseraCoreTests.DevelopPanelsTests testCurveEditorKeepsMonotoneValidPoints]' passed (0.031 seconds).
Test Case '-[TesseraCoreTests.DevelopPanelsTests testCurveEvaluationMatchesKnotsAndIdentity]' started.
Test Case '-[TesseraCoreTests.DevelopPanelsTests testCurveEvaluationMatchesKnotsAndIdentity]' passed (0.000 seconds).
Test Case '-[TesseraCoreTests.DevelopPanelsTests testEachPanelControlWritesItsPatch]' started.
Test Case '-[TesseraCoreTests.DevelopPanelsTests testEachPanelControlWritesItsPatch]' passed (0.000 seconds).
Test Case '-[TesseraCoreTests.DevelopPanelsTests testHueBandWeightsAndTargetedAdjustment]' started.
Test Case '-[TesseraCoreTests.DevelopPanelsTests testHueBandWeightsAndTargetedAdjustment]' passed (0.000 seconds).
Test Case '-[TesseraCoreTests.DevelopPanelsTests testMergePatchAccumulatesLikeRFC7386]' started.
Test Case '-[TesseraCoreTests.DevelopPanelsTests testMergePatchAccumulatesLikeRFC7386]' passed (0.000 seconds).
Test Case '-[TesseraCoreTests.DevelopPanelsTests testPresetsArePartialRecipesSavedAsJSON]' started.
Test Case '-[TesseraCoreTests.DevelopPanelsTests testPresetsArePartialRecipesSavedAsJSON]' passed (0.001 seconds).
Test Suite 'DevelopPanelsTests' passed at 2026-09-27 13:41:09.502.
	 Executed 7 tests, with 0 failures (0 unexpected) in 0.033 (0.034) seconds
Test Suite 'DevelopTests' started at 2026-09-27 13:41:09.502.
Test Case '-[TesseraCoreTests.DevelopTests testAppModelOpensRenderedJpegAndHeic]' started.
/Users/rutmehta/.codex/worktrees/workspace-redesign/tessera/apps/mac/build/develop-app-rendered-F7463799-70C0-4159-B1DB-6D02EBC478DA/shoot/photo.jpg
  /Users/rutmehta/.codex/worktrees/workspace-redesign/tessera/apps/mac/build/develop-app-rendered-F7463799-70C0-4159-B1DB-6D02EBC478DA/shoot/photo.heic
develop L2 calibration [first, tone, WB] ms: CPU [0.377958, 0.253125, 0.24808300000000003]; GPU [2.638292, 0.5158330000000001, 0.6342500000000001]
Test Case '-[TesseraCoreTests.DevelopTests testAppModelOpensRenderedJpegAndHeic]' passed (0.242 seconds).
Test Case '-[TesseraCoreTests.DevelopTests testJpegIsDevelopable]' started.
develop L2 calibration [first, tone, WB] ms: CPU [0.3495, 0.30104200000000003, 0.292792]; GPU [2.537208, 0.541583, 0.707917]
Test Case '-[TesseraCoreTests.DevelopTests testJpegIsDevelopable]' passed (0.034 seconds).
Test Case '-[TesseraCoreTests.DevelopTests testSettingsChangeRendersIntoTheSurfaceAndReopenRestoresExposure]' started.
develop L2 calibration [first, tone, WB] ms: CPU [446.220083, 186.755125, 214.799833]; GPU [254.64700000000002, 1.478167, 6.418042]
develop L2 calibration [first, tone, WB] ms: CPU [438.64275000000004, 190.848958, 214.3505]; GPU [294.142083, 1.574791, 7.185667]
Test Case '-[TesseraCoreTests.DevelopTests testSettingsChangeRendersIntoTheSurfaceAndReopenRestoresExposure]' passed (2.638 seconds).
Test Suite 'DevelopTests' passed at 2026-09-27 13:41:12.417.
	 Executed 3 tests, with 0 failures (0 unexpected) in 2.914 (2.914) seconds
Test Suite 'DocumentAdjustmentAnalysisTests' started at 2026-09-27 13:41:12.417.
Test Case '-[TesseraCoreTests.DocumentAdjustmentAnalysisTests testAutoToneStretchesEachChannelAndColorSetsGamma]' started.
Test Case '-[TesseraCoreTests.DocumentAdjustmentAnalysisTests testAutoToneStretchesEachChannelAndColorSetsGamma]' passed (0.000 seconds).
Test Case '-[TesseraCoreTests.DocumentAdjustmentAnalysisTests testBlackWhiteAutoMatchesLumaAndKeepsDefaultsForMissingHues]' started.
Test Case '-[TesseraCoreTests.DocumentAdjustmentAnalysisTests testBlackWhiteAutoMatchesLumaAndKeepsDefaultsForMissingHues]' passed (0.000 seconds).
Test Case '-[TesseraCoreTests.DocumentAdjustmentAnalysisTests testCompositeAnalysisNeutralizesTheLayerAndLeavesNoTrace]' started.
Test Case '-[TesseraCoreTests.DocumentAdjustmentAnalysisTests testCompositeAnalysisNeutralizesTheLayerAndLeavesNoTrace]' passed (0.028 seconds).
Test Case '-[TesseraCoreTests.DocumentAdjustmentAnalysisTests testCubeAnd3DLLoaders]' started.
Test Case '-[TesseraCoreTests.DocumentAdjustmentAnalysisTests testCubeAnd3DLLoaders]' passed (0.000 seconds).
Test Case '-[TesseraCoreTests.DocumentAdjustmentAnalysisTests testEqualizeMapsAreCDFMinNormalized]' started.
Test Case '-[TesseraCoreTests.DocumentAdjustmentAnalysisTests testEqualizeMapsAreCDFMinNormalized]' passed (0.000 seconds).
Test Case '-[TesseraCoreTests.DocumentAdjustmentAnalysisTests testHDREqualizeFreezesALuminanceMap]' started.
Test Case '-[TesseraCoreTests.DocumentAdjustmentAnalysisTests testHDREqualizeFreezesALuminanceMap]' passed (0.000 seconds).
Test Case '-[TesseraCoreTests.DocumentAdjustmentAnalysisTests testLabStatisticsAndMatchColor]' started.
Test Case '-[TesseraCoreTests.DocumentAdjustmentAnalysisTests testLabStatisticsAndMatchColor]' passed (0.000 seconds).
Test Case '-[TesseraCoreTests.DocumentAdjustmentAnalysisTests testMenusListEveryKindOnceInPhotoshopOrder]' started.
Test Case '-[TesseraCoreTests.DocumentAdjustmentAnalysisTests testMenusListEveryKindOnceInPhotoshopOrder]' passed (0.000 seconds).
Test Case '-[TesseraCoreTests.DocumentAdjustmentAnalysisTests testNewImageDependentLayersAreAnalysed]' started.
Test Case '-[TesseraCoreTests.DocumentAdjustmentAnalysisTests testNewImageDependentLayersAreAnalysed]' passed (0.013 seconds).
Test Case '-[TesseraCoreTests.DocumentAdjustmentAnalysisTests testPhotoFilterPresetsMatchTheEngineSwatches]' started.
Test Case '-[TesseraCoreTests.DocumentAdjustmentAnalysisTests testPhotoFilterPresetsMatchTheEngineSwatches]' passed (0.000 seconds).
Test Case '-[TesseraCoreTests.DocumentAdjustmentAnalysisTests testSaveAsNames]' started.
Test Case '-[TesseraCoreTests.DocumentAdjustmentAnalysisTests testSaveAsNames]' passed (0.000 seconds).
Test Case '-[TesseraCoreTests.DocumentAdjustmentAnalysisTests testStubRendersTheNewPointwiseKinds]' started.
Test Case '-[TesseraCoreTests.DocumentAdjustmentAnalysisTests testStubRendersTheNewPointwiseKinds]' passed (0.001 seconds).
Test Suite 'DocumentAdjustmentAnalysisTests' passed at 2026-09-27 13:41:12.460.
	 Executed 12 tests, with 0 failures (0 unexpected) in 0.043 (0.043) seconds
Test Suite 'DocumentAdjustmentJSONTests' started at 2026-09-27 13:41:12.460.
Test Case '-[TesseraCoreTests.DocumentAdjustmentJSONTests testAuto]' started.
Test Case '-[TesseraCoreTests.DocumentAdjustmentJSONTests testAuto]' passed (0.010 seconds).
Test Case '-[TesseraCoreTests.DocumentAdjustmentJSONTests testBlackWhite]' started.
Test Case '-[TesseraCoreTests.DocumentAdjustmentJSONTests testBlackWhite]' passed (0.009 seconds).
Test Case '-[TesseraCoreTests.DocumentAdjustmentJSONTests testBrightnessContrast]' started.
Test Case '-[TesseraCoreTests.DocumentAdjustmentJSONTests testBrightnessContrast]' passed (0.009 seconds).
Test Case '-[TesseraCoreTests.DocumentAdjustmentJSONTests testChannelMixer]' started.
Test Case '-[TesseraCoreTests.DocumentAdjustmentJSONTests testChannelMixer]' passed (0.009 seconds).
Test Case '-[TesseraCoreTests.DocumentAdjustmentJSONTests testColorBalance]' started.
Test Case '-[TesseraCoreTests.DocumentAdjustmentJSONTests testColorBalance]' passed (0.009 seconds).
Test Case '-[TesseraCoreTests.DocumentAdjustmentJSONTests testColorLookup]' started.
Test Case '-[TesseraCoreTests.DocumentAdjustmentJSONTests testColorLookup]' passed (0.009 seconds).
Test Case '-[TesseraCoreTests.DocumentAdjustmentJSONTests testCurves]' started.
Test Case '-[TesseraCoreTests.DocumentAdjustmentJSONTests testCurves]' passed (0.009 seconds).
Test Case '-[TesseraCoreTests.DocumentAdjustmentJSONTests testDesaturate]' started.
Test Case '-[TesseraCoreTests.DocumentAdjustmentJSONTests testDesaturate]' passed (0.009 seconds).
Test Case '-[TesseraCoreTests.DocumentAdjustmentJSONTests testEqualize]' started.
Test Case '-[TesseraCoreTests.DocumentAdjustmentJSONTests testEqualize]' passed (0.009 seconds).
Test Case '-[TesseraCoreTests.DocumentAdjustmentJSONTests testExposure]' started.
Test Case '-[TesseraCoreTests.DocumentAdjustmentJSONTests testExposure]' passed (0.009 seconds).
Test Case '-[TesseraCoreTests.DocumentAdjustmentJSONTests testFixtureCoversEveryKindAndRoundTrips]' started.
Test Case '-[TesseraCoreTests.DocumentAdjustmentJSONTests testFixtureCoversEveryKindAndRoundTrips]' passed (0.001 seconds).
Test Case '-[TesseraCoreTests.DocumentAdjustmentJSONTests testGradientMap]' started.
Test Case '-[TesseraCoreTests.DocumentAdjustmentJSONTests testGradientMap]' passed (0.009 seconds).
Test Case '-[TesseraCoreTests.DocumentAdjustmentJSONTests testHdrToning]' started.
Test Case '-[TesseraCoreTests.DocumentAdjustmentJSONTests testHdrToning]' passed (0.009 seconds).
Test Case '-[TesseraCoreTests.DocumentAdjustmentJSONTests testHueSaturation]' started.
Test Case '-[TesseraCoreTests.DocumentAdjustmentJSONTests testHueSaturation]' passed (0.009 seconds).
Test Case '-[TesseraCoreTests.DocumentAdjustmentJSONTests testInvert]' started.
Test Case '-[TesseraCoreTests.DocumentAdjustmentJSONTests testInvert]' passed (0.009 seconds).
Test Case '-[TesseraCoreTests.DocumentAdjustmentJSONTests testLevels]' started.
Test Case '-[TesseraCoreTests.DocumentAdjustmentJSONTests testLevels]' passed (0.009 seconds).
Test Case '-[TesseraCoreTests.DocumentAdjustmentJSONTests testMatchColor]' started.
Test Case '-[TesseraCoreTests.DocumentAdjustmentJSONTests testMatchColor]' passed (0.009 seconds).
Test Case '-[TesseraCoreTests.DocumentAdjustmentJSONTests testNeutralValuesRoundTripThroughTheEngine]' started.
Test Case '-[TesseraCoreTests.DocumentAdjustmentJSONTests testNeutralValuesRoundTripThroughTheEngine]' passed (0.009 seconds).
Test Case '-[TesseraCoreTests.DocumentAdjustmentJSONTests testPhotoFilter]' started.
Test Case '-[TesseraCoreTests.DocumentAdjustmentJSONTests testPhotoFilter]' passed (0.009 seconds).
Test Case '-[TesseraCoreTests.DocumentAdjustmentJSONTests testPosterize]' started.
Test Case '-[TesseraCoreTests.DocumentAdjustmentJSONTests testPosterize]' passed (0.009 seconds).
Test Case '-[TesseraCoreTests.DocumentAdjustmentJSONTests testReplaceColor]' started.
Test Case '-[TesseraCoreTests.DocumentAdjustmentJSONTests testReplaceColor]' passed (0.009 seconds).
Test Case '-[TesseraCoreTests.DocumentAdjustmentJSONTests testSelectiveColor]' started.
Test Case '-[TesseraCoreTests.DocumentAdjustmentJSONTests testSelectiveColor]' passed (0.009 seconds).
Test Case '-[TesseraCoreTests.DocumentAdjustmentJSONTests testShadowsHighlights]' started.
Test Case '-[TesseraCoreTests.DocumentAdjustmentJSONTests testShadowsHighlights]' passed (0.009 seconds).
Test Case '-[TesseraCoreTests.DocumentAdjustmentJSONTests testThreshold]' started.
Test Case '-[TesseraCoreTests.DocumentAdjustmentJSONTests testThreshold]' passed (0.009 seconds).
Test Case '-[TesseraCoreTests.DocumentAdjustmentJSONTests testVibrance]' started.
Test Case '-[TesseraCoreTests.DocumentAdjustmentJSONTests testVibrance]' passed (0.009 seconds).
Test Suite 'DocumentAdjustmentJSONTests' passed at 2026-09-27 13:41:12.679.
	 Executed 25 tests, with 0 failures (0 unexpected) in 0.218 (0.219) seconds
Test Suite 'DocumentAdjustmentModelTests' started at 2026-09-27 13:41:12.679.
Test Case '-[TesseraCoreTests.DocumentAdjustmentModelTests testEveryAdjustmentRoundTripsThroughJSON]' started.
Test Case '-[TesseraCoreTests.DocumentAdjustmentModelTests testEveryAdjustmentRoundTripsThroughJSON]' passed (0.000 seconds).
Test Case '-[TesseraCoreTests.DocumentAdjustmentModelTests testFillsRoundTrip]' started.
Test Case '-[TesseraCoreTests.DocumentAdjustmentModelTests testFillsRoundTrip]' passed (0.000 seconds).
Test Suite 'DocumentAdjustmentModelTests' passed at 2026-09-27 13:41:12.680.
	 Executed 2 tests, with 0 failures (0 unexpected) in 0.001 (0.001) seconds
Test Suite 'DocumentBlendModeTests' started at 2026-09-27 13:41:12.680.
Test Case '-[TesseraCoreTests.DocumentBlendModeTests testRoundTripAndGroups]' started.
Test Case '-[TesseraCoreTests.DocumentBlendModeTests testRoundTripAndGroups]' passed (0.000 seconds).
Test Case '-[TesseraCoreTests.DocumentBlendModeTests testStubAcceptsEveryModeAndRejectsOthers]' started.
Test Case '-[TesseraCoreTests.DocumentBlendModeTests testStubAcceptsEveryModeAndRejectsOthers]' passed (0.000 seconds).
Test Case '-[TesseraCoreTests.DocumentBlendModeTests testTwentySevenModesInPhotoshopOrder]' started.
Test Case '-[TesseraCoreTests.DocumentBlendModeTests testTwentySevenModesInPhotoshopOrder]' passed (0.000 seconds).
Test Suite 'DocumentBlendModeTests' passed at 2026-09-27 13:41:12.680.
	 Executed 3 tests, with 0 failures (0 unexpected) in 0.000 (0.001) seconds
Test Suite 'DocumentChannelsTests' started at 2026-09-27 13:41:12.680.
Test Case '-[TesseraCoreTests.DocumentChannelsTests testComponentVisibilityAndNames]' started.
Test Case '-[TesseraCoreTests.DocumentChannelsTests testComponentVisibilityAndNames]' passed (0.000 seconds).
Test Case '-[TesseraCoreTests.DocumentChannelsTests testEngineChannelsThroughTheAdapter]' started.
Test Case '-[TesseraCoreTests.DocumentChannelsTests testEngineChannelsThroughTheAdapter]' passed (0.011 seconds).
Test Case '-[TesseraCoreTests.DocumentChannelsTests testLoadSelectionFormMapping]' started.
Test Case '-[TesseraCoreTests.DocumentChannelsTests testLoadSelectionFormMapping]' passed (0.000 seconds).
Test Case '-[TesseraCoreTests.DocumentChannelsTests testPanelRowsFromRecords]' started.
Test Case '-[TesseraCoreTests.DocumentChannelsTests testPanelRowsFromRecords]' passed (0.000 seconds).
Test Case '-[TesseraCoreTests.DocumentChannelsTests testQuickMaskEnterExitOnTheStub]' started.
Test Case '-[TesseraCoreTests.DocumentChannelsTests testQuickMaskEnterExitOnTheStub]' passed (0.000 seconds).
Test Case '-[TesseraCoreTests.DocumentChannelsTests testSaveSelectionFormMapping]' started.
Test Case '-[TesseraCoreTests.DocumentChannelsTests testSaveSelectionFormMapping]' passed (0.000 seconds).
Test Case '-[TesseraCoreTests.DocumentChannelsTests testStubChannelsSaveLoadAndEdit]' started.
Test Case '-[TesseraCoreTests.DocumentChannelsTests testStubChannelsSaveLoadAndEdit]' passed (0.000 seconds).
Test Suite 'DocumentChannelsTests' passed at 2026-09-27 13:41:12.692.
	 Executed 7 tests, with 0 failures (0 unexpected) in 0.012 (0.012) seconds
Test Suite 'DocumentFiltersTests' started at 2026-09-27 13:41:12.692.
Test Case '-[TesseraCoreTests.DocumentFiltersTests testEngineFiltersThroughTheAdapter]' started.
Test Case '-[TesseraCoreTests.DocumentFiltersTests testEngineFiltersThroughTheAdapter]' passed (0.011 seconds).
Test Case '-[TesseraCoreTests.DocumentFiltersTests testFilterSettingsJSONRoundTrips]' started.
Test Case '-[TesseraCoreTests.DocumentFiltersTests testFilterSettingsJSONRoundTrips]' passed (0.001 seconds).
Test Case '-[TesseraCoreTests.DocumentFiltersTests testLastFilterMemoryRemembersPerFilterAndPersists]' started.
Test Case '-[TesseraCoreTests.DocumentFiltersTests testLastFilterMemoryRemembersPerFilterAndPersists]' passed (0.002 seconds).
Test Case '-[TesseraCoreTests.DocumentFiltersTests testMenusOpenDialogsAndLastFilterReapplies]' started.
Test Case '-[TesseraCoreTests.DocumentFiltersTests testMenusOpenDialogsAndLastFilterReapplies]' passed (0.035 seconds).
Test Case '-[TesseraCoreTests.DocumentFiltersTests testSchemaMapsEveryControlKind]' started.
Test Case '-[TesseraCoreTests.DocumentFiltersTests testSchemaMapsEveryControlKind]' passed (0.000 seconds).
Test Case '-[TesseraCoreTests.DocumentFiltersTests testTheEngineCatalogueDecodesAndGroups]' started.
Test Case '-[TesseraCoreTests.DocumentFiltersTests testTheEngineCatalogueDecodesAndGroups]' passed (0.000 seconds).
Test Case '-[TesseraCoreTests.DocumentFiltersTests testTheStubListsFiltersButNeedsTheEngineToApply]' started.
Test Case '-[TesseraCoreTests.DocumentFiltersTests testTheStubListsFiltersButNeedsTheEngineToApply]' passed (0.001 seconds).
Test Suite 'DocumentFiltersTests' passed at 2026-09-27 13:41:12.742.
	 Executed 7 tests, with 0 failures (0 unexpected) in 0.049 (0.050) seconds
Test Suite 'DocumentInspectorLayoutTests' started at 2026-09-27 13:41:12.742.
Test Case '-[TesseraCoreTests.DocumentInspectorLayoutTests testColumnBudgetAt1440AndAdjacentWidths]' started.
Test Case '-[TesseraCoreTests.DocumentInspectorLayoutTests testColumnBudgetAt1440AndAdjacentWidths]' passed (0.000 seconds).
Test Case '-[TesseraCoreTests.DocumentInspectorLayoutTests testInspectorFitsItsColumnForEveryLayerKindAt1440AndAdjacentWidths]' started.
Test Case '-[TesseraCoreTests.DocumentInspectorLayoutTests testInspectorFitsItsColumnForEveryLayerKindAt1440AndAdjacentWidths]' passed (6.026 seconds).
Test Suite 'DocumentInspectorLayoutTests' passed at 2026-09-27 13:41:18.768.
	 Executed 2 tests, with 0 failures (0 unexpected) in 6.026 (6.026) seconds
Test Suite 'DocumentKeyMapTests' started at 2026-09-27 13:41:18.768.
Test Case '-[TesseraCoreTests.DocumentKeyMapTests testCommandShortcuts]' started.
Test Case '-[TesseraCoreTests.DocumentKeyMapTests testCommandShortcuts]' passed (0.000 seconds).
Test Case '-[TesseraCoreTests.DocumentKeyMapTests testCullingKeysDoNothingInDocumentMode]' started.
Test Case '-[TesseraCoreTests.DocumentKeyMapTests testCullingKeysDoNothingInDocumentMode]' passed (0.000 seconds).
Test Case '-[TesseraCoreTests.DocumentKeyMapTests testToolsAndPanelKeys]' started.
Test Case '-[TesseraCoreTests.DocumentKeyMapTests testToolsAndPanelKeys]' passed (0.000 seconds).
Test Suite 'DocumentKeyMapTests' passed at 2026-09-27 13:41:18.768.
	 Executed 3 tests, with 0 failures (0 unexpected) in 0.000 (0.000) seconds
Test Suite 'DocumentKeyRoutingTests' started at 2026-09-27 13:41:18.768.
Test Case '-[TesseraCoreTests.DocumentKeyRoutingTests testCommandEInGridDisclosesRenderedCopyBeforeExistingHandoff]' started.
Test Case '-[TesseraCoreTests.DocumentKeyRoutingTests testCommandEInGridDisclosesRenderedCopyBeforeExistingHandoff]' passed (0.032 seconds).
Test Case '-[TesseraCoreTests.DocumentKeyRoutingTests testControllerGroupsAndDragsAsOneStepEach]' started.
Test Case '-[TesseraCoreTests.DocumentKeyRoutingTests testControllerGroupsAndDragsAsOneStepEach]' passed (0.001 seconds).
Test Case '-[TesseraCoreTests.DocumentKeyRoutingTests testCullingKeysDoNotFireInDocumentMode]' started.
Test Case '-[TesseraCoreTests.DocumentKeyRoutingTests testCullingKeysDoNotFireInDocumentMode]' passed (0.004 seconds).
Test Case '-[TesseraCoreTests.DocumentKeyRoutingTests testDocumentKeys]' started.
Test Case '-[TesseraCoreTests.DocumentKeyRoutingTests testDocumentKeys]' passed (0.003 seconds).
Test Case '-[TesseraCoreTests.DocumentKeyRoutingTests testUndoRoutesToTheDocumentInDocumentMode]' started.
Test Case '-[TesseraCoreTests.DocumentKeyRoutingTests testUndoRoutesToTheDocumentInDocumentMode]' passed (0.000 seconds).
Test Suite 'DocumentKeyRoutingTests' passed at 2026-09-27 13:41:18.808.
	 Executed 5 tests, with 0 failures (0 unexpected) in 0.039 (0.039) seconds
Test Suite 'DocumentOutlineTests' started at 2026-09-27 13:41:18.808.
Test Case '-[TesseraCoreTests.DocumentOutlineTests testInsertRemoveAndUngroupDiffs]' started.
Test Case '-[TesseraCoreTests.DocumentOutlineTests testInsertRemoveAndUngroupDiffs]' passed (0.000 seconds).
Test Case '-[TesseraCoreTests.DocumentOutlineTests testListOrderDoesNotMatterOnlyIndices]' started.
Test Case '-[TesseraCoreTests.DocumentOutlineTests testListOrderDoesNotMatterOnlyIndices]' passed (0.000 seconds).
Test Case '-[TesseraCoreTests.DocumentOutlineTests testLongestIncreasingSubsequence]' started.
Test Case '-[TesseraCoreTests.DocumentOutlineTests testLongestIncreasingSubsequence]' passed (0.000 seconds).
Test Case '-[TesseraCoreTests.DocumentOutlineTests testMinimalMovesForUnchangedTree]' started.
Test Case '-[TesseraCoreTests.DocumentOutlineTests testMinimalMovesForUnchangedTree]' passed (0.000 seconds).
Test Case '-[TesseraCoreTests.DocumentOutlineTests testMoveIntoGroupAndOutIsOneMoveEach]' started.
Test Case '-[TesseraCoreTests.DocumentOutlineTests testMoveIntoGroupAndOutIsOneMoveEach]' passed (0.000 seconds).
Test Case '-[TesseraCoreTests.DocumentOutlineTests testRandomTreesDiffToTheirTarget]' started.
Test Case '-[TesseraCoreTests.DocumentOutlineTests testRandomTreesDiffToTheirTarget]' passed (0.008 seconds).
Test Case '-[TesseraCoreTests.DocumentOutlineTests testSampleDocumentFlattensTopFirst]' started.
Test Case '-[TesseraCoreTests.DocumentOutlineTests testSampleDocumentFlattensTopFirst]' passed (0.000 seconds).
Test Case '-[TesseraCoreTests.DocumentOutlineTests testSingleReorderIsOneMove]' started.
Test Case '-[TesseraCoreTests.DocumentOutlineTests testSingleReorderIsOneMove]' passed (0.000 seconds).
Test Suite 'DocumentOutlineTests' passed at 2026-09-27 13:41:18.816.
	 Executed 8 tests, with 0 failures (0 unexpected) in 0.008 (0.009) seconds
Test Suite 'DocumentRetouchTests' started at 2026-09-27 13:41:18.816.
Test Case '-[TesseraCoreTests.DocumentRetouchTests testCancelledRemoveNeverReachesHistory]' started.
Test Case '-[TesseraCoreTests.DocumentRetouchTests testCancelledRemoveNeverReachesHistory]' passed (0.052 seconds).
Test Case '-[TesseraCoreTests.DocumentRetouchTests testContentAwareFillIsEnabledWithAMarqueeAndDisabledWithoutASelection]' started.
Test Case '-[TesseraCoreTests.DocumentRetouchTests testContentAwareFillIsEnabledWithAMarqueeAndDisabledWithoutASelection]' passed (0.000 seconds).
Test Case '-[TesseraCoreTests.DocumentRetouchTests testContentAwareFillMenuFollowsTheDocumentSelection]' started.
Test Case '-[TesseraCoreTests.DocumentRetouchTests testContentAwareFillMenuFollowsTheDocumentSelection]' passed (0.007 seconds).
Test Case '-[TesseraCoreTests.DocumentRetouchTests testDownloadAllowedShowsProgressThenRunsTheOperation]' started.
Test Case '-[TesseraCoreTests.DocumentRetouchTests testDownloadAllowedShowsProgressThenRunsTheOperation]' passed (0.014 seconds).
Test Case '-[TesseraCoreTests.DocumentRetouchTests testDownloadFailureIsReportedAndRetryRequestsAgain]' started.
Test Case '-[TesseraCoreTests.DocumentRetouchTests testDownloadFailureIsReportedAndRetryRequestsAgain]' passed (0.013 seconds).
Test Case '-[TesseraCoreTests.DocumentRetouchTests testDownloadsOffNeverRequestsAndSaysSo]' started.
Test Case '-[TesseraCoreTests.DocumentRetouchTests testDownloadsOffNeverRequestsAndSaysSo]' passed (0.002 seconds).
Test Case '-[TesseraCoreTests.DocumentRetouchTests testEngineRetouchThroughTheAdapter]' started.
Test Case '-[TesseraCoreTests.DocumentRetouchTests testEngineRetouchThroughTheAdapter]' passed (0.017 seconds).
Test Case '-[TesseraCoreTests.DocumentRetouchTests testForgettingAWaitingOperationKeepsTheDownload]' started.
Test Case '-[TesseraCoreTests.DocumentRetouchTests testForgettingAWaitingOperationKeepsTheDownload]' passed (0.007 seconds).
Test Case '-[TesseraCoreTests.DocumentRetouchTests testJobsCancelAbandonsWithoutWaitingAndRefusesUntilStopped]' started.
Test Case '-[TesseraCoreTests.DocumentRetouchTests testJobsCancelAbandonsWithoutWaitingAndRefusesUntilStopped]' passed (0.019 seconds).
Test Case '-[TesseraCoreTests.DocumentRetouchTests testMissingWeightsAreNamedWithTheirSource]' started.
Test Case '-[TesseraCoreTests.DocumentRetouchTests testMissingWeightsAreNamedWithTheirSource]' passed (0.000 seconds).
Test Case '-[TesseraCoreTests.DocumentRetouchTests testNeuralCatalogueComesFromTheEngine]' started.
Test Case '-[TesseraCoreTests.DocumentRetouchTests testNeuralCatalogueComesFromTheEngine]' passed (0.000 seconds).
Test Case '-[TesseraCoreTests.DocumentRetouchTests testNeuralSheetDestinationsFollowTheLayer]' started.
Test Case '-[TesseraCoreTests.DocumentRetouchTests testNeuralSheetDestinationsFollowTheLayer]' passed (0.000 seconds).
Test Case '-[TesseraCoreTests.DocumentRetouchTests testOutlineGenerationDropsStaleResults]' started.
Test Case '-[TesseraCoreTests.DocumentRetouchTests testOutlineGenerationDropsStaleResults]' passed (0.000 seconds).
Test Case '-[TesseraCoreTests.DocumentRetouchTests testReEditingANeuralSmartFilterKeepsItsFacesAndOutput]' started.
Test Case '-[TesseraCoreTests.DocumentRetouchTests testReEditingANeuralSmartFilterKeepsItsFacesAndOutput]' passed (0.000 seconds).
Test Case '-[TesseraCoreTests.DocumentRetouchTests testRemoveOptionsMapToEngineParams]' started.
Test Case '-[TesseraCoreTests.DocumentRetouchTests testRemoveOptionsMapToEngineParams]' passed (0.000 seconds).
Test Case '-[TesseraCoreTests.DocumentRetouchTests testSuggestionReviewStartsAcceptedAndAppliesOnlyAccepted]' started.
Test Case '-[TesseraCoreTests.DocumentRetouchTests testSuggestionReviewStartsAcceptedAndAppliesOnlyAccepted]' passed (0.000 seconds).
Test Case '-[TesseraCoreTests.DocumentRetouchTests testTheStubNeedsTheEngine]' started.
Test Case '-[TesseraCoreTests.DocumentRetouchTests testTheStubNeedsTheEngine]' passed (0.000 seconds).
Test Suite 'DocumentRetouchTests' passed at 2026-09-27 13:41:18.950.
	 Executed 17 tests, with 0 failures (0 unexpected) in 0.133 (0.133) seconds
Test Suite 'DocumentStylesTests' started at 2026-09-27 13:41:18.950.
Test Case '-[TesseraCoreTests.DocumentStylesTests testControllerAddsEditsAndFollowsTheGlobalLight]' started.
Test Case '-[TesseraCoreTests.DocumentStylesTests testControllerAddsEditsAndFollowsTheGlobalLight]' passed (0.013 seconds).
Test Case '-[TesseraCoreTests.DocumentStylesTests testEngineBackendRoundTripsAndRecordsOneNodePerGesture]' started.
Test Case '-[TesseraCoreTests.DocumentStylesTests testEngineBackendRoundTripsAndRecordsOneNodePerGesture]' passed (0.015 seconds).
Test Case '-[TesseraCoreTests.DocumentStylesTests testEveryEffectKindRoundTripsThroughTheModel]' started.
Test Case '-[TesseraCoreTests.DocumentStylesTests testEveryEffectKindRoundTripsThroughTheModel]' passed (0.014 seconds).
Test Case '-[TesseraCoreTests.DocumentStylesTests testGlobalLightPropagatesAcrossLayersInTheUIModel]' started.
Test Case '-[TesseraCoreTests.DocumentStylesTests testGlobalLightPropagatesAcrossLayersInTheUIModel]' passed (0.003 seconds).
Test Case '-[TesseraCoreTests.DocumentStylesTests testRepeatableEffectsOrderAndLimits]' started.
Test Case '-[TesseraCoreTests.DocumentStylesTests testRepeatableEffectsOrderAndLimits]' passed (0.003 seconds).
Test Case '-[TesseraCoreTests.DocumentStylesTests testSchemaDescribesEveryKindTopFirst]' started.
Test Case '-[TesseraCoreTests.DocumentStylesTests testSchemaDescribesEveryKindTopFirst]' passed (0.003 seconds).
Test Case '-[TesseraCoreTests.DocumentStylesTests testStubBackendKeepsStylesPerDocument]' started.
Test Case '-[TesseraCoreTests.DocumentStylesTests testStubBackendKeepsStylesPerDocument]' passed (0.003 seconds).
Test Suite 'DocumentStylesTests' passed at 2026-09-27 13:41:19.004.
	 Executed 7 tests, with 0 failures (0 unexpected) in 0.054 (0.054) seconds
Test Suite 'DocumentTextSessionTests' started at 2026-09-27 13:41:19.004.
Test Case '-[TesseraCoreTests.DocumentTextSessionTests testApplyAndCancelKeysReachTheSessionWhateverViewIsFocused]' started.
document: frames on the Viewport path (L0, requested Rect { x0: 0, y0: 0, x1: 1200, y1: 800 })
Test Case '-[TesseraCoreTests.DocumentTextSessionTests testApplyAndCancelKeysReachTheSessionWhateverViewIsFocused]' passed (0.374 seconds).
Test Case '-[TesseraCoreTests.DocumentTextSessionTests testClickJustRightOfTheLastGlyphResumesEditing]' started.
document: frames on the Viewport path (L0, requested Rect { x0: 0, y0: 0, x1: 1200, y1: 800 })
Test Case '-[TesseraCoreTests.DocumentTextSessionTests testClickJustRightOfTheLastGlyphResumesEditing]' passed (0.063 seconds).
Test Case '-[TesseraCoreTests.DocumentTextSessionTests testCommandReturnAppliesAfterABoxHandleDrag]' started.
document: frames on the Viewport path (L0, requested Rect { x0: 0, y0: 0, x1: 1200, y1: 800 })
Test Case '-[TesseraCoreTests.DocumentTextSessionTests testCommandReturnAppliesAfterABoxHandleDrag]' passed (0.126 seconds).
Test Case '-[TesseraCoreTests.DocumentTextSessionTests testHitRegionIsTheLineBoxPlusTheTrailingMargin]' started.
document: frames on the Viewport path (L0, requested Rect { x0: 0, y0: 0, x1: 1200, y1: 800 })
Test Case '-[TesseraCoreTests.DocumentTextSessionTests testHitRegionIsTheLineBoxPlusTheTrailingMargin]' passed (0.061 seconds).
Test Case '-[TesseraCoreTests.DocumentTextSessionTests testLatencyCountsKeystrokesOnlyAndExcludesInactiveTime]' started.
document: frames on the Viewport path (L0, requested Rect { x0: 0, y0: 0, x1: 1200, y1: 800 })
Test Case '-[TesseraCoreTests.DocumentTextSessionTests testLatencyCountsKeystrokesOnlyAndExcludesInactiveTime]' passed (0.059 seconds).
Test Case '-[TesseraCoreTests.DocumentTextSessionTests testSessionMeasuresKeystrokesNotGestures]' started.
document: frames on the Viewport path (L0, requested Rect { x0: 0, y0: 0, x1: 1200, y1: 800 })
Test Case '-[TesseraCoreTests.DocumentTextSessionTests testSessionMeasuresKeystrokesNotGestures]' passed (0.106 seconds).
Test Case '-[TesseraCoreTests.DocumentTextSessionTests testStatusHintFollowsTheSession]' started.
document: frames on the Viewport path (L0, requested Rect { x0: 0, y0: 0, x1: 1200, y1: 800 })
Test Case '-[TesseraCoreTests.DocumentTextSessionTests testStatusHintFollowsTheSession]' passed (0.109 seconds).
Test Case '-[TesseraCoreTests.DocumentTextSessionTests testTextFrameIsDashedForPointAndAreaText]' started.
document: frames on the Viewport path (L0, requested Rect { x0: 0, y0: 0, x1: 1200, y1: 800 })
Test Case '-[TesseraCoreTests.DocumentTextSessionTests testTextFrameIsDashedForPointAndAreaText]' passed (0.059 seconds).
Test Suite 'DocumentTextSessionTests' passed at 2026-09-27 13:41:19.962.
	 Executed 8 tests, with 0 failures (0 unexpected) in 0.957 (0.958) seconds
Test Suite 'DocumentTextTests' started at 2026-09-27 13:41:19.962.
Test Case '-[TesseraCoreTests.DocumentTextTests testAffineConversionToCoreGraphicsKeepsTranslationAndSkew]' started.
Test Case '-[TesseraCoreTests.DocumentTextTests testAffineConversionToCoreGraphicsKeepsTranslationAndSkew]' passed (0.000 seconds).
Test Case '-[TesseraCoreTests.DocumentTextTests testApplyStyleSplitsOnlyAtTheSelectionAndSpliceMatchesTheEngine]' started.
Test Case '-[TesseraCoreTests.DocumentTextTests testApplyStyleSplitsOnlyAtTheSelectionAndSpliceMatchesTheEngine]' passed (0.000 seconds).
Test Case '-[TesseraCoreTests.DocumentTextTests testDeletionAcrossMixedStyleRunsKeepsUntouchedRuns]' started.
Test Case '-[TesseraCoreTests.DocumentTextTests testDeletionAcrossMixedStyleRunsKeepsUntouchedRuns]' passed (0.000 seconds).
Test Case '-[TesseraCoreTests.DocumentTextTests testDraftsThroughTheSessionAreOneNodeCancelAndLocks]' started.
Test Case '-[TesseraCoreTests.DocumentTextTests testDraftsThroughTheSessionAreOneNodeCancelAndLocks]' passed (0.028 seconds).
Test Case '-[TesseraCoreTests.DocumentTextTests testEngineLayoutClustersAgreeWithTheIndexOnRealText]' started.
Test Case '-[TesseraCoreTests.DocumentTextTests testEngineLayoutClustersAgreeWithTheIndexOnRealText]' passed (0.001 seconds).
Test Case '-[TesseraCoreTests.DocumentTextTests testInsertJoinsTheRunBeforeTheCaretAndSplitsForATypingStyle]' started.
Test Case '-[TesseraCoreTests.DocumentTextTests testInsertJoinsTheRunBeforeTheCaretAndSplitsForATypingStyle]' passed (0.000 seconds).
Test Case '-[TesseraCoreTests.DocumentTextTests testLigatureInteriorIsNotACaretStopAndHitsSnapToClusterEdges]' started.
Test Case '-[TesseraCoreTests.DocumentTextTests testLigatureInteriorIsNotACaretStopAndHitsSnapToClusterEdges]' passed (0.000 seconds).
Test Case '-[TesseraCoreTests.DocumentTextTests testMarkedTextCancelRestoresAndCommitKeepsOneComposition]' started.
Test Case '-[TesseraCoreTests.DocumentTextTests testMarkedTextCancelRestoresAndCommitKeepsOneComposition]' passed (0.000 seconds).
Test Case '-[TesseraCoreTests.DocumentTextTests testMixedBidiCaretAndHitTestFollowTheVisualLayout]' started.
Test Case '-[TesseraCoreTests.DocumentTextTests testMixedBidiCaretAndHitTestFollowTheVisualLayout]' passed (0.000 seconds).
Test Case '-[TesseraCoreTests.DocumentTextTests testModelJSONMatchesTheEngineSchemaAndKeepsPathData]' started.
Test Case '-[TesseraCoreTests.DocumentTextTests testModelJSONMatchesTheEngineSchemaAndKeepsPathData]' passed (0.000 seconds).
Test Case '-[TesseraCoreTests.DocumentTextTests testRunMappingPrefersTheRunBeforeTheCaret]' started.
Test Case '-[TesseraCoreTests.DocumentTextTests testRunMappingPrefersTheRunBeforeTheCaret]' passed (0.000 seconds).
Test Case '-[TesseraCoreTests.DocumentTextTests testTrailingNewlineVerticalMovesAndLineBounds]' started.
Test Case '-[TesseraCoreTests.DocumentTextTests testTrailingNewlineVerticalMovesAndLineBounds]' passed (0.000 seconds).
Test Case '-[TesseraCoreTests.DocumentTextTests testTypingStyleAndDeleteBackwardOverNonBMP]' started.
Test Case '-[TesseraCoreTests.DocumentTextTests testTypingStyleAndDeleteBackwardOverNonBMP]' passed (0.000 seconds).
Test Case '-[TesseraCoreTests.DocumentTextTests testUTF16UTF8AndGraphemeMappingAcrossNonBMPAndCombiningMarks]' started.
Test Case '-[TesseraCoreTests.DocumentTextTests testUTF16UTF8AndGraphemeMappingAcrossNonBMPAndCombiningMarks]' passed (0.000 seconds).
Test Suite 'DocumentTextTests' passed at 2026-09-27 13:41:19.993.
	 Executed 14 tests, with 0 failures (0 unexpected) in 0.031 (0.032) seconds
Test Suite 'DocumentToolsTests' started at 2026-09-27 13:41:19.994.
Test Case '-[TesseraCoreTests.DocumentToolsTests testAffineComposition]' started.
Test Case '-[TesseraCoreTests.DocumentToolsTests testAffineComposition]' passed (0.000 seconds).
Test Case '-[TesseraCoreTests.DocumentToolsTests testBracketKeysAndHardness]' started.
Test Case '-[TesseraCoreTests.DocumentToolsTests testBracketKeysAndHardness]' passed (0.000 seconds).
Test Case '-[TesseraCoreTests.DocumentToolsTests testCoalescerBatchesSamplesWhileAFrameIsInFlight]' started.
Test Case '-[TesseraCoreTests.DocumentToolsTests testCoalescerBatchesSamplesWhileAFrameIsInFlight]' passed (0.000 seconds).
Test Case '-[TesseraCoreTests.DocumentToolsTests testEngineToolsThroughTheAdapter]' started.
Test Case '-[TesseraCoreTests.DocumentToolsTests testEngineToolsThroughTheAdapter]' passed (0.016 seconds).
Test Case '-[TesseraCoreTests.DocumentToolsTests testFreeTransformHandleDrags]' started.
Test Case '-[TesseraCoreTests.DocumentToolsTests testFreeTransformHandleDrags]' passed (0.000 seconds).
Test Case '-[TesseraCoreTests.DocumentToolsTests testFreeTransformModel]' started.
Test Case '-[TesseraCoreTests.DocumentToolsTests testFreeTransformModel]' passed (0.000 seconds).
Test Case '-[TesseraCoreTests.DocumentToolsTests testFreeTransformRotateMoveAndHitTest]' started.
Test Case '-[TesseraCoreTests.DocumentToolsTests testFreeTransformRotateMoveAndHitTest]' passed (0.000 seconds).
Test Case '-[TesseraCoreTests.DocumentToolsTests testHUDDragMapsToSizeAndHardness]' started.
Test Case '-[TesseraCoreTests.DocumentToolsTests testHUDDragMapsToSizeAndHardness]' passed (0.000 seconds).
Test Case '-[TesseraCoreTests.DocumentToolsTests testMarqueeGeometry]' started.
Test Case '-[TesseraCoreTests.DocumentToolsTests testMarqueeGeometry]' passed (0.000 seconds).
Test Case '-[TesseraCoreTests.DocumentToolsTests testOpacityDigits]' started.
Test Case '-[TesseraCoreTests.DocumentToolsTests testOpacityDigits]' passed (0.000 seconds).
Test Case '-[TesseraCoreTests.DocumentToolsTests testPressureCurve]' started.
Test Case '-[TesseraCoreTests.DocumentToolsTests testPressureCurve]' passed (0.000 seconds).
Test Case '-[TesseraCoreTests.DocumentToolsTests testSelectionModifierMapping]' started.
Test Case '-[TesseraCoreTests.DocumentToolsTests testSelectionModifierMapping]' passed (0.000 seconds).
Test Case '-[TesseraCoreTests.DocumentToolsTests testStubAdoptsTheGeometricSubset]' started.
Test Case '-[TesseraCoreTests.DocumentToolsTests testStubAdoptsTheGeometricSubset]' passed (0.000 seconds).
Test Case '-[TesseraCoreTests.DocumentToolsTests testToolColors]' started.
Test Case '-[TesseraCoreTests.DocumentToolsTests testToolColors]' passed (0.000 seconds).
Test Case '-[TesseraCoreTests.DocumentToolsTests testToolKeyMap]' started.
Test Case '-[TesseraCoreTests.DocumentToolsTests testToolKeyMap]' passed (0.000 seconds).
Test Suite 'DocumentToolsTests' passed at 2026-09-27 13:41:20.011.
	 Executed 15 tests, with 0 failures (0 unexpected) in 0.017 (0.018) seconds
Test Suite 'DocumentTransformTests' started at 2026-09-27 13:41:20.011.
Test Case '-[TesseraCoreTests.DocumentTransformTests testChildMappingUsesTheRowMajorAffineWithSkewAndTranslation]' started.
Test Case '-[TesseraCoreTests.DocumentTransformTests testChildMappingUsesTheRowMajorAffineWithSkewAndTranslation]' passed (0.000 seconds).
Test Case '-[TesseraCoreTests.DocumentTransformTests testContentAwareBoxHandlesProportionsAndLimits]' started.
Test Case '-[TesseraCoreTests.DocumentTransformTests testContentAwareBoxHandlesProportionsAndLimits]' passed (0.000 seconds).
Test Case '-[TesseraCoreTests.DocumentTransformTests testCrossingAndDegenerateQuadsAreRejectedBeforeTheEngine]' started.
Test Case '-[TesseraCoreTests.DocumentTransformTests testCrossingAndDegenerateQuadsAreRejectedBeforeTheEngine]' passed (0.000 seconds).
Test Case '-[TesseraCoreTests.DocumentTransformTests testEnginePuppetMeshAndProtectionChannels]' started.
Test Case '-[TesseraCoreTests.DocumentTransformTests testEnginePuppetMeshAndProtectionChannels]' passed (0.011 seconds).
Test Case '-[TesseraCoreTests.DocumentTransformTests testEngineSessionNeedsConsentCancelsCleanlyAndAppliesOneNode]' started.
Test Case '-[TesseraCoreTests.DocumentTransformTests testEngineSessionNeedsConsentCancelsCleanlyAndAppliesOneNode]' passed (0.011 seconds).
Test Case '-[TesseraCoreTests.DocumentTransformTests testEngineSplitAddsLinesWithoutMovingTheSurface]' started.
Test Case '-[TesseraCoreTests.DocumentTransformTests testEngineSplitAddsLinesWithoutMovingTheSurface]' passed (0.000 seconds).
Test Case '-[TesseraCoreTests.DocumentTransformTests testOperationJSONCarriesKernelAndNeverAProtectMask]' started.
Test Case '-[TesseraCoreTests.DocumentTransformTests testOperationJSONCarriesKernelAndNeverAProtectMask]' passed (0.001 seconds).
Test Case '-[TesseraCoreTests.DocumentTransformTests testPerspectiveLayoutMovesBothSpacesAndWarpOnlyTheDestination]' started.
Test Case '-[TesseraCoreTests.DocumentTransformTests testPerspectiveLayoutMovesBothSpacesAndWarpOnlyTheDestination]' passed (0.000 seconds).
Test Case '-[TesseraCoreTests.DocumentTransformTests testPerspectiveQuadsArePerimeterOrderedAndRoundTrip]' started.
Test Case '-[TesseraCoreTests.DocumentTransformTests testPerspectiveQuadsArePerimeterOrderedAndRoundTrip]' passed (0.000 seconds).
Test Case '-[TesseraCoreTests.DocumentTransformTests testPerspectiveSplitKeepsTheWarpedImageInPlace]' started.
Test Case '-[TesseraCoreTests.DocumentTransformTests testPerspectiveSplitKeepsTheWarpedImageInPlace]' passed (0.000 seconds).
Test Case '-[TesseraCoreTests.DocumentTransformTests testPresetsBendZeroIsIdentityAndInvalidBendFails]' started.
Test Case '-[TesseraCoreTests.DocumentTransformTests testPresetsBendZeroIsIdentityAndInvalidBendFails]' passed (0.000 seconds).
Test Case '-[TesseraCoreTests.DocumentTransformTests testPuppetModelRoundTripsAndPinsNeverJump]' started.
Test Case '-[TesseraCoreTests.DocumentTransformTests testPuppetModelRoundTripsAndPinsNeverJump]' passed (0.000 seconds).
Test Case '-[TesseraCoreTests.DocumentTransformTests testPuppetRebaseKeepsPinsOnTheNearestNewVertex]' started.
Test Case '-[TesseraCoreTests.DocumentTransformTests testPuppetRebaseKeepsPinsOnTheNearestNewVertex]' passed (0.000 seconds).
Test Case '-[TesseraCoreTests.DocumentTransformTests testWarpAnchorDragCarriesItsHandles]' started.
Test Case '-[TesseraCoreTests.DocumentTransformTests testWarpAnchorDragCarriesItsHandles]' passed (0.000 seconds).
Test Case '-[TesseraCoreTests.DocumentTransformTests testWarpMeshJSONMatchesTheEngineSchema]' started.
Test Case '-[TesseraCoreTests.DocumentTransformTests testWarpMeshJSONMatchesTheEngineSchema]' passed (0.000 seconds).
Test Case '-[TesseraCoreTests.DocumentTransformTests testWarpSurfaceInterpolatesCornersAndIsLinearAtIdentity]' started.
Test Case '-[TesseraCoreTests.DocumentTransformTests testWarpSurfaceInterpolatesCornersAndIsLinearAtIdentity]' passed (0.000 seconds).
Test Suite 'DocumentTransformTests' passed at 2026-09-27 13:41:20.036.
	 Executed 16 tests, with 0 failures (0 unexpected) in 0.025 (0.025) seconds
Test Suite 'DocumentVectorTests' started at 2026-09-27 13:41:20.036.
Test Case '-[TesseraCoreTests.DocumentVectorTests testAffineLayoutsConvertExplicitlyWithSkewAndTranslation]' started.
Test Case '-[TesseraCoreTests.DocumentVectorTests testAffineLayoutsConvertExplicitlyWithSkewAndTranslation]' passed (0.000 seconds).
Test Case '-[TesseraCoreTests.DocumentVectorTests testCoincidentAnchorsMergeLikeTheEngine]' started.
Test Case '-[TesseraCoreTests.DocumentVectorTests testCoincidentAnchorsMergeLikeTheEngine]' passed (0.000 seconds).
Test Case '-[TesseraCoreTests.DocumentVectorTests testEllipseOverlayLiesOnTheEnginesEllipse]' started.
Test Case '-[TesseraCoreTests.DocumentVectorTests testEllipseOverlayLiesOnTheEnginesEllipse]' passed (0.000 seconds).
Test Case '-[TesseraCoreTests.DocumentVectorTests testEngineShapesDraftsMasksBooleansAndConversion]' started.
Test Case '-[TesseraCoreTests.DocumentVectorTests testEngineShapesDraftsMasksBooleansAndConversion]' passed (0.012 seconds).
Test Case '-[TesseraCoreTests.DocumentVectorTests testEvenOddHolesAndNonzeroContainment]' started.
Test Case '-[TesseraCoreTests.DocumentVectorTests testEvenOddHolesAndNonzeroContainment]' passed (0.000 seconds).
Test Case '-[TesseraCoreTests.DocumentVectorTests testInverseAffineHitsWithSkewAndTranslation]' started.
Test Case '-[TesseraCoreTests.DocumentVectorTests testInverseAffineHitsWithSkewAndTranslation]' passed (0.000 seconds).
Test Case '-[TesseraCoreTests.DocumentVectorTests testPathCommandJSONMatchesTheEngineSchema]' started.
Test Case '-[TesseraCoreTests.DocumentVectorTests testPathCommandJSONMatchesTheEngineSchema]' passed (0.000 seconds).
Test Case '-[TesseraCoreTests.DocumentVectorTests testPatternPaintIsCarriedOpaquely]' started.
Test Case '-[TesseraCoreTests.DocumentVectorTests testPatternPaintIsCarriedOpaquely]' passed (0.000 seconds).
Test Case '-[TesseraCoreTests.DocumentVectorTests testPenDraftBuildsCubicHandlesAndCloses]' started.
Test Case '-[TesseraCoreTests.DocumentVectorTests testPenDraftBuildsCubicHandlesAndCloses]' passed (0.000 seconds).
Test Case '-[TesseraCoreTests.DocumentVectorTests testPolygonStarAndLinePrimitivesMatchTheEngine]' started.
Test Case '-[TesseraCoreTests.DocumentVectorTests testPolygonStarAndLinePrimitivesMatchTheEngine]' passed (0.000 seconds).
Test Case '-[TesseraCoreTests.DocumentVectorTests testRectanglePrimitiveMatchesTheEngineConstruction]' started.
Test Case '-[TesseraCoreTests.DocumentVectorTests testRectanglePrimitiveMatchesTheEngineConstruction]' passed (0.000 seconds).
Test Case '-[TesseraCoreTests.DocumentVectorTests testShapeSourceDecodesAndReencodesTheEngineSchema]' started.
Test Case '-[TesseraCoreTests.DocumentVectorTests testShapeSourceDecodesAndReencodesTheEngineSchema]' passed (0.000 seconds).
Test Case '-[TesseraCoreTests.DocumentVectorTests testShapeToolConstraints]' started.
Test Case '-[TesseraCoreTests.DocumentVectorTests testShapeToolConstraints]' passed (0.000 seconds).
Test Case '-[TesseraCoreTests.DocumentVectorTests testSplitIsExactAndHandlesMirrorOrStayIndependent]' started.
Test Case '-[TesseraCoreTests.DocumentVectorTests testSplitIsExactAndHandlesMirrorOrStayIndependent]' passed (0.000 seconds).
Test Case '-[TesseraCoreTests.DocumentVectorTests testTargetsPreferSelectedHandlesThenAnchorsThenSegments]' started.
Test Case '-[TesseraCoreTests.DocumentVectorTests testTargetsPreferSelectedHandlesThenAnchorsThenSegments]' passed (0.000 seconds).
Test Case '-[TesseraCoreTests.DocumentVectorTests testToolRoutingKeysAndGroups]' started.
Test Case '-[TesseraCoreTests.DocumentVectorTests testToolRoutingKeysAndGroups]' passed (0.000 seconds).
Test Suite 'DocumentVectorTests' passed at 2026-09-27 13:41:20.052.
	 Executed 16 tests, with 0 failures (0 unexpected) in 0.015 (0.016) seconds
Test Suite 'DocumentVectorVerifyFixesTests' started at 2026-09-27 13:41:20.052.
Test Case '-[TesseraCoreTests.DocumentVectorVerifyFixesTests testAutoNamedTextLayerNameFollowsItsFirstLine]' started.
document: frames on the Viewport path (L0, requested Rect { x0: 0, y0: 0, x1: 1200, y1: 800 })
Test Case '-[TesseraCoreTests.DocumentVectorVerifyFixesTests testAutoNamedTextLayerNameFollowsItsFirstLine]' passed (0.123 seconds).
Test Case '-[TesseraCoreTests.DocumentVectorVerifyFixesTests testKeyboardStepsOfAShapeSliderAreOneHistoryNode]' started.
document: frames on the Viewport path (L0, requested Rect { x0: 0, y0: 0, x1: 1200, y1: 800 })
Test Case '-[TesseraCoreTests.DocumentVectorVerifyFixesTests testKeyboardStepsOfAShapeSliderAreOneHistoryNode]' passed (1.393 seconds).
Test Case '-[TesseraCoreTests.DocumentVectorVerifyFixesTests testLayersRowShowsAVectorMaskThumbnailNextToTheRasterMask]' started.
document: frames on the Viewport path (L0, requested Rect { x0: 0, y0: 0, x1: 1200, y1: 800 })
Test Case '-[TesseraCoreTests.DocumentVectorVerifyFixesTests testLayersRowShowsAVectorMaskThumbnailNextToTheRasterMask]' passed (0.101 seconds).
Test Case '-[TesseraCoreTests.DocumentVectorVerifyFixesTests testNewAreaTextResizedBeforeTheFirstApplyIsOneAddText]' started.
document: frames on the Viewport path (L0, requested Rect { x0: 0, y0: 0, x1: 1200, y1: 800 })
Test Case '-[TesseraCoreTests.DocumentVectorVerifyFixesTests testNewAreaTextResizedBeforeTheFirstApplyIsOneAddText]' passed (0.102 seconds).
Test Case '-[TesseraCoreTests.DocumentVectorVerifyFixesTests testNewStrokeTakesTheForegroundOrAContrastingColourNotTheFill]' started.
document: frames on the Viewport path (L0, requested Rect { x0: 0, y0: 0, x1: 1200, y1: 800 })
Test Case '-[TesseraCoreTests.DocumentVectorVerifyFixesTests testNewStrokeTakesTheForegroundOrAContrastingColourNotTheFill]' passed (0.060 seconds).
Test Case '-[TesseraCoreTests.DocumentVectorVerifyFixesTests testPathSelectionClickOnEmptyCanvasDeselects]' started.
document: frames on the Viewport path (L0, requested Rect { x0: 0, y0: 0, x1: 1200, y1: 800 })
Test Case '-[TesseraCoreTests.DocumentVectorVerifyFixesTests testPathSelectionClickOnEmptyCanvasDeselects]' passed (0.097 seconds).
Test Case '-[TesseraCoreTests.DocumentVectorVerifyFixesTests testPenDraftKeepsThePreviousAnchorsHandles]' started.
document: frames on the Viewport path (L0, requested Rect { x0: 0, y0: 0, x1: 1200, y1: 800 })
Test Case '-[TesseraCoreTests.DocumentVectorVerifyFixesTests testPenDraftKeepsThePreviousAnchorsHandles]' passed (0.059 seconds).
Test Case '-[TesseraCoreTests.DocumentVectorVerifyFixesTests testPropertiesReportTheShapesRealBoundsLiveDuringDrags]' started.
document: frames on the Viewport path (L0, requested Rect { x0: 0, y0: 0, x1: 1200, y1: 800 })
Test Case '-[TesseraCoreTests.DocumentVectorVerifyFixesTests testPropertiesReportTheShapesRealBoundsLiveDuringDrags]' passed (0.084 seconds).
Test Case '-[TesseraCoreTests.DocumentVectorVerifyFixesTests testRejectedRecolourRevertsTheColourWell]' started.
document: frames on the Viewport path (L0, requested Rect { x0: 0, y0: 0, x1: 1200, y1: 800 })
Test Case '-[TesseraCoreTests.DocumentVectorVerifyFixesTests testRejectedRecolourRevertsTheColourWell]' passed (0.385 seconds).
Test Case '-[TesseraCoreTests.DocumentVectorVerifyFixesTests testStatusHintsFollowTheToolAndPenState]' started.
document: frames on the Viewport path (L0, requested Rect { x0: 0, y0: 0, x1: 1200, y1: 800 })
Test Case '-[TesseraCoreTests.DocumentVectorVerifyFixesTests testStatusHintsFollowTheToolAndPenState]' passed (0.081 seconds).
Test Case '-[TesseraCoreTests.DocumentVectorVerifyFixesTests testToolLettersWorkWhileASliderOrTheLayersListHasTheKeyboard]' started.
document: frames on the Viewport path (L0, requested Rect { x0: 0, y0: 0, x1: 1200, y1: 800 })
Test Case '-[TesseraCoreTests.DocumentVectorVerifyFixesTests testToolLettersWorkWhileASliderOrTheLayersListHasTheKeyboard]' passed (0.071 seconds).
Test Suite 'DocumentVectorVerifyFixesTests' passed at 2026-09-27 13:41:22.611.
	 Executed 11 tests, with 0 failures (0 unexpected) in 2.558 (2.559) seconds
Test Suite 'DocumentViewportMathTests' started at 2026-09-27 13:41:22.611.
Test Case '-[TesseraCoreTests.DocumentViewportMathTests testAnchoredZoomKeepsThePointUnderThePointer]' started.
Test Case '-[TesseraCoreTests.DocumentViewportMathTests testAnchoredZoomKeepsThePointUnderThePointer]' passed (0.000 seconds).
Test Case '-[TesseraCoreTests.DocumentViewportMathTests testFitZoomAndSteps]' started.
Test Case '-[TesseraCoreTests.DocumentViewportMathTests testFitZoomAndSteps]' passed (0.000 seconds).
Test Case '-[TesseraCoreTests.DocumentViewportMathTests testLevelFromZoom]' started.
Test Case '-[TesseraCoreTests.DocumentViewportMathTests testLevelFromZoom]' passed (0.000 seconds).
Test Case '-[TesseraCoreTests.DocumentViewportMathTests testVisibleRectAndPan]' started.
Test Case '-[TesseraCoreTests.DocumentViewportMathTests testVisibleRectAndPan]' passed (0.000 seconds).
Test Suite 'DocumentViewportMathTests' passed at 2026-09-27 13:41:22.611.
	 Executed 4 tests, with 0 failures (0 unexpected) in 0.000 (0.001) seconds
Test Suite 'EDRPresentationTests' started at 2026-09-27 13:41:22.611.
Test Case '-[TesseraCoreTests.EDRPresentationTests testEDRScreenUsesFloatSurfacesOnlyWithHDROn]' started.
Test Case '-[TesseraCoreTests.EDRPresentationTests testEDRScreenUsesFloatSurfacesOnlyWithHDROn]' passed (0.000 seconds).
Test Case '-[TesseraCoreTests.EDRPresentationTests testHeadroomChangesAreDebounced]' started.
Test Case '-[TesseraCoreTests.EDRPresentationTests testHeadroomChangesAreDebounced]' passed (0.000 seconds).
Test Case '-[TesseraCoreTests.EDRPresentationTests testHeadroomControlPatchesTheRecipe]' started.
Test Case '-[TesseraCoreTests.EDRPresentationTests testHeadroomControlPatchesTheRecipe]' passed (0.000 seconds).
Test Case '-[TesseraCoreTests.EDRPresentationTests testHeadroomIsCappedByTheCurrentDisplayHeadroom]' started.
Test Case '-[TesseraCoreTests.EDRPresentationTests testHeadroomIsCappedByTheCurrentDisplayHeadroom]' passed (0.000 seconds).
Test Case '-[TesseraCoreTests.EDRPresentationTests testOddScreenValuesAreSanitized]' started.
Test Case '-[TesseraCoreTests.EDRPresentationTests testOddScreenValuesAreSanitized]' passed (0.000 seconds).
Test Case '-[TesseraCoreTests.EDRPresentationTests testSDRScreenAlwaysKeepsTheRGBA8Path]' started.
Test Case '-[TesseraCoreTests.EDRPresentationTests testSDRScreenAlwaysKeepsTheRGBA8Path]' passed (0.000 seconds).
Test Suite 'EDRPresentationTests' passed at 2026-09-27 13:41:22.612.
	 Executed 6 tests, with 0 failures (0 unexpected) in 0.001 (0.001) seconds
Test Suite 'EngineDocumentBackendTests' started at 2026-09-27 13:41:22.612.
Test Case '-[TesseraCoreTests.EngineDocumentBackendTests testBlendModeStringsMatchTheEngine]' started.
Test Case '-[TesseraCoreTests.EngineDocumentBackendTests testBlendModeStringsMatchTheEngine]' passed (0.013 seconds).
Test Case '-[TesseraCoreTests.EngineDocumentBackendTests testEngineSessionThroughTheAdapter]' started.
Test Case '-[TesseraCoreTests.EngineDocumentBackendTests testEngineSessionThroughTheAdapter]' passed (0.014 seconds).
Test Case '-[TesseraCoreTests.EngineDocumentBackendTests testEnumsRoundTripEveryValue]' started.
Test Case '-[TesseraCoreTests.EngineDocumentBackendTests testEnumsRoundTripEveryValue]' passed (0.000 seconds).
Test Case '-[TesseraCoreTests.EngineDocumentBackendTests testFramesReachTheListenerOnMain]' started.
document: frames on the Viewport path (L1, requested Rect { x0: 0, y0: 0, x1: 128, y1: 64 })
Test Case '-[TesseraCoreTests.EngineDocumentBackendTests testFramesReachTheListenerOnMain]' passed (0.033 seconds).
Test Case '-[TesseraCoreTests.EngineDocumentBackendTests testHistoryIDMapShowsTheBaseAsOpened]' started.
Test Case '-[TesseraCoreTests.EngineDocumentBackendTests testHistoryIDMapShowsTheBaseAsOpened]' passed (0.000 seconds).
Test Case '-[TesseraCoreTests.EngineDocumentBackendTests testListenerCoalescesUntilTheMainQueueDrains]' started.
Test Case '-[TesseraCoreTests.EngineDocumentBackendTests testListenerCoalescesUntilTheMainQueueDrains]' passed (0.000 seconds).
Test Case '-[TesseraCoreTests.EngineDocumentBackendTests testListenerDeliversOnTheMainThread]' started.
Test Case '-[TesseraCoreTests.EngineDocumentBackendTests testListenerDeliversOnTheMainThread]' passed (0.000 seconds).
Test Case '-[TesseraCoreTests.EngineDocumentBackendTests testRecordsRoundTripFieldByField]' started.
Test Case '-[TesseraCoreTests.EngineDocumentBackendTests testRecordsRoundTripFieldByField]' passed (0.000 seconds).
Test Case '-[TesseraCoreTests.EngineDocumentBackendTests testWorkspaceChoosesTheEngineOrTheStub]' started.
Test Case '-[TesseraCoreTests.EngineDocumentBackendTests testWorkspaceChoosesTheEngineOrTheStub]' passed (0.014 seconds).
Test Suite 'EngineDocumentBackendTests' passed at 2026-09-27 13:41:22.687.
	 Executed 9 tests, with 0 failures (0 unexpected) in 0.075 (0.075) seconds
Test Suite 'ExportFormatsWatermarkTests' started at 2026-09-27 13:41:22.687.
Test Case '-[TesseraCoreTests.ExportFormatsWatermarkTests testFormatSwitchesStayValidForTheEngine]' started.
Test Case '-[TesseraCoreTests.ExportFormatsWatermarkTests testFormatSwitchesStayValidForTheEngine]' passed (0.011 seconds).
Test Case '-[TesseraCoreTests.ExportFormatsWatermarkTests testJPEGSizeLimitConverges]' started.
Test Case '-[TesseraCoreTests.ExportFormatsWatermarkTests testJPEGSizeLimitConverges]' passed (0.740 seconds).
Test Case '-[TesseraCoreTests.ExportFormatsWatermarkTests testNewFieldsEncodeAsTheEngineExpects]' started.
Test Case '-[TesseraCoreTests.ExportFormatsWatermarkTests testNewFieldsEncodeAsTheEngineExpects]' passed (0.002 seconds).
Test Case '-[TesseraCoreTests.ExportFormatsWatermarkTests testPresetsKeepNewFieldsAndOldPresetsLoadUnchanged]' started.
Test Case '-[TesseraCoreTests.ExportFormatsWatermarkTests testPresetsKeepNewFieldsAndOldPresetsLoadUnchanged]' passed (0.007 seconds).
Test Case '-[TesseraCoreTests.ExportFormatsWatermarkTests testRealExportsAVIFJXLAndDNG]' started.
Test Case '-[TesseraCoreTests.ExportFormatsWatermarkTests testRealExportsAVIFJXLAndDNG]' passed (0.741 seconds).
Test Case '-[TesseraCoreTests.ExportFormatsWatermarkTests testWatermarkProblemsAndPlacement]' started.
Test Case '-[TesseraCoreTests.ExportFormatsWatermarkTests testWatermarkProblemsAndPlacement]' passed (0.001 seconds).
Test Case '-[TesseraCoreTests.ExportFormatsWatermarkTests testWatermarksAreBurnedIn]' started.
Test Case '-[TesseraCoreTests.ExportFormatsWatermarkTests testWatermarksAreBurnedIn]' passed (0.684 seconds).
Test Suite 'ExportFormatsWatermarkTests' passed at 2026-09-27 13:41:24.873.
	 Executed 7 tests, with 0 failures (0 unexpected) in 2.185 (2.186) seconds
Test Suite 'ExportPrintTests' started at 2026-09-27 13:41:24.873.
Test Case '-[TesseraCoreTests.ExportPrintTests testContactSheetGrid]' started.
Test Case '-[TesseraCoreTests.ExportPrintTests testContactSheetGrid]' passed (0.000 seconds).
Test Case '-[TesseraCoreTests.ExportPrintTests testNamingMatchesTheEngine]' started.
Test Case '-[TesseraCoreTests.ExportPrintTests testNamingMatchesTheEngine]' passed (0.001 seconds).
Test Case '-[TesseraCoreTests.ExportPrintTests testNamingTokensAndProblems]' started.
Test Case '-[TesseraCoreTests.ExportPrintTests testNamingTokensAndProblems]' passed (0.000 seconds).
Test Case '-[TesseraCoreTests.ExportPrintTests testOutputSizes]' started.
Test Case '-[TesseraCoreTests.ExportPrintTests testOutputSizes]' passed (0.000 seconds).
Test Case '-[TesseraCoreTests.ExportPrintTests testPlacementRotatesToFitAndSizesRenders]' started.
Test Case '-[TesseraCoreTests.ExportPrintTests testPlacementRotatesToFitAndSizesRenders]' passed (0.000 seconds).
Test Case '-[TesseraCoreTests.ExportPrintTests testPresetsPersistUnderTheAppDirectory]' started.
Test Case '-[TesseraCoreTests.ExportPrintTests testPresetsPersistUnderTheAppDirectory]' passed (0.007 seconds).
Test Case '-[TesseraCoreTests.ExportPrintTests testPrintSettingsPersist]' started.
Test Case '-[TesseraCoreTests.ExportPrintTests testPrintSettingsPersist]' passed (0.001 seconds).
Test Case '-[TesseraCoreTests.ExportPrintTests testSettingsRoundTripThroughTheEngine]' started.
Test Case '-[TesseraCoreTests.ExportPrintTests testSettingsRoundTripThroughTheEngine]' passed (0.000 seconds).
Test Case '-[TesseraCoreTests.ExportPrintTests testSingleAndCustomCells]' started.
Test Case '-[TesseraCoreTests.ExportPrintTests testSingleAndCustomCells]' passed (0.000 seconds).
Test Suite 'ExportPrintTests' passed at 2026-09-27 13:41:24.884.
	 Executed 9 tests, with 0 failures (0 unexpected) in 0.011 (0.011) seconds
Test Suite 'ExportWarningsTests' started at 2026-09-27 13:41:24.884.
Test Case '-[TesseraCoreTests.ExportWarningsTests testWarningFilesAreReadAndSurfacedInTheToast]' started.
Test Case '-[TesseraCoreTests.ExportWarningsTests testWarningFilesAreReadAndSurfacedInTheToast]' passed (0.000 seconds).
Test Suite 'ExportWarningsTests' passed at 2026-09-27 13:41:24.885.
	 Executed 1 test, with 0 failures (0 unexpected) in 0.000 (0.001) seconds
Test Suite 'IncomingStripTests' started at 2026-09-27 13:41:24.885.
Test Case '-[TesseraCoreTests.IncomingStripTests testBadgesPreferTheSubjectsFaceAndNeverInventEyes]' started.
Test Case '-[TesseraCoreTests.IncomingStripTests testBadgesPreferTheSubjectsFaceAndNeverInventEyes]' passed (0.000 seconds).
Test Case '-[TesseraCoreTests.IncomingStripTests testFailedFramesAreKeptButNotAdvancedTo]' started.
Test Case '-[TesseraCoreTests.IncomingStripTests testFailedFramesAreKeptButNotAdvancedTo]' passed (0.000 seconds).
Test Case '-[TesseraCoreTests.IncomingStripTests testFrameCountFieldCommitsTypedValueAndClamps]' started.
Test Case '-[TesseraCoreTests.IncomingStripTests testFrameCountFieldCommitsTypedValueAndClamps]' passed (0.000 seconds).
Test Case '-[TesseraCoreTests.IncomingStripTests testIncomingDecisionRevisionTracksLocalCullAndFeed]' started.
Test Case '-[TesseraCoreTests.IncomingStripTests testIncomingDecisionRevisionTracksLocalCullAndFeed]' passed (0.000 seconds).
Test Case '-[TesseraCoreTests.IncomingStripTests testIntervalPlanCountsDown]' started.
Test Case '-[TesseraCoreTests.IncomingStripTests testIntervalPlanCountsDown]' passed (0.000 seconds).
Test Case '-[TesseraCoreTests.IncomingStripTests testNewestFirstCappedWithPendingRequests]' started.
Test Case '-[TesseraCoreTests.IncomingStripTests testNewestFirstCappedWithPendingRequests]' passed (0.000 seconds).
Test Suite 'IncomingStripTests' passed at 2026-09-27 13:41:24.885.
	 Executed 6 tests, with 0 failures (0 unexpected) in 0.001 (0.001) seconds
Test Suite 'IncrementalLibraryTests' started at 2026-09-27 13:41:24.885.
Test Case '-[TesseraCoreTests.IncrementalLibraryTests testAppModelKeepsSelectionFilterAndGridAcrossUpdates]' started.
Test Case '-[TesseraCoreTests.IncrementalLibraryTests testAppModelKeepsSelectionFilterAndGridAcrossUpdates]' passed (0.266 seconds).
Test Case '-[TesseraCoreTests.IncrementalLibraryTests testLibraryInsertsUpdatesAndRemovesInPlaceKeepingUndo]' started.
Test Case '-[TesseraCoreTests.IncrementalLibraryTests testLibraryInsertsUpdatesAndRemovesInPlaceKeepingUndo]' passed (0.039 seconds).
Test Case '-[TesseraCoreTests.IncrementalLibraryTests testTwentyTetheredFramesKeepUndoAndFilters]' started.
Test Case '-[TesseraCoreTests.IncrementalLibraryTests testTwentyTetheredFramesKeepUndoAndFilters]' passed (4.215 seconds).
Test Suite 'IncrementalLibraryTests' passed at 2026-09-27 13:41:29.405.
	 Executed 3 tests, with 0 failures (0 unexpected) in 4.519 (4.520) seconds
Test Suite 'KeyFocusTests' started at 2026-09-27 13:41:29.405.
Test Case '-[TesseraCoreTests.KeyFocusTests testFocusedCurveOwnsArrowsWithoutSelectedPoint]' started.
Test Case '-[TesseraCoreTests.KeyFocusTests testFocusedCurveOwnsArrowsWithoutSelectedPoint]' passed (0.006 seconds).
Test Case '-[TesseraCoreTests.KeyFocusTests testFocusedSliderOwnsArrows]' started.
Test Case '-[TesseraCoreTests.KeyFocusTests testFocusedSliderOwnsArrows]' passed (0.005 seconds).
Test Case '-[TesseraCoreTests.KeyFocusTests testPhotoEditConsumesCullKeysWithoutChangingDecisions]' started.
Test Case '-[TesseraCoreTests.KeyFocusTests testPhotoEditConsumesCullKeysWithoutChangingDecisions]' passed (0.004 seconds).
Test Case '-[TesseraCoreTests.KeyFocusTests testPhotoEditTextFieldStillOwnsLetters]' started.
Test Case '-[TesseraCoreTests.KeyFocusTests testPhotoEditTextFieldStillOwnsLetters]' passed (0.006 seconds).
Test Case '-[TesseraCoreTests.KeyFocusTests testSearchFieldOwnsCullKeys]' started.
Test Case '-[TesseraCoreTests.KeyFocusTests testSearchFieldOwnsCullKeys]' passed (0.012 seconds).
Test Case '-[TesseraCoreTests.KeyFocusTests testSliderModifiersBoundsAndBlurCommit]' started.
Test Case '-[TesseraCoreTests.KeyFocusTests testSliderModifiersBoundsAndBlurCommit]' passed (0.004 seconds).
Test Case '-[TesseraCoreTests.KeyFocusTests testUnfocusedLoupeReceivesArrows]' started.
Test Case '-[TesseraCoreTests.KeyFocusTests testUnfocusedLoupeReceivesArrows]' passed (0.003 seconds).
Test Suite 'KeyFocusTests' passed at 2026-09-27 13:41:29.445.
	 Executed 7 tests, with 0 failures (0 unexpected) in 0.040 (0.040) seconds
Test Suite 'LayoutContractTests' started at 2026-09-27 13:41:29.445.
Test Case '-[TesseraCoreTests.LayoutContractTests testAppDirDefaultsAreIsolatedFromTheSharedDomain]' started.
Test Case '-[TesseraCoreTests.LayoutContractTests testAppDirDefaultsAreIsolatedFromTheSharedDomain]' passed (0.003 seconds).
Test Case '-[TesseraCoreTests.LayoutContractTests testColorWheelPuckStaysInsideAtFullSaturation]' started.
Test Case '-[TesseraCoreTests.LayoutContractTests testColorWheelPuckStaysInsideAtFullSaturation]' passed (0.000 seconds).
Test Case '-[TesseraCoreTests.LayoutContractTests testCompareCaptionAndBadgeShareOnePartition]' started.
Test Case '-[TesseraCoreTests.LayoutContractTests testCompareCaptionAndBadgeShareOnePartition]' passed (0.000 seconds).
Test Case '-[TesseraCoreTests.LayoutContractTests testCurveEndKnotsStayInsideTheView]' started.
Test Case '-[TesseraCoreTests.LayoutContractTests testCurveEndKnotsStayInsideTheView]' passed (0.000 seconds).
Test Case '-[TesseraCoreTests.LayoutContractTests testFlowRowOffersOversizedItemsTheRowWidth]' started.
Test Case '-[TesseraCoreTests.LayoutContractTests testFlowRowOffersOversizedItemsTheRowWidth]' passed (0.000 seconds).
Test Case '-[TesseraCoreTests.LayoutContractTests testKeywordChipRowStaysInsideTheInspector]' started.
Test Case '-[TesseraCoreTests.LayoutContractTests testKeywordChipRowStaysInsideTheInspector]' passed (0.007 seconds).
Test Case '-[TesseraCoreTests.LayoutContractTests testShellBudgetYieldOrder]' started.
Test Case '-[TesseraCoreTests.LayoutContractTests testShellBudgetYieldOrder]' passed (0.000 seconds).
Test Case '-[TesseraCoreTests.LayoutContractTests testSidebarHiddenBadgeGivesItsWidthBack]' started.
Test Case '-[TesseraCoreTests.LayoutContractTests testSidebarHiddenBadgeGivesItsWidthBack]' passed (0.007 seconds).
Test Case '-[TesseraCoreTests.LayoutContractTests testSoftProofRowFitsTheMinimumInspector]' started.
Test Case '-[TesseraCoreTests.LayoutContractTests testSoftProofRowFitsTheMinimumInspector]' passed (0.018 seconds).
Test Case '-[TesseraCoreTests.LayoutContractTests testStatusBarFitsANarrowDetailWithLongStrings]' started.
Test Case '-[TesseraCoreTests.LayoutContractTests testStatusBarFitsANarrowDetailWithLongStrings]' passed (0.009 seconds).
Test Case '-[TesseraCoreTests.LayoutContractTests testThemeMenuTruncatesInsteadOfOverflowing]' started.
Test Case '-[TesseraCoreTests.LayoutContractTests testThemeMenuTruncatesInsteadOfOverflowing]' passed (0.004 seconds).
Test Case '-[TesseraCoreTests.LayoutContractTests testValueSliderDrawsWithoutOverflowAt80Points]' started.
Test Case '-[TesseraCoreTests.LayoutContractTests testValueSliderDrawsWithoutOverflowAt80Points]' passed (0.001 seconds).
Test Case '-[TesseraCoreTests.LayoutContractTests testValueSliderRingPaintsInsideTheThumb]' started.
Test Case '-[TesseraCoreTests.LayoutContractTests testValueSliderRingPaintsInsideTheThumb]' passed (0.000 seconds).
Test Case '-[TesseraCoreTests.LayoutContractTests testValueSliderTitleAndValueNeverTouch]' started.
Test Case '-[TesseraCoreTests.LayoutContractTests testValueSliderTitleAndValueNeverTouch]' passed (0.000 seconds).
Test Suite 'LayoutContractTests' passed at 2026-09-27 13:41:29.495.
	 Executed 14 tests, with 0 failures (0 unexpected) in 0.049 (0.050) seconds
Test Suite 'LazyLoupeTests' started at 2026-09-27 13:41:29.495.
Test Case '-[TesseraCoreTests.LazyLoupeTests testBackgroundAuditWindowCannotBecomeKeyOrMain]' started.
Test Case '-[TesseraCoreTests.LazyLoupeTests testBackgroundAuditWindowCannotBecomeKeyOrMain]' passed (1.203 seconds).
Test Case '-[TesseraCoreTests.LazyLoupeTests testEmptyLoupeConstructionDoesNotPrepareMetal]' started.
Test Case '-[TesseraCoreTests.LazyLoupeTests testEmptyLoupeConstructionDoesNotPrepareMetal]' passed (0.001 seconds).
Test Case '-[TesseraCoreTests.LazyLoupeTests testLateLoupeObserverSynchronizesExistingSelection]' started.
Test Case '-[TesseraCoreTests.LazyLoupeTests testLateLoupeObserverSynchronizesExistingSelection]' passed (0.001 seconds).
Test Case '-[TesseraCoreTests.LazyLoupeTests testPreparedResourcesAreSharedAndBuiltOffMain]' started.
Test Case '-[TesseraCoreTests.LazyLoupeTests testPreparedResourcesAreSharedAndBuiltOffMain]' passed (0.038 seconds).
Test Suite 'LazyLoupeTests' passed at 2026-09-27 13:41:30.737.
	 Executed 4 tests, with 0 failures (0 unexpected) in 1.242 (1.242) seconds
Test Suite 'LensBlurDepthModelTests' started at 2026-09-27 13:41:30.737.
Test Case '-[TesseraCoreTests.LensBlurDepthModelTests testHistogramBindsTheEngineBinsNormalised]' started.
Test Case '-[TesseraCoreTests.LensBlurDepthModelTests testHistogramBindsTheEngineBinsNormalised]' passed (0.001 seconds).
Test Case '-[TesseraCoreTests.LensBlurDepthModelTests testMissingWeightsAreAnInlineErrorAndNoEngineCall]' started.
Test Case '-[TesseraCoreTests.LensBlurDepthModelTests testMissingWeightsAreAnInlineErrorAndNoEngineCall]' passed (0.001 seconds).
Test Case '-[TesseraCoreTests.LensBlurDepthModelTests testSubjectAcquiresSegmentationAndAppliesTheEngineRange]' started.
Test Case '-[TesseraCoreTests.LensBlurDepthModelTests testSubjectAcquiresSegmentationAndAppliesTheEngineRange]' passed (0.002 seconds).
Test Case '-[TesseraCoreTests.LensBlurDepthModelTests testVisualizeToggleDrivesTheSessionOverlay]' started.
Test Case '-[TesseraCoreTests.LensBlurDepthModelTests testVisualizeToggleDrivesTheSessionOverlay]' passed (0.001 seconds).
Test Suite 'LensBlurDepthModelTests' passed at 2026-09-27 13:41:30.742.
	 Executed 4 tests, with 0 failures (0 unexpected) in 0.004 (0.005) seconds
Test Suite 'LensBlurExportWarningTests' started at 2026-09-27 13:41:30.742.
Test Case '-[TesseraCoreTests.LensBlurExportWarningTests testLensBlurWithoutDepthWeightsExportsWithAWarning]' started.
develop L2 calibration [first, tone, WB] ms: CPU [451.281167, 197.953459, 230.905917]; GPU [290.706, 1.6414170000000001, 6.492083]
Test Case '-[TesseraCoreTests.LensBlurExportWarningTests testLensBlurWithoutDepthWeightsExportsWithAWarning]' passed (12.728 seconds).
Test Suite 'LensBlurExportWarningTests' passed at 2026-09-27 13:41:43.470.
	 Executed 1 test, with 0 failures (0 unexpected) in 12.728 (12.729) seconds
Test Suite 'LibraryResponsivenessTests' started at 2026-09-27 13:41:43.470.
Test Case '-[TesseraCoreTests.LibraryResponsivenessTests testBottomHundredLookupScaling]' started.
Test Case '-[TesseraCoreTests.LibraryResponsivenessTests testBottomHundredLookupScaling]' passed (0.058 seconds).
Test Case '-[TesseraCoreTests.LibraryResponsivenessTests testLatestRequestWinsEvenWhenOldWorkFinishesLast]' started.
Test Case '-[TesseraCoreTests.LibraryResponsivenessTests testLatestRequestWinsEvenWhenOldWorkFinishesLast]' passed (0.000 seconds).
Test Case '-[TesseraCoreTests.LibraryResponsivenessTests testSingletonsAndRemappedItems]' started.
Test Case '-[TesseraCoreTests.LibraryResponsivenessTests testSingletonsAndRemappedItems]' passed (0.024 seconds).
Test Case '-[TesseraCoreTests.LibraryResponsivenessTests testSuggestedBestUsesStableGroupIdentity]' started.
Test Case '-[TesseraCoreTests.LibraryResponsivenessTests testSuggestedBestUsesStableGroupIdentity]' passed (0.023 seconds).
Test Case '-[TesseraCoreTests.LibraryResponsivenessTests testTwentyThousandCoreInstallAndSelectAll]' started.
Test Case '-[TesseraCoreTests.LibraryResponsivenessTests testTwentyThousandCoreInstallAndSelectAll]' passed (0.021 seconds).
Test Case '-[TesseraCoreTests.LibraryResponsivenessTests testWarmBottomHundredCellConfiguration]' started.
Test Case '-[TesseraCoreTests.LibraryResponsivenessTests testWarmBottomHundredCellConfiguration]' passed (0.058 seconds).
Test Suite 'LibraryResponsivenessTests' passed at 2026-09-27 13:41:43.653.
	 Executed 6 tests, with 0 failures (0 unexpected) in 0.183 (0.183) seconds
Test Suite 'LibraryTests' started at 2026-09-27 13:41:43.653.
Test Case '-[TesseraCoreTests.LibraryTests testAlbumOrderingAndSidebarNestingPersist]' started.
Test Case '-[TesseraCoreTests.LibraryTests testAlbumOrderingAndSidebarNestingPersist]' passed (0.058 seconds).
Test Case '-[TesseraCoreTests.LibraryTests testBatchMetadataAndFacetOnlySnapshot]' started.
Test Case '-[TesseraCoreTests.LibraryTests testBatchMetadataAndFacetOnlySnapshot]' passed (0.021 seconds).
Test Case '-[TesseraCoreTests.LibraryTests testFilterBarFacetsAndNotInAnyAlbum]' started.
Test Case '-[TesseraCoreTests.LibraryTests testFilterBarFacetsAndNotInAnyAlbum]' passed (0.049 seconds).
Test Case '-[TesseraCoreTests.LibraryTests testRapidQueriesAndLibraryReplacementRejectOldResults]' started.
Test Case '-[TesseraCoreTests.LibraryTests testRapidQueriesAndLibraryReplacementRejectOldResults]' passed (0.367 seconds).
Test Case '-[TesseraCoreTests.LibraryTests testRuleDiagnosticsMapToSwiftRangesThroughTheBridge]' started.
Test Case '-[TesseraCoreTests.LibraryTests testRuleDiagnosticsMapToSwiftRangesThroughTheBridge]' passed (0.019 seconds).
Test Case '-[TesseraCoreTests.LibraryTests testSupportDirectoryResolution]' started.
Test Case '-[TesseraCoreTests.LibraryTests testSupportDirectoryResolution]' passed (0.000 seconds).
Test Case '-[TesseraCoreTests.LibraryTests testTwentyThousandEngineLibraryMeasurement]' started.
/Users/rutmehta/.codex/worktrees/workspace-redesign/tessera/apps/mac/Tests/TesseraCoreTests/LibraryTests.swift:146: -[TesseraCoreTests.LibraryTests testTwentyThousandEngineLibraryMeasurement] : Test skipped - Opt-in generated 20k-file engine fixture
Test Case '-[TesseraCoreTests.LibraryTests testTwentyThousandEngineLibraryMeasurement]' skipped (0.001 seconds).
Test Suite 'LibraryTests' passed at 2026-09-27 13:41:44.169.
	 Executed 7 tests, with 1 test skipped and 0 failures (0 unexpected) in 0.515 (0.516) seconds
Test Suite 'LightroomImportTests' started at 2026-09-27 13:41:44.169.
Test Case '-[TesseraCoreTests.LightroomImportTests testBridgeRejectsANonCatalog]' started.
Test Case '-[TesseraCoreTests.LightroomImportTests testBridgeRejectsANonCatalog]' passed (0.002 seconds).
Test Case '-[TesseraCoreTests.LightroomImportTests testCancelledReportSaysHowToResumeAndIsWrittenBesideLibraryJSON]' started.
Test Case '-[TesseraCoreTests.LightroomImportTests testCancelledReportSaysHowToResumeAndIsWrittenBesideLibraryJSON]' passed (0.002 seconds).
Test Case '-[TesseraCoreTests.LightroomImportTests testFidelityGridSortsAndFiltersLooksDifferent]' started.
Test Case '-[TesseraCoreTests.LightroomImportTests testFidelityGridSortsAndFiltersLooksDifferent]' passed (0.000 seconds).
Test Case '-[TesseraCoreTests.LightroomImportTests testFolderTableRelocatesRootsAndMovesTheLibraryWithThem]' started.
Test Case '-[TesseraCoreTests.LightroomImportTests testFolderTableRelocatesRootsAndMovesTheLibraryWithThem]' passed (0.000 seconds).
Test Case '-[TesseraCoreTests.LightroomImportTests testFolderTableTakesImageCountsFromThePlan]' started.
Test Case '-[TesseraCoreTests.LightroomImportTests testFolderTableTakesImageCountsFromThePlan]' passed (0.000 seconds).
Test Case '-[TesseraCoreTests.LightroomImportTests testMarkTableMapsKeepsAndDropsLabels]' started.
Test Case '-[TesseraCoreTests.LightroomImportTests testMarkTableMapsKeepsAndDropsLabels]' passed (0.000 seconds).
Test Case '-[TesseraCoreTests.LightroomImportTests testReportMarkdownListsImportedSkippedAndUnsupported]' started.
Test Case '-[TesseraCoreTests.LightroomImportTests testReportMarkdownListsImportedSkippedAndUnsupported]' passed (0.001 seconds).
Test Case '-[TesseraCoreTests.LightroomImportTests testSelectionText]' started.
Test Case '-[TesseraCoreTests.LightroomImportTests testSelectionText]' passed (0.000 seconds).
Test Suite 'LightroomImportTests' passed at 2026-09-27 13:41:44.176.
	 Executed 8 tests, with 0 failures (0 unexpected) in 0.007 (0.007) seconds
Test Suite 'MaskingTests' started at 2026-09-27 13:41:44.176.
Test Case '-[TesseraCoreTests.MaskingTests testAIProgressFollowsJobsAndTheEngineList]' started.
Test Case '-[TesseraCoreTests.MaskingTests testAIProgressFollowsJobsAndTheEngineList]' passed (0.000 seconds).
Test Case '-[TesseraCoreTests.MaskingTests testGradientShapesRoundTripTheirEngineJSON]' started.
Test Case '-[TesseraCoreTests.MaskingTests testGradientShapesRoundTripTheirEngineJSON]' passed (0.000 seconds).
Test Case '-[TesseraCoreTests.MaskingTests testListCyclesAndEditsTheSelectedGroupOptimistically]' started.
Test Case '-[TesseraCoreTests.MaskingTests testListCyclesAndEditsTheSelectedGroupOptimistically]' passed (0.000 seconds).
Test Case '-[TesseraCoreTests.MaskingTests testListSelectsNewGroupsAndNeighboursOfDeletedOnes]' started.
Test Case '-[TesseraCoreTests.MaskingTests testListSelectsNewGroupsAndNeighboursOfDeletedOnes]' passed (0.000 seconds).
Test Case '-[TesseraCoreTests.MaskingTests testMaskEditsAreCoalescedPerFrameAndCommittedAsOneStep]' started.
develop L2 calibration [first, tone, WB] ms: CPU [433.97895800000003, 185.74558299999998, 211.941292]; GPU [262.63933299999997, 1.6596250000000001, 7.513790999999999]
Test Case '-[TesseraCoreTests.MaskingTests testMaskEditsAreCoalescedPerFrameAndCommittedAsOneStep]' passed (1.689 seconds).
Test Case '-[TesseraCoreTests.MaskingTests testMaskSpaceRoundTripsThroughCropAndOrientation]' started.
Test Case '-[TesseraCoreTests.MaskingTests testMaskSpaceRoundTripsThroughCropAndOrientation]' passed (0.000 seconds).
Test Case '-[TesseraCoreTests.MaskingTests testStrokeCoalescerBatchesManyEventsPerFrame]' started.
Test Case '-[TesseraCoreTests.MaskingTests testStrokeCoalescerBatchesManyEventsPerFrame]' passed (0.000 seconds).
Test Case '-[TesseraCoreTests.MaskingTests testStrokeCoalescerDropsDenseSamplesAndKeepsTheLast]' started.
Test Case '-[TesseraCoreTests.MaskingTests testStrokeCoalescerDropsDenseSamplesAndKeepsTheLast]' passed (0.000 seconds).
Test Suite 'MaskingTests' passed at 2026-09-27 13:41:45.866.
	 Executed 8 tests, with 0 failures (0 unexpected) in 1.690 (1.690) seconds
Test Suite 'ModelAcquisitionTests' started at 2026-09-27 13:41:45.866.
Test Case '-[TesseraCoreTests.ModelAcquisitionTests testAllowDownloadsSettingPersistsAndReopensTheDownloader]' started.
Test Case '-[TesseraCoreTests.ModelAcquisitionTests testAllowDownloadsSettingPersistsAndReopensTheDownloader]' passed (0.002 seconds).
Test Case '-[TesseraCoreTests.ModelAcquisitionTests testDownloaderThatCannotOpenFailsWithTheReason]' started.
Test Case '-[TesseraCoreTests.ModelAcquisitionTests testDownloaderThatCannotOpenFailsWithTheReason]' passed (0.001 seconds).
Test Case '-[TesseraCoreTests.ModelAcquisitionTests testDownloadProgressQueuedBytesReady]' started.
Test Case '-[TesseraCoreTests.ModelAcquisitionTests testDownloadProgressQueuedBytesReady]' passed (0.013 seconds).
Test Case '-[TesseraCoreTests.ModelAcquisitionTests testFailureCarriesTheReasonAndRetryRequestsAgain]' started.
Test Case '-[TesseraCoreTests.ModelAcquisitionTests testFailureCarriesTheReasonAndRetryRequestsAgain]' passed (0.001 seconds).
Test Case '-[TesseraCoreTests.ModelAcquisitionTests testStandardPathsUseTheSupportModelsFolder]' started.
Test Case '-[TesseraCoreTests.ModelAcquisitionTests testStandardPathsUseTheSupportModelsFolder]' passed (0.001 seconds).
Test Case '-[TesseraCoreTests.ModelAcquisitionTests testStatesFollowTheEngineEvents]' started.
Test Case '-[TesseraCoreTests.ModelAcquisitionTests testStatesFollowTheEngineEvents]' passed (0.000 seconds).
Test Suite 'ModelAcquisitionTests' passed at 2026-09-27 13:41:45.884.
	 Executed 6 tests, with 0 failures (0 unexpected) in 0.017 (0.018) seconds
Test Suite 'PeopleBridgeTests' started at 2026-09-27 13:41:45.884.
Test Case '-[TesseraCoreTests.PeopleBridgeTests testNameMergeSplitConfirmAndFilterThroughTheEngine]' started.
Test Case '-[TesseraCoreTests.PeopleBridgeTests testNameMergeSplitConfirmAndFilterThroughTheEngine]' passed (0.051 seconds).
Test Suite 'PeopleBridgeTests' passed at 2026-09-27 13:41:45.935.
	 Executed 1 test, with 0 failures (0 unexpected) in 0.051 (0.051) seconds
Test Suite 'PeopleLayoutTests' started at 2026-09-27 13:41:45.935.
Test Case '-[TesseraCoreTests.PeopleLayoutTests testDetailFitsWindowAndKeepsHeaderAtTop]' started.
Test Case '-[TesseraCoreTests.PeopleLayoutTests testDetailFitsWindowAndKeepsHeaderAtTop]' passed (0.347 seconds).
Test Suite 'PeopleLayoutTests' passed at 2026-09-27 13:41:46.283.
	 Executed 1 test, with 0 failures (0 unexpected) in 0.347 (0.347) seconds
Test Suite 'PeopleModelTests' started at 2026-09-27 13:41:46.283.
Test Case '-[TesseraCoreTests.PeopleModelTests testDetailLoadsMembersInOneCall]' started.
Test Case '-[TesseraCoreTests.PeopleModelTests testDetailLoadsMembersInOneCall]' passed (0.001 seconds).
Test Case '-[TesseraCoreTests.PeopleModelTests testEngineErrorsBecomeMessagesAndNothingIsHalfApplied]' started.
Test Case '-[TesseraCoreTests.PeopleModelTests testEngineErrorsBecomeMessagesAndNothingIsHalfApplied]' passed (0.001 seconds).
Test Case '-[TesseraCoreTests.PeopleModelTests testFootnoteReportsTheJobsSampleSize]' started.
Test Case '-[TesseraCoreTests.PeopleModelTests testFootnoteReportsTheJobsSampleSize]' passed (0.001 seconds).
Test Case '-[TesseraCoreTests.PeopleModelTests testInstallResetsAndLibraryUpdatesRemapItems]' started.
Test Case '-[TesseraCoreTests.PeopleModelTests testInstallResetsAndLibraryUpdatesRemapItems]' passed (0.001 seconds).
Test Case '-[TesseraCoreTests.PeopleModelTests testMergeSelectionKeepsTheNamedPersonAndItsName]' started.
Test Case '-[TesseraCoreTests.PeopleModelTests testMergeSelectionKeepsTheNamedPersonAndItsName]' passed (0.001 seconds).
Test Case '-[TesseraCoreTests.PeopleModelTests testNamingCommitsTrimmedNameWithOptInsAndReloads]' started.
Test Case '-[TesseraCoreTests.PeopleModelTests testNamingCommitsTrimmedNameWithOptInsAndReloads]' passed (0.002 seconds).
Test Case '-[TesseraCoreTests.PeopleModelTests testPersonFacetIsAUnionWithinAndIntersectsOtherFilters]' started.
Test Case '-[TesseraCoreTests.PeopleModelTests testPersonFacetIsAUnionWithinAndIntersectsOtherFilters]' passed (0.000 seconds).
Test Case '-[TesseraCoreTests.PeopleModelTests testReassignAndConfirmGoThroughTheEngine]' started.
Test Case '-[TesseraCoreTests.PeopleModelTests testReassignAndConfirmGoThroughTheEngine]' passed (0.000 seconds).
Test Case '-[TesseraCoreTests.PeopleModelTests testRefreshRunsTheJobOffTheMainActorAndReportsApproximation]' started.
Test Case '-[TesseraCoreTests.PeopleModelTests testRefreshRunsTheJobOffTheMainActorAndReportsApproximation]' passed (0.008 seconds).
Test Case '-[TesseraCoreTests.PeopleModelTests testSplitMovesSelectedFacesToANewUnconfirmedPerson]' started.
Test Case '-[TesseraCoreTests.PeopleModelTests testSplitMovesSelectedFacesToANewUnconfirmedPerson]' passed (0.001 seconds).
Test Case '-[TesseraCoreTests.PeopleModelTests testSuggestionsAreFilteredSortedAndAcceptingMerges]' started.
Test Case '-[TesseraCoreTests.PeopleModelTests testSuggestionsAreFilteredSortedAndAcceptingMerges]' passed (0.000 seconds).
Test Case '-[TesseraCoreTests.PeopleModelTests testTilesNamedFirstThenByFramesWithNamesMembersAndBadges]' started.
Test Case '-[TesseraCoreTests.PeopleModelTests testTilesNamedFirstThenByFramesWithNamesMembersAndBadges]' passed (0.000 seconds).
Test Case '-[TesseraCoreTests.PeopleModelTests testTilesUseTheMedoidAndEngineCountsWithoutScanningAssignments]' started.
Test Case '-[TesseraCoreTests.PeopleModelTests testTilesUseTheMedoidAndEngineCountsWithoutScanningAssignments]' passed (0.000 seconds).
Test Case '-[TesseraCoreTests.PeopleModelTests testUndoRedoReplayEngineHistoryWithItsDescriptions]' started.
Test Case '-[TesseraCoreTests.PeopleModelTests testUndoRedoReplayEngineHistoryWithItsDescriptions]' passed (0.001 seconds).
Test Suite 'PeopleModelTests' passed at 2026-09-27 13:41:46.300.
	 Executed 14 tests, with 0 failures (0 unexpected) in 0.017 (0.018) seconds
Test Suite 'PeopleUndoMenuTests' started at 2026-09-27 13:41:46.300.
Test Case '-[TesseraCoreTests.PeopleUndoMenuTests testUndoRedoCoverPeopleEditsWhileThePeopleViewIsFrontmost]' started.
Test Case '-[TesseraCoreTests.PeopleUndoMenuTests testUndoRedoCoverPeopleEditsWhileThePeopleViewIsFrontmost]' passed (0.000 seconds).
Test Suite 'PeopleUndoMenuTests' passed at 2026-09-27 13:41:46.301.
	 Executed 1 test, with 0 failures (0 unexpected) in 0.000 (0.000) seconds
Test Suite 'PerformanceTraceTests' started at 2026-09-27 13:41:46.301.
Test Case '-[TesseraCoreTests.PerformanceTraceTests testBoundedTraceReportsDropsAndPreservesIdentity]' started.
Test Case '-[TesseraCoreTests.PerformanceTraceTests testBoundedTraceReportsDropsAndPreservesIdentity]' passed (0.000 seconds).
Test Case '-[TesseraCoreTests.PerformanceTraceTests testDisabledTraceDoesNotRecord]' started.
Test Case '-[TesseraCoreTests.PerformanceTraceTests testDisabledTraceDoesNotRecord]' passed (0.000 seconds).
Test Case '-[TesseraCoreTests.PerformanceTraceTests testSpanDurationAndConcurrentCallbacks]' started.
Test Case '-[TesseraCoreTests.PerformanceTraceTests testSpanDurationAndConcurrentCallbacks]' passed (0.000 seconds).
Test Suite 'PerformanceTraceTests' passed at 2026-09-27 13:41:46.301.
	 Executed 3 tests, with 0 failures (0 unexpected) in 0.000 (0.000) seconds
Test Suite 'PhotoMergeEnhanceTests' started at 2026-09-27 13:41:46.301.
Test Case '-[TesseraCoreTests.PhotoMergeEnhanceTests testAppModelMenuStateFollowsTheSelection]' started.
Test Case '-[TesseraCoreTests.PhotoMergeEnhanceTests testAppModelMenuStateFollowsTheSelection]' passed (0.000 seconds).
Test Case '-[TesseraCoreTests.PhotoMergeEnhanceTests testCancelStopsTheJobAndReportsCancelled]' started.
Test Case '-[TesseraCoreTests.PhotoMergeEnhanceTests testCancelStopsTheJobAndReportsCancelled]' passed (0.048 seconds).
Test Case '-[TesseraCoreTests.PhotoMergeEnhanceTests testCommandRules]' started.
Test Case '-[TesseraCoreTests.PhotoMergeEnhanceTests testCommandRules]' passed (0.000 seconds).
Test Case '-[TesseraCoreTests.PhotoMergeEnhanceTests testDefaultsMatchTheEngineAndHDRIgnoresPanoramaControls]' started.
Test Case '-[TesseraCoreTests.PhotoMergeEnhanceTests testDefaultsMatchTheEngineAndHDRIgnoresPanoramaControls]' passed (0.000 seconds).
Test Case '-[TesseraCoreTests.PhotoMergeEnhanceTests testEnhanceOptionsMapping]' started.
Test Case '-[TesseraCoreTests.PhotoMergeEnhanceTests testEnhanceOptionsMapping]' passed (0.000 seconds).
Test Case '-[TesseraCoreTests.PhotoMergeEnhanceTests testExposureParsingAndSpreadWarnings]' started.
Test Case '-[TesseraCoreTests.PhotoMergeEnhanceTests testExposureParsingAndSpreadWarnings]' passed (0.000 seconds).
Test Case '-[TesseraCoreTests.PhotoMergeEnhanceTests testFailuresAreExplained]' started.
Test Case '-[TesseraCoreTests.PhotoMergeEnhanceTests testFailuresAreExplained]' passed (0.000 seconds).
Test Case '-[TesseraCoreTests.PhotoMergeEnhanceTests testMergeProblemsExplainWhyMergeIsDisabled]' started.
Test Case '-[TesseraCoreTests.PhotoMergeEnhanceTests testMergeProblemsExplainWhyMergeIsDisabled]' passed (0.000 seconds).
Test Case '-[TesseraCoreTests.PhotoMergeEnhanceTests testMergeRunsWithPreviewProgressAndCompletion]' started.
Test Case '-[TesseraCoreTests.PhotoMergeEnhanceTests testMergeRunsWithPreviewProgressAndCompletion]' passed (0.035 seconds).
Test Case '-[TesseraCoreTests.PhotoMergeEnhanceTests testPanoramaAndHDRPanoramaMapping]' started.
Test Case '-[TesseraCoreTests.PhotoMergeEnhanceTests testPanoramaAndHDRPanoramaMapping]' passed (0.000 seconds).
Test Case '-[TesseraCoreTests.PhotoMergeEnhanceTests testRealEngineMergesThreeBracketsIntoAnHDRDngThatOpensInDevelop]' started.
develop L2 calibration [first, tone, WB] ms: CPU [156.214875, 78.62791700000001, 78.30624999999999]; GPU [80.103917, 0.596458, 0.699292]
Test Case '-[TesseraCoreTests.PhotoMergeEnhanceTests testRealEngineMergesThreeBracketsIntoAnHDRDngThatOpensInDevelop]' passed (0.868 seconds).
Test Case '-[TesseraCoreTests.PhotoMergeEnhanceTests testStageTitlesAndErrorMessages]' started.
Test Case '-[TesseraCoreTests.PhotoMergeEnhanceTests testStageTitlesAndErrorMessages]' passed (0.000 seconds).
Test Suite 'PhotoMergeEnhanceTests' passed at 2026-09-27 13:41:47.255.
	 Executed 12 tests, with 0 failures (0 unexpected) in 0.953 (0.953) seconds
Test Suite 'PreviewEventsTests' started at 2026-09-27 13:41:47.255.
Test Case '-[TesseraCoreTests.PreviewEventsTests testCacheDoesNotAliasReusedDenseItemIDs]' started.
Test Case '-[TesseraCoreTests.PreviewEventsTests testCacheDoesNotAliasReusedDenseItemIDs]' passed (0.002 seconds).
Test Case '-[TesseraCoreTests.PreviewEventsTests testCacheKeysRemainRetrievableAcrossManyRequests]' started.
Test Case '-[TesseraCoreTests.PreviewEventsTests testCacheKeysRemainRetrievableAcrossManyRequests]' passed (0.085 seconds).
Test Case '-[TesseraCoreTests.PreviewEventsTests testCancelledTaskStopsWaitingWithoutAnEvent]' started.
Test Case '-[TesseraCoreTests.PreviewEventsTests testCancelledTaskStopsWaitingWithoutAnEvent]' passed (0.000 seconds).
Test Case '-[TesseraCoreTests.PreviewEventsTests testCancellingOneSubscriberDoesNotRemoveAnother]' started.
Test Case '-[TesseraCoreTests.PreviewEventsTests testCancellingOneSubscriberDoesNotRemoveAnother]' passed (0.000 seconds).
Test Case '-[TesseraCoreTests.PreviewEventsTests testConcurrentDeliveriesPublishBeforeCallbackAndEvictOlderImages]' started.
Test Case '-[TesseraCoreTests.PreviewEventsTests testConcurrentDeliveriesPublishBeforeCallbackAndEvictOlderImages]' passed (0.002 seconds).
Test Case '-[TesseraCoreTests.PreviewEventsTests testInvalidationCancelsInFlightRequestsForBothTiersOnlyForThatItem]' started.
Test Case '-[TesseraCoreTests.PreviewEventsTests testInvalidationCancelsInFlightRequestsForBothTiersOnlyForThatItem]' passed (0.001 seconds).
Test Case '-[TesseraCoreTests.PreviewEventsTests testOverBudgetImageIsCachedBeforeDelivery]' started.
Test Case '-[TesseraCoreTests.PreviewEventsTests testOverBudgetImageIsCachedBeforeDelivery]' passed (0.000 seconds).
Test Case '-[TesseraCoreTests.PreviewEventsTests testReadyBeforeWaitIsBufferedAndFiltered]' started.
Test Case '-[TesseraCoreTests.PreviewEventsTests testReadyBeforeWaitIsBufferedAndFiltered]' passed (0.000 seconds).
Test Case '-[TesseraCoreTests.PreviewEventsTests testRemoveAllPreventsLateDeliveryAndCacheRepopulation]' started.
Test Case '-[TesseraCoreTests.PreviewEventsTests testRemoveAllPreventsLateDeliveryAndCacheRepopulation]' passed (0.000 seconds).
Test Case '-[TesseraCoreTests.PreviewEventsTests testUnrelatedEventsDoNotWakeSubscriber]' started.
Test Case '-[TesseraCoreTests.PreviewEventsTests testUnrelatedEventsDoNotWakeSubscriber]' passed (0.000 seconds).
Test Suite 'PreviewEventsTests' passed at 2026-09-27 13:41:47.346.
	 Executed 10 tests, with 0 failures (0 unexpected) in 0.090 (0.091) seconds
Test Suite 'SearchTermTests' started at 2026-09-27 13:41:47.346.
Test Case '-[TesseraCoreTests.SearchTermTests testAppendingANDsOntoExistingText]' started.
Test Case '-[TesseraCoreTests.SearchTermTests testAppendingANDsOntoExistingText]' passed (0.000 seconds).
Test Case '-[TesseraCoreTests.SearchTermTests testTextTermsAreQuotedWithTheGrammarsJSONEscaping]' started.
Test Case '-[TesseraCoreTests.SearchTermTests testTextTermsAreQuotedWithTheGrammarsJSONEscaping]' passed (0.000 seconds).
Test Suite 'SearchTermTests' passed at 2026-09-27 13:41:47.346.
	 Executed 2 tests, with 0 failures (0 unexpected) in 0.000 (0.000) seconds
Test Suite 'ShellLayoutTests' started at 2026-09-27 13:41:47.346.
Test Case '-[TesseraCoreTests.ShellLayoutTests testShellContainedAtEverySizeStateAndAppearance]' started.
XCTExpectFailure: matcher accepted Assertion Failure at ShellLayoutTests.swift:92: failed - document-960x600-dark: HostingScrollView {{684, 533}, {264, 128}} outside {{0, 0}, {960, 652}}
document-960x600-dark: HostingScrollView {{684, 739}, {264, 144}} outside {{0, 0}, {960, 652}}
document-1280x800-dark: HostingScrollView {{1004, 739}, {264, 144}} outside {{0, 0}, {1280, 800}}
document-960x600-light: HostingScrollView {{684, 533}, {264, 128}} outside {{0, 0}, {960, 652}}
document-960x600-light: HostingScrollView {{684, 739}, {264, 144}} outside {{0, 0}, {960, 652}}
document-1280x800-light: HostingScrollView {{1004, 739}, {264, 144}} outside {{0, 0}, {1280, 800}}
ShellLayoutTests.swift:92: Expected failure in -[TesseraCoreTests.ShellLayoutTests testShellContainedAtEverySizeStateAndAppearance]: failed - document-960x600-dark: HostingScrollView {{684, 533}, {264, 128}} outside {{0, 0}, {960, 652}}
document-960x600-dark: HostingScrollView {{684, 739}, {264, 144}} outside {{0, 0}, {960, 652}}
document-1280x800-dark: HostingScrollView {{1004, 739}, {264, 144}} outside {{0, 0}, {1280, 800}}
document-960x600-light: HostingScrollView {{684, 533}, {264, 128}} outside {{0, 0}, {960, 652}}
document-960x600-light: HostingScrollView {{684, 739}, {264, 144}} outside {{0, 0}, {960, 652}}
document-1280x800-light: HostingScrollView {{1004, 739}, {264, 144}} outside {{0, 0}, {1280, 800}}Reason: (document inspector panels overflow their column (handed off to Machine B, L1))
Test Case '-[TesseraCoreTests.ShellLayoutTests testShellContainedAtEverySizeStateAndAppearance]' passed (54.185 seconds).
Test Suite 'ShellLayoutTests' passed at 2026-09-27 13:42:41.531.
	 Executed 1 test, with 0 failures (0 unexpected) in 54.185 (54.185) seconds
Test Suite 'StubDocumentBackendTests' started at 2026-09-27 13:42:41.531.
Test Case '-[TesseraCoreTests.StubDocumentBackendTests testCompositeHasTransparentMarginAndThumbnailsAreCached]' started.
Test Case '-[TesseraCoreTests.StubDocumentBackendTests testCompositeHasTransparentMarginAndThumbnailsAreCached]' passed (0.013 seconds).
Test Case '-[TesseraCoreTests.StubDocumentBackendTests testDragPlanAppliesThroughMoveLayer]' started.
Test Case '-[TesseraCoreTests.StubDocumentBackendTests testDragPlanAppliesThroughMoveLayer]' passed (0.000 seconds).
Test Case '-[TesseraCoreTests.StubDocumentBackendTests testInteractiveEditsWaitForCommit]' started.
Test Case '-[TesseraCoreTests.StubDocumentBackendTests testInteractiveEditsWaitForCommit]' passed (0.000 seconds).
Test Case '-[TesseraCoreTests.StubDocumentBackendTests testSaveOpenAndExport]' started.
Test Case '-[TesseraCoreTests.StubDocumentBackendTests testSaveOpenAndExport]' passed (0.166 seconds).
Test Case '-[TesseraCoreTests.StubDocumentBackendTests testStructuralEdits]' started.
Test Case '-[TesseraCoreTests.StubDocumentBackendTests testStructuralEdits]' passed (0.000 seconds).
Test Case '-[TesseraCoreTests.StubDocumentBackendTests testUndoRedoCheckoutAndSnapshots]' started.
Test Case '-[TesseraCoreTests.StubDocumentBackendTests testUndoRedoCheckoutAndSnapshots]' passed (0.000 seconds).
Test Case '-[TesseraCoreTests.StubDocumentBackendTests testViewportFramesArriveOnTheListener]' started.
Test Case '-[TesseraCoreTests.StubDocumentBackendTests testViewportFramesArriveOnTheListener]' passed (0.161 seconds).
Test Suite 'StubDocumentBackendTests' passed at 2026-09-27 13:42:41.872.
	 Executed 7 tests, with 0 failures (0 unexpected) in 0.340 (0.341) seconds
Test Suite 'SuggestionChipTests' started at 2026-09-27 13:42:41.872.
Test Case '-[TesseraCoreTests.SuggestionChipTests testBridgeRecordConversion]' started.
Test Case '-[TesseraCoreTests.SuggestionChipTests testBridgeRecordConversion]' passed (0.000 seconds).
Test Case '-[TesseraCoreTests.SuggestionChipTests testClickAcceptsOneAndRejectRemovesOne]' started.
Test Case '-[TesseraCoreTests.SuggestionChipTests testClickAcceptsOneAndRejectRemovesOne]' passed (0.000 seconds).
Test Case '-[TesseraCoreTests.SuggestionChipTests testOrderingDeduplicationAndMapping]' started.
Test Case '-[TesseraCoreTests.SuggestionChipTests testOrderingDeduplicationAndMapping]' passed (0.000 seconds).
Test Case '-[TesseraCoreTests.SuggestionChipTests testReplaceKeepsTheThreshold]' started.
Test Case '-[TesseraCoreTests.SuggestionChipTests testReplaceKeepsTheThreshold]' passed (0.000 seconds).
Test Case '-[TesseraCoreTests.SuggestionChipTests testShiftClickAcceptsEverythingAtOrAboveTheThreshold]' started.
Test Case '-[TesseraCoreTests.SuggestionChipTests testShiftClickAcceptsEverythingAtOrAboveTheThreshold]' passed (0.000 seconds).
Test Suite 'SuggestionChipTests' passed at 2026-09-27 13:42:41.872.
	 Executed 5 tests, with 0 failures (0 unexpected) in 0.000 (0.001) seconds
Test Suite 'TetherBridgeTests' started at 2026-09-27 13:42:41.872.
Test Case '-[TesseraCoreTests.TetherBridgeTests testFakeCameraFrameArrivesNamedIndexedAndScored]' started.
Test Case '-[TesseraCoreTests.TetherBridgeTests testFakeCameraFrameArrivesNamedIndexedAndScored]' passed (0.237 seconds).
Test Case '-[TesseraCoreTests.TetherBridgeTests testLaunchArguments]' started.
Test Case '-[TesseraCoreTests.TetherBridgeTests testLaunchArguments]' passed (0.000 seconds).
Test Suite 'TetherBridgeTests' passed at 2026-09-27 13:42:42.110.
	 Executed 2 tests, with 0 failures (0 unexpected) in 0.238 (0.238) seconds
Test Suite 'TetherNamingTests' started at 2026-09-27 13:42:42.110.
Test Case '-[TesseraCoreTests.TetherNamingTests testRejectsWhatTheEngineRejects]' started.
Test Case '-[TesseraCoreTests.TetherNamingTests testRejectsWhatTheEngineRejects]' passed (0.001 seconds).
Test Case '-[TesseraCoreTests.TetherNamingTests testRendersTokensWithFourDigitSequence]' started.
Test Case '-[TesseraCoreTests.TetherNamingTests testRendersTokensWithFourDigitSequence]' passed (0.000 seconds).
Test Case '-[TesseraCoreTests.TetherNamingTests testSessionNames]' started.
Test Case '-[TesseraCoreTests.TetherNamingTests testSessionNames]' passed (0.000 seconds).
Test Case '-[TesseraCoreTests.TetherNamingTests testTokenMenuInsertsBeforeTheExtension]' started.
Test Case '-[TesseraCoreTests.TetherNamingTests testTokenMenuInsertsBeforeTheExtension]' passed (0.000 seconds).
Test Suite 'TetherNamingTests' passed at 2026-09-27 13:42:42.112.
	 Executed 4 tests, with 0 failures (0 unexpected) in 0.001 (0.002) seconds
Test Suite 'ThemeLintTests' started at 2026-09-27 13:42:42.112.
Test Case '-[TesseraCoreTests.ThemeLintTests testViewsUseThemeTokensOnly]' started.
Test Case '-[TesseraCoreTests.ThemeLintTests testViewsUseThemeTokensOnly]' passed (0.207 seconds).
Test Suite 'ThemeLintTests' passed at 2026-09-27 13:42:42.319.
	 Executed 1 test, with 0 failures (0 unexpected) in 0.207 (0.207) seconds
Test Suite 'ThumbnailQueueTests' started at 2026-09-27 13:42:42.319.
Test Case '-[TesseraCoreTests.ThumbnailQueueTests testCancelAndImmediatelyResubscribeDoesNotOverlapSameKey]' started.
Test Case '-[TesseraCoreTests.ThumbnailQueueTests testCancelAndImmediatelyResubscribeDoesNotOverlapSameKey]' passed (0.001 seconds).
Test Case '-[TesseraCoreTests.ThumbnailQueueTests testCancellingSharedSubscriberKeepsOtherTierAndSubscriber]' started.
Test Case '-[TesseraCoreTests.ThumbnailQueueTests testCancellingSharedSubscriberKeepsOtherTierAndSubscriber]' passed (0.009 seconds).
Test Case '-[TesseraCoreTests.ThumbnailQueueTests testGridAndFilmstripShareOneDecodedImage]' started.
Test Case '-[TesseraCoreTests.ThumbnailQueueTests testGridAndFilmstripShareOneDecodedImage]' passed (0.000 seconds).
Test Case '-[TesseraCoreTests.ThumbnailQueueTests testLateSubscriberAfterCacheEvictionStillReceivesResult]' started.
Test Case '-[TesseraCoreTests.ThumbnailQueueTests testLateSubscriberAfterCacheEvictionStillReceivesResult]' passed (0.001 seconds).
Test Case '-[TesseraCoreTests.ThumbnailQueueTests testLoupeIsNextAdmissionAheadOfThumbnailBacklog]' started.
Test Case '-[TesseraCoreTests.ThumbnailQueueTests testLoupeIsNextAdmissionAheadOfThumbnailBacklog]' passed (0.009 seconds).
Test Case '-[TesseraCoreTests.ThumbnailQueueTests testMixedTiersShareViewportPendingBudget]' started.
Test Case '-[TesseraCoreTests.ThumbnailQueueTests testMixedTiersShareViewportPendingBudget]' passed (0.000 seconds).
Test Case '-[TesseraCoreTests.ThumbnailQueueTests testPendingCancellationRemovesSubscriberSynchronously]' started.
Test Case '-[TesseraCoreTests.ThumbnailQueueTests testPendingCancellationRemovesSubscriberSynchronously]' passed (0.000 seconds).
Test Case '-[TesseraCoreTests.ThumbnailQueueTests testReentrantInvalidationPreventsOtherSharedDeliveryAndCanReload]' started.
Test Case '-[TesseraCoreTests.ThumbnailQueueTests testReentrantInvalidationPreventsOtherSharedDeliveryAndCanReload]' passed (0.001 seconds).
Test Case '-[TesseraCoreTests.ThumbnailQueueTests testTwentyThousandRequestsKeepOnlyNewestBoundedBacklog]' started.
Test Case '-[TesseraCoreTests.ThumbnailQueueTests testTwentyThousandRequestsKeepOnlyNewestBoundedBacklog]' passed (0.410 seconds).
Test Case '-[TesseraCoreTests.ThumbnailQueueTests testTwentyThousandReversalDeliversOnlyFinalViewport]' started.
Test Case '-[TesseraCoreTests.ThumbnailQueueTests testTwentyThousandReversalDeliversOnlyFinalViewport]' passed (0.665 seconds).
Test Case '-[TesseraCoreTests.ThumbnailQueueTests testViewportOwnersResizeAndReleaseBound]' started.
Test Case '-[TesseraCoreTests.ThumbnailQueueTests testViewportOwnersResizeAndReleaseBound]' passed (0.002 seconds).
Test Suite 'ThumbnailQueueTests' passed at 2026-09-27 13:42:43.417.
	 Executed 11 tests, with 0 failures (0 unexpected) in 1.098 (1.098) seconds
Test Suite 'ThumbnailViewportTests' started at 2026-09-27 13:42:43.417.
Test Case '-[TesseraCoreTests.ThumbnailViewportTests testHiddenRetainedGridDoesNotContributeViewportBudget]' started.
Test Case '-[TesseraCoreTests.ThumbnailViewportTests testHiddenRetainedGridDoesNotContributeViewportBudget]' passed (0.002 seconds).
Test Suite 'ThumbnailViewportTests' passed at 2026-09-27 13:42:43.419.
	 Executed 1 test, with 0 failures (0 unexpected) in 0.002 (0.002) seconds
Test Suite 'TransformLensBlurTests' started at 2026-09-27 13:42:43.419.
Test Case '-[TesseraCoreTests.TransformLensBlurTests testAIDenoiseTogglesTheNeuralModeAndAmount]' started.
Test Case '-[TesseraCoreTests.TransformLensBlurTests testAIDenoiseTogglesTheNeuralModeAndAmount]' passed (0.000 seconds).
Test Case '-[TesseraCoreTests.TransformLensBlurTests testGuidedEditorKeepsTwoToFourGuidesInTheImage]' started.
Test Case '-[TesseraCoreTests.TransformLensBlurTests testGuidedEditorKeepsTwoToFourGuidesInTheImage]' passed (0.000 seconds).
Test Case '-[TesseraCoreTests.TransformLensBlurTests testLensBlurApplyBokehAndFocalRange]' started.
Test Case '-[TesseraCoreTests.TransformLensBlurTests testLensBlurApplyBokehAndFocalRange]' passed (0.000 seconds).
Test Case '-[TesseraCoreTests.TransformLensBlurTests testTransformSlidersWriteTheirPatchesAndResetPerGroup]' started.
Test Case '-[TesseraCoreTests.TransformLensBlurTests testTransformSlidersWriteTheirPatchesAndResetPerGroup]' passed (0.000 seconds).
Test Case '-[TesseraCoreTests.TransformLensBlurTests testUprightButtonsWriteTheirModeAndClearGuides]' started.
Test Case '-[TesseraCoreTests.TransformLensBlurTests testUprightButtonsWriteTheirModeAndClearGuides]' passed (0.000 seconds).
Test Suite 'TransformLensBlurTests' passed at 2026-09-27 13:42:43.420.
	 Executed 5 tests, with 0 failures (0 unexpected) in 0.001 (0.001) seconds
Test Suite 'TransformSessionTests' started at 2026-09-27 13:42:43.420.
Test Case '-[TesseraCoreTests.TransformSessionTests testTransformDragsAndUprightButtonsAreOneHistoryStepEach]' started.
develop L2 calibration [first, tone, WB] ms: CPU [452.564, 186.5435, 214.355334]; GPU [321.56575, 1.580417, 7.341]
Test Case '-[TesseraCoreTests.TransformSessionTests testTransformDragsAndUprightButtonsAreOneHistoryStepEach]' passed (4.098 seconds).
Test Case '-[TesseraCoreTests.TransformSessionTests testUprightAutoChangesTheRenderedFrame]' started.
develop L2 calibration [first, tone, WB] ms: CPU [438.446417, 188.943958, 212.59345800000003]; GPU [296.8195, 1.872917, 6.959959]
Test Case '-[TesseraCoreTests.TransformSessionTests testUprightAutoChangesTheRenderedFrame]' passed (19.679 seconds).
Test Suite 'TransformSessionTests' passed at 2026-09-27 13:43:07.199.
	 Executed 2 tests, with 0 failures (0 unexpected) in 23.777 (23.779) seconds
Test Suite 'UncorrectedPlacementTests' started at 2026-09-27 13:43:07.199.
Test Case '-[TesseraCoreTests.UncorrectedPlacementTests testGuidedEnterAndExitToggleTheUncorrectedView]' started.
Test Case '-[TesseraCoreTests.UncorrectedPlacementTests testGuidedEnterAndExitToggleTheUncorrectedView]' passed (0.000 seconds).
Test Suite 'UncorrectedPlacementTests' passed at 2026-09-27 13:43:07.199.
	 Executed 1 test, with 0 failures (0 unexpected) in 0.000 (0.000) seconds
Test Suite 'WorkspaceBrowserRestoreTests' started at 2026-09-27 13:43:07.199.
Test Case '-[TesseraCoreTests.WorkspaceBrowserRestoreTests testReturnRestoresGridAnchorWithoutFocusSnap]' started.
Test Case '-[TesseraCoreTests.WorkspaceBrowserRestoreTests testReturnRestoresGridAnchorWithoutFocusSnap]' passed (0.016 seconds).
Test Suite 'WorkspaceBrowserRestoreTests' passed at 2026-09-27 13:43:07.215.
	 Executed 1 test, with 0 failures (0 unexpected) in 0.016 (0.016) seconds
Test Suite 'WorkspaceNavigationTests' started at 2026-09-27 13:43:07.215.
Test Case '-[TesseraCoreTests.WorkspaceNavigationTests testChangingSourceExitsEditWithoutRestoringOldSource]' started.
Test Case '-[TesseraCoreTests.WorkspaceNavigationTests testChangingSourceExitsEditWithoutRestoringOldSource]' passed (0.000 seconds).
Test Case '-[TesseraCoreTests.WorkspaceNavigationTests testCompareReturnRestoresPairAndActiveSide]' started.
Test Case '-[TesseraCoreTests.WorkspaceNavigationTests testCompareReturnRestoresPairAndActiveSide]' passed (0.000 seconds).
Test Case '-[TesseraCoreTests.WorkspaceNavigationTests testEditTargetsOnePhotoAndReturnsOriginalSelection]' started.
Test Case '-[TesseraCoreTests.WorkspaceNavigationTests testEditTargetsOnePhotoAndReturnsOriginalSelection]' passed (0.000 seconds).
Test Case '-[TesseraCoreTests.WorkspaceNavigationTests testEveryExitDisarmsModelOwnedPointerTools]' started.
Test Case '-[TesseraCoreTests.WorkspaceNavigationTests testEveryExitDisarmsModelOwnedPointerTools]' passed (0.001 seconds).
Test Case '-[TesseraCoreTests.WorkspaceNavigationTests testInspectorTabKeepsTargetAndReturnState]' started.
Test Case '-[TesseraCoreTests.WorkspaceNavigationTests testInspectorTabKeepsTargetAndReturnState]' passed (0.000 seconds).
Test Case '-[TesseraCoreTests.WorkspaceNavigationTests testInstallingDifferentLibraryDiscardsBookmark]' started.
Test Case '-[TesseraCoreTests.WorkspaceNavigationTests testInstallingDifferentLibraryDiscardsBookmark]' passed (0.000 seconds).
Test Case '-[TesseraCoreTests.WorkspaceNavigationTests testPhotoEditUndoCannotConsumeCullHistory]' started.
Test Case '-[TesseraCoreTests.WorkspaceNavigationTests testPhotoEditUndoCannotConsumeCullHistory]' passed (0.000 seconds).
Test Case '-[TesseraCoreTests.WorkspaceNavigationTests testRenderedCopyRequestCapturesTargetAndCancelHasNoSideEffect]' started.
Test Case '-[TesseraCoreTests.WorkspaceNavigationTests testRenderedCopyRequestCapturesTargetAndCancelHasNoSideEffect]' passed (0.000 seconds).
Test Case '-[TesseraCoreTests.WorkspaceNavigationTests testScopeUsesCompareCandidateRatherThanOriginalSelection]' started.
Test Case '-[TesseraCoreTests.WorkspaceNavigationTests testScopeUsesCompareCandidateRatherThanOriginalSelection]' passed (0.000 seconds).
Test Suite 'WorkspaceNavigationTests' passed at 2026-09-27 13:43:07.217.
	 Executed 9 tests, with 0 failures (0 unexpected) in 0.002 (0.003) seconds
Test Suite 'WorkspaceSelectionTests' started at 2026-09-27 13:43:07.217.
Test Case '-[TesseraCoreTests.WorkspaceSelectionTests testEmptyDestinationHasNoAccidentalTarget]' started.
Test Case '-[TesseraCoreTests.WorkspaceSelectionTests testEmptyDestinationHasNoAccidentalTarget]' passed (0.000 seconds).
Test Case '-[TesseraCoreTests.WorkspaceSelectionTests testRestorationUsesStableKeysAfterInsertionAndRemoval]' started.
Test Case '-[TesseraCoreTests.WorkspaceSelectionTests testRestorationUsesStableKeysAfterInsertionAndRemoval]' passed (0.000 seconds).
Test Suite 'WorkspaceSelectionTests' passed at 2026-09-27 13:43:07.218.
	 Executed 2 tests, with 0 failures (0 unexpected) in 0.000 (0.000) seconds
Test Suite 'TesseraPackageTests.xctest' passed at 2026-09-27 13:43:07.218.
	 Executed 411 tests, with 1 test skipped and 0 failures (0 unexpected) in 122.317 (122.339) seconds
Test Suite 'All tests' passed at 2026-09-27 13:43:07.218.
	 Executed 411 tests, with 1 test skipped and 0 failures (0 unexpected) in 122.317 (122.339) seconds
lensblur-export-warning: ["sony-arw.ARW: Lens Blur skipped: Lens Blur depth model is not cached; download depth/anything-v2-small in Models"]
M2-54 lookup count=1000 before_ms=0.027529001235961914 after_ms=0.002530813217163086
M2-54 lookup count=20000 before_ms=0.5173802375793457 after_ms=0.002480745315551758
M2-54 core_install_ms=0.1519918441772461 select_all_ms=0.009059906005859375
M2-54 warm_bottom_100 count=1000 before_median_ms=0.1119375228881836 median_ms=0.08296966552734375 max_ms=0.0909566879272461
M2-54 warm_bottom_100 count=20000 before_median_ms=0.6170272827148438 median_ms=0.08392333984375 max_ms=0.0909566879272461
M2-54 warm_bottom_100 ratio=1.0114942528735633 target=1.2
P08 20k retained subscribers: 68
P08 20k forward/reverse: peak pending=24, active=4, subscribers=24, delivered=24, traceMs=664.2642919905484
upright-auto: 640x426 -> 640x426, 43.4% of pixels changed
◇ Test run started.
↳ Testing Library Version: 1902
↳ Target Platform: arm64e-apple-macos14.0
◇ Suite CullStoreTests started.
◇ Suite GroupingTests started.
◇ Test exifDateParsing() started.
◇ Test undoRedo() started.
◇ Test syntheticLibraryIsGroupedAndSorted() started.
◇ Test decisionsGradesMarksBasket() started.
◇ Test splitsOnGaps() started.
✔ Test decisionsGradesMarksBasket() passed after 0.001 seconds.
✔ Test undoRedo() passed after 0.001 seconds.
✔ Test splitsOnGaps() passed after 0.001 seconds.
✔ Test exifDateParsing() passed after 0.001 seconds.
✔ Suite CullStoreTests passed after 0.001 seconds.
✔ Test syntheticLibraryIsGroupedAndSorted() passed after 0.023 seconds.
✔ Suite GroupingTests passed after 0.023 seconds.
✔ Test run with 5 tests in 2 suites passed after 0.023 seconds.
