   Compiling libc v0.2.189
   Compiling serde_core v1.0.229
   Compiling autocfg v1.5.1
   Compiling bitflags v2.13.2
   Compiling libm v0.2.16
   Compiling serde v1.0.229
   Compiling once_cell v1.21.4
   Compiling pkg-config v0.3.34
   Compiling foldhash v0.2.0
   Compiling syn v3.0.6
   Compiling syn v2.0.119
   Compiling memchr v2.8.3
   Compiling num-traits v0.2.19
   Compiling objc2 v0.6.4
   Compiling hashbrown v0.17.1
   Compiling objc2-encode v4.1.0
   Compiling rustix v1.1.5
   Compiling getrandom v0.4.3
   Compiling cfg-if v1.0.5
   Compiling log v0.4.34
   Compiling serde_json v1.0.151
   Compiling simd-adler32 v0.3.10
   Compiling jobserver v0.1.35
   Compiling httparse v1.10.1
   Compiling crc32fast v1.5.2
   Compiling adler2 v2.0.1
   Compiling smallvec v1.16.2
   Compiling cc v1.4.7
   Compiling miniz_oxide v0.9.1
   Compiling equivalent v1.0.2
   Compiling errno v0.3.14
   Compiling cfg_aliases v0.2.2
   Compiling version_check v0.9.5
   Compiling dunce v1.0.5
   Compiling glob v0.3.4
   Compiling generic-array v0.14.7
   Compiling bytes v1.12.1
   Compiling clang-sys v1.9.1
   Compiling prettyplease v0.2.37
   Compiling flate2 v1.1.10
   Compiling typenum v1.20.1
   Compiling objc2-core-foundation v0.3.2
   Compiling zeroize v1.9.0
   Compiling rustls-pki-types v1.15.1
   Compiling blake3 v1.8.7
   Compiling ring v0.17.14
   Compiling lcms2-sys v4.0.7
   Compiling getrandom v0.2.17
   Compiling minimal-lexical v0.2.1
   Compiling regex-syntax v0.8.11
   Compiling untrusted v0.9.0
   Compiling serde_derive v1.0.229
   Compiling thiserror-impl v2.0.21
   Compiling bytemuck_derive v1.12.1
   Compiling indexmap v2.14.2
   Compiling objc2-core-graphics v0.3.2
   Compiling bytemuck v1.25.2
   Compiling thiserror v2.0.21
   Compiling foreign-types-macros v0.2.4
   Compiling foreign-types-shared v0.3.1
   Compiling nom v7.1.3
   Compiling foreign-types v0.5.0
   Compiling libloading v0.8.9
   Compiling core-foundation-sys v0.8.7
   Compiling zerocopy-derive v0.8.58
   Compiling regex-automata v0.4.18
   Compiling bindgen v0.71.1
   Compiling either v1.18.0
   Compiling rustls v0.23.45
   Compiling itertools v0.13.0
   Compiling crypto-common v0.1.7
   Compiling block-buffer v0.10.4
   Compiling http v1.5.0
   Compiling zerocopy v0.8.58
   Compiling rustc-hash v2.1.3
   Compiling base64 v0.23.1
   Compiling cexpr v0.6.0
   Compiling subtle v2.6.1
   Compiling shlex v1.3.0
   Compiling fastrand v2.5.0
   Compiling pin-project-lite v0.2.17
   Compiling regex v1.13.1
   Compiling tempfile v3.27.0
   Compiling ureq-proto v0.6.4
   Compiling digest v0.10.7
   Compiling core-foundation v0.10.1
   Compiling security-framework-sys v2.17.0
   Compiling objc2-foundation v0.3.2
   Compiling webpki-roots v1.0.9
   Compiling cpufeatures v0.2.17
   Compiling native-tls v0.2.18
   Compiling rustc-hash v1.1.0
   Compiling itoa v1.0.18
   Compiling utf8-zero v0.8.1
   Compiling base64ct v1.8.3
   Compiling percent-encoding v2.3.2
   Compiling pem-rfc7468 v1.0.0
   Compiling naga-types v30.0.1
   Compiling sha2 v0.10.9
   Compiling security-framework v3.7.0
   Compiling dispatch2 v0.3.1
   Compiling block2 v0.6.2
   Compiling naga v30.0.1
   Compiling miniz_oxide v0.8.9
   Compiling fdeflate v0.3.7
   Compiling bit-vec v0.9.1
   Compiling byteorder v1.5.0
   Compiling anyhow v1.0.104
   Compiling unicode-width v0.2.2
   Compiling parking_lot_core v0.9.12
   Compiling codespan-reporting v0.13.1
   Compiling rustls-webpki v0.103.15
   Compiling socks v0.3.4
   Compiling bit-set v0.10.0
   Compiling objc2-io-surface v0.3.2
   Compiling webpki-root-certs v1.0.9
   Compiling der v0.8.2
   Compiling objc2-metal v0.3.2
   Compiling xattr v1.6.1
   Compiling filetime v0.2.29
   Compiling quick-xml v0.38.4
   Compiling lcms2 v6.2.0
   Compiling raw-window-handle v0.6.2
   Compiling static_assertions v1.1.0
   Compiling unicode-ident v1.0.26
   Compiling zune-core v0.5.3
   Compiling color-mgmt v0.1.0 (/Users/rutmehta/Developer/tessera/.worktrees/M5-20/crates/color-mgmt)
   Compiling pxfm v0.1.30
   Compiling scopeguard v1.2.0
   Compiling lock_api v0.4.14
   Compiling zune-jpeg v0.5.15
   Compiling wgpu-types v30.0.1
   Compiling half v2.7.1
   Compiling ureq v3.4.2
   Compiling tar v0.4.46
   Compiling engine-api v0.1.0 (/Users/rutmehta/Developer/tessera/.worktrees/M5-20/crates/engine-api)
   Compiling png v0.18.1
   Compiling libraw-ffi v0.1.0 (/Users/rutmehta/Developer/tessera/.worktrees/M5-20/crates/libraw-ffi)
   Compiling wgpu-hal v30.0.1
   Compiling matrixmultiply v0.3.11
   Compiling byteorder-lite v0.1.0
   Compiling lzma-rust2 v0.15.8
   Compiling hmac-sha256 v1.1.15
   Compiling ort-sys v2.0.0-rc.13
   Compiling parking_lot v0.12.5
   Compiling moxcms v0.8.1
   Compiling tracing-attributes v0.1.31
   Compiling tracing-core v0.1.36
   Compiling rawpointer v0.2.1
   Compiling profiling v1.0.18
   Compiling crossbeam-utils v0.8.23
   Compiling tracing v0.1.44
   Compiling serde_spanned v0.6.9
   Compiling toml_datetime v0.6.11
   Compiling num-complex v0.4.6
   Compiling num-integer v0.1.47
   Compiling wgpu-core v30.0.1
   Compiling crossbeam-epoch v0.9.21
   Compiling winnow v0.7.15
   Compiling toml_write v0.1.2
   Compiling litrs v1.0.0
   Compiling document-features v0.2.12
   Compiling lens v0.1.0 (/Users/rutmehta/Developer/tessera/.worktrees/M5-20/crates/lens)
   Compiling toml_edit v0.22.27
   Compiling objc2-quartz-core v0.3.2
   Compiling raw-window-metal v1.1.0
   Compiling image v0.25.10
   Compiling ndarray v0.17.2
   Compiling zstd-sys v2.0.16+zstd.1.5.7
   Compiling wgpu v30.0.1
   Compiling vcpkg v0.2.15
   Compiling crossbeam-deque v0.8.8
   Compiling libsqlite3-sys v0.38.2
   Compiling wgpu-naga-bridge v30.0.1
   Compiling wgpu-core-deps-apple v30.0.1
   Compiling ort v2.0.0-rc.13
   Compiling toml v0.8.23
   Compiling rayon-core v1.13.0
   Compiling ml-runtime v0.1.0 (/Users/rutmehta/Developer/tessera/.worktrees/M5-20/crates/ml-runtime)
   Compiling pollster v0.4.0
   Compiling zstd-safe v7.2.4
   Compiling futures-core v0.3.34
   Compiling futures-sink v0.3.34
   Compiling hashlink v0.12.2
   Compiling mutate_once v0.1.2
   Compiling fallible-iterator v0.3.0
   Compiling same-file v1.0.6
   Compiling fallible-streaming-iterator v0.1.9
   Compiling walkdir v2.5.0
   Compiling rayon v1.12.0
   Compiling kamadak-exif v0.6.1
   Compiling futures-channel v0.3.34
   Compiling futures-macro v0.3.34
   Compiling slab v0.4.12
   Compiling ref-cast v1.0.27
   Compiling futures-io v0.3.34
   Compiling futures-task v0.3.34
   Compiling futures-util v0.3.34
   Compiling ml-enhance v0.1.0 (/Users/rutmehta/Developer/tessera/.worktrees/M5-20/crates/ml-enhance)
   Compiling gpu-core v0.1.0 (/Users/rutmehta/Developer/tessera/.worktrees/M5-20/crates/gpu-core)
   Compiling zstd v0.13.3
   Compiling sidecar v0.1.0 (/Users/rutmehta/Developer/tessera/.worktrees/M5-20/crates/sidecar)
   Compiling ref-cast-impl v1.0.27
   Compiling tokio-macros v2.7.2
   Compiling serde_derive_internals v0.30.0
   Compiling psd v0.1.0 (/Users/rutmehta/Developer/tessera/.worktrees/M5-20/crates/psd)
   Compiling signal-hook-registry v1.4.8
   Compiling num_cpus v1.17.0
   Compiling mio v1.2.3
   Compiling zune-core v0.4.12
   Compiling zune-jpeg v0.4.21
   Compiling tokio v1.53.1
   Compiling jobs v0.1.0 (/Users/rutmehta/Developer/tessera/.worktrees/M5-20/crates/jobs)
   Compiling compositor v0.1.0 (/Users/rutmehta/Developer/tessera/.worktrees/M5-20/crates/compositor)
   Compiling schemars_derive v1.2.2
   Compiling futures-executor v0.3.34
   Compiling chrono v0.4.45
   Compiling quick-error v2.0.1
   Compiling fax v0.2.7
   Compiling weezl v0.1.12
   Compiling bitflags v1.3.2
   Compiling rmcp v3.4.1
   Compiling dyn-clone v1.0.20
   Compiling schemars v1.2.2
   Compiling png v0.17.16
   Compiling tiff v0.10.3
   Compiling tokio-util v0.7.19
   Compiling futures v0.3.34
   Compiling tessera-mcp v0.1.0 (/Users/rutmehta/Developer/tessera/.worktrees/M5-20/crates/tessera-mcp)
   Compiling uuid v1.26.1
   Compiling pastey v0.2.3
   Compiling jpeg-encoder v0.6.1
   Compiling selection v0.1.0 (/Users/rutmehta/Developer/tessera/.worktrees/M5-20/crates/selection)
   Compiling brush v0.1.0 (/Users/rutmehta/Developer/tessera/.worktrees/M5-20/crates/brush)
   Compiling rusqlite v0.40.2
   Compiling index v0.1.0 (/Users/rutmehta/Developer/tessera/.worktrees/M5-20/crates/index)
   Compiling library v0.1.0 (/Users/rutmehta/Developer/tessera/.worktrees/M5-20/crates/library)
warning: libraw-ffi@0.1.0: vendor/LibRaw/LibRaw-0.22.2/src/write/file_write.cpp:78:3: warning: 'sprintf' is deprecated: This function is provided for compatibility reasons only.  Due to security concerns inherent in the design of sprintf(3), it is highly recommended that you use snprintf(3) instead. [-Wdeprecated-declarations]
warning: libraw-ffi@0.1.0:    78 |   sprintf(th->date, "%04d:%02d:%02d %02d:%02d:%02d", t->tm_year + 1900,
warning: libraw-ffi@0.1.0:       |   ^
warning: libraw-ffi@0.1.0: /Applications/Xcode.app/Contents/Developer/Platforms/MacOSX.platform/Developer/SDKs/MacOSX.sdk/usr/include/_stdio.h:278:1: note: 'sprintf' has been explicitly marked deprecated here
warning: libraw-ffi@0.1.0:   278 | __deprecated_msg("This function is provided for compatibility reasons only.  Due to security concerns inherent in the design of sprintf(3), it is highly recommended that you use snprintf(3) instead.")
warning: libraw-ffi@0.1.0:       | ^
warning: libraw-ffi@0.1.0: /Applications/Xcode.app/Contents/Developer/Platforms/MacOSX.platform/Developer/SDKs/MacOSX.sdk/usr/include/sys/cdefs.h:227:48: note: expanded from macro '__deprecated_msg'
warning: libraw-ffi@0.1.0:   227 |         #define __deprecated_msg(_msg) __attribute__((__deprecated__(_msg)))
warning: libraw-ffi@0.1.0:       |                                                       ^
warning: libraw-ffi@0.1.0: 1 warning generated.
warning: libraw-ffi@0.1.0: vendor/LibRaw/LibRaw-0.22.2/src/decompressors/losslessjpeg.cpp:24:9: warning: 'ZERO' macro redefined [-Wmacro-redefined]
warning: libraw-ffi@0.1.0:    24 | #define ZERO(a) do { memset(a,0,sizeof(a));} while(0)
warning: libraw-ffi@0.1.0:       |         ^
warning: libraw-ffi@0.1.0: vendor/LibRaw/LibRaw-0.22.2/src/decompressors/../../internal/libraw_cxx_defs.h:117:9: note: previous definition is here
warning: libraw-ffi@0.1.0:   117 | #define ZERO(a) memset(&a, 0, sizeof(a))
warning: libraw-ffi@0.1.0:       |         ^
warning: libraw-ffi@0.1.0: vendor/LibRaw/LibRaw-0.22.2/src/decompressors/losslessjpeg.cpp:375:17: warning: comparison of integers of different signs: 'int' and 'uint32_t' (aka 'unsigned int') [-Wsign-compare]
warning: libraw-ffi@0.1.0:   375 |           if (h >= tsize)
warning: libraw-ffi@0.1.0:       |               ~ ^  ~~~~~
warning: libraw-ffi@0.1.0: 2 warnings generated.
warning: libraw-ffi@0.1.0: vendor/LibRaw/LibRaw-0.22.2/src/libraw_datastream.cpp:138:48: warning: unused parameter 'jpegdata' [-Wunused-parameter]
warning: libraw-ffi@0.1.0:   138 | int LibRaw_abstract_datastream::jpeg_src(void *jpegdata)
warning: libraw-ffi@0.1.0:       |                                                ^
warning: libraw-ffi@0.1.0: vendor/LibRaw/LibRaw-0.22.2/src/libraw_datastream.cpp:452:46: warning: unused parameter 'jpegdata' [-Wunused-parameter]
warning: libraw-ffi@0.1.0:   452 | int LibRaw_buffer_datastream::jpeg_src(void *jpegdata)
warning: libraw-ffi@0.1.0:       |                                              ^
warning: libraw-ffi@0.1.0: 2 warnings generated.
warning: libraw-ffi@0.1.0: vendor/LibRaw/LibRaw-0.22.2/src/integration/dngsdk_glue.cpp:527:33: warning: unused parameter 'p' [-Wunused-parameter]
warning: libraw-ffi@0.1.0:   527 | void LibRaw::set_dng_host(void *p)
warning: libraw-ffi@0.1.0:       |                                 ^
warning: libraw-ffi@0.1.0: 1 warning generated.
warning: libraw-ffi@0.1.0: vendor/LibRaw/LibRaw-0.22.2/src/utils/open.cpp:476:11: warning: unused variable 'foveon_count' [-Wunused-const-variable]
warning: libraw-ffi@0.1.0:   476 | const int foveon_count = sizeof(foveon_data) / sizeof(foveon_data[0]);
warning: libraw-ffi@0.1.0:       |           ^~~~~~~~~~~~
warning: libraw-ffi@0.1.0: 1 warning generated.
warning: libraw-ffi@0.1.0: vendor/LibRaw/LibRaw-0.22.2/src/utils/thumb_utils.cpp:35:41: warning: comparison of integers of different signs: 'INT64' (aka 'long long') and 'unsigned long long' [-Wsign-compare]
warning: libraw-ffi@0.1.0:    35 |   if(INT64(T.theight) * INT64(T.twidth) > 1024ULL * 1024ULL * LIBRAW_MAX_THUMBNAIL_MB)
warning: libraw-ffi@0.1.0:       |      ~~~~~~~~~~~~~~~~~~~~~~~~~~~~~~~~~~ ^ ~~~~~~~~~~~~~~~~~~~~~~~~~~~~~~~~~~~~~~~~~~~
warning: libraw-ffi@0.1.0: vendor/LibRaw/LibRaw-0.22.2/src/utils/thumb_utils.cpp:38:42: warning: comparison of integers of different signs: 'INT64' (aka 'long long') and 'unsigned long long' [-Wsign-compare]
warning: libraw-ffi@0.1.0:    38 |   if (INT64(T.theight) * INT64(T.twidth) < 64ULL)
warning: libraw-ffi@0.1.0:       |       ~~~~~~~~~~~~~~~~~~~~~~~~~~~~~~~~~~ ^ ~~~~~
warning: libraw-ffi@0.1.0: 2 warnings generated.
warning: libraw-ffi@0.1.0: vendor/LibRaw/LibRaw-0.22.2/src/postprocessing/postprocessing_utils_dcrdefs.cpp:65:5: warning: 'sprintf' is deprecated: This function is provided for compatibility reasons only.  Due to security concerns inherent in the design of sprintf(3), it is highly recommended that you use snprintf(3) instead. [-Wdeprecated-declarations]
warning: libraw-ffi@0.1.0:    65 |     sprintf(prof_desc.data(), "%s gamma %g toe slope %g", name[output_color - 1], floor(1000. / gamm[0] + .5) / 1000.,
warning: libraw-ffi@0.1.0:       |     ^
warning: libraw-ffi@0.1.0: /Applications/Xcode.app/Contents/Developer/Platforms/MacOSX.platform/Developer/SDKs/MacOSX.sdk/usr/include/_stdio.h:278:1: note: 'sprintf' has been explicitly marked deprecated here
warning: libraw-ffi@0.1.0:   278 | __deprecated_msg("This function is provided for compatibility reasons only.  Due to security concerns inherent in the design of sprintf(3), it is highly recommended that you use snprintf(3) instead.")
warning: libraw-ffi@0.1.0:       | ^
warning: libraw-ffi@0.1.0: /Applications/Xcode.app/Contents/Developer/Platforms/MacOSX.platform/Developer/SDKs/MacOSX.sdk/usr/include/sys/cdefs.h:227:48: note: expanded from macro '__deprecated_msg'
warning: libraw-ffi@0.1.0:   227 |         #define __deprecated_msg(_msg) __attribute__((__deprecated__(_msg)))
warning: libraw-ffi@0.1.0:       |                                                       ^
warning: libraw-ffi@0.1.0: 1 warning generated.
warning: libraw-ffi@0.1.0: vendor/LibRaw/LibRaw-0.22.2/src/postprocessing/mem_image.cpp:43:24: warning: comparison of integers of different signs: 'INT64' (aka 'long long') and 'unsigned long long' [-Wsign-compare]
warning: libraw-ffi@0.1.0:    43 |   if (INT64(T.tlength) > 1024ULL * 1024ULL * LIBRAW_MAX_THUMBNAIL_MB)
warning: libraw-ffi@0.1.0:       |       ~~~~~~~~~~~~~~~~ ^ ~~~~~~~~~~~~~~~~~~~~~~~~~~~~~~~~~~~~~~~~~~~
warning: libraw-ffi@0.1.0: 1 warning generated.
warning: libraw-ffi@0.1.0: vendor/LibRaw/LibRaw-0.22.2/src/decoders/unpack_thumb.cpp:225:9: warning: comparison of integers of different signs: 'INT64' (aka 'long long') and 'unsigned long long' [-Wsign-compare]
warning: libraw-ffi@0.1.0:   225 |         THUMB_SIZE_CHECKWH(T.twidth, T.theight);
warning: libraw-ffi@0.1.0:       |         ^~~~~~~~~~~~~~~~~~~~~~~~~~~~~~~~~~~~~~~
warning: libraw-ffi@0.1.0: vendor/LibRaw/LibRaw-0.22.2/src/decoders/unpack_thumb.cpp:70:27: note: expanded from macro 'THUMB_SIZE_CHECKWH'
warning: libraw-ffi@0.1.0:    70 |     if (INT64(W)*INT64(H) > 1024ULL * 1024ULL * LIBRAW_MAX_THUMBNAIL_MB) return LIBRAW_UNSUPPORTED_THUMBNAIL; \
warning: libraw-ffi@0.1.0:       |         ~~~~~~~~~~~~~~~~~ ^ ~~~~~~~~~~~~~~~~~~~~~~~~~~~~~~~~~~~~~~~~~~~
warning: libraw-ffi@0.1.0: vendor/LibRaw/LibRaw-0.22.2/src/decoders/unpack_thumb.cpp:225:9: warning: comparison of integers of different signs: 'INT64' (aka 'long long') and 'unsigned long long' [-Wsign-compare]
warning: libraw-ffi@0.1.0:   225 |         THUMB_SIZE_CHECKWH(T.twidth, T.theight);
warning: libraw-ffi@0.1.0:       |         ^~~~~~~~~~~~~~~~~~~~~~~~~~~~~~~~~~~~~~~
warning: libraw-ffi@0.1.0: vendor/LibRaw/LibRaw-0.22.2/src/decoders/unpack_thumb.cpp:71:27: note: expanded from macro 'THUMB_SIZE_CHECKWH'
warning: libraw-ffi@0.1.0:    71 |     if (INT64(W)*INT64(H) < 64ULL)        return LIBRAW_NO_THUMBNAIL; \
warning: libraw-ffi@0.1.0:       |         ~~~~~~~~~~~~~~~~~ ^ ~~~~~
warning: libraw-ffi@0.1.0: vendor/LibRaw/LibRaw-0.22.2/src/decoders/unpack_thumb.cpp:266:9: warning: comparison of integers of different signs: 'INT64' (aka 'long long') and 'unsigned long long' [-Wsign-compare]
warning: libraw-ffi@0.1.0:   266 |         THUMB_SIZE_CHECKWH(T.twidth, T.theight);
warning: libraw-ffi@0.1.0:       |         ^~~~~~~~~~~~~~~~~~~~~~~~~~~~~~~~~~~~~~~
warning: libraw-ffi@0.1.0: vendor/LibRaw/LibRaw-0.22.2/src/decoders/unpack_thumb.cpp:70:27: note: expanded from macro 'THUMB_SIZE_CHECKWH'
warning: libraw-ffi@0.1.0:    70 |     if (INT64(W)*INT64(H) > 1024ULL * 1024ULL * LIBRAW_MAX_THUMBNAIL_MB) return LIBRAW_UNSUPPORTED_THUMBNAIL; \
warning: libraw-ffi@0.1.0:       |         ~~~~~~~~~~~~~~~~~ ^ ~~~~~~~~~~~~~~~~~~~~~~~~~~~~~~~~~~~~~~~~~~~
warning: libraw-ffi@0.1.0: vendor/LibRaw/LibRaw-0.22.2/src/decoders/unpack_thumb.cpp:266:9: warning: comparison of integers of different signs: 'INT64' (aka 'long long') and 'unsigned long long' [-Wsign-compare]
warning: libraw-ffi@0.1.0:   266 |         THUMB_SIZE_CHECKWH(T.twidth, T.theight);
warning: libraw-ffi@0.1.0:       |         ^~~~~~~~~~~~~~~~~~~~~~~~~~~~~~~~~~~~~~~
warning: libraw-ffi@0.1.0: vendor/LibRaw/LibRaw-0.22.2/src/decoders/unpack_thumb.cpp:71:27: note: expanded from macro 'THUMB_SIZE_CHECKWH'
warning: libraw-ffi@0.1.0:    71 |     if (INT64(W)*INT64(H) < 64ULL)        return LIBRAW_NO_THUMBNAIL; \
warning: libraw-ffi@0.1.0:       |         ~~~~~~~~~~~~~~~~~ ^ ~~~~~
warning: libraw-ffi@0.1.0: vendor/LibRaw/LibRaw-0.22.2/src/decoders/unpack_thumb.cpp:298:9: warning: comparison of integers of different signs: 'INT64' (aka 'long long') and 'unsigned long long' [-Wsign-compare]
warning: libraw-ffi@0.1.0:   298 |         THUMB_SIZE_CHECKWH(T.twidth, T.theight);
warning: libraw-ffi@0.1.0:       |         ^~~~~~~~~~~~~~~~~~~~~~~~~~~~~~~~~~~~~~~
warning: libraw-ffi@0.1.0: vendor/LibRaw/LibRaw-0.22.2/src/decoders/unpack_thumb.cpp:70:27: note: expanded from macro 'THUMB_SIZE_CHECKWH'
warning: libraw-ffi@0.1.0:    70 |     if (INT64(W)*INT64(H) > 1024ULL * 1024ULL * LIBRAW_MAX_THUMBNAIL_MB) return LIBRAW_UNSUPPORTED_THUMBNAIL; \
warning: libraw-ffi@0.1.0:       |         ~~~~~~~~~~~~~~~~~ ^ ~~~~~~~~~~~~~~~~~~~~~~~~~~~~~~~~~~~~~~~~~~~
warning: libraw-ffi@0.1.0: vendor/LibRaw/LibRaw-0.22.2/src/decoders/unpack_thumb.cpp:298:9: warning: comparison of integers of different signs: 'INT64' (aka 'long long') and 'unsigned long long' [-Wsign-compare]
warning: libraw-ffi@0.1.0:   298 |         THUMB_SIZE_CHECKWH(T.twidth, T.theight);
warning: libraw-ffi@0.1.0:       |         ^~~~~~~~~~~~~~~~~~~~~~~~~~~~~~~~~~~~~~~
warning: libraw-ffi@0.1.0: vendor/LibRaw/LibRaw-0.22.2/src/decoders/unpack_thumb.cpp:71:27: note: expanded from macro 'THUMB_SIZE_CHECKWH'
warning: libraw-ffi@0.1.0:    71 |     if (INT64(W)*INT64(H) < 64ULL)        return LIBRAW_NO_THUMBNAIL; \
warning: libraw-ffi@0.1.0:       |         ~~~~~~~~~~~~~~~~~ ^ ~~~~~
warning: libraw-ffi@0.1.0: vendor/LibRaw/LibRaw-0.22.2/src/decoders/unpack_thumb.cpp:383:3: warning: comparison of integers of different signs: 'INT64' (aka 'long long') and 'unsigned long long' [-Wsign-compare]
warning: libraw-ffi@0.1.0:   383 |                 THUMB_SIZE_CHECKWH(T.twidth, (INT64(T.theight)*INT64(o_bps)));
warning: libraw-ffi@0.1.0:       |                 ^~~~~~~~~~~~~~~~~~~~~~~~~~~~~~~~~~~~~~~~~~~~~~~~~~~~~~~~~~~~~
warning: libraw-ffi@0.1.0: vendor/LibRaw/LibRaw-0.22.2/src/decoders/unpack_thumb.cpp:70:27: note: expanded from macro 'THUMB_SIZE_CHECKWH'
warning: libraw-ffi@0.1.0:    70 |     if (INT64(W)*INT64(H) > 1024ULL * 1024ULL * LIBRAW_MAX_THUMBNAIL_MB) return LIBRAW_UNSUPPORTED_THUMBNAIL; \
warning: libraw-ffi@0.1.0:       |         ~~~~~~~~~~~~~~~~~ ^ ~~~~~~~~~~~~~~~~~~~~~~~~~~~~~~~~~~~~~~~~~~~
warning: libraw-ffi@0.1.0: vendor/LibRaw/LibRaw-0.22.2/src/decoders/unpack_thumb.cpp:383:3: warning: comparison of integers of different signs: 'INT64' (aka 'long long') and 'unsigned long long' [-Wsign-compare]
warning: libraw-ffi@0.1.0:   383 |                 THUMB_SIZE_CHECKWH(T.twidth, (INT64(T.theight)*INT64(o_bps)));
warning: libraw-ffi@0.1.0:       |                 ^~~~~~~~~~~~~~~~~~~~~~~~~~~~~~~~~~~~~~~~~~~~~~~~~~~~~~~~~~~~~
warning: libraw-ffi@0.1.0: vendor/LibRaw/LibRaw-0.22.2/src/decoders/unpack_thumb.cpp:71:27: note: expanded from macro 'THUMB_SIZE_CHECKWH'
warning: libraw-ffi@0.1.0:    71 |     if (INT64(W)*INT64(H) < 64ULL)        return LIBRAW_NO_THUMBNAIL; \
warning: libraw-ffi@0.1.0:       |         ~~~~~~~~~~~~~~~~~ ^ ~~~~~
warning: libraw-ffi@0.1.0: 8 warnings generated.
warning: libraw-ffi@0.1.0: vendor/LibRaw/LibRaw-0.22.2/src/decoders/decoders_libraw.cpp:894:2: warning: definition of implicit copy assignment operator for 'p1_row_info_t' is deprecated because it has a user-provided copy constructor [-Wdeprecated-copy-with-user-provided-copy]
warning: libraw-ffi@0.1.0:   894 |         p1_row_info_t(const p1_row_info_t& q): row(q.row),offset(q.offset){}
warning: libraw-ffi@0.1.0:       |         ^
warning: libraw-ffi@0.1.0: /Applications/Xcode.app/Contents/Developer/Platforms/MacOSX.platform/Developer/SDKs/MacOSX.sdk/usr/include/c++/v1/__algorithm/sift_down.h:61:14: note: in implicit copy assignment operator for 'p1_row_info_t' first required here
warning: libraw-ffi@0.1.0:    61 |     *__start = _Ops::__iter_move(__child_i);
warning: libraw-ffi@0.1.0:       |              ^
warning: libraw-ffi@0.1.0: /Applications/Xcode.app/Contents/Developer/Platforms/MacOSX.platform/Developer/SDKs/MacOSX.sdk/usr/include/c++/v1/__algorithm/make_heap.h:39:12: note: in instantiation of function template specialization 'std::__sift_down<std::_ClassicAlgPolicy, std::__less<void, void> &, p1_row_info_t *>' requested here
warning: libraw-ffi@0.1.0:    39 |       std::__sift_down<_AlgPolicy>(__first, __comp_ref, __n, __first + __start);
warning: libraw-ffi@0.1.0:       |            ^
warning: libraw-ffi@0.1.0: /Applications/Xcode.app/Contents/Developer/Platforms/MacOSX.platform/Developer/SDKs/MacOSX.sdk/usr/include/c++/v1/__algorithm/partial_sort.h:41:8: note: in instantiation of function template specialization 'std::__make_heap<std::_ClassicAlgPolicy, std::__less<void, void> &, p1_row_info_t *>' requested here
warning: libraw-ffi@0.1.0:    41 |   std::__make_heap<_AlgPolicy>(__first, __middle, __comp);
warning: libraw-ffi@0.1.0:       |        ^
warning: libraw-ffi@0.1.0: /Applications/Xcode.app/Contents/Developer/Platforms/MacOSX.platform/Developer/SDKs/MacOSX.sdk/usr/include/c++/v1/__algorithm/partial_sort.h:65:12: note: in instantiation of function template specialization 'std::__partial_sort_impl<std::_ClassicAlgPolicy, std::__less<void, void> &, p1_row_info_t *, p1_row_info_t *>' requested here
warning: libraw-ffi@0.1.0:    65 |       std::__partial_sort_impl<_AlgPolicy>(__first, __middle, __last, static_cast<__comp_ref_type<_Compare> >(__comp));
warning: libraw-ffi@0.1.0:       |            ^
warning: libraw-ffi@0.1.0: /Applications/Xcode.app/Contents/Developer/Platforms/MacOSX.platform/Developer/SDKs/MacOSX.sdk/usr/include/c++/v1/__algorithm/sort.h:934:10: note: in instantiation of function template specialization 'std::__partial_sort<std::_ClassicAlgPolicy, std::__less<void, void>, p1_row_info_t *, p1_row_info_t *>' requested here
warning: libraw-ffi@0.1.0:   934 |     std::__partial_sort<_AlgPolicy>(
warning: libraw-ffi@0.1.0:       |          ^
warning: libraw-ffi@0.1.0: /Applications/Xcode.app/Contents/Developer/Platforms/MacOSX.platform/Developer/SDKs/MacOSX.sdk/usr/include/c++/v1/__algorithm/sort.h:945:8: note: in instantiation of function template specialization 'std::__sort_impl<std::_ClassicAlgPolicy, std::__wrap_iter<p1_row_info_t *>, std::__less<void, void>>' requested here
warning: libraw-ffi@0.1.0:   945 |   std::__sort_impl<_ClassicAlgPolicy>(std::move(__first), std::move(__last), __comp);
warning: libraw-ffi@0.1.0:       |        ^
warning: libraw-ffi@0.1.0: /Applications/Xcode.app/Contents/Developer/Platforms/MacOSX.platform/Developer/SDKs/MacOSX.sdk/usr/include/c++/v1/__algorithm/sort.h:951:8: note: in instantiation of function template specialization 'std::sort<std::__wrap_iter<p1_row_info_t *>, std::__less<void, void>>' requested here
warning: libraw-ffi@0.1.0:   951 |   std::sort(__first, __last, __less<>());
warning: libraw-ffi@0.1.0:       |        ^
warning: libraw-ffi@0.1.0: vendor/LibRaw/LibRaw-0.22.2/src/decoders/decoders_libraw.cpp:911:7: note: in instantiation of function template specialization 'std::sort<std::__wrap_iter<p1_row_info_t *>>' requested here
warning: libraw-ffi@0.1.0:   911 |         std::sort(stripes.begin(), stripes.end());
warning: libraw-ffi@0.1.0:       |              ^
warning: libraw-ffi@0.1.0: 1 warning generated.
warning: libraw-ffi@0.1.0: vendor/LibRaw/LibRaw-0.22.2/src/decoders/olympus14.cpp:242:30: warning: comparison of integers of different signs: 'uint32_t' (aka 'unsigned int') and 'const int32_t' (aka 'const int') [-Wsign-compare]
warning: libraw-ffi@0.1.0:   242 |                 for (uint32_t col = 0; col < raw_width; col++)
warning: libraw-ffi@0.1.0:       |                                        ~~~ ^ ~~~~~~~~~
warning: libraw-ffi@0.1.0: 1 warning generated.
warning: libraw-ffi@0.1.0: vendor/LibRaw/LibRaw-0.22.2/src/decoders/load_mfbacks.cpp:534:45: warning: comparison of integers of different signs: 'int' and 'unsigned int' [-Wsign-compare]
warning: libraw-ffi@0.1.0:   534 |                         if (j == 0 || j == head[1] || k < 1 || k >= w0+w1)
warning: libraw-ffi@0.1.0:       |                                                                ~ ^  ~~~~~
warning: libraw-ffi@0.1.0: vendor/LibRaw/LibRaw-0.22.2/src/decoders/load_mfbacks.cpp:541:10: warning: comparison of integers of different signs: 'int' and 'unsigned int' [-Wsign-compare]
warning: libraw-ffi@0.1.0:   541 |                         if (k < w0 + w1)
warning: libraw-ffi@0.1.0:       |                             ~ ^ ~~~~~~~
warning: libraw-ffi@0.1.0: 2 warnings generated.
warning: libraw-ffi@0.1.0: vendor/LibRaw/LibRaw-0.22.2/src/decoders/fp_dng.cpp:361:21: warning: comparison of integers of different signs: 'int' and 'size_type' (aka 'unsigned long') [-Wsign-compare]
warning: libraw-ffi@0.1.0:   361 |   for (int i = 1; i < tiles.tBytes.size(); i++)
warning: libraw-ffi@0.1.0:       |                   ~ ^ ~~~~~~~~~~~~~~~~~~~
warning: libraw-ffi@0.1.0: vendor/LibRaw/LibRaw-0.22.2/src/decoders/fp_dng.cpp:528:31: warning: comparison of integers of different signs: 'unsigned long long' and 'long long' [-Wsign-compare]
warning: libraw-ffi@0.1.0:   528 |   if (pixcnt * sizeof(ushort) > INT64(imgdata.rawparams.max_raw_memory_mb) * 1024LL * 1024LL)
warning: libraw-ffi@0.1.0:       |       ~~~~~~~~~~~~~~~~~~~~~~~ ^ ~~~~~~~~~~~~~~~~~~~~~~~~~~~~~~~~~~~~~~~~~~~~~~~~~~~~~~~~~~~~
warning: libraw-ffi@0.1.0: vendor/LibRaw/LibRaw-0.22.2/src/decoders/fp_dng.cpp:560:24: warning: comparison of integers of different signs: 'size_t' (aka 'unsigned long') and 'INT64' (aka 'long long') [-Wsign-compare]
warning: libraw-ffi@0.1.0:   560 |   for (size_t i = 0; i < pixcnt; ++i)
warning: libraw-ffi@0.1.0:       |                      ~ ^ ~~~~~~
warning: libraw-ffi@0.1.0: 3 warnings generated.
warning: libraw-ffi@0.1.0: vendor/LibRaw/LibRaw-0.22.2/src/decoders/decoders_dcraw.cpp:545:14: warning: variable 'jhigh' set but not used [-Wunused-but-set-variable]
warning: libraw-ffi@0.1.0:   545 |   int jwide, jhigh, jrow, jcol, val, jidx, i, j, row = 0, col = 0;
warning: libraw-ffi@0.1.0:       |              ^
warning: libraw-ffi@0.1.0: 1 warning generated.
warning: libraw-ffi@0.1.0: vendor/LibRaw/LibRaw-0.22.2/src/metadata/identify.cpp:280:73: warning: missing field 'offset' initializer [-Wmissing-field-initializers]
warning: libraw-ffi@0.1.0:   280 |           { 786432,   1024,  768, 0, 0,  0, 0,  0, 0x94, 0, 0, "AVT", "F-080C" },
warning: libraw-ffi@0.1.0:       |                                                                                ^
warning: libraw-ffi@0.1.0: vendor/LibRaw/LibRaw-0.22.2/src/metadata/identify.cpp:281:73: warning: missing field 'offset' initializer [-Wmissing-field-initializers]
warning: libraw-ffi@0.1.0:   281 |           { 1447680,  1392, 1040, 0, 0,  0, 0,  0, 0x94, 0, 0, "AVT", "F-145C" },
warning: libraw-ffi@0.1.0:       |                                                                                ^
warning: libraw-ffi@0.1.0: vendor/LibRaw/LibRaw-0.22.2/src/metadata/identify.cpp:282:73: warning: missing field 'offset' initializer [-Wmissing-field-initializers]
warning: libraw-ffi@0.1.0:   282 |           { 1920000,  1600, 1200, 0, 0,  0, 0,  0, 0x94, 0, 0, "AVT", "F-201C" },
warning: libraw-ffi@0.1.0:       |                                                                                ^
warning: libraw-ffi@0.1.0: vendor/LibRaw/LibRaw-0.22.2/src/metadata/identify.cpp:283:73: warning: missing field 'offset' initializer [-Wmissing-field-initializers]
warning: libraw-ffi@0.1.0:   283 |           { 5067304,  2588, 1958, 0, 0,  0, 0,  0, 0x94, 0, 0, "AVT", "F-510C" },
warning: libraw-ffi@0.1.0:       |                                                                                ^
warning: libraw-ffi@0.1.0: vendor/LibRaw/LibRaw-0.22.2/src/metadata/identify.cpp:285:73: warning: missing field 'offset' initializer [-Wmissing-field-initializers]
warning: libraw-ffi@0.1.0:   285 |           { 10134608, 2588, 1958, 0, 0,  0, 0,  9, 0x94, 0, 0, "AVT", "F-510C" },
warning: libraw-ffi@0.1.0:       |                                                                                ^
warning: libraw-ffi@0.1.0: vendor/LibRaw/LibRaw-0.22.2/src/metadata/identify.cpp:287:73: warning: missing field 'offset' initializer [-Wmissing-field-initializers]
warning: libraw-ffi@0.1.0:   287 |           { 16157136, 3272, 2469, 0, 0,  0, 0,  9, 0x94, 0, 0, "AVT", "F-810C" },
warning: libraw-ffi@0.1.0:       |                                                                                ^
warning: libraw-ffi@0.1.0: vendor/LibRaw/LibRaw-0.22.2/src/metadata/identify.cpp:288:80: warning: missing field 'offset' initializer [-Wmissing-field-initializers]
warning: libraw-ffi@0.1.0:   288 |           { 3995136,  1632, 1224, 0, 0,  0, 0,  8, 0x61, 0, 1, "AgfaPhoto", "DC-833m" },
warning: libraw-ffi@0.1.0:       |                                                                                       ^
warning: libraw-ffi@0.1.0: vendor/LibRaw/LibRaw-0.22.2/src/metadata/identify.cpp:289:80: warning: missing field 'offset' initializer [-Wmissing-field-initializers]
warning: libraw-ffi@0.1.0:   289 |           { 15980544, 3264, 2448, 0, 0,  0, 0,  8, 0x61, 0, 1, "AgfaPhoto", "DC-833m" },
warning: libraw-ffi@0.1.0:       |                                                                                       ^
warning: libraw-ffi@0.1.0: vendor/LibRaw/LibRaw-0.22.2/src/metadata/identify.cpp:290:76: warning: missing field 'offset' initializer [-Wmissing-field-initializers]
warning: libraw-ffi@0.1.0:   290 |           { 9631728,  2532, 1902, 0, 0,  0, 0, 96, 0x61, 0, 0, "Alcatel", "5035D" },
warning: libraw-ffi@0.1.0:       |                                                                                   ^
warning: libraw-ffi@0.1.0: vendor/LibRaw/LibRaw-0.22.2/src/metadata/identify.cpp:291:77: warning: missing field 'offset' initializer [-Wmissing-field-initializers]
warning: libraw-ffi@0.1.0:   291 |           { 31850496, 4608, 3456, 0, 0,  0, 0,  0, 0x94, 0, 0, "GITUP", "GIT2 4:3" },
warning: libraw-ffi@0.1.0:       |                                                                                    ^
warning: libraw-ffi@0.1.0: vendor/LibRaw/LibRaw-0.22.2/src/metadata/identify.cpp:292:78: warning: missing field 'offset' initializer [-Wmissing-field-initializers]
warning: libraw-ffi@0.1.0:   292 |           { 23887872, 4608, 2592, 0, 0,  0, 0,  0, 0x94, 0, 0, "GITUP", "GIT2 16:9" },
warning: libraw-ffi@0.1.0:       |                                                                                     ^
warning: libraw-ffi@0.1.0: vendor/LibRaw/LibRaw-0.22.2/src/metadata/identify.cpp:293:78: warning: missing field 'offset' initializer [-Wmissing-field-initializers]
warning: libraw-ffi@0.1.0:   293 |           { 32257024, 4624, 3488, 8, 2, 16, 2,  0, 0x94, 0, 0, "GITUP", "GIT2P 4:3" },
warning: libraw-ffi@0.1.0:       |                                                                                     ^
warning: libraw-ffi@0.1.0: vendor/LibRaw/LibRaw-0.22.2/src/metadata/identify.cpp:294:79: warning: missing field 'offset' initializer [-Wmissing-field-initializers]
warning: libraw-ffi@0.1.0:   294 |           { 24192768, 4624, 2616, 8, 2, 16, 2,  0, 0x94, 0, 0, "GITUP", "GIT2P 16:9" },
warning: libraw-ffi@0.1.0:       |                                                                                      ^
warning: libraw-ffi@0.1.0: vendor/LibRaw/LibRaw-0.22.2/src/metadata/identify.cpp:295:79: warning: missing field 'offset' initializer [-Wmissing-field-initializers]
warning: libraw-ffi@0.1.0:   295 |           { 18016000, 4000, 2252, 0, 0,  0, 0,  0, 0x94, 0, 0, "GITUP", "G3DUO 16:9" },
warning: libraw-ffi@0.1.0:       |                                                                                      ^
warning: libraw-ffi@0.1.0: vendor/LibRaw/LibRaw-0.22.2/src/metadata/identify.cpp:302:74: warning: missing field 'offset' initializer [-Wmissing-field-initializers]
warning: libraw-ffi@0.1.0:   302 |           {  1540857, 2688, 1520,   0, 0, 0, 0,  1, 0x61, 0, 0, "Samsung", "S3" },
warning: libraw-ffi@0.1.0:       |                                                                                 ^
warning: libraw-ffi@0.1.0: vendor/LibRaw/LibRaw-0.22.2/src/metadata/identify.cpp:303:78: warning: missing field 'offset' initializer [-Wmissing-field-initializers]
warning: libraw-ffi@0.1.0:   303 |           {  2658304, 1212, 1096,   0, 0, 0, 0,  1, 0x16, 0, 0, "LG", "G3FrontMipi" },
warning: libraw-ffi@0.1.0:       |                                                                                     ^
warning: libraw-ffi@0.1.0: vendor/LibRaw/LibRaw-0.22.2/src/metadata/identify.cpp:304:78: warning: missing field 'offset' initializer [-Wmissing-field-initializers]
warning: libraw-ffi@0.1.0:   304 |           {  2842624, 1296, 1096,   0, 0, 0, 0,  1, 0x16, 0, 0, "LG", "G3FrontQCOM" },
warning: libraw-ffi@0.1.0:       |                                                                                     ^
warning: libraw-ffi@0.1.0: vendor/LibRaw/LibRaw-0.22.2/src/metadata/identify.cpp:305:79: warning: missing field 'offset' initializer [-Wmissing-field-initializers]
warning: libraw-ffi@0.1.0:   305 |           {  2969600, 1976, 1200,   0, 0, 0, 0,  1, 0x16, 0, 0, "Xiaomi", "MI3wMipi" },
warning: libraw-ffi@0.1.0:       |                                                                                      ^
warning: libraw-ffi@0.1.0: vendor/LibRaw/LibRaw-0.22.2/src/metadata/identify.cpp:306:79: warning: missing field 'offset' initializer [-Wmissing-field-initializers]
warning: libraw-ffi@0.1.0:   306 |           {  3170304, 1976, 1200,   0, 0, 0, 0,  1, 0x16, 0, 0, "Xiaomi", "MI3wQCOM" },
warning: libraw-ffi@0.1.0:       |                                                                                      ^
warning: libraw-ffi@0.1.0: vendor/LibRaw/LibRaw-0.22.2/src/metadata/identify.cpp:307:82: warning: missing field 'offset' initializer [-Wmissing-field-initializers]
warning: libraw-ffi@0.1.0:   307 |           {  3763584, 1584, 1184,   0, 0, 0, 0, 96, 0x61, 0, 0, "I_Mobile", "I_StyleQ6" },
warning: libraw-ffi@0.1.0:       |                                                                                         ^
warning: libraw-ffi@0.1.0: vendor/LibRaw/LibRaw-0.22.2/src/metadata/identify.cpp:308:84: warning: missing field 'offset' initializer [-Wmissing-field-initializers]
warning: libraw-ffi@0.1.0:   308 |           {  5107712, 2688, 1520,   0, 0, 0, 0,  1, 0x61, 0, 0, "OmniVisi", "UltraPixel1" },
warning: libraw-ffi@0.1.0:       |                                                                                           ^
warning: libraw-ffi@0.1.0: vendor/LibRaw/LibRaw-0.22.2/src/metadata/identify.cpp:309:84: warning: missing field 'offset' initializer [-Wmissing-field-initializers]
warning: libraw-ffi@0.1.0:   309 |           {  5382640, 2688, 1520,   0, 0, 0, 0,  1, 0x61, 0, 0, "OmniVisi", "UltraPixel2" },
warning: libraw-ffi@0.1.0:       |                                                                                           ^
warning: libraw-ffi@0.1.0: vendor/LibRaw/LibRaw-0.22.2/src/metadata/identify.cpp:310:77: warning: missing field 'offset' initializer [-Wmissing-field-initializers]
warning: libraw-ffi@0.1.0:   310 |           {  5664912, 2688, 1520,   0, 0, 0, 0,  1, 0x61, 0, 0, "OmniVisi", "4688" },
warning: libraw-ffi@0.1.0:       |                                                                                    ^
warning: libraw-ffi@0.1.0: vendor/LibRaw/LibRaw-0.22.2/src/metadata/identify.cpp:311:77: warning: missing field 'offset' initializer [-Wmissing-field-initializers]
warning: libraw-ffi@0.1.0:   311 |           {  5664912, 2688, 1520,   0, 0, 0, 0,  1, 0x61, 0, 0, "OmniVisi", "4688" },
warning: libraw-ffi@0.1.0:       |                                                                                    ^
warning: libraw-ffi@0.1.0: vendor/LibRaw/LibRaw-0.22.2/src/metadata/identify.cpp:312:77: warning: missing field 'offset' initializer [-Wmissing-field-initializers]
warning: libraw-ffi@0.1.0:   312 |           {  5364240, 2688, 1520,   0, 0, 0, 0,  1, 0x61, 0, 0, "OmniVisi", "4688" },
warning: libraw-ffi@0.1.0:       |                                                                                    ^
warning: libraw-ffi@0.1.0: vendor/LibRaw/LibRaw-0.22.2/src/metadata/identify.cpp:313:79: warning: missing field 'offset' initializer [-Wmissing-field-initializers]
warning: libraw-ffi@0.1.0:   313 |           {  6299648, 2592, 1944,   0, 0, 0, 0,  1, 0x16, 0, 0, "OmniVisi", "OV5648" },
warning: libraw-ffi@0.1.0:       |                                                                                      ^
warning: libraw-ffi@0.1.0: vendor/LibRaw/LibRaw-0.22.2/src/metadata/identify.cpp:314:80: warning: missing field 'offset' initializer [-Wmissing-field-initializers]
warning: libraw-ffi@0.1.0:   314 |           {  6721536, 2592, 1944,   0, 0, 0, 0,  0, 0x16, 0, 0, "OmniVisi", "OV56482" },
warning: libraw-ffi@0.1.0:       |                                                                                       ^
warning: libraw-ffi@0.1.0: vendor/LibRaw/LibRaw-0.22.2/src/metadata/identify.cpp:315:73: warning: missing field 'offset' initializer [-Wmissing-field-initializers]
warning: libraw-ffi@0.1.0:   315 |           {  6746112, 2592, 1944,   0, 0, 0, 0,  0, 0x16, 0, 0, "HTC", "OneSV" },
warning: libraw-ffi@0.1.0:       |                                                                                ^
warning: libraw-ffi@0.1.0: vendor/LibRaw/LibRaw-0.22.2/src/metadata/identify.cpp:316:72: warning: missing field 'offset' initializer [-Wmissing-field-initializers]
warning: libraw-ffi@0.1.0:   316 |           {  9631728, 2532, 1902,   0, 0, 0, 0, 96, 0x61, 0, 0, "Sony", "5mp" },
warning: libraw-ffi@0.1.0:       |                                                                               ^
warning: libraw-ffi@0.1.0: vendor/LibRaw/LibRaw-0.22.2/src/metadata/identify.cpp:317:78: warning: missing field 'offset' initializer [-Wmissing-field-initializers]
warning: libraw-ffi@0.1.0:   317 |           {  9830400, 2560, 1920,   0, 0, 0, 0, 96, 0x61, 0, 0, "NGM", "ForwardArt" },
warning: libraw-ffi@0.1.0:       |                                                                                     ^
warning: libraw-ffi@0.1.0: vendor/LibRaw/LibRaw-0.22.2/src/metadata/identify.cpp:318:84: warning: missing field 'offset' initializer [-Wmissing-field-initializers]
warning: libraw-ffi@0.1.0:   318 |           { 10186752, 3264, 2448,   0, 0, 0, 0,  1, 0x94, 0, 0, "Sony", "IMX219-mipi 8mp" },
warning: libraw-ffi@0.1.0:       |                                                                                           ^
warning: libraw-ffi@0.1.0: vendor/LibRaw/LibRaw-0.22.2/src/metadata/identify.cpp:319:72: warning: missing field 'offset' initializer [-Wmissing-field-initializers]
warning: libraw-ffi@0.1.0:   319 |           { 10223360, 2608, 1944,   0, 0, 0, 0, 96, 0x16, 0, 0, "Sony", "IMX" },
warning: libraw-ffi@0.1.0:       |                                                                               ^
warning: libraw-ffi@0.1.0: vendor/LibRaw/LibRaw-0.22.2/src/metadata/identify.cpp:320:82: warning: missing field 'offset' initializer [-Wmissing-field-initializers]
warning: libraw-ffi@0.1.0:   320 |           { 10782464, 3282, 2448,   0, 0, 0, 0,  0, 0x16, 0, 0, "HTC", "MyTouch4GSlide" },
warning: libraw-ffi@0.1.0:       |                                                                                         ^
warning: libraw-ffi@0.1.0: vendor/LibRaw/LibRaw-0.22.2/src/metadata/identify.cpp:321:72: warning: missing field 'offset' initializer [-Wmissing-field-initializers]
warning: libraw-ffi@0.1.0:   321 |           { 10788864, 3282, 2448,   0, 0, 0, 0,  0, 0x16, 0, 0, "Xperia", "L" },
warning: libraw-ffi@0.1.0:       |                                                                               ^
warning: libraw-ffi@0.1.0: vendor/LibRaw/LibRaw-0.22.2/src/metadata/identify.cpp:322:80: warning: missing field 'offset' initializer [-Wmissing-field-initializers]
warning: libraw-ffi@0.1.0:   322 |           { 15967488, 3264, 2446,   0, 0, 0, 0, 96, 0x16, 0, 0, "OmniVison", "OV8850" },
warning: libraw-ffi@0.1.0:       |                                                                                       ^
warning: libraw-ffi@0.1.0: vendor/LibRaw/LibRaw-0.22.2/src/metadata/identify.cpp:323:74: warning: missing field 'offset' initializer [-Wmissing-field-initializers]
warning: libraw-ffi@0.1.0:   323 |           { 16224256, 4208, 3082,   0, 0, 0, 0,  1, 0x16, 0, 0, "LG", "G3MipiL" },
warning: libraw-ffi@0.1.0:       |                                                                                 ^
warning: libraw-ffi@0.1.0: vendor/LibRaw/LibRaw-0.22.2/src/metadata/identify.cpp:324:76: warning: missing field 'offset' initializer [-Wmissing-field-initializers]
warning: libraw-ffi@0.1.0:   324 |           { 16424960, 4208, 3120,   0, 0, 0, 0,  1, 0x16, 0, 0, "IMX135", "MipiL" },
warning: libraw-ffi@0.1.0:       |                                                                                   ^
warning: libraw-ffi@0.1.0: vendor/LibRaw/LibRaw-0.22.2/src/metadata/identify.cpp:325:74: warning: missing field 'offset' initializer [-Wmissing-field-initializers]
warning: libraw-ffi@0.1.0:   325 |           { 17326080, 4164, 3120,   0, 0, 0, 0,  1, 0x16, 0, 0, "LG", "G3LQCom" },
warning: libraw-ffi@0.1.0:       |                                                                                 ^
warning: libraw-ffi@0.1.0: vendor/LibRaw/LibRaw-0.22.2/src/metadata/identify.cpp:326:80: warning: missing field 'offset' initializer [-Wmissing-field-initializers]
warning: libraw-ffi@0.1.0:   326 |           { 17522688, 4212, 3120,   0, 0, 0, 0,  0, 0x16, 0, 0, "Sony", "IMX135-QCOM" },
warning: libraw-ffi@0.1.0:       |                                                                                       ^
warning: libraw-ffi@0.1.0: vendor/LibRaw/LibRaw-0.22.2/src/metadata/identify.cpp:327:76: warning: missing field 'offset' initializer [-Wmissing-field-initializers]
warning: libraw-ffi@0.1.0:   327 |           { 19906560, 4608, 3456,   0, 0, 0, 0,  1, 0x16, 0, 0, "Gione", "E7mipi" },
warning: libraw-ffi@0.1.0:       |                                                                                   ^
warning: libraw-ffi@0.1.0: vendor/LibRaw/LibRaw-0.22.2/src/metadata/identify.cpp:328:69: warning: missing field 'offset' initializer [-Wmissing-field-initializers]
warning: libraw-ffi@0.1.0:   328 |           { 19976192, 5312, 2988,   0, 0, 0, 0,  1, 0x16, 0, 0, "LG", "G4" },
warning: libraw-ffi@0.1.0:       |                                                                            ^
warning: libraw-ffi@0.1.0: vendor/LibRaw/LibRaw-0.22.2/src/metadata/identify.cpp:329:84: warning: missing field 'offset' initializer [-Wmissing-field-initializers]
warning: libraw-ffi@0.1.0:   329 |           { 20389888, 4632, 3480,   0, 0, 0, 0,  1, 0x16, 0, 0, "Xiaomi", "RedmiNote3Pro" },
warning: libraw-ffi@0.1.0:       |                                                                                           ^
warning: libraw-ffi@0.1.0: vendor/LibRaw/LibRaw-0.22.2/src/metadata/identify.cpp:330:85: warning: missing field 'offset' initializer [-Wmissing-field-initializers]
warning: libraw-ffi@0.1.0:   330 |           { 20500480, 4656, 3496,   0, 0, 0, 0,  1, 0x94, 0, 0, "Sony", "IMX298-mipi 16mp" },
warning: libraw-ffi@0.1.0:       |                                                                                            ^
warning: libraw-ffi@0.1.0: vendor/LibRaw/LibRaw-0.22.2/src/metadata/identify.cpp:331:76: warning: missing field 'offset' initializer [-Wmissing-field-initializers]
warning: libraw-ffi@0.1.0:   331 |           { 21233664, 4608, 3456,   0, 0, 0, 0,  1, 0x16, 0, 0, "Gione", "E7qcom" },
warning: libraw-ffi@0.1.0:       |                                                                                   ^
warning: libraw-ffi@0.1.0: vendor/LibRaw/LibRaw-0.22.2/src/metadata/identify.cpp:332:72: warning: missing field 'offset' initializer [-Wmissing-field-initializers]
warning: libraw-ffi@0.1.0:   332 |           { 26023936, 4192, 3104,   0, 0, 0, 0, 96, 0x94, 0, 0, "THL", "5000" },
warning: libraw-ffi@0.1.0:       |                                                                               ^
warning: libraw-ffi@0.1.0: vendor/LibRaw/LibRaw-0.22.2/src/metadata/identify.cpp:333:75: warning: missing field 'offset' initializer [-Wmissing-field-initializers]
warning: libraw-ffi@0.1.0:   333 |           { 26257920, 4208, 3120,   0, 0, 0, 0, 96, 0x94, 0, 0, "Sony", "IMX214" },
warning: libraw-ffi@0.1.0:       |                                                                                  ^
warning: libraw-ffi@0.1.0: vendor/LibRaw/LibRaw-0.22.2/src/metadata/identify.cpp:334:72: warning: missing field 'offset' initializer [-Wmissing-field-initializers]
warning: libraw-ffi@0.1.0:   334 |           { 26357760, 4224, 3120,   0, 0, 0, 0, 96, 0x61, 0, 0, "OV", "13860" },
warning: libraw-ffi@0.1.0:       |                                                                               ^
warning: libraw-ffi@0.1.0: vendor/LibRaw/LibRaw-0.22.2/src/metadata/identify.cpp:335:73: warning: missing field 'offset' initializer [-Wmissing-field-initializers]
warning: libraw-ffi@0.1.0:   335 |           { 41312256, 5248, 3936,   0, 0, 0, 0, 96, 0x61, 0, 0, "Meizu", "MX4" },
warning: libraw-ffi@0.1.0:       |                                                                                ^
warning: libraw-ffi@0.1.0: vendor/LibRaw/LibRaw-0.22.2/src/metadata/identify.cpp:336:75: warning: missing field 'offset' initializer [-Wmissing-field-initializers]
warning: libraw-ffi@0.1.0:   336 |           { 42923008, 5344, 4016,   0, 0, 0, 0, 96, 0x61, 0, 0, "Sony", "IMX230" },
warning: libraw-ffi@0.1.0:       |                                                                                  ^
warning: libraw-ffi@0.1.0: vendor/LibRaw/LibRaw-0.22.2/src/metadata/identify.cpp:340:87: warning: missing field 'offset' initializer [-Wmissing-field-initializers]
warning: libraw-ffi@0.1.0:   340 |           {  6553440, 2664, 1968,   4,  4, 44,  4, 40, 0x94, 0, 2, "Canon", "PowerShot A460" }, // chdk hack
warning: libraw-ffi@0.1.0:       |                                                                                              ^
warning: libraw-ffi@0.1.0: vendor/LibRaw/LibRaw-0.22.2/src/metadata/identify.cpp:341:87: warning: missing field 'offset' initializer [-Wmissing-field-initializers]
warning: libraw-ffi@0.1.0:   341 |           {  9243240, 3152, 2346,  12,  7, 44, 13, 40, 0x49, 0, 2, "Canon", "PowerShot A470" }, // chdk hack
warning: libraw-ffi@0.1.0:       |                                                                                              ^
warning: libraw-ffi@0.1.0: vendor/LibRaw/LibRaw-0.22.2/src/metadata/identify.cpp:342:87: warning: missing field 'offset' initializer [-Wmissing-field-initializers]
warning: libraw-ffi@0.1.0:   342 |           {  6653280, 2672, 1992,  10,  6, 42,  2, 40, 0x94, 0, 2, "Canon", "PowerShot A530" }, // chdk hack
warning: libraw-ffi@0.1.0:       |                                                                                              ^
warning: libraw-ffi@0.1.0: vendor/LibRaw/LibRaw-0.22.2/src/metadata/identify.cpp:343:87: warning: missing field 'offset' initializer [-Wmissing-field-initializers]
warning: libraw-ffi@0.1.0:   343 |           {  6573120, 2672, 1968,  12,  8, 44,  0, 40, 0x94, 0, 2, "Canon", "PowerShot A610" }, // chdk hack
warning: libraw-ffi@0.1.0:       |                                                                                              ^
warning: libraw-ffi@0.1.0: vendor/LibRaw/LibRaw-0.22.2/src/metadata/identify.cpp:344:87: warning: missing field 'offset' initializer [-Wmissing-field-initializers]
warning: libraw-ffi@0.1.0:   344 |           {  9219600, 3152, 2340,  36, 12,  4,  0, 40, 0x94, 0, 2, "Canon", "PowerShot A620" }, // chdk hack
warning: libraw-ffi@0.1.0:       |                                                                                              ^
warning: libraw-ffi@0.1.0: vendor/LibRaw/LibRaw-0.22.2/src/metadata/identify.cpp:345:87: warning: missing field 'offset' initializer [-Wmissing-field-initializers]
warning: libraw-ffi@0.1.0:   345 |           { 10383120, 3344, 2484,  12,  6, 44,  6, 40, 0x94, 0, 2, "Canon", "PowerShot A630" }, // chdk hack
warning: libraw-ffi@0.1.0:       |                                                                                              ^
warning: libraw-ffi@0.1.0: vendor/LibRaw/LibRaw-0.22.2/src/metadata/identify.cpp:346:87: warning: missing field 'offset' initializer [-Wmissing-field-initializers]
warning: libraw-ffi@0.1.0:   346 |           { 12945240, 3736, 2772,  12,  6, 52,  6, 40, 0x94, 0, 2, "Canon", "PowerShot A640" }, // chdk hack
warning: libraw-ffi@0.1.0:       |                                                                                              ^
warning: libraw-ffi@0.1.0: vendor/LibRaw/LibRaw-0.22.2/src/metadata/identify.cpp:347:90: warning: missing field 'offset' initializer [-Wmissing-field-initializers]
warning: libraw-ffi@0.1.0:   347 |           { 15636240, 4104, 3048,  48, 12, 24, 12, 40, 0x94, 0, 2, "Canon", "PowerShot A650 IS" }, // chdk hack
warning: libraw-ffi@0.1.0:       |                                                                                                 ^
warning: libraw-ffi@0.1.0: vendor/LibRaw/LibRaw-0.22.2/src/metadata/identify.cpp:348:90: warning: missing field 'offset' initializer [-Wmissing-field-initializers]
warning: libraw-ffi@0.1.0:   348 |           { 10341600, 3336, 2480,   6,  5, 32,  3, 40, 0x94, 0, 2, "Canon", "PowerShot A720 IS" }, // chdk hack
warning: libraw-ffi@0.1.0:       |                                                                                                 ^
warning: libraw-ffi@0.1.0: vendor/LibRaw/LibRaw-0.22.2/src/metadata/identify.cpp:349:91: warning: missing field 'offset' initializer [-Wmissing-field-initializers]
warning: libraw-ffi@0.1.0:   349 |           { 24724224, 4704, 3504,   8, 16, 56,  8, 40, 0x49, 0, 2, "Canon", "PowerShot A3300 IS" }, // chdk hack
warning: libraw-ffi@0.1.0:       |                                                                                                  ^
warning: libraw-ffi@0.1.0: vendor/LibRaw/LibRaw-0.22.2/src/metadata/identify.cpp:350:86: warning: missing field 'offset' initializer [-Wmissing-field-initializers]
warning: libraw-ffi@0.1.0:   350 |           { 18763488, 4104, 3048,  10, 22, 82, 22,  8, 0x49, 0, 0, "Canon", "PowerShot D10" }, // ? chdk hack ?
warning: libraw-ffi@0.1.0:       |                                                                                             ^
warning: libraw-ffi@0.1.0: vendor/LibRaw/LibRaw-0.22.2/src/metadata/identify.cpp:351:88: warning: missing field 'offset' initializer [-Wmissing-field-initializers]
warning: libraw-ffi@0.1.0:   351 |           { 19493760, 4160, 3124, 104, 12,  8, 66, 40, 0x49, 0, 2,  "Canon", "PowerShot S100" }, // chdk hack CRW
warning: libraw-ffi@0.1.0:       |                                                                                               ^
warning: libraw-ffi@0.1.0: vendor/LibRaw/LibRaw-0.22.2/src/metadata/identify.cpp:352:88: warning: missing field 'offset' initializer [-Wmissing-field-initializers]
warning: libraw-ffi@0.1.0:   352 |           {  7710960, 2888, 2136,  44,  8,  4,  0, 40, 0x94, 0, 2, "Canon", "PowerShot S3 IS" }, // chdk hack
warning: libraw-ffi@0.1.0:       |                                                                                               ^
warning: libraw-ffi@0.1.0: vendor/LibRaw/LibRaw-0.22.2/src/metadata/identify.cpp:353:88: warning: missing field 'offset' initializer [-Wmissing-field-initializers]
warning: libraw-ffi@0.1.0:   353 |           {  5298000, 2400, 1766,  12, 12, 44,  2, 40, 0x94, 0, 2, "Canon", "PowerShot SD300" }, // chdk hack
warning: libraw-ffi@0.1.0:       |                                                                                               ^
warning: libraw-ffi@0.1.0: vendor/LibRaw/LibRaw-0.22.2/src/metadata/identify.cpp:354:90: warning: missing field 'offset' initializer [-Wmissing-field-initializers]
warning: libraw-ffi@0.1.0:   354 |           { 18653760, 4080, 3048,  24, 12, 24, 12, 40, 0x94, 0, 2, "Canon", "PowerShot SX20 IS" }, // chdk hack
warning: libraw-ffi@0.1.0:       |                                                                                                 ^
warning: libraw-ffi@0.1.0: vendor/LibRaw/LibRaw-0.22.2/src/metadata/identify.cpp:355:90: warning: missing field 'offset' initializer [-Wmissing-field-initializers]
warning: libraw-ffi@0.1.0:   355 |           { 21936096, 4464, 3276,  25, 10, 73, 12, 40, 0x16, 0, 2, "Canon", "PowerShot SX30 IS" }, // chdk hack
warning: libraw-ffi@0.1.0:       |                                                                                                 ^
warning: libraw-ffi@0.1.0: vendor/LibRaw/LibRaw-0.22.2/src/metadata/identify.cpp:356:90: warning: missing field 'offset' initializer [-Wmissing-field-initializers]
warning: libraw-ffi@0.1.0:   356 |           { 19167840, 4176, 3060,  96, 16,  8,  0, 40, 0x94, 0, 2, "Canon", "PowerShot SX40 HS" }, // chdk hack CR2
warning: libraw-ffi@0.1.0:       |                                                                                                 ^
warning: libraw-ffi@0.1.0: vendor/LibRaw/LibRaw-0.22.2/src/metadata/identify.cpp:357:91: warning: missing field 'offset' initializer [-Wmissing-field-initializers]
warning: libraw-ffi@0.1.0:   357 |           { 15467760, 3720, 2772,   6, 12, 30,  0, 40, 0x94, 0, 2, "Canon", "PowerShot SX110 IS" }, // chdk hack
warning: libraw-ffi@0.1.0:       |                                                                                                  ^
warning: libraw-ffi@0.1.0: vendor/LibRaw/LibRaw-0.22.2/src/metadata/identify.cpp:358:91: warning: missing field 'offset' initializer [-Wmissing-field-initializers]
warning: libraw-ffi@0.1.0:   358 |           { 15534576, 3728, 2778,  12,  9, 44,  9, 40, 0x94, 0, 2, "Canon", "PowerShot SX120 IS" }, // chdk hack
warning: libraw-ffi@0.1.0:       |                                                                                                  ^
warning: libraw-ffi@0.1.0: vendor/LibRaw/LibRaw-0.22.2/src/metadata/identify.cpp:359:91: warning: missing field 'offset' initializer [-Wmissing-field-initializers]
warning: libraw-ffi@0.1.0:   359 |           { 19131120, 4168, 3060,  92, 16,  4,  1, 40, 0x94, 0, 2, "Canon", "PowerShot SX220 HS" }, // chdk hack
warning: libraw-ffi@0.1.0:       |                                                                                                  ^
warning: libraw-ffi@0.1.0: vendor/LibRaw/LibRaw-0.22.2/src/metadata/identify.cpp:360:91: warning: missing field 'offset' initializer [-Wmissing-field-initializers]
warning: libraw-ffi@0.1.0:   360 |           { 31663200, 5344, 3950,  96, 18,  0,  0, 40, 0x94, 0, 2, "Canon", "PowerShot SX710 HS" }, // chdk hack
warning: libraw-ffi@0.1.0:       |                                                                                                  ^
warning: libraw-ffi@0.1.0: vendor/LibRaw/LibRaw-0.22.2/src/metadata/identify.cpp:361:81: warning: missing field 'offset' initializer [-Wmissing-field-initializers]
warning: libraw-ffi@0.1.0:   361 |           { 30858240, 5248, 3920,   8, 16, 56, 16, 40, 0x94, 0, 2, "Canon", "IXUS 160" }, // chdk hack
warning: libraw-ffi@0.1.0:       |                                                                                        ^
warning: libraw-ffi@0.1.0: vendor/LibRaw/LibRaw-0.22.2/src/metadata/identify.cpp:362:82: warning: missing field 'offset' initializer [-Wmissing-field-initializers]
warning: libraw-ffi@0.1.0:   362 |           {  1976352, 1632, 1211,   0,  2,  0,  1,  0, 0x94, 0, 1, "Casio", "QV-2000UX" },
warning: libraw-ffi@0.1.0:       |                                                                                         ^
warning: libraw-ffi@0.1.0: vendor/LibRaw/LibRaw-0.22.2/src/metadata/identify.cpp:363:82: warning: missing field 'offset' initializer [-Wmissing-field-initializers]
warning: libraw-ffi@0.1.0:   363 |           {  3217760, 2080, 1547,   0,  0, 10,  1,  0, 0x94, 0, 1, "Casio", "QV-3*00EX" },
warning: libraw-ffi@0.1.0:       |                                                                                         ^
warning: libraw-ffi@0.1.0: vendor/LibRaw/LibRaw-0.22.2/src/metadata/identify.cpp:364:80: warning: missing field 'offset' initializer [-Wmissing-field-initializers]
warning: libraw-ffi@0.1.0:   364 |           {  6218368, 2585, 1924,   0,  0,  9,  0,  0, 0x94, 0, 1, "Casio", "QV-5700" },
warning: libraw-ffi@0.1.0:       |                                                                                       ^
warning: libraw-ffi@0.1.0: vendor/LibRaw/LibRaw-0.22.2/src/metadata/identify.cpp:365:79: warning: missing field 'offset' initializer [-Wmissing-field-initializers]
warning: libraw-ffi@0.1.0:   365 |           {  7816704, 2867, 2181,   0,  0, 34, 36,  0, 0x16, 0, 1, "Casio", "EX-Z60" },
warning: libraw-ffi@0.1.0:       |                                                                                      ^
warning: libraw-ffi@0.1.0: vendor/LibRaw/LibRaw-0.22.2/src/metadata/identify.cpp:366:80: warning: missing field 'offset' initializer [-Wmissing-field-initializers]
warning: libraw-ffi@0.1.0:   366 |           {  2937856, 1621, 1208,   0,  0,  1,  0,  0, 0x94, 7, 13, "Casio", "EX-S20" },
warning: libraw-ffi@0.1.0:       |                                                                                       ^
warning: libraw-ffi@0.1.0: vendor/LibRaw/LibRaw-0.22.2/src/metadata/identify.cpp:367:80: warning: missing field 'offset' initializer [-Wmissing-field-initializers]
warning: libraw-ffi@0.1.0:   367 |           {  4948608, 2090, 1578,   0,  0, 32, 34,  0, 0x94, 7, 1, "Casio", "EX-S100" },
warning: libraw-ffi@0.1.0:       |                                                                                       ^
warning: libraw-ffi@0.1.0: vendor/LibRaw/LibRaw-0.22.2/src/metadata/identify.cpp:368:79: warning: missing field 'offset' initializer [-Wmissing-field-initializers]
warning: libraw-ffi@0.1.0:   368 |           {  6054400, 2346, 1720,   2,  0, 32,  0,  0, 0x94, 7, 1, "Casio", "QV-R41" },
warning: libraw-ffi@0.1.0:       |                                                                                      ^
warning: libraw-ffi@0.1.0: vendor/LibRaw/LibRaw-0.22.2/src/metadata/identify.cpp:369:80: warning: missing field 'offset' initializer [-Wmissing-field-initializers]
warning: libraw-ffi@0.1.0:   369 |           {  7426656, 2568, 1928,   0,  0,  0,  0,  0, 0x94, 0, 1, "Casio", "EX-P505" },
warning: libraw-ffi@0.1.0:       |                                                                                       ^
warning: libraw-ffi@0.1.0: vendor/LibRaw/LibRaw-0.22.2/src/metadata/identify.cpp:370:79: warning: missing field 'offset' initializer [-Wmissing-field-initializers]
warning: libraw-ffi@0.1.0:   370 |           {  7530816, 2602, 1929,   0,  0, 22,  0,  0, 0x94, 7, 1, "Casio", "QV-R51" },
warning: libraw-ffi@0.1.0:       |                                                                                      ^
warning: libraw-ffi@0.1.0: vendor/LibRaw/LibRaw-0.22.2/src/metadata/identify.cpp:371:79: warning: missing field 'offset' initializer [-Wmissing-field-initializers]
warning: libraw-ffi@0.1.0:   371 |           {  7542528, 2602, 1932,   0,  0, 32,  0,  0, 0x94, 7, 1, "Casio", "EX-Z50" },
warning: libraw-ffi@0.1.0:       |                                                                                      ^
warning: libraw-ffi@0.1.0: vendor/LibRaw/LibRaw-0.22.2/src/metadata/identify.cpp:372:80: warning: missing field 'offset' initializer [-Wmissing-field-initializers]
warning: libraw-ffi@0.1.0:   372 |           {  7562048, 2602, 1937,   0,  0, 25,  0,  0, 0x16, 7, 1, "Casio", "EX-Z500" },
warning: libraw-ffi@0.1.0:       |                                                                                       ^
warning: libraw-ffi@0.1.0: vendor/LibRaw/LibRaw-0.22.2/src/metadata/identify.cpp:373:79: warning: missing field 'offset' initializer [-Wmissing-field-initializers]
warning: libraw-ffi@0.1.0:   373 |           {  7753344, 2602, 1986,   0,  0, 32, 26,  0, 0x94, 7, 1, "Casio", "EX-Z55" },
warning: libraw-ffi@0.1.0:       |                                                                                      ^
warning: libraw-ffi@0.1.0: vendor/LibRaw/LibRaw-0.22.2/src/metadata/identify.cpp:374:80: warning: missing field 'offset' initializer [-Wmissing-field-initializers]
warning: libraw-ffi@0.1.0:   374 |           {  9313536, 2858, 2172,   0,  0, 14, 30,  0, 0x94, 7, 1, "Casio", "EX-P600" },
warning: libraw-ffi@0.1.0:       |                                                                                       ^
warning: libraw-ffi@0.1.0: vendor/LibRaw/LibRaw-0.22.2/src/metadata/identify.cpp:375:80: warning: missing field 'offset' initializer [-Wmissing-field-initializers]
warning: libraw-ffi@0.1.0:   375 |           { 10834368, 3114, 2319,   0,  0, 27,  0,  0, 0x94, 0, 1, "Casio", "EX-Z750" },
warning: libraw-ffi@0.1.0:       |                                                                                       ^
warning: libraw-ffi@0.1.0: vendor/LibRaw/LibRaw-0.22.2/src/metadata/identify.cpp:376:79: warning: missing field 'offset' initializer [-Wmissing-field-initializers]
warning: libraw-ffi@0.1.0:   376 |           { 10843712, 3114, 2321,   0,  0, 25,  0,  0, 0x94, 0, 1, "Casio", "EX-Z75" },
warning: libraw-ffi@0.1.0:       |                                                                                      ^
warning: libraw-ffi@0.1.0: vendor/LibRaw/LibRaw-0.22.2/src/metadata/identify.cpp:377:80: warning: missing field 'offset' initializer [-Wmissing-field-initializers]
warning: libraw-ffi@0.1.0:   377 |           { 10979200, 3114, 2350,   0,  0, 32, 32,  0, 0x94, 7, 1, "Casio", "EX-P700" },
warning: libraw-ffi@0.1.0:       |                                                                                       ^
warning: libraw-ffi@0.1.0: vendor/LibRaw/LibRaw-0.22.2/src/metadata/identify.cpp:378:80: warning: missing field 'offset' initializer [-Wmissing-field-initializers]
warning: libraw-ffi@0.1.0:   378 |           { 12310144, 3285, 2498,   0,  0,  6, 30,  0, 0x94, 0, 1, "Casio", "EX-Z850" },
warning: libraw-ffi@0.1.0:       |                                                                                       ^
warning: libraw-ffi@0.1.0: vendor/LibRaw/LibRaw-0.22.2/src/metadata/identify.cpp:379:78: warning: missing field 'offset' initializer [-Wmissing-field-initializers]
warning: libraw-ffi@0.1.0:   379 |           { 12489984, 3328, 2502,   0,  0, 47, 35,  0, 0x94, 0, 1, "Casio", "EX-Z8" },
warning: libraw-ffi@0.1.0:       |                                                                                     ^
warning: libraw-ffi@0.1.0: vendor/LibRaw/LibRaw-0.22.2/src/metadata/identify.cpp:380:81: warning: missing field 'offset' initializer [-Wmissing-field-initializers]
warning: libraw-ffi@0.1.0:   380 |           { 15499264, 3754, 2752,   0,  0, 82,  0,  0, 0x94, 0, 1, "Casio", "EX-Z1050" },
warning: libraw-ffi@0.1.0:       |                                                                                        ^
warning: libraw-ffi@0.1.0: vendor/LibRaw/LibRaw-0.22.2/src/metadata/identify.cpp:381:81: warning: missing field 'offset' initializer [-Wmissing-field-initializers]
warning: libraw-ffi@0.1.0:   381 |           { 18702336, 4096, 3044,   0,  0, 24,  0, 80, 0x94, 7, 1, "Casio", "EX-ZR100" },
warning: libraw-ffi@0.1.0:       |                                                                                        ^
warning: libraw-ffi@0.1.0: vendor/LibRaw/LibRaw-0.22.2/src/metadata/identify.cpp:382:80: warning: missing field 'offset' initializer [-Wmissing-field-initializers]
warning: libraw-ffi@0.1.0:   382 |           {  7684000, 2260, 1700,   0,  0,  0,  0, 13, 0x94, 0, 1, "Casio", "QV-4000" },
warning: libraw-ffi@0.1.0:       |                                                                                       ^
warning: libraw-ffi@0.1.0: vendor/LibRaw/LibRaw-0.22.2/src/metadata/identify.cpp:383:86: warning: missing field 'offset' initializer [-Wmissing-field-initializers]
warning: libraw-ffi@0.1.0:   383 |           {   787456, 1024,  769,   0,  1,  0,  0,  0, 0x49, 0, 0, "Creative", "PC-CAM 600" },
warning: libraw-ffi@0.1.0:       |                                                                                             ^
warning: libraw-ffi@0.1.0: vendor/LibRaw/LibRaw-0.22.2/src/metadata/identify.cpp:384:67: warning: missing field 't_model' initializer [-Wmissing-field-initializers]
warning: libraw-ffi@0.1.0:   384 |           { 28829184, 4384, 3288,   0,  0,  0,  0, 36, 0x61, 0, 0, "DJI" },
warning: libraw-ffi@0.1.0:       |                                                                          ^
warning: libraw-ffi@0.1.0: vendor/LibRaw/LibRaw-0.22.2/src/metadata/identify.cpp:385:70: warning: missing field 't_model' initializer [-Wmissing-field-initializers]
warning: libraw-ffi@0.1.0:   385 |           { 15151104, 4608, 3288,   0,  0,  0,  0,  0, 0x94, 0, 0, "Matrix" },
warning: libraw-ffi@0.1.0:       |                                                                             ^
warning: libraw-ffi@0.1.0: vendor/LibRaw/LibRaw-0.22.2/src/metadata/identify.cpp:386:79: warning: missing field 'offset' initializer [-Wmissing-field-initializers]
warning: libraw-ffi@0.1.0:   386 |           {  3840000, 1600, 1200,   0,  0,  0,  0, 65, 0x49, 0, 0, "Foculus", "531C" },
warning: libraw-ffi@0.1.0:       |                                                                                      ^
warning: libraw-ffi@0.1.0: vendor/LibRaw/LibRaw-0.22.2/src/metadata/identify.cpp:387:71: warning: missing field 't_model' initializer [-Wmissing-field-initializers]
warning: libraw-ffi@0.1.0:   387 |           {   307200,  640,  480,   0,  0,  0,  0,  0, 0x94, 0, 0, "Generic" },
warning: libraw-ffi@0.1.0:       |                                                                              ^
warning: libraw-ffi@0.1.0: vendor/LibRaw/LibRaw-0.22.2/src/metadata/identify.cpp:388:77: warning: missing field 'offset' initializer [-Wmissing-field-initializers]
warning: libraw-ffi@0.1.0:   388 |           {    62464,  256,  244,   1,  1,  6,  1,  0, 0x8d, 0, 0, "Kodak", "DC20" },
warning: libraw-ffi@0.1.0:       |                                                                                    ^
warning: libraw-ffi@0.1.0: vendor/LibRaw/LibRaw-0.22.2/src/metadata/identify.cpp:389:77: warning: missing field 'offset' initializer [-Wmissing-field-initializers]
warning: libraw-ffi@0.1.0:   389 |           {   124928,  512,  244,   1,  1, 10,  1,  0, 0x8d, 0, 0, "Kodak", "DC20" },
warning: libraw-ffi@0.1.0:       |                                                                                    ^
warning: libraw-ffi@0.1.0: vendor/LibRaw/LibRaw-0.22.2/src/metadata/identify.cpp:390:79: warning: missing field 'offset' initializer [-Wmissing-field-initializers]
warning: libraw-ffi@0.1.0:   390 |           {  1652736, 1536, 1076,   0, 52,  0,  0,  0, 0x61, 0, 0, "Kodak", "DCS200" },
warning: libraw-ffi@0.1.0:       |                                                                                      ^
warning: libraw-ffi@0.1.0: vendor/LibRaw/LibRaw-0.22.2/src/metadata/identify.cpp:391:77: warning: missing field 'offset' initializer [-Wmissing-field-initializers]
warning: libraw-ffi@0.1.0:   391 |           {  4159302, 2338, 1779,   1, 33,  1,  2,  0, 0x94, 0, 0, "Kodak", "C330" },
warning: libraw-ffi@0.1.0:       |                                                                                    ^
warning: libraw-ffi@0.1.0: vendor/LibRaw/LibRaw-0.22.2/src/metadata/identify.cpp:393:77: warning: missing field 'offset' initializer [-Wmissing-field-initializers]
warning: libraw-ffi@0.1.0:   393 |           {  2247168, 1232,  912,   0,  0, 16,  0,  0, 0x00, 0, 0, "Kodak", "C330" },
warning: libraw-ffi@0.1.0:       |                                                                                    ^
warning: libraw-ffi@0.1.0: vendor/LibRaw/LibRaw-0.22.2/src/metadata/identify.cpp:394:77: warning: missing field 'offset' initializer [-Wmissing-field-initializers]
warning: libraw-ffi@0.1.0:   394 |           {  3370752, 1232,  912,   0,  0, 16,  0,  0, 0x00, 0, 0, "Kodak", "C330" },
warning: libraw-ffi@0.1.0:       |                                                                                    ^
warning: libraw-ffi@0.1.0: vendor/LibRaw/LibRaw-0.22.2/src/metadata/identify.cpp:395:77: warning: missing field 'offset' initializer [-Wmissing-field-initializers]
warning: libraw-ffi@0.1.0:   395 |           {  6163328, 2864, 2152,   0,  0,  0,  0,  0, 0x94, 0, 0, "Kodak", "C603" },
warning: libraw-ffi@0.1.0:       |                                                                                    ^
warning: libraw-ffi@0.1.0: vendor/LibRaw/LibRaw-0.22.2/src/metadata/identify.cpp:397:77: warning: missing field 'offset' initializer [-Wmissing-field-initializers]
warning: libraw-ffi@0.1.0:   397 |           {   460800,  640,  480,   0,  0,  0,  0,  0, 0x00, 0, 0, "Kodak", "C603" },
warning: libraw-ffi@0.1.0:       |                                                                                    ^
warning: libraw-ffi@0.1.0: vendor/LibRaw/LibRaw-0.22.2/src/metadata/identify.cpp:398:77: warning: missing field 'offset' initializer [-Wmissing-field-initializers]
warning: libraw-ffi@0.1.0:   398 |           {  9116448, 2848, 2134,   0,  0,  0,  0,  0, 0x00, 0, 0, "Kodak", "C603" },
warning: libraw-ffi@0.1.0:       |                                                                                    ^
warning: libraw-ffi@0.1.0: vendor/LibRaw/LibRaw-0.22.2/src/metadata/identify.cpp:399:77: warning: missing field 'offset' initializer [-Wmissing-field-initializers]
warning: libraw-ffi@0.1.0:   399 |           { 12241200, 4040, 3030,   2,  0,  0, 13,  0, 0x49, 0, 0, "Kodak", "12MP" },
warning: libraw-ffi@0.1.0:       |                                                                                    ^
warning: libraw-ffi@0.1.0: vendor/LibRaw/LibRaw-0.22.2/src/metadata/identify.cpp:401:77: warning: missing field 'offset' initializer [-Wmissing-field-initializers]
warning: libraw-ffi@0.1.0:   401 |           { 18000000, 4000, 3000,   0,  0,  0,  0,  0, 0x00, 0, 0, "Kodak", "12MP" },
warning: libraw-ffi@0.1.0:       |                                                                                    ^
warning: libraw-ffi@0.1.0: vendor/LibRaw/LibRaw-0.22.2/src/metadata/identify.cpp:402:81: warning: missing field 'offset' initializer [-Wmissing-field-initializers]
warning: libraw-ffi@0.1.0:   402 |           {   614400,  640,  480,   0,  3,  0,  0, 64, 0x94, 0, 0, "Kodak", "KAI-0340" },
warning: libraw-ffi@0.1.0:       |                                                                                        ^
warning: libraw-ffi@0.1.0: vendor/LibRaw/LibRaw-0.22.2/src/metadata/identify.cpp:403:78: warning: missing field 'offset' initializer [-Wmissing-field-initializers]
warning: libraw-ffi@0.1.0:   403 |           { 15360000, 3200, 2400,   0,  0,  0,  0, 96, 0x16, 0, 0, "Lenovo", "A820" },
warning: libraw-ffi@0.1.0:       |                                                                                     ^
warning: libraw-ffi@0.1.0: vendor/LibRaw/LibRaw-0.22.2/src/metadata/identify.cpp:406:77: warning: missing field 'offset' initializer [-Wmissing-field-initializers]
warning: libraw-ffi@0.1.0:   406 |           {  1581060, 1305,  969,   0,  0, 18,  6,  6, 0x1e, 4, 1, "Nikon", "E900" }, // "diag raw" hack
warning: libraw-ffi@0.1.0:       |                                                                                    ^
warning: libraw-ffi@0.1.0: vendor/LibRaw/LibRaw-0.22.2/src/metadata/identify.cpp:407:77: warning: missing field 'offset' initializer [-Wmissing-field-initializers]
warning: libraw-ffi@0.1.0:   407 |           {  2465792, 1638, 1204,   0,  0, 22,  1,  6, 0x4b, 5, 1, "Nikon", "E950" }, // "diag raw" hack; possibly also Nikon E700, E800, E775;
warning: libraw-ffi@0.1.0:       |                                                                                    ^
warning: libraw-ffi@0.1.0: vendor/LibRaw/LibRaw-0.22.2/src/metadata/identify.cpp:409:78: warning: missing field 'offset' initializer [-Wmissing-field-initializers]
warning: libraw-ffi@0.1.0:   409 |           {  2940928, 1616, 1213,   0,  0,  0,  7, 30, 0x94, 0, 1, "Nikon", "E2100" }, // "diag raw" hack; also Nikon E2500
warning: libraw-ffi@0.1.0:       |                                                                                     ^
warning: libraw-ffi@0.1.0: vendor/LibRaw/LibRaw-0.22.2/src/metadata/identify.cpp:410:77: warning: missing field 'offset' initializer [-Wmissing-field-initializers]
warning: libraw-ffi@0.1.0:   410 |           {  4771840, 2064, 1541,   0,  0,  0,  1,  6, 0xe1, 0, 1, "Nikon", "E990" }, // "diag raw" hack; possibly also Nikon E880, E885, E995;
warning: libraw-ffi@0.1.0:       |                                                                                    ^
warning: libraw-ffi@0.1.0: vendor/LibRaw/LibRaw-0.22.2/src/metadata/identify.cpp:412:78: warning: missing field 'offset' initializer [-Wmissing-field-initializers]
warning: libraw-ffi@0.1.0:   412 |           {  4775936, 2064, 1542,   0,  0,  0,  0, 30, 0x94, 0, 1, "Nikon", "E3700" }, // "diag raw" hack; Nikon E3100, E3200, E3500;
warning: libraw-ffi@0.1.0:       |                                                                                     ^
warning: libraw-ffi@0.1.0: vendor/LibRaw/LibRaw-0.22.2/src/metadata/identify.cpp:414:78: warning: missing field 'offset' initializer [-Wmissing-field-initializers]
warning: libraw-ffi@0.1.0:   414 |           {  5865472, 2288, 1709,   0,  0,  0,  1,  6, 0xb4, 0, 1, "Nikon", "E4500" }, // "diag raw" hack; possibly also Olympus C-4040Z
warning: libraw-ffi@0.1.0:       |                                                                                     ^
warning: libraw-ffi@0.1.0: vendor/LibRaw/LibRaw-0.22.2/src/metadata/identify.cpp:415:78: warning: missing field 'offset' initializer [-Wmissing-field-initializers]
warning: libraw-ffi@0.1.0:   415 |           {  5869568, 2288, 1710,   0,  0,  0,  0,  6, 0x16, 0, 1, "Nikon", "E4300" }, // "diag raw" hack; also Minolta "DiMAGE Z2"
warning: libraw-ffi@0.1.0:       |                                                                                     ^
warning: libraw-ffi@0.1.0: vendor/LibRaw/LibRaw-0.22.2/src/metadata/identify.cpp:416:78: warning: missing field 'offset' initializer [-Wmissing-field-initializers]
warning: libraw-ffi@0.1.0:   416 |           {  7438336, 2576, 1925,   0,  0,  0,  1,  6, 0xb4, 0, 1, "Nikon", "E5000" }, // also Nikon E5700
warning: libraw-ffi@0.1.0:       |                                                                                     ^
warning: libraw-ffi@0.1.0: vendor/LibRaw/LibRaw-0.22.2/src/metadata/identify.cpp:417:83: warning: missing field 'offset' initializer [-Wmissing-field-initializers]
warning: libraw-ffi@0.1.0:   417 |           {  8998912, 2832, 2118,   0,  0,  0,  0, 30, 0x94, 7, 1, "Nikon", "COOLPIX S6" }, // "diag raw" hack
warning: libraw-ffi@0.1.0:       |                                                                                          ^
warning: libraw-ffi@0.1.0: vendor/LibRaw/LibRaw-0.22.2/src/metadata/identify.cpp:418:82: warning: missing field 'offset' initializer [-Wmissing-field-initializers]
warning: libraw-ffi@0.1.0:   418 |           {  5939200, 2304, 1718,   0,  0,  0,  0, 30, 0x16, 0, 0, "Olympus", "C-770UZ" }, // possibly also Olympus C-4100Z, C-765UZ
warning: libraw-ffi@0.1.0:       |                                                                                         ^
warning: libraw-ffi@0.1.0: vendor/LibRaw/LibRaw-0.22.2/src/metadata/identify.cpp:419:87: warning: missing field 'offset' initializer [-Wmissing-field-initializers]
warning: libraw-ffi@0.1.0:   419 |           {  3178560, 2064, 1540,   0,  0,  0,  0,  0, 0x94, 0, 1, "Pentax", "Optio S V1.01" },
warning: libraw-ffi@0.1.0:       |                                                                                              ^
warning: libraw-ffi@0.1.0: vendor/LibRaw/LibRaw-0.22.2/src/metadata/identify.cpp:420:81: warning: missing field 'offset' initializer [-Wmissing-field-initializers]
warning: libraw-ffi@0.1.0:   420 |           {  4841984, 2090, 1544,   0,  0, 22,  0,  0, 0x94, 7, 1, "Pentax", "Optio S" },
warning: libraw-ffi@0.1.0:       |                                                                                        ^
warning: libraw-ffi@0.1.0: vendor/LibRaw/LibRaw-0.22.2/src/metadata/identify.cpp:421:82: warning: missing field 'offset' initializer [-Wmissing-field-initializers]
warning: libraw-ffi@0.1.0:   421 |           {  6114240, 2346, 1737,   0,  0, 22,  0,  0, 0x94, 7, 1, "Pentax", "Optio S4" },
warning: libraw-ffi@0.1.0:       |                                                                                         ^
warning: libraw-ffi@0.1.0: vendor/LibRaw/LibRaw-0.22.2/src/metadata/identify.cpp:422:84: warning: missing field 'offset' initializer [-Wmissing-field-initializers]
warning: libraw-ffi@0.1.0:   422 |           { 10702848, 3072, 2322,   0,  0,  0, 21, 30, 0x94, 0, 1, "Pentax", "Optio 750Z" },
warning: libraw-ffi@0.1.0:       |                                                                                           ^
warning: libraw-ffi@0.1.0: vendor/LibRaw/LibRaw-0.22.2/src/metadata/identify.cpp:423:81: warning: missing field 'offset' initializer [-Wmissing-field-initializers]
warning: libraw-ffi@0.1.0:   423 |           {  4147200, 1920, 1080,   0,  0,  0,  0,  0, 0x49, 0, 0, "Photron", "BC2-HD" },
warning: libraw-ffi@0.1.0:       |                                                                                        ^
warning: libraw-ffi@0.1.0: vendor/LibRaw/LibRaw-0.22.2/src/metadata/identify.cpp:425:80: warning: missing field 'offset' initializer [-Wmissing-field-initializers]
warning: libraw-ffi@0.1.0:   425 |           { 13248000, 2208, 3000,   0,  0,  0,  0, 13, 0x61, 0, 0, "Pixelink", "A782" },
warning: libraw-ffi@0.1.0:       |                                                                                       ^
warning: libraw-ffi@0.1.0: vendor/LibRaw/LibRaw-0.22.2/src/metadata/identify.cpp:426:83: warning: missing field 'offset' initializer [-Wmissing-field-initializers]
warning: libraw-ffi@0.1.0:   426 |           {  6291456, 2048, 1536,   0,  0,  0,  0, 96, 0x61, 0, 0, "RoverShot", "3320AF" },
warning: libraw-ffi@0.1.0:       |                                                                                          ^
warning: libraw-ffi@0.1.0: vendor/LibRaw/LibRaw-0.22.2/src/metadata/identify.cpp:427:86: warning: missing field 'offset' initializer [-Wmissing-field-initializers]
warning: libraw-ffi@0.1.0:   427 |           {   311696,  644,  484,   0,  0,  0,  0,  0, 0x16, 0, 8, "ST Micro", "STV680 VGA" },
warning: libraw-ffi@0.1.0:       |                                                                                             ^
warning: libraw-ffi@0.1.0: vendor/LibRaw/LibRaw-0.22.2/src/metadata/identify.cpp:428:78: warning: missing field 'offset' initializer [-Wmissing-field-initializers]
warning: libraw-ffi@0.1.0:   428 |           { 16098048, 3288, 2448,   0,  0, 24,  0,  9, 0x94, 0, 1, "Samsung", "S85" }, // hack
warning: libraw-ffi@0.1.0:       |                                                                                     ^
warning: libraw-ffi@0.1.0: vendor/LibRaw/LibRaw-0.22.2/src/metadata/identify.cpp:429:78: warning: missing field 'offset' initializer [-Wmissing-field-initializers]
warning: libraw-ffi@0.1.0:   429 |           { 16215552, 3312, 2448,   0,  0, 48,  0,  9, 0x94, 0, 1, "Samsung", "S85" }, // hack
warning: libraw-ffi@0.1.0:       |                                                                                     ^
warning: libraw-ffi@0.1.0: vendor/LibRaw/LibRaw-0.22.2/src/metadata/identify.cpp:430:80: warning: missing field 'offset' initializer [-Wmissing-field-initializers]
warning: libraw-ffi@0.1.0:   430 |           { 20487168, 3648, 2808,   0,  0,  0,  0, 13, 0x94, 5, 1, "Samsung", "WB550" },
warning: libraw-ffi@0.1.0:       |                                                                                       ^
warning: libraw-ffi@0.1.0: vendor/LibRaw/LibRaw-0.22.2/src/metadata/identify.cpp:431:80: warning: missing field 'offset' initializer [-Wmissing-field-initializers]
warning: libraw-ffi@0.1.0:   431 |           { 24000000, 4000, 3000,   0,  0,  0,  0, 13, 0x94, 5, 1, "Samsung", "WB550" },
warning: libraw-ffi@0.1.0:       |                                                                                       ^
warning: libraw-ffi@0.1.0: vendor/LibRaw/LibRaw-0.22.2/src/metadata/identify.cpp:435:83: warning: missing field 'offset' initializer [-Wmissing-field-initializers]
warning: libraw-ffi@0.1.0:   435 |           {  1409024, 1376, 1024,   0,  0,  1,  0,  0, 0x49, 0, 0, "Sony", "XCD-SX910CR" },
warning: libraw-ffi@0.1.0:       |                                                                                          ^
warning: libraw-ffi@0.1.0: vendor/LibRaw/LibRaw-0.22.2/src/metadata/identify.cpp:436:83: warning: missing field 'offset' initializer [-Wmissing-field-initializers]
warning: libraw-ffi@0.1.0:   436 |           {  2818048, 1376, 1024,   0,  0,  1,  0, 97, 0x49, 0, 0, "Sony", "XCD-SX910CR" },
warning: libraw-ffi@0.1.0:       |                                                                                          ^
warning: libraw-ffi@0.1.0: vendor/LibRaw/LibRaw-0.22.2/src/metadata/identify.cpp:1124:5: warning: 'sprintf' is deprecated: This function is provided for compatibility reasons only.  Due to security concerns inherent in the design of sprintf(3), it is highly recommended that you use snprintf(3) instead. [-Wdeprecated-declarations]
warning: libraw-ffi@0.1.0:  1124 |     sprintf(model, "%dx%d", width, height);
warning: libraw-ffi@0.1.0:       |     ^
warning: libraw-ffi@0.1.0: /Applications/Xcode.app/Contents/Developer/Platforms/MacOSX.platform/Developer/SDKs/MacOSX.sdk/usr/include/_stdio.h:278:1: note: 'sprintf' has been explicitly marked deprecated here
warning: libraw-ffi@0.1.0:   278 | __deprecated_msg("This function is provided for compatibility reasons only.  Due to security concerns inherent in the design of sprintf(3), it is highly recommended that you use snprintf(3) instead.")
warning: libraw-ffi@0.1.0:       | ^
warning: libraw-ffi@0.1.0: /Applications/Xcode.app/Contents/Developer/Platforms/MacOSX.platform/Developer/SDKs/MacOSX.sdk/usr/include/sys/cdefs.h:227:48: note: expanded from macro '__deprecated_msg'
warning: libraw-ffi@0.1.0:   227 |         #define __deprecated_msg(_msg) __attribute__((__deprecated__(_msg)))
warning: libraw-ffi@0.1.0:       |                                                       ^
warning: libraw-ffi@0.1.0: vendor/LibRaw/LibRaw-0.22.2/src/metadata/identify.cpp:2292:5: warning: comparison of integers of different signs: 'int' and 'unsigned int' [-Wsign-compare]
warning: libraw-ffi@0.1.0:  2292 |                                 FORC(MIN(cblack[4] * cblack[5], LIBRAW_CBLACK_SIZE - 6)) cblack[c] *= 4;
warning: libraw-ffi@0.1.0:       |                                 ^~~~~~~~~~~~~~~~~~~~~~~~~~~~~~~~~~~~~~~~~~~~~~~~~~~~~~~~
warning: libraw-ffi@0.1.0: vendor/LibRaw/LibRaw-0.22.2/internal/defines.h:94:33: note: expanded from macro 'FORC'
warning: libraw-ffi@0.1.0:    94 | #define FORC(cnt) for (c = 0; c < cnt; c++)
warning: libraw-ffi@0.1.0:       |                               ~ ^ ~~~
warning: libraw-ffi@0.1.0: 136 warnings generated.
warning: libraw-ffi@0.1.0: vendor/LibRaw/LibRaw-0.22.2/src/metadata/sony.cpp:785:5: warning: 'sprintf' is deprecated: This function is provided for compatibility reasons only.  Due to security concerns inherent in the design of sprintf(3), it is highly recommended that you use snprintf(3) instead. [-Wdeprecated-declarations]
warning: libraw-ffi@0.1.0:   785 |     sprintf(imgdata.shootinginfo.InternalBodySerial, "%06llx",
warning: libraw-ffi@0.1.0:       |     ^
warning: libraw-ffi@0.1.0: /Applications/Xcode.app/Contents/Developer/Platforms/MacOSX.platform/Developer/SDKs/MacOSX.sdk/usr/include/_stdio.h:278:1: note: 'sprintf' has been explicitly marked deprecated here
warning: libraw-ffi@0.1.0:   278 | __deprecated_msg("This function is provided for compatibility reasons only.  Due to security concerns inherent in the design of sprintf(3), it is highly recommended that you use snprintf(3) instead.")
warning: libraw-ffi@0.1.0:       | ^
warning: libraw-ffi@0.1.0: /Applications/Xcode.app/Contents/Developer/Platforms/MacOSX.platform/Developer/SDKs/MacOSX.sdk/usr/include/sys/cdefs.h:227:48: note: expanded from macro '__deprecated_msg'
warning: libraw-ffi@0.1.0:   227 |         #define __deprecated_msg(_msg) __attribute__((__deprecated__(_msg)))
warning: libraw-ffi@0.1.0:       |                                                       ^
warning: libraw-ffi@0.1.0: vendor/LibRaw/LibRaw-0.22.2/src/metadata/sony.cpp:797:5: warning: 'sprintf' is deprecated: This function is provided for compatibility reasons only.  Due to security concerns inherent in the design of sprintf(3), it is highly recommended that you use snprintf(3) instead. [-Wdeprecated-declarations]
warning: libraw-ffi@0.1.0:   797 |     sprintf(imgdata.shootinginfo.InternalBodySerial, "%06llx",
warning: libraw-ffi@0.1.0:       |     ^
warning: libraw-ffi@0.1.0: /Applications/Xcode.app/Contents/Developer/Platforms/MacOSX.platform/Developer/SDKs/MacOSX.sdk/usr/include/_stdio.h:278:1: note: 'sprintf' has been explicitly marked deprecated here
warning: libraw-ffi@0.1.0:   278 | __deprecated_msg("This function is provided for compatibility reasons only.  Due to security concerns inherent in the design of sprintf(3), it is highly recommended that you use snprintf(3) instead.")
warning: libraw-ffi@0.1.0:       | ^
warning: libraw-ffi@0.1.0: /Applications/Xcode.app/Contents/Developer/Platforms/MacOSX.platform/Developer/SDKs/MacOSX.sdk/usr/include/sys/cdefs.h:227:48: note: expanded from macro '__deprecated_msg'
warning: libraw-ffi@0.1.0:   227 |         #define __deprecated_msg(_msg) __attribute__((__deprecated__(_msg)))
warning: libraw-ffi@0.1.0:       |                                                       ^
warning: libraw-ffi@0.1.0: vendor/LibRaw/LibRaw-0.22.2/src/metadata/sony.cpp:810:7: warning: 'sprintf' is deprecated: This function is provided for compatibility reasons only.  Due to security concerns inherent in the design of sprintf(3), it is highly recommended that you use snprintf(3) instead. [-Wdeprecated-declarations]
warning: libraw-ffi@0.1.0:   810 |       sprintf(imgdata.shootinginfo.InternalBodySerial, "%04x",
warning: libraw-ffi@0.1.0:       |       ^
warning: libraw-ffi@0.1.0: /Applications/Xcode.app/Contents/Developer/Platforms/MacOSX.platform/Developer/SDKs/MacOSX.sdk/usr/include/_stdio.h:278:1: note: 'sprintf' has been explicitly marked deprecated here
warning: libraw-ffi@0.1.0:   278 | __deprecated_msg("This function is provided for compatibility reasons only.  Due to security concerns inherent in the design of sprintf(3), it is highly recommended that you use snprintf(3) instead.")
warning: libraw-ffi@0.1.0:       | ^
warning: libraw-ffi@0.1.0: /Applications/Xcode.app/Contents/Developer/Platforms/MacOSX.platform/Developer/SDKs/MacOSX.sdk/usr/include/sys/cdefs.h:227:48: note: expanded from macro '__deprecated_msg'
warning: libraw-ffi@0.1.0:   227 |         #define __deprecated_msg(_msg) __attribute__((__deprecated__(_msg)))
warning: libraw-ffi@0.1.0:       |                                                       ^
warning: libraw-ffi@0.1.0: vendor/LibRaw/LibRaw-0.22.2/src/metadata/sony.cpp:820:7: warning: 'sprintf' is deprecated: This function is provided for compatibility reasons only.  Due to security concerns inherent in the design of sprintf(3), it is highly recommended that you use snprintf(3) instead. [-Wdeprecated-declarations]
warning: libraw-ffi@0.1.0:   820 |       sprintf(imgdata.shootinginfo.InternalBodySerial, "%05llx",
warning: libraw-ffi@0.1.0:       |       ^
warning: libraw-ffi@0.1.0: /Applications/Xcode.app/Contents/Developer/Platforms/MacOSX.platform/Developer/SDKs/MacOSX.sdk/usr/include/_stdio.h:278:1: note: 'sprintf' has been explicitly marked deprecated here
warning: libraw-ffi@0.1.0:   278 | __deprecated_msg("This function is provided for compatibility reasons only.  Due to security concerns inherent in the design of sprintf(3), it is highly recommended that you use snprintf(3) instead.")
warning: libraw-ffi@0.1.0:       | ^
warning: libraw-ffi@0.1.0: /Applications/Xcode.app/Contents/Developer/Platforms/MacOSX.platform/Developer/SDKs/MacOSX.sdk/usr/include/sys/cdefs.h:227:48: note: expanded from macro '__deprecated_msg'
warning: libraw-ffi@0.1.0:   227 |         #define __deprecated_msg(_msg) __attribute__((__deprecated__(_msg)))
warning: libraw-ffi@0.1.0:       |                                                       ^
warning: libraw-ffi@0.1.0: vendor/LibRaw/LibRaw-0.22.2/src/metadata/sony.cpp:2339:20: warning: comparison of integers of different signs: 'int' and 'unsigned int' [-Wsign-compare]
warning: libraw-ffi@0.1.0:  2339 |           if (ioffset + 3 >= len)
warning: libraw-ffi@0.1.0:       |               ~~~~~~~~~~~ ^  ~~~
warning: libraw-ffi@0.1.0: 5 warnings generated.
warning: libraw-ffi@0.1.0: vendor/LibRaw/LibRaw-0.22.2/src/metadata/ciff.cpp:264:9: warning: 'sprintf' is deprecated: This function is provided for compatibility reasons only.  Due to security concerns inherent in the design of sprintf(3), it is highly recommended that you use snprintf(3) instead. [-Wdeprecated-declarations]
warning: libraw-ffi@0.1.0:   264 |         sprintf(imgdata.shootinginfo.BodySerial, "%d", len);
warning: libraw-ffi@0.1.0:       |         ^
warning: libraw-ffi@0.1.0: /Applications/Xcode.app/Contents/Developer/Platforms/MacOSX.platform/Developer/SDKs/MacOSX.sdk/usr/include/_stdio.h:278:1: note: 'sprintf' has been explicitly marked deprecated here
warning: libraw-ffi@0.1.0:   278 | __deprecated_msg("This function is provided for compatibility reasons only.  Due to security concerns inherent in the design of sprintf(3), it is highly recommended that you use snprintf(3) instead.")
warning: libraw-ffi@0.1.0:       | ^
warning: libraw-ffi@0.1.0: /Applications/Xcode.app/Contents/Developer/Platforms/MacOSX.platform/Developer/SDKs/MacOSX.sdk/usr/include/sys/cdefs.h:227:48: note: expanded from macro '__deprecated_msg'
warning: libraw-ffi@0.1.0:   227 |         #define __deprecated_msg(_msg) __attribute__((__deprecated__(_msg)))
warning: libraw-ffi@0.1.0:       |                                                       ^
warning: libraw-ffi@0.1.0: vendor/LibRaw/LibRaw-0.22.2/src/metadata/ciff.cpp:266:9: warning: 'sprintf' is deprecated: This function is provided for compatibility reasons only.  Due to security concerns inherent in the design of sprintf(3), it is highly recommended that you use snprintf(3) instead. [-Wdeprecated-declarations]
warning: libraw-ffi@0.1.0:   266 |         sprintf(imgdata.shootinginfo.BodySerial, "%0x-%05d", len >> 16,
warning: libraw-ffi@0.1.0:       |         ^
warning: libraw-ffi@0.1.0: /Applications/Xcode.app/Contents/Developer/Platforms/MacOSX.platform/Developer/SDKs/MacOSX.sdk/usr/include/_stdio.h:278:1: note: 'sprintf' has been explicitly marked deprecated here
warning: libraw-ffi@0.1.0:   278 | __deprecated_msg("This function is provided for compatibility reasons only.  Due to security concerns inherent in the design of sprintf(3), it is highly recommended that you use snprintf(3) instead.")
warning: libraw-ffi@0.1.0:       | ^
warning: libraw-ffi@0.1.0: /Applications/Xcode.app/Contents/Developer/Platforms/MacOSX.platform/Developer/SDKs/MacOSX.sdk/usr/include/sys/cdefs.h:227:48: note: expanded from macro '__deprecated_msg'
warning: libraw-ffi@0.1.0:   227 |         #define __deprecated_msg(_msg) __attribute__((__deprecated__(_msg)))
warning: libraw-ffi@0.1.0:       |                                                       ^
warning: libraw-ffi@0.1.0: 2 warnings generated.
warning: libraw-ffi@0.1.0: vendor/LibRaw/LibRaw-0.22.2/src/metadata/nikon.cpp:525:11: warning: 'sprintf' is deprecated: This function is provided for compatibility reasons only.  Due to security concerns inherent in the design of sprintf(3), it is highly recommended that you use snprintf(3) instead. [-Wdeprecated-declarations]
warning: libraw-ffi@0.1.0:   525 |           sprintf(imgdata.shootinginfo.BodySerial, "%d", serial);
warning: libraw-ffi@0.1.0:       |           ^
warning: libraw-ffi@0.1.0: /Applications/Xcode.app/Contents/Developer/Platforms/MacOSX.platform/Developer/SDKs/MacOSX.sdk/usr/include/_stdio.h:278:1: note: 'sprintf' has been explicitly marked deprecated here
warning: libraw-ffi@0.1.0:   278 | __deprecated_msg("This function is provided for compatibility reasons only.  Due to security concerns inherent in the design of sprintf(3), it is highly recommended that you use snprintf(3) instead.")
warning: libraw-ffi@0.1.0:       | ^
warning: libraw-ffi@0.1.0: /Applications/Xcode.app/Contents/Developer/Platforms/MacOSX.platform/Developer/SDKs/MacOSX.sdk/usr/include/sys/cdefs.h:227:48: note: expanded from macro '__deprecated_msg'
warning: libraw-ffi@0.1.0:   227 |         #define __deprecated_msg(_msg) __attribute__((__deprecated__(_msg)))
warning: libraw-ffi@0.1.0:       |                                                       ^
warning: libraw-ffi@0.1.0: 1 warning generated.
warning: libraw-ffi@0.1.0: vendor/LibRaw/LibRaw-0.22.2/src/metadata/pentax.cpp:493:5: warning: 'sprintf' is deprecated: This function is provided for compatibility reasons only.  Due to security concerns inherent in the design of sprintf(3), it is highly recommended that you use snprintf(3) instead. [-Wdeprecated-declarations]
warning: libraw-ffi@0.1.0:   493 |     sprintf(imgdata.shootinginfo.InternalBodySerial, "%d", get4());
warning: libraw-ffi@0.1.0:       |     ^
warning: libraw-ffi@0.1.0: /Applications/Xcode.app/Contents/Developer/Platforms/MacOSX.platform/Developer/SDKs/MacOSX.sdk/usr/include/_stdio.h:278:1: note: 'sprintf' has been explicitly marked deprecated here
warning: libraw-ffi@0.1.0:   278 | __deprecated_msg("This function is provided for compatibility reasons only.  Due to security concerns inherent in the design of sprintf(3), it is highly recommended that you use snprintf(3) instead.")
warning: libraw-ffi@0.1.0:       | ^
warning: libraw-ffi@0.1.0: /Applications/Xcode.app/Contents/Developer/Platforms/MacOSX.platform/Developer/SDKs/MacOSX.sdk/usr/include/sys/cdefs.h:227:48: note: expanded from macro '__deprecated_msg'
warning: libraw-ffi@0.1.0:   227 |         #define __deprecated_msg(_msg) __attribute__((__deprecated__(_msg)))
warning: libraw-ffi@0.1.0:       |                                                       ^
warning: libraw-ffi@0.1.0: vendor/LibRaw/LibRaw-0.22.2/src/metadata/pentax.cpp:553:9: warning: 'sprintf' is deprecated: This function is provided for compatibility reasons only.  Due to security concerns inherent in the design of sprintf(3), it is highly recommended that you use snprintf(3) instead. [-Wdeprecated-declarations]
warning: libraw-ffi@0.1.0:   553 |         sprintf(imgdata.shootinginfo.BodySerial, "%8s", buffer + 8);
warning: libraw-ffi@0.1.0:       |         ^
warning: libraw-ffi@0.1.0: /Applications/Xcode.app/Contents/Developer/Platforms/MacOSX.platform/Developer/SDKs/MacOSX.sdk/usr/include/_stdio.h:278:1: note: 'sprintf' has been explicitly marked deprecated here
warning: libraw-ffi@0.1.0:   278 | __deprecated_msg("This function is provided for compatibility reasons only.  Due to security concerns inherent in the design of sprintf(3), it is highly recommended that you use snprintf(3) instead.")
warning: libraw-ffi@0.1.0:       | ^
warning: libraw-ffi@0.1.0: /Applications/Xcode.app/Contents/Developer/Platforms/MacOSX.platform/Developer/SDKs/MacOSX.sdk/usr/include/sys/cdefs.h:227:48: note: expanded from macro '__deprecated_msg'
warning: libraw-ffi@0.1.0:   227 |         #define __deprecated_msg(_msg) __attribute__((__deprecated__(_msg)))
warning: libraw-ffi@0.1.0:       |                                                       ^
warning: libraw-ffi@0.1.0: vendor/LibRaw/LibRaw-0.22.2/src/metadata/pentax.cpp:556:7: warning: 'sprintf' is deprecated: This function is provided for compatibility reasons only.  Due to security concerns inherent in the design of sprintf(3), it is highly recommended that you use snprintf(3) instead. [-Wdeprecated-declarations]
warning: libraw-ffi@0.1.0:   556 |       sprintf(imgdata.shootinginfo.InternalBodySerial, "%8s", buffer);
warning: libraw-ffi@0.1.0:       |       ^
warning: libraw-ffi@0.1.0: /Applications/Xcode.app/Contents/Developer/Platforms/MacOSX.platform/Developer/SDKs/MacOSX.sdk/usr/include/_stdio.h:278:1: note: 'sprintf' has been explicitly marked deprecated here
warning: libraw-ffi@0.1.0:   278 | __deprecated_msg("This function is provided for compatibility reasons only.  Due to security concerns inherent in the design of sprintf(3), it is highly recommended that you use snprintf(3) instead.")
warning: libraw-ffi@0.1.0:       | ^
warning: libraw-ffi@0.1.0: /Applications/Xcode.app/Contents/Developer/Platforms/MacOSX.platform/Developer/SDKs/MacOSX.sdk/usr/include/sys/cdefs.h:227:48: note: expanded from macro '__deprecated_msg'
warning: libraw-ffi@0.1.0:   227 |         #define __deprecated_msg(_msg) __attribute__((__deprecated__(_msg)))
warning: libraw-ffi@0.1.0:       |                                                       ^
warning: libraw-ffi@0.1.0: vendor/LibRaw/LibRaw-0.22.2/src/metadata/pentax.cpp:560:7: warning: 'sprintf' is deprecated: This function is provided for compatibility reasons only.  Due to security concerns inherent in the design of sprintf(3), it is highly recommended that you use snprintf(3) instead. [-Wdeprecated-declarations]
warning: libraw-ffi@0.1.0:   560 |       sprintf(imgdata.shootinginfo.BodySerial, "%02x%02x%02x%02x", buffer[4],
warning: libraw-ffi@0.1.0:       |       ^
warning: libraw-ffi@0.1.0: /Applications/Xcode.app/Contents/Developer/Platforms/MacOSX.platform/Developer/SDKs/MacOSX.sdk/usr/include/_stdio.h:278:1: note: 'sprintf' has been explicitly marked deprecated here
warning: libraw-ffi@0.1.0:   278 | __deprecated_msg("This function is provided for compatibility reasons only.  Due to security concerns inherent in the design of sprintf(3), it is highly recommended that you use snprintf(3) instead.")
warning: libraw-ffi@0.1.0:       | ^
warning: libraw-ffi@0.1.0: /Applications/Xcode.app/Contents/Developer/Platforms/MacOSX.platform/Developer/SDKs/MacOSX.sdk/usr/include/sys/cdefs.h:227:48: note: expanded from macro '__deprecated_msg'
warning: libraw-ffi@0.1.0:   227 |         #define __deprecated_msg(_msg) __attribute__((__deprecated__(_msg)))
warning: libraw-ffi@0.1.0:       |                                                       ^
warning: libraw-ffi@0.1.0: vendor/LibRaw/LibRaw-0.22.2/src/metadata/pentax.cpp:562:7: warning: 'sprintf' is deprecated: This function is provided for compatibility reasons only.  Due to security concerns inherent in the design of sprintf(3), it is highly recommended that you use snprintf(3) instead. [-Wdeprecated-declarations]
warning: libraw-ffi@0.1.0:   562 |       sprintf(imgdata.shootinginfo.InternalBodySerial, "%02x%02x%02x%02x",
warning: libraw-ffi@0.1.0:       |       ^
warning: libraw-ffi@0.1.0: /Applications/Xcode.app/Contents/Developer/Platforms/MacOSX.platform/Developer/SDKs/MacOSX.sdk/usr/include/_stdio.h:278:1: note: 'sprintf' has been explicitly marked deprecated here
warning: libraw-ffi@0.1.0:   278 | __deprecated_msg("This function is provided for compatibility reasons only.  Due to security concerns inherent in the design of sprintf(3), it is highly recommended that you use snprintf(3) instead.")
warning: libraw-ffi@0.1.0:       | ^
warning: libraw-ffi@0.1.0: /Applications/Xcode.app/Contents/Developer/Platforms/MacOSX.platform/Developer/SDKs/MacOSX.sdk/usr/include/sys/cdefs.h:227:48: note: expanded from macro '__deprecated_msg'
warning: libraw-ffi@0.1.0:   227 |         #define __deprecated_msg(_msg) __attribute__((__deprecated__(_msg)))
warning: libraw-ffi@0.1.0:       |                                                       ^
warning: libraw-ffi@0.1.0: 5 warnings generated.
warning: libraw-ffi@0.1.0: vendor/LibRaw/LibRaw-0.22.2/src/metadata/normalize_model.cpp:552:130: warning: suspicious concatenation of string literals in an array initialization; did you mean to separate the elements with a comma? [-Wstring-concatenation]
warning: libraw-ffi@0.1.0:   552 |     "@DC-ZS200", "DC-ZS220", "DC-TZ200", "DC-TZ202", "DC-TZ220", "DC-TZ200D", "DC-TZ202D", "DC-TZ220D", "DC-ZS200D", "DC-ZS220D" "DC-TX2", "C-Lux", "CAM-DC25",
warning: libraw-ffi@0.1.0:       |                                                                                                                                  ^
warning: libraw-ffi@0.1.0:       |                                                                                                                                 ,
warning: libraw-ffi@0.1.0: vendor/LibRaw/LibRaw-0.22.2/src/metadata/normalize_model.cpp:552:118: note: place parentheses around the string literal to silence warning
warning: libraw-ffi@0.1.0:   552 |     "@DC-ZS200", "DC-ZS220", "DC-TZ200", "DC-TZ202", "DC-TZ220", "DC-TZ200D", "DC-TZ202D", "DC-TZ220D", "DC-ZS200D", "DC-ZS220D" "DC-TX2", "C-Lux", "CAM-DC25",
warning: libraw-ffi@0.1.0:       |                                                                                                                      ^
warning: libraw-ffi@0.1.0: 1 warning generated.
warning: libraw-ffi@0.1.0: vendor/LibRaw/LibRaw-0.22.2/src/metadata/canon.cpp:864:5: warning: 'sprintf' is deprecated: This function is provided for compatibility reasons only.  Due to security concerns inherent in the design of sprintf(3), it is highly recommended that you use snprintf(3) instead. [-Wdeprecated-declarations]
warning: libraw-ffi@0.1.0:   864 |     sprintf(imgdata.shootinginfo.BodySerial, "%d", tS);
warning: libraw-ffi@0.1.0:       |     ^
warning: libraw-ffi@0.1.0: /Applications/Xcode.app/Contents/Developer/Platforms/MacOSX.platform/Developer/SDKs/MacOSX.sdk/usr/include/_stdio.h:278:1: note: 'sprintf' has been explicitly marked deprecated here
warning: libraw-ffi@0.1.0:   278 | __deprecated_msg("This function is provided for compatibility reasons only.  Due to security concerns inherent in the design of sprintf(3), it is highly recommended that you use snprintf(3) instead.")
warning: libraw-ffi@0.1.0:       | ^
warning: libraw-ffi@0.1.0: /Applications/Xcode.app/Contents/Developer/Platforms/MacOSX.platform/Developer/SDKs/MacOSX.sdk/usr/include/sys/cdefs.h:227:48: note: expanded from macro '__deprecated_msg'
warning: libraw-ffi@0.1.0:   227 |         #define __deprecated_msg(_msg) __attribute__((__deprecated__(_msg)))
warning: libraw-ffi@0.1.0:       |                                                       ^
warning: libraw-ffi@0.1.0: 1 warning generated.
warning: libraw-ffi@0.1.0: vendor/LibRaw/LibRaw-0.22.2/src/metadata/tiff.cpp:1029:7: warning: 'sprintf' is deprecated: This function is provided for compatibility reasons only.  Due to security concerns inherent in the design of sprintf(3), it is highly recommended that you use snprintf(3) instead. [-Wdeprecated-declarations]
warning: libraw-ffi@0.1.0:  1029 |       sprintf(model, "Ixpress %d-Mp", c);
warning: libraw-ffi@0.1.0:       |       ^
warning: libraw-ffi@0.1.0: /Applications/Xcode.app/Contents/Developer/Platforms/MacOSX.platform/Developer/SDKs/MacOSX.sdk/usr/include/_stdio.h:278:1: note: 'sprintf' has been explicitly marked deprecated here
warning: libraw-ffi@0.1.0:   278 | __deprecated_msg("This function is provided for compatibility reasons only.  Due to security concerns inherent in the design of sprintf(3), it is highly recommended that you use snprintf(3) instead.")
warning: libraw-ffi@0.1.0:       | ^
warning: libraw-ffi@0.1.0: /Applications/Xcode.app/Contents/Developer/Platforms/MacOSX.platform/Developer/SDKs/MacOSX.sdk/usr/include/sys/cdefs.h:227:48: note: expanded from macro '__deprecated_msg'
warning: libraw-ffi@0.1.0:   227 |         #define __deprecated_msg(_msg) __attribute__((__deprecated__(_msg)))
warning: libraw-ffi@0.1.0:       |                                                       ^
warning: libraw-ffi@0.1.0: vendor/LibRaw/LibRaw-0.22.2/src/metadata/tiff.cpp:1230:13: warning: comparison of integers of different signs: 'int' and 'unsigned int' [-Wsign-compare]
warning: libraw-ffi@0.1.0:  1230 |                                         if (fj > libraw_internal_data.unpacker_data.lenRAFData - 3)
warning: libraw-ffi@0.1.0:       |                                             ~~ ^ ~~~~~~~~~~~~~~~~~~~~~~~~~~~~~~~~~~~~~~~~~~~~~~~~~
warning: libraw-ffi@0.1.0: vendor/LibRaw/LibRaw-0.22.2/src/metadata/tiff.cpp:1239:15: warning: comparison of integers of different signs: 'int' and 'unsigned int' [-Wsign-compare]
warning: libraw-ffi@0.1.0:  1239 |                                                 && ofst < libraw_internal_data.unpacker_data.lenRAFData - 3;
warning: libraw-ffi@0.1.0:       |                                                    ~~~~ ^ ~~~~~~~~~~~~~~~~~~~~~~~~~~~~~~~~~~~~~~~~~~~~~~~~~
warning: libraw-ffi@0.1.0: vendor/LibRaw/LibRaw-0.22.2/src/metadata/tiff.cpp:1635:17: warning: comparison of integers of different signs: 'int' and 'unsigned int' [-Wsign-compare]
warning: libraw-ffi@0.1.0:  1635 |                                   if (items == SR2SubIFDLength)
warning: libraw-ffi@0.1.0:       |                                       ~~~~~ ^  ~~~~~~~~~~~~~~~
warning: libraw-ffi@0.1.0: vendor/LibRaw/LibRaw-0.22.2/src/metadata/tiff.cpp:1748:12: warning: comparison of integers of different signs: 'int' and 'unsigned int' [-Wsign-compare]
warning: libraw-ffi@0.1.0:  1748 |         if (items == sony_length)
warning: libraw-ffi@0.1.0:       |             ~~~~~ ^  ~~~~~~~~~~~
warning: libraw-ffi@0.1.0: vendor/LibRaw/LibRaw-0.22.2/src/metadata/tiff.cpp:2005:4: warning: misleading indentation; statement is not part of the previous 'if' [-Wmisleading-indentation]
warning: libraw-ffi@0.1.0:  2005 |           if (!strncasecmp(make, "Sony", 4) && tiff_ifd[i].bps == 8 && tiff_ifd[i].phint == 6 && tiff_ifd[i].comp == 7 &&
warning: libraw-ffi@0.1.0:       |           ^
warning: libraw-ffi@0.1.0: vendor/LibRaw/LibRaw-0.22.2/src/metadata/tiff.cpp:2002:7: note: previous statement is here
warning: libraw-ffi@0.1.0:  2002 |       if (tiff_ifd[i].phint == 2 && tiff_ifd[i].extrasamples > 0 && tiff_ifd[i].samples > 3)
warning: libraw-ffi@0.1.0:       |       ^
warning: libraw-ffi@0.1.0: 6 warnings generated.
warning: libraw-ffi@0.1.0: vendor/LibRaw/LibRaw-0.22.2/src/metadata/misc_parsers.cpp:123:3: warning: 'sprintf' is deprecated: This function is provided for compatibility reasons only.  Due to security concerns inherent in the design of sprintf(3), it is highly recommended that you use snprintf(3) instead. [-Wdeprecated-declarations]
warning: libraw-ffi@0.1.0:   123 |   sprintf(model, "%d", get4());
warning: libraw-ffi@0.1.0:       |   ^
warning: libraw-ffi@0.1.0: /Applications/Xcode.app/Contents/Developer/Platforms/MacOSX.platform/Developer/SDKs/MacOSX.sdk/usr/include/_stdio.h:278:1: note: 'sprintf' has been explicitly marked deprecated here
warning: libraw-ffi@0.1.0:   278 | __deprecated_msg("This function is provided for compatibility reasons only.  Due to security concerns inherent in the design of sprintf(3), it is highly recommended that you use snprintf(3) instead.")
warning: libraw-ffi@0.1.0:       | ^
warning: libraw-ffi@0.1.0: /Applications/Xcode.app/Contents/Developer/Platforms/MacOSX.platform/Developer/SDKs/MacOSX.sdk/usr/include/sys/cdefs.h:227:48: note: expanded from macro '__deprecated_msg'
warning: libraw-ffi@0.1.0:   227 |         #define __deprecated_msg(_msg) __attribute__((__deprecated__(_msg)))
warning: libraw-ffi@0.1.0:       |                                                       ^
warning: libraw-ffi@0.1.0: vendor/LibRaw/LibRaw-0.22.2/src/metadata/misc_parsers.cpp:209:3: warning: 'sprintf' is deprecated: This function is provided for compatibility reasons only.  Due to security concerns inherent in the design of sprintf(3), it is highly recommended that you use snprintf(3) instead. [-Wdeprecated-declarations]
warning: libraw-ffi@0.1.0:   209 |   sprintf(model, "v%d %dx%d", ver, width, height);
warning: libraw-ffi@0.1.0:       |   ^
warning: libraw-ffi@0.1.0: /Applications/Xcode.app/Contents/Developer/Platforms/MacOSX.platform/Developer/SDKs/MacOSX.sdk/usr/include/_stdio.h:278:1: note: 'sprintf' has been explicitly marked deprecated here
warning: libraw-ffi@0.1.0:   278 | __deprecated_msg("This function is provided for compatibility reasons only.  Due to security concerns inherent in the design of sprintf(3), it is highly recommended that you use snprintf(3) instead.")
warning: libraw-ffi@0.1.0:       | ^
warning: libraw-ffi@0.1.0: /Applications/Xcode.app/Contents/Developer/Platforms/MacOSX.platform/Developer/SDKs/MacOSX.sdk/usr/include/sys/cdefs.h:227:48: note: expanded from macro '__deprecated_msg'
warning: libraw-ffi@0.1.0:   227 |         #define __deprecated_msg(_msg) __attribute__((__deprecated__(_msg)))
warning: libraw-ffi@0.1.0:       |                                                       ^
warning: libraw-ffi@0.1.0: 2 warnings generated.
   Compiling raw-decode v0.1.0 (/Users/rutmehta/Developer/tessera/.worktrees/M5-20/crates/raw-decode)
   Compiling pipeline-cpu v0.1.0 (/Users/rutmehta/Developer/tessera/.worktrees/M5-20/crates/pipeline-cpu)
   Compiling previews v0.1.0 (/Users/rutmehta/Developer/tessera/.worktrees/M5-20/crates/previews)
   Compiling pipeline-adobe v0.1.0 (/Users/rutmehta/Developer/tessera/.worktrees/M5-20/crates/pipeline-adobe)
   Compiling image-core v0.1.0 (/Users/rutmehta/Developer/tessera/.worktrees/M5-20/crates/image-core)
   Compiling ml-segment v0.1.0 (/Users/rutmehta/Developer/tessera/.worktrees/M5-20/crates/ml-segment)
   Compiling cull v0.1.0 (/Users/rutmehta/Developer/tessera/.worktrees/M5-20/crates/cull)
   Compiling mask-ai v0.1.0 (/Users/rutmehta/Developer/tessera/.worktrees/M5-20/crates/mask-ai)
   Compiling ml-quality v0.1.0 (/Users/rutmehta/Developer/tessera/.worktrees/M5-20/crates/ml-quality)
   Compiling pipeline-gpu v0.1.0 (/Users/rutmehta/Developer/tessera/.worktrees/M5-20/crates/pipeline-gpu)
   Compiling export v0.1.0 (/Users/rutmehta/Developer/tessera/.worktrees/M5-20/crates/export)
error[E0425]: cannot find type `ChannelKind` in this scope
 --> /Volumes/betterSSD/tessera-cache/target/M5-20/release/build/tessera-mcp-aba829c099ce18e5/out/wire_schemas.rs:1:26817
  |
1 | ...l interpretation."] # [serde (default)] kind : ChannelKind , # [doc = " Host-staged single-channel raster, covering the canvas."] ...
  |                                                   ^^^^^^^^^^^ not found in this scope

error[E0425]: cannot find type `ChannelRasterRef` in this scope
 --> /Volumes/betterSSD/tessera-cache/target/M5-20/release/build/tessera-mcp-aba829c099ce18e5/out/wire_schemas.rs:1:26909
  |
1 | ...nnel raster, covering the canvas."] raster : ChannelRasterRef , # [doc = " One-line rationale recorded on the history entry."] # [...
  |                                                 ^^^^^^^^^^^^^^^^ not found in this scope

error[E0425]: cannot find type `ChannelId` in this scope
 --> /Volumes/betterSSD/tessera-cache/target/M5-20/release/build/tessera-mcp-aba829c099ce18e5/out/wire_schemas.rs:1:27788
  |
1 | ... : DocumentId , # [doc = " Channel."] channel : ChannelId , # [doc = " One-line rationale recorded on the history entry."] # [serd...
  |                                                    ^^^^^^^^^ not found in this scope

error[E0425]: cannot find type `ChannelId` in this scope
 --> /Volumes/betterSSD/tessera-cache/target/M5-20/release/build/tessera-mcp-aba829c099ce18e5/out/wire_schemas.rs:1:28637
  |
1 | ... : DocumentId , # [doc = " Channel."] channel : ChannelId , # [doc = " New display name."] name : String , # [doc = " One-line rat...
  |                                                    ^^^^^^^^^ not found in this scope

error[E0425]: cannot find type `ChannelId` in this scope
 --> /Volumes/betterSSD/tessera-cache/target/M5-20/release/build/tessera-mcp-aba829c099ce18e5/out/wire_schemas.rs:1:29571
  |
1 | ... : DocumentId , # [doc = " Channel."] channel : ChannelId , # [doc = " Replacement interpretation; absent leaves it unchanged."] #...
  |                                                    ^^^^^^^^^ not found in this scope

error[E0425]: cannot find type `ChannelKind` in this scope
 --> /Volumes/betterSSD/tessera-cache/target/M5-20/release/build/tessera-mcp-aba829c099ce18e5/out/wire_schemas.rs:1:29688
  |
1 | ...changed."] # [serde (default)] kind : Option < ChannelKind > , # [doc = " Replacement host-staged raster; absent leaves it unchang...
  |                                                   ^^^^^^^^^^^ not found in this scope
  |
help: you might be missing a type parameter
  |
1 | use serde :: { Serialize , Deserialize } ; type ImageId = String ; type RecipeHash = String ; type IccProfileHandle = String ; type MaskId = u64 ; type PersonId = u64 ; type HistoryGroupId = u64 ; type StyleId = String ; type ModelId = String ; type Grade = u8 ; type Mark = String ; type DocumentId = u64 ; type LayerId = u64 ; type SelectionId = u64 ; type HistoryEntryId = u64 ; # [doc = " Partial update of global tone and colour controls. `None` leaves a"] # [doc = " control unchanged. Units as in [`crate::recipe::settings`]."] # [derive (Debug , Clone , PartialEq , Default , Serialize , Deserialize)] # [serde (default)] # [derive (schemars :: JsonSchema)] pub struct ToneUpdate { # [doc = " Exposure, EV."] pub exposure : Option < f32 > , # [doc = " Contrast."] pub contrast : Option < f32 > , # [doc = " Highlights."] pub highlights : Option < f32 > , # [doc = " Shadows."] pub shadows : Option < f32 > , # [doc = " Whites."] pub whites : Option < f32 > , # [doc = " Blacks."] pub blacks : Option < f32 > , # [doc = " Texture."] pub texture : Option < f32 > , # [doc = " Clarity."] pub clarity : Option < f32 > , # [doc = " Dehaze."] pub dehaze : Option < f32 > , # [doc = " Vibrance."] pub vibrance : Option < f32 > , # [doc = " Saturation."] pub saturation : Option < f32 > , # [doc = " White balance temperature, kelvin (switches WB to custom)."] pub temperature : Option < f32 > , # [doc = " White balance tint (switches WB to custom)."] pub tint : Option < f32 > , } # [doc = " How `remove_object` fills the removed area. Generative fill is"] # [doc = " deliberately absent: base edits are non-generative (spec 10 §2)."] # [derive (Debug , Clone , Copy , PartialEq , Eq , Default , Serialize , Deserialize)] # [serde (rename_all = "snake_case")] # [derive (schemars :: JsonSchema)] pub enum RemovalMethod { # [doc = " Engine choice between heal and inpaint."] # [default] Auto , # [doc = " Texture-synthesis heal."] Heal , # [doc = " Local inpainting model."] Inpaint , } # [doc = " Change to an optional selection field."] # [derive (Debug , Clone , PartialEq , Eq , Serialize , Deserialize)] # [serde (tag = "action" , content = "value" , rename_all = "snake_case")] # [derive (schemars :: JsonSchema)] pub enum FieldUpdate < T > { # [doc = " Set the field."] Set (T) , # [doc = " Clear the field."] Clear , } # [doc = " Rendered-image histogram request space."] # [derive (Debug , Clone , Copy , PartialEq , Eq , Default , Serialize , Deserialize)] # [serde (rename_all = "snake_case")] # [derive (schemars :: JsonSchema)] pub enum HistogramSpace { # [doc = " Display-referred output of the current recipe."] # [default] Display , # [doc = " Scene-linear working space before the display transform."] SceneLinear , } # [doc = " Image comparison metric."] # [derive (Debug , Clone , Copy , PartialEq , Eq , Default , Serialize , Deserialize)] # [serde (rename_all = "snake_case")] # [derive (schemars :: JsonSchema)] pub enum CompareMetric { # [doc = " Mean/percentile CIEDE2000 on the rendered outputs."] # [default] DeltaE2000 , # [doc = " Parameter-level diff of the two recipes."] RecipeDiff , # [doc = " Quality-score comparison (focus, eyes, aesthetics)."] Scores , } # [doc = " Encoded output format."] # [derive (Debug , Clone , PartialEq , Serialize , Deserialize)] # [serde (tag = "format" , rename_all = "snake_case")] # [derive (schemars :: JsonSchema)] pub enum ExportFormat { # [doc = " JPEG."] Jpeg { # [doc = " Quality `1..=100`."] quality : u8 , } , # [doc = " TIFF."] Tiff { # [doc = " 8, 16 or 32 bits per channel."] bit_depth : u8 , } , # [doc = " PNG."] Png { # [doc = " 8 or 16 bits per channel."] bit_depth : u8 , } , # [doc = " JPEG XL."] JpegXl { # [doc = " Quality `1..=100`; 100 is lossless."] quality : u8 , } , # [doc = " AVIF."] Avif { # [doc = " Quality `1..=100`."] quality : u8 , } , # [doc = " DNG (linear or original raw)."] Dng , } # [doc = " Output resize."] # [derive (Debug , Clone , PartialEq , Serialize , Deserialize)] # [serde (tag = "fit" , rename_all = "snake_case")] # [derive (schemars :: JsonSchema)] pub enum Resize { # [doc = " Fit the long edge."] LongEdge { # [doc = " Pixels."] pixels : u32 , } , # [doc = " Fit within a box."] Within { # [doc = " Width."] width : u32 , # [doc = " Height."] height : u32 , } , # [doc = " Target megapixels."] Megapixels { # [doc = " Megapixels."] megapixels : f32 , } , } # [doc = " Export settings."] # [derive (Debug , Clone , PartialEq , Serialize , Deserialize)] # [derive (schemars :: JsonSchema)] pub struct ExportSettings { # [doc = " Destination directory."] pub destination : String , # [doc = " File-name template, e.g. `\"{name}-{seq:3}\"`."] # [serde (default = "default_template")] pub name_template : String , # [doc = " Format."] pub format : ExportFormat , # [doc = " Output colour profile; `None` means sRGB."] # [serde (default)] pub profile : Option < IccProfileHandle > , # [doc = " Resize, if any."] # [serde (default)] pub resize : Option < Resize > , # [doc = " Embed XMP metadata (ratings, keywords, IPTC)."] # [serde (default = "yes")] pub embed_metadata : bool , # [doc = " Write HDR (gain map or PQ/HLG, format permitting)."] # [serde (default)] pub hdr : bool , } fn default_template () -> String { "{name}" . into () } fn yes () -> bool { true } # [doc = " Adjust global tone/colour controls."] # [derive (Debug , Clone , Serialize , Deserialize , schemars :: JsonSchema)] # [serde (deny_unknown_fields)] pub struct SetTone { # [doc = " Target image."] image : ImageId , # [doc = " Controls to change."] # [serde (flatten)] update : ToneUpdate , # [doc = " One-line rationale recorded on the history entry."] # [serde (default)] pub rationale : Option < String > , # [doc = " History group to record into (e.g. \"Agent base edit\")."] # [serde (default)] pub group : Option < HistoryGroupId > , # [doc = " Optimistic concurrency: fail with [`EngineError::Conflict`] if the"] # [doc = " image's recipe hash no longer matches."] # [serde (default)] pub expect_recipe : Option < RecipeHash > , } # [doc = " Create a local adjustment from mask components."] # [derive (Debug , Clone , Serialize , Deserialize , schemars :: JsonSchema)] # [serde (deny_unknown_fields)] pub struct CreateMask { # [doc = " Target image."] image : ImageId , # [doc = " Display name."] # [serde (default)] name : Option < String > , # [doc = " Components, combined in order."] components : Vec < MaskComponent > , # [doc = " Initial parameters."] # [serde (default)] params : LocalParams , # [doc = " One-line rationale recorded on the history entry."] # [serde (default)] pub rationale : Option < String > , # [doc = " History group to record into (e.g. \"Agent base edit\")."] # [serde (default)] pub group : Option < HistoryGroupId > , # [doc = " Optimistic concurrency: fail with [`EngineError::Conflict`] if the"] # [doc = " image's recipe hash no longer matches."] # [serde (default)] pub expect_recipe : Option < RecipeHash > , } # [doc = " Change a local adjustment."] # [derive (Debug , Clone , Serialize , Deserialize , schemars :: JsonSchema)] # [serde (deny_unknown_fields)] pub struct AdjustMask { # [doc = " Target image."] image : ImageId , # [doc = " Mask."] mask : MaskId , # [doc = " Replacement parameters, if changing."] # [serde (default)] params : Option < LocalParams > , # [doc = " Components to append."] # [serde (default)] add_components : Vec < MaskComponent > , # [doc = " Amount `0..=200`, if changing."] # [serde (default)] amount : Option < f32 > , # [doc = " Invert, if changing."] # [serde (default)] invert : Option < bool > , # [doc = " Enable/disable, if changing."] # [serde (default)] enabled : Option < bool > , # [doc = " One-line rationale recorded on the history entry."] # [serde (default)] pub rationale : Option < String > , # [doc = " History group to record into (e.g. \"Agent base edit\")."] # [serde (default)] pub group : Option < HistoryGroupId > , # [doc = " Optimistic concurrency: fail with [`EngineError::Conflict`] if the"] # [doc = " image's recipe hash no longer matches."] # [serde (default)] pub expect_recipe : Option < RecipeHash > , } # [doc = " Remove the content under a mask by non-generative fill."] # [derive (Debug , Clone , Serialize , Deserialize , schemars :: JsonSchema)] # [serde (deny_unknown_fields)] pub struct RemoveObject { # [doc = " Target image."] image : ImageId , # [doc = " Mask selecting the object."] mask : MaskId , # [doc = " Fill method."] # [serde (default)] method : RemovalMethod , # [doc = " One-line rationale recorded on the history entry."] # [serde (default)] pub rationale : Option < String > , # [doc = " History group to record into (e.g. \"Agent base edit\")."] # [serde (default)] pub group : Option < HistoryGroupId > , # [doc = " Optimistic concurrency: fail with [`EngineError::Conflict`] if the"] # [doc = " image's recipe hash no longer matches."] # [serde (default)] pub expect_recipe : Option < RecipeHash > , } # [doc = " Skin retouch for one person."] # [derive (Debug , Clone , Serialize , Deserialize , schemars :: JsonSchema)] # [serde (deny_unknown_fields)] pub struct RetouchSkin { # [doc = " Target image."] image : ImageId , # [doc = " Person."] person : PersonId , # [doc = " Strength `0..=100`."] strength : f32 , # [doc = " One-line rationale recorded on the history entry."] # [serde (default)] pub rationale : Option < String > , # [doc = " History group to record into (e.g. \"Agent base edit\")."] # [serde (default)] pub group : Option < HistoryGroupId > , # [doc = " Optimistic concurrency: fail with [`EngineError::Conflict`] if the"] # [doc = " image's recipe hash no longer matches."] # [serde (default)] pub expect_recipe : Option < RecipeHash > , } # [doc = " Apply a preset, profile, LUT or learned style."] # [derive (Debug , Clone , Serialize , Deserialize , schemars :: JsonSchema)] # [serde (deny_unknown_fields)] pub struct ApplyStyle { # [doc = " Target image."] image : ImageId , # [doc = " Style."] style : StyleId , # [doc = " Amount `0..=200` (%)."] # [serde (default = "hundred")] amount : f32 , # [doc = " One-line rationale recorded on the history entry."] # [serde (default)] pub rationale : Option < String > , # [doc = " History group to record into (e.g. \"Agent base edit\")."] # [serde (default)] pub group : Option < HistoryGroupId > , # [doc = " Optimistic concurrency: fail with [`EngineError::Conflict`] if the"] # [doc = " image's recipe hash no longer matches."] # [serde (default)] pub expect_recipe : Option < RecipeHash > , } # [doc = " Set the crop."] # [derive (Debug , Clone , Serialize , Deserialize , schemars :: JsonSchema)] # [serde (deny_unknown_fields)] pub struct Crop { # [doc = " Target image."] image : ImageId , # [doc = " Rectangle before rotation."] rect : NormalizedRect , # [doc = " Straighten angle, degrees."] # [serde (default)] angle : f32 , # [doc = " One-line rationale recorded on the history entry."] # [serde (default)] pub rationale : Option < String > , # [doc = " History group to record into (e.g. \"Agent base edit\")."] # [serde (default)] pub group : Option < HistoryGroupId > , # [doc = " Optimistic concurrency: fail with [`EngineError::Conflict`] if the"] # [doc = " image's recipe hash no longer matches."] # [serde (default)] pub expect_recipe : Option < RecipeHash > , } # [doc = " Compare two images."] # [derive (Debug , Clone , Serialize , Deserialize , schemars :: JsonSchema)] # [serde (deny_unknown_fields)] pub struct Compare { # [doc = " First image."] image_a : ImageId , # [doc = " Second image."] image_b : ImageId , # [doc = " Metric."] # [serde (default)] metric : CompareMetric , # [doc = " One-line rationale recorded on the history entry."] # [serde (default)] pub rationale : Option < String > , # [doc = " History group to record into (e.g. \"Agent base edit\")."] # [serde (default)] pub group : Option < HistoryGroupId > , # [doc = " Optimistic concurrency: fail with [`EngineError::Conflict`] if the"] # [doc = " image's recipe hash no longer matches."] # [serde (default)] pub expect_recipe : Option < RecipeHash > , } # [doc = " Histogram and clipping statistics of the current render."] # [derive (Debug , Clone , Serialize , Deserialize , schemars :: JsonSchema)] # [serde (deny_unknown_fields)] pub struct GetHistogram { # [doc = " Target image."] image : ImageId , # [doc = " Space."] # [serde (default)] space : HistogramSpace , # [doc = " Bin count (default 256)."] # [serde (default = "default_bins")] bins : u16 , # [doc = " One-line rationale recorded on the history entry."] # [serde (default)] pub rationale : Option < String > , # [doc = " History group to record into (e.g. \"Agent base edit\")."] # [serde (default)] pub group : Option < HistoryGroupId > , # [doc = " Optimistic concurrency: fail with [`EngineError::Conflict`] if the"] # [doc = " image's recipe hash no longer matches."] # [serde (default)] pub expect_recipe : Option < RecipeHash > , } # [doc = " Quality scores and AI signals."] # [derive (Debug , Clone , Serialize , Deserialize , schemars :: JsonSchema)] # [serde (deny_unknown_fields)] pub struct GetScores { # [doc = " Target image."] image : ImageId , # [doc = " One-line rationale recorded on the history entry."] # [serde (default)] pub rationale : Option < String > , # [doc = " History group to record into (e.g. \"Agent base edit\")."] # [serde (default)] pub group : Option < HistoryGroupId > , # [doc = " Optimistic concurrency: fail with [`EngineError::Conflict`] if the"] # [doc = " image's recipe hash no longer matches."] # [serde (default)] pub expect_recipe : Option < RecipeHash > , } # [doc = " Index a folder (spec 05 §2.1: open = index, no import)."] # [derive (Debug , Clone , Serialize , Deserialize , schemars :: JsonSchema)] # [serde (deny_unknown_fields)] pub struct IndexFolder { # [doc = " Absolute folder path."] path : String , # [doc = " Recurse into subfolders."] # [serde (default = "yes")] recursive : bool , # [doc = " One-line rationale recorded on the history entry."] # [serde (default)] pub rationale : Option < String > , # [doc = " History group to record into (e.g. \"Agent base edit\")."] # [serde (default)] pub group : Option < HistoryGroupId > , # [doc = " Optimistic concurrency: fail with [`EngineError::Conflict`] if the"] # [doc = " image's recipe hash no longer matches."] # [serde (default)] pub expect_recipe : Option < RecipeHash > , } # [doc = " Change selection state on one or more images."] # [derive (Debug , Clone , Serialize , Deserialize , schemars :: JsonSchema)] # [serde (deny_unknown_fields)] pub struct SetSelection { # [doc = " Images."] images : Vec < ImageId > , # [doc = " New decision, if changing."] # [serde (default)] decision : Option < Decision > , # [doc = " Grade change, if any (setting a grade implies Keep)."] # [serde (default)] grade : Option < FieldUpdate < Grade > > , # [doc = " Mark change, if any."] # [serde (default)] mark : Option < FieldUpdate < Mark > > , # [doc = " One-line rationale recorded on the history entry."] # [serde (default)] pub rationale : Option < String > , # [doc = " History group to record into (e.g. \"Agent base edit\")."] # [serde (default)] pub group : Option < HistoryGroupId > , # [doc = " Optimistic concurrency: fail with [`EngineError::Conflict`] if the"] # [doc = " image's recipe hash no longer matches."] # [serde (default)] pub expect_recipe : Option < RecipeHash > , } # [doc = " Render and encode images."] # [derive (Debug , Clone , Serialize , Deserialize , schemars :: JsonSchema)] # [serde (deny_unknown_fields)] pub struct Export { # [doc = " Images."] images : Vec < ImageId > , # [doc = " Settings."] settings : ExportSettings , # [doc = " One-line rationale recorded on the history entry."] # [serde (default)] pub rationale : Option < String > , # [doc = " History group to record into (e.g. \"Agent base edit\")."] # [serde (default)] pub group : Option < HistoryGroupId > , # [doc = " Optimistic concurrency: fail with [`EngineError::Conflict`] if the"] # [doc = " image's recipe hash no longer matches."] # [serde (default)] pub expect_recipe : Option < RecipeHash > , } fn hundred () -> f32 { 100.0 } fn default_bins () -> u16 { 256 } # [doc = " Open a PSD/PSB, `.tessera-doc` or image file as a layered document."] # [derive (Debug , Clone , Serialize , Deserialize , schemars :: JsonSchema)] # [serde (deny_unknown_fields)] pub struct OpenDocument { # [doc = " Absolute file path."] path : String , # [doc = " One-line rationale recorded on the history entry."] # [serde (default)] pub rationale : Option < String > , # [doc = " History group to record into."] # [serde (default)] pub group : Option < HistoryGroupId > , # [doc = " Optimistic concurrency: fail with [`EngineError::Conflict`] unless the"] # [doc = " document's history head is this entry. Absent = no check; `null` ="] # [doc = " expect the state as opened."] # [serde (default , deserialize_with = "present" , skip_serializing_if = "Option::is_none")] pub expect_head : Option < Option < HistoryEntryId > > , } # [doc = " Add a layer."] # [derive (Debug , Clone , Serialize , Deserialize , schemars :: JsonSchema)] # [serde (deny_unknown_fields)] pub struct AddLayer { # [doc = " Document."] document : DocumentId , # [doc = " Kind of layer."] layer : NewLayer , # [doc = " Display name (engine default if absent)."] # [serde (default)] name : Option < String > , # [doc = " Enclosing group; `None` = the root."] # [serde (default)] parent : Option < LayerId > , # [doc = " Sibling to insert directly above; `None` = top of `parent`."] # [serde (default)] above : Option < LayerId > , # [doc = " Initial properties."] # [serde (default)] props : LayerPropsUpdate , # [doc = " One-line rationale recorded on the history entry."] # [serde (default)] pub rationale : Option < String > , # [doc = " History group to record into."] # [serde (default)] pub group : Option < HistoryGroupId > , # [doc = " Optimistic concurrency: fail with [`EngineError::Conflict`] unless the"] # [doc = " document's history head is this entry. Absent = no check; `null` ="] # [doc = " expect the state as opened."] # [serde (default , deserialize_with = "present" , skip_serializing_if = "Option::is_none")] pub expect_head : Option < Option < HistoryEntryId > > , } # [doc = " Change a layer's common properties."] # [derive (Debug , Clone , Serialize , Deserialize , schemars :: JsonSchema)] # [serde (deny_unknown_fields)] pub struct SetLayerProps { # [doc = " Document."] document : DocumentId , # [doc = " Layer."] layer : LayerId , # [doc = " Properties to change."] # [serde (flatten)] props : LayerPropsUpdate , # [doc = " One-line rationale recorded on the history entry."] # [serde (default)] pub rationale : Option < String > , # [doc = " History group to record into."] # [serde (default)] pub group : Option < HistoryGroupId > , # [doc = " Optimistic concurrency: fail with [`EngineError::Conflict`] unless the"] # [doc = " document's history head is this entry. Absent = no check; `null` ="] # [doc = " expect the state as opened."] # [serde (default , deserialize_with = "present" , skip_serializing_if = "Option::is_none")] pub expect_head : Option < Option < HistoryEntryId > > , } # [doc = " Paint one brush stroke on a layer (or its mask), limited by the"] # [doc = " current selection."] # [derive (Debug , Clone , Serialize , Deserialize , schemars :: JsonSchema)] # [serde (deny_unknown_fields)] pub struct PaintStroke { # [doc = " Document."] document : DocumentId , # [doc = " Layer."] layer : LayerId , # [doc = " Stroke path, in order; at least one point."] points : Vec < StrokePoint > , # [doc = " Brush."] # [serde (default)] brush : BrushParams , # [doc = " Pixels or mask."] # [serde (default)] target : StrokeTarget , # [doc = " One-line rationale recorded on the history entry."] # [serde (default)] pub rationale : Option < String > , # [doc = " History group to record into."] # [serde (default)] pub group : Option < HistoryGroupId > , # [doc = " Optimistic concurrency: fail with [`EngineError::Conflict`] unless the"] # [doc = " document's history head is this entry. Absent = no check; `null` ="] # [doc = " expect the state as opened."] # [serde (default , deserialize_with = "present" , skip_serializing_if = "Option::is_none")] pub expect_head : Option < Option < HistoryEntryId > > , } # [doc = " Change the document's pixel selection."] # [derive (Debug , Clone , Serialize , Deserialize , schemars :: JsonSchema)] pub struct SetPixelSelection { # [doc = " Document."] document : DocumentId , # [doc = " Region."] # [serde (flatten)] shape : SelectionShape , # [doc = " Combination with the current selection."] # [serde (default)] mode : SelectionMode , # [doc = " Feather radius, level-0 pixels."] # [serde (default)] feather : f32 , # [doc = " Also save the result as a named selection."] # [serde (default)] save_as : Option < String > , # [doc = " One-line rationale recorded on the history entry."] # [serde (default)] pub rationale : Option < String > , # [doc = " History group to record into."] # [serde (default)] pub group : Option < HistoryGroupId > , # [doc = " Optimistic concurrency: fail with [`EngineError::Conflict`] unless the"] # [doc = " document's history head is this entry. Absent = no check; `null` ="] # [doc = " expect the state as opened."] # [serde (default , deserialize_with = "present" , skip_serializing_if = "Option::is_none")] pub expect_head : Option < Option < HistoryEntryId > > , } # [doc = " Add an adjustment layer (non-destructive)."] # [derive (Debug , Clone , Serialize , Deserialize , schemars :: JsonSchema)] # [serde (deny_unknown_fields)] pub struct ApplyAdjustmentLayer { # [doc = " Document."] document : DocumentId , # [doc = " Adjustment."] adjustment : AdjustmentSpec , # [doc = " Display name (engine default if absent)."] # [serde (default)] name : Option < String > , # [doc = " Enclosing group; `None` = the root."] # [serde (default)] parent : Option < LayerId > , # [doc = " Sibling to insert directly above; `None` = top of `parent`."] # [serde (default)] above : Option < LayerId > , # [doc = " Clip to the layer below."] # [serde (default)] clipped : bool , # [doc = " Use the current selection as the layer mask."] # [serde (default = "yes")] mask_from_selection : bool , # [doc = " One-line rationale recorded on the history entry."] # [serde (default)] pub rationale : Option < String > , # [doc = " History group to record into."] # [serde (default)] pub group : Option < HistoryGroupId > , # [doc = " Optimistic concurrency: fail with [`EngineError::Conflict`] unless the"] # [doc = " document's history head is this entry. Absent = no check; `null` ="] # [doc = " expect the state as opened."] # [serde (default , deserialize_with = "present" , skip_serializing_if = "Option::is_none")] pub expect_head : Option < Option < HistoryEntryId > > , } # [doc = " Transform a layer's pixels (or a smart object's placement)."] # [derive (Debug , Clone , Serialize , Deserialize , schemars :: JsonSchema)] # [serde (deny_unknown_fields)] pub struct TransformLayer { # [doc = " Document."] document : DocumentId , # [doc = " Layer."] layer : LayerId , # [doc = " Map from current to new level-0 canvas coordinates."] transform : AffineTransform , # [doc = " Resampling filter (ignored by smart objects, which resample on render)."] # [serde (default)] interpolation : Interpolation , # [doc = " One-line rationale recorded on the history entry."] # [serde (default)] pub rationale : Option < String > , # [doc = " History group to record into."] # [serde (default)] pub group : Option < HistoryGroupId > , # [doc = " Optimistic concurrency: fail with [`EngineError::Conflict`] unless the"] # [doc = " document's history head is this entry. Absent = no check; `null` ="] # [doc = " expect the state as opened."] # [serde (default , deserialize_with = "present" , skip_serializing_if = "Option::is_none")] pub expect_head : Option < Option < HistoryEntryId > > , } # [doc = " Merge a layer into the one below it."] # [derive (Debug , Clone , Serialize , Deserialize , schemars :: JsonSchema)] # [serde (deny_unknown_fields)] pub struct MergeDown { # [doc = " Document."] document : DocumentId , # [doc = " Upper layer."] layer : LayerId , # [doc = " One-line rationale recorded on the history entry."] # [serde (default)] pub rationale : Option < String > , # [doc = " History group to record into."] # [serde (default)] pub group : Option < HistoryGroupId > , # [doc = " Optimistic concurrency: fail with [`EngineError::Conflict`] unless the"] # [doc = " document's history head is this entry. Absent = no check; `null` ="] # [doc = " expect the state as opened."] # [serde (default , deserialize_with = "present" , skip_serializing_if = "Option::is_none")] pub expect_head : Option < Option < HistoryEntryId > > , } # [doc = " Write the document to a file."] # [derive (Debug , Clone , Serialize , Deserialize , schemars :: JsonSchema)] # [serde (deny_unknown_fields)] pub struct ExportDocument { # [doc = " Document."] document : DocumentId , # [doc = " Settings."] settings : DocumentExportSettings , # [doc = " One-line rationale recorded on the history entry."] # [serde (default)] pub rationale : Option < String > , # [doc = " History group to record into."] # [serde (default)] pub group : Option < HistoryGroupId > , # [doc = " Optimistic concurrency: fail with [`EngineError::Conflict`] unless the"] # [doc = " document's history head is this entry. Absent = no check; `null` ="] # [doc = " expect the state as opened."] # [serde (default , deserialize_with = "present" , skip_serializing_if = "Option::is_none")] pub expect_head : Option < Option < HistoryEntryId > > , } # [doc = " Describe the layer tree."] # [derive (Debug , Clone , Serialize , Deserialize , schemars :: JsonSchema)] # [serde (deny_unknown_fields)] pub struct ListLayers { # [doc = " Document."] document : DocumentId , # [doc = " One-line rationale recorded on the history entry."] # [serde (default)] pub rationale : Option < String > , # [doc = " History group to record into."] # [serde (default)] pub group : Option < HistoryGroupId > , # [doc = " Optimistic concurrency: fail with [`EngineError::Conflict`] unless the"] # [doc = " document's history head is this entry. Absent = no check; `null` ="] # [doc = " expect the state as opened."] # [serde (default , deserialize_with = "present" , skip_serializing_if = "Option::is_none")] pub expect_head : Option < Option < HistoryEntryId > > , } # [doc = " Append a persistent channel with a newly allocated ID."] # [derive (Debug , Clone , Serialize , Deserialize , schemars :: JsonSchema)] # [serde (deny_unknown_fields)] pub struct AddChannel { # [doc = " Document."] document : DocumentId , # [doc = " Display name (duplicates allowed)."] name : String , # [doc = " Channel interpretation."] # [serde (default)] kind : ChannelKind , # [doc = " Host-staged single-channel raster, covering the canvas."] raster : ChannelRasterRef , # [doc = " One-line rationale recorded on the history entry."] # [serde (default)] pub rationale : Option < String > , # [doc = " History group to record into."] # [serde (default)] pub group : Option < HistoryGroupId > , # [doc = " Optimistic concurrency: fail with [`EngineError::Conflict`] unless the"] # [doc = " document's history head is this entry. Absent = no check; `null` ="] # [doc = " expect the state as opened."] # [serde (default , deserialize_with = "present" , skip_serializing_if = "Option::is_none")] pub expect_head : Option < Option < HistoryEntryId > > , } # [doc = " Delete a persistent channel without reusing its ID."] # [derive (Debug , Clone , Serialize , Deserialize , schemars :: JsonSchema)] # [serde (deny_unknown_fields)] pub struct DeleteChannel { # [doc = " Document."] document : DocumentId , # [doc = " Channel."] channel : ChannelId , # [doc = " One-line rationale recorded on the history entry."] # [serde (default)] pub rationale : Option < String > , # [doc = " History group to record into."] # [serde (default)] pub group : Option < HistoryGroupId > , # [doc = " Optimistic concurrency: fail with [`EngineError::Conflict`] unless the"] # [doc = " document's history head is this entry. Absent = no check; `null` ="] # [doc = " expect the state as opened."] # [serde (default , deserialize_with = "present" , skip_serializing_if = "Option::is_none")] pub expect_head : Option < Option < HistoryEntryId > > , } # [doc = " Rename a persistent channel."] # [derive (Debug , Clone , Serialize , Deserialize , schemars :: JsonSchema)] # [serde (deny_unknown_fields)] pub struct RenameChannel { # [doc = " Document."] document : DocumentId , # [doc = " Channel."] channel : ChannelId , # [doc = " New display name."] name : String , # [doc = " One-line rationale recorded on the history entry."] # [serde (default)] pub rationale : Option < String > , # [doc = " History group to record into."] # [serde (default)] pub group : Option < HistoryGroupId > , # [doc = " Optimistic concurrency: fail with [`EngineError::Conflict`] unless the"] # [doc = " document's history head is this entry. Absent = no check; `null` ="] # [doc = " expect the state as opened."] # [serde (default , deserialize_with = "present" , skip_serializing_if = "Option::is_none")] pub expect_head : Option < Option < HistoryEntryId > > , } # [doc = " Atomically replace channel metadata and/or raster, retaining its ID."] # [derive (Debug , Clone , Serialize , Deserialize , schemars :: JsonSchema)] # [serde (deny_unknown_fields)] pub struct EditChannel<ChannelKind> { # [doc = " Document."] document : DocumentId , # [doc = " Channel."] channel : ChannelId , # [doc = " Replacement interpretation; absent leaves it unchanged."] # [serde (default)] kind : Option < ChannelKind > , # [doc = " Replacement host-staged raster; absent leaves it unchanged."] # [serde (default)] raster : Option < ChannelRasterRef > , # [doc = " One-line rationale recorded on the history entry."] # [serde (default)] pub rationale : Option < String > , # [doc = " History group to record into."] # [serde (default)] pub group : Option < HistoryGroupId > , # [doc = " Optimistic concurrency: fail with [`EngineError::Conflict`] unless the"] # [doc = " document's history head is this entry. Absent = no check; `null` ="] # [doc = " expect the state as opened."] # [serde (default , deserialize_with = "present" , skip_serializing_if = "Option::is_none")] pub expect_head : Option < Option < HistoryEntryId > > , } # [doc = " Load an alpha OR spot mask into the active selection without changing"] # [doc = " the persistent channel. Records normal document history."] # [derive (Debug , Clone , Serialize , Deserialize , schemars :: JsonSchema)] # [serde (deny_unknown_fields)] pub struct LoadChannelAsSelection { # [doc = " Document."] document : DocumentId , # [doc = " Channel (including spot channels)."] channel : ChannelId , # [doc = " How to combine with the active selection."] # [serde (default)] mode : SelectionMode , # [doc = " One-line rationale recorded on the history entry."] # [serde (default)] pub rationale : Option < String > , # [doc = " History group to record into."] # [serde (default)] pub group : Option < HistoryGroupId > , # [doc = " Optimistic concurrency: fail with [`EngineError::Conflict`] unless the"] # [doc = " document's history head is this entry. Absent = no check; `null` ="] # [doc = " expect the state as opened."] # [serde (default , deserialize_with = "present" , skip_serializing_if = "Option::is_none")] pub expect_head : Option < Option < HistoryEntryId > > , } fn present < 'de , D , T > (d : D) -> Result < Option < T > , D :: Error > where D : serde :: Deserializer < 'de > , T : Deserialize < 'de > , { T :: deserialize (d) . map (Some) } # [doc = " The 27 Photoshop layer blend modes, in Photoshop's menu order. Groups use"] # [doc = " [`GroupMode`] for pass-through."] # [derive (Debug , Clone , Copy , PartialEq , Eq , Hash , Default , Serialize , Deserialize)] # [serde (rename_all = "snake_case")] # [allow (missing_docs)] # [derive (schemars :: JsonSchema)] pub enum BlendMode { # [default] Normal , Dissolve , Darken , Multiply , ColorBurn , LinearBurn , DarkerColor , Lighten , Screen , ColorDodge , # [doc = " Add."] LinearDodge , LighterColor , Overlay , SoftLight , HardLight , VividLight , LinearLight , PinLight , HardMix , Difference , Exclusion , Subtract , Divide , Hue , Saturation , Color , Luminosity , } impl BlendMode { # [doc = " Every mode, in Photoshop's menu order."] pub const ALL : [BlendMode ; 27] = [Self :: Normal , Self :: Dissolve , Self :: Darken , Self :: Multiply , Self :: ColorBurn , Self :: LinearBurn , Self :: DarkerColor , Self :: Lighten , Self :: Screen , Self :: ColorDodge , Self :: LinearDodge , Self :: LighterColor , Self :: Overlay , Self :: SoftLight , Self :: HardLight , Self :: VividLight , Self :: LinearLight , Self :: PinLight , Self :: HardMix , Self :: Difference , Self :: Exclusion , Self :: Subtract , Self :: Divide , Self :: Hue , Self :: Saturation , Self :: Color , Self :: Luminosity ,] ; } # [doc = " How a group composites its children."] # [derive (Debug , Clone , Copy , PartialEq , Eq , Hash , Default , Serialize , Deserialize)] # [serde (rename_all = "snake_case")] # [derive (schemars :: JsonSchema)] pub enum GroupMode { # [doc = " Children blend straight into the backdrop."] # [default] PassThrough , # [doc = " Children composite into their own buffer, blended with the group's mode."] Isolated , } # [doc = " A half-open rectangle in level-0 canvas pixels, `[x0, x1) × [y0, y1)`."] # [doc = " May extend past the canvas."] # [derive (Debug , Clone , Copy , PartialEq , Eq , Hash , Default , Serialize , Deserialize)] # [derive (schemars :: JsonSchema)] pub struct CanvasRect { # [doc = " Left edge (inclusive)."] pub x0 : i64 , # [doc = " Top edge (inclusive)."] pub y0 : i64 , # [doc = " Right edge (exclusive)."] pub x1 : i64 , # [doc = " Bottom edge (exclusive)."] pub y1 : i64 , } impl CanvasRect { # [doc = " True if the rectangle covers no pixel."] pub const fn is_empty (& self) -> bool { self . x1 <= self . x0 || self . y1 <= self . y0 } } # [doc = " The kind of layer `add_layer` creates. Adjustment layers are created by"] # [doc = " `apply_adjustment_layer`."] # [derive (Debug , Clone , PartialEq , Serialize , Deserialize)] # [serde (tag = "kind" , rename_all = "snake_case")] # [derive (schemars :: JsonSchema)] pub enum NewLayer { # [doc = " An empty (transparent) pixel layer covering the canvas."] Pixel , # [doc = " An empty group."] Group { # [doc = " Group mode."] # [serde (default)] mode : GroupMode , } , # [doc = " A solid-colour fill layer."] SolidColor { # [doc = " Straight RGB."] color : [f32 ; 3] , } , } # [doc = " Partial update of a layer's common properties. `None` leaves a property"] # [doc = " unchanged."] # [derive (Debug , Clone , PartialEq , Default , Serialize , Deserialize)] # [serde (default)] # [derive (schemars :: JsonSchema)] pub struct LayerPropsUpdate { # [doc = " Display name."] pub name : Option < String > , # [doc = " Visibility."] pub visible : Option < bool > , # [doc = " Layer opacity `0..=1`."] pub opacity : Option < f32 > , # [doc = " Fill opacity `0..=1`."] pub fill_opacity : Option < f32 > , # [doc = " Blend mode."] pub blend_mode : Option < BlendMode > , # [doc = " Clip to the layer below."] pub clipped : Option < bool > , # [doc = " Colour tag."] pub color_tag : Option < FieldUpdate < String > > , } impl LayerPropsUpdate { # [doc = " True if the update changes nothing."] pub fn is_empty (& self) -> bool { * self == Self :: default () } } # [doc = " One sampled point of a brush stroke, level-0 canvas pixels."] # [derive (Debug , Clone , Copy , PartialEq , Serialize , Deserialize)] # [derive (schemars :: JsonSchema)] pub struct StrokePoint { # [doc = " X."] pub x : f32 , # [doc = " Y."] pub y : f32 , # [doc = " Pen pressure `0..=1` (1 without a tablet)."] # [serde (default = "one")] pub pressure : f32 , } # [doc = " Whether a stroke deposits or removes paint."] # [derive (Debug , Clone , Copy , PartialEq , Eq , Hash , Default , Serialize , Deserialize)] # [serde (rename_all = "snake_case")] # [derive (schemars :: JsonSchema)] pub enum BrushMode { # [doc = " Paint `color` (Normal blending)."] # [default] Paint , # [doc = " Erase to transparency (on a mask: paint black)."] Erase , } # [doc = " Round-brush parameters (spec 02 §4). The engine rasterizes the stroke; the"] # [doc = " caller never supplies pixels."] # [derive (Debug , Clone , Copy , PartialEq , Serialize , Deserialize)] # [serde (default)] # [derive (schemars :: JsonSchema)] pub struct BrushParams { # [doc = " Tip diameter in level-0 pixels."] pub size : f32 , # [doc = " Edge hardness `0..=1`."] pub hardness : f32 , # [doc = " Dab spacing as a fraction of `size`."] pub spacing : f32 , # [doc = " Per-dab flow `0..=1`."] pub flow : f32 , # [doc = " Stroke opacity cap `0..=1`."] pub opacity : f32 , # [doc = " Straight RGB (ignored when erasing; on a mask only the luminance counts)."] pub color : [f32 ; 3] , # [doc = " Paint or erase."] pub mode : BrushMode , # [doc = " Pressure scales the tip size."] pub pressure_size : bool , # [doc = " Pressure scales the flow."] pub pressure_flow : bool , } impl Default for BrushParams { fn default () -> Self { Self { size : 20.0 , hardness : 1.0 , spacing : 0.25 , flow : 1.0 , opacity : 1.0 , color : [0.0 ; 3] , mode : BrushMode :: Paint , pressure_size : false , pressure_flow : false , } } } # [doc = " What a stroke paints on."] # [derive (Debug , Clone , Copy , PartialEq , Eq , Hash , Default , Serialize , Deserialize)] # [serde (rename_all = "snake_case")] # [derive (schemars :: JsonSchema)] pub enum StrokeTarget { # [doc = " The layer's pixels."] # [default] Pixels , # [doc = " The layer's raster mask (created reveal-all if absent)."] Mask , } # [doc = " The region a selection change describes."] # [derive (Debug , Clone , PartialEq , Serialize , Deserialize)] # [serde (tag = "shape" , rename_all = "snake_case")] # [derive (schemars :: JsonSchema)] pub enum SelectionShape { # [doc = " Select the whole canvas."] All , # [doc = " Deselect (`mode` is ignored)."] None , # [doc = " Invert the current selection (`mode` is ignored)."] Inverse , # [doc = " Rectangle."] Rect { # [doc = " Rectangle."] rect : CanvasRect , } , # [doc = " Ellipse inscribed in `rect`."] Ellipse { # [doc = " Bounding rectangle."] rect : CanvasRect , } , # [doc = " Closed polygon (lasso), even-odd fill."] Polygon { # [doc = " Vertices `[x, y]`."] points : Vec < [f32 ; 2] > , } , # [doc = " A layer's transparency (Ctrl-click a thumbnail)."] LayerAlpha { # [doc = " Layer."] layer : LayerId , } , # [doc = " A saved selection."] Saved { # [doc = " Saved selection."] selection : SelectionId , } , } # [doc = " How a selection shape combines with the current selection"] # [doc = " (per-pixel replace / max / `a·(1 − b)` / min)."] # [derive (Debug , Clone , Copy , PartialEq , Eq , Hash , Default , Serialize , Deserialize)] # [serde (rename_all = "snake_case")] # [derive (schemars :: JsonSchema)] pub enum SelectionMode { # [doc = " Replace."] # [default] Replace , # [doc = " Add (union)."] Add , # [doc = " Subtract."] Subtract , # [doc = " Intersect."] Intersect , } # [doc = " Levels for one channel (input black/white, gamma, output black/white),"] # [doc = " normalized `[0, 1]`."] # [derive (Debug , Clone , Copy , PartialEq , Serialize , Deserialize)] # [serde (default)] # [derive (schemars :: JsonSchema)] pub struct LevelsChannel { # [doc = " Input black point."] pub in_black : f32 , # [doc = " Input white point."] pub in_white : f32 , # [doc = " Midtone gamma (> 0, 1 = neutral)."] pub gamma : f32 , # [doc = " Output black."] pub out_black : f32 , # [doc = " Output white."] pub out_white : f32 , } impl Default for LevelsChannel { fn default () -> Self { Self { in_black : 0.0 , in_white : 1.0 , gamma : 1.0 , out_black : 0.0 , out_white : 1.0 , } } } # [doc = " An adjustment layer's function (spec 02 §7). Field names and the `kind`"] # [doc = " tag match the compositor's `Adjustment`. Omitted fields are neutral."] # [derive (Debug , Clone , PartialEq , Serialize , Deserialize)] # [serde (tag = "kind" , rename_all = "snake_case")] # [derive (schemars :: JsonSchema)] pub enum AdjustmentSpec { # [doc = " Levels: per channel, then master."] Levels { # [doc = " Master."] # [serde (default)] master : LevelsChannel , # [doc = " R, G, B."] # [serde (default)] rgb : [LevelsChannel ; 3] , } , # [doc = " Curves through `(input, output)` points; empty = identity."] Curves { # [doc = " Master."] # [serde (default)] master : Vec < [f32 ; 2] > , # [doc = " R, G, B."] # [serde (default)] rgb : [Vec < [f32 ; 2] > ; 3] , } , # [doc = " Hue/Saturation."] HueSaturation { # [doc = " Hue shift, degrees `-180..=180`."] # [serde (default)] hue : f32 , # [doc = " Saturation `-100..=100`."] # [serde (default)] saturation : f32 , # [doc = " Lightness `-100..=100`."] # [serde (default)] lightness : f32 , # [doc = " Colorize."] # [serde (default)] colorize : bool , } , # [doc = " Exposure."] Exposure { # [doc = " EV."] # [serde (default)] exposure : f32 , # [doc = " Offset."] # [serde (default)] offset : f32 , # [doc = " Gamma correction (1 = neutral)."] # [serde (default = "one")] gamma : f32 , } , # [doc = " Invert."] Invert , # [doc = " Posterize."] Posterize { # [doc = " Levels per channel (≥ 2)."] levels : u32 , } , # [doc = " Threshold on Rec.601 luma."] Threshold { # [doc = " Level `0..=1`."] level : f32 , } , # [doc = " Channel mixer."] ChannelMixer { # [doc = " Row-major 3×3; row i is output channel i."] # [serde (default = "identity3")] matrix : [[f32 ; 3] ; 3] , # [doc = " Constant per output channel."] # [serde (default)] constant : [f32 ; 3] , # [doc = " Monochrome (row 0 to all channels)."] # [serde (default)] monochrome : bool , } , } # [doc = " Resampling filter for transforms."] # [derive (Debug , Clone , Copy , PartialEq , Eq , Hash , Default , Serialize , Deserialize)] # [serde (rename_all = "snake_case")] # [derive (schemars :: JsonSchema)] pub enum Interpolation { # [doc = " Nearest neighbour."] Nearest , # [doc = " Bilinear."] Bilinear , # [doc = " Bicubic."] # [default] Bicubic , } # [doc = " A 2-D affine map `x' = a·x + b·y + c`, `y' = d·x + e·y + f` in level-0"] # [doc = " canvas pixels, row-major `[a, b, c, d, e, f]` (the compositor's `Affine`)."] # [derive (Debug , Clone , Copy , PartialEq , Serialize , Deserialize)] # [serde (transparent)] # [derive (schemars :: JsonSchema)] pub struct AffineTransform (pub [f64 ; 6]) ; impl AffineTransform { # [doc = " The identity."] pub const IDENTITY : Self = Self ([1.0 , 0.0 , 0.0 , 0.0 , 1.0 , 0.0]) ; } impl Default for AffineTransform { fn default () -> Self { Self :: IDENTITY } } # [doc = " Container written by `export_document`."] # [derive (Debug , Clone , PartialEq , Serialize , Deserialize)] # [serde (tag = "container" , rename_all = "snake_case")] # [derive (schemars :: JsonSchema)] pub enum DocumentFormat { # [doc = " The native `.tessera-doc` (layers, masks, smart objects; no history)."] TesseraDoc , # [doc = " Photoshop document."] Psd { # [doc = " Also write the flattened composite."] # [serde (default = "yes")] maximize_compatibility : bool , } , # [doc = " Large Document Format."] Psb { # [doc = " Also write the flattened composite."] # [serde (default = "yes")] maximize_compatibility : bool , } , # [doc = " Flattened image."] Image { # [doc = " Encoding."] encoding : ExportFormat , # [doc = " Resize, if any."] # [serde (default)] resize : Option < Resize > , # [doc = " Output profile; `None` keeps the document profile."] # [serde (default)] profile : Option < IccProfileHandle > , } , } # [doc = " `export_document` settings."] # [derive (Debug , Clone , PartialEq , Serialize , Deserialize)] # [derive (schemars :: JsonSchema)] pub struct DocumentExportSettings { # [doc = " Absolute output file path."] pub path : String , # [doc = " Container and encoding."] pub format : DocumentFormat , } fn one () -> f32 { 1.0 } fn identity3 () -> [[f32 ; 3] ; 3] { [[1.0 , 0.0 , 0.0] , [0.0 , 1.0 , 0.0] , [0.0 , 0.0 , 1.0]] } # [doc = " Body/face parts selectable on a detected person."] # [derive (Debug , Clone , Copy , PartialEq , Eq , Hash , PartialOrd , Ord , Serialize , Deserialize)] # [serde (rename_all = "snake_case")] # [derive (schemars :: JsonSchema)] pub enum PersonPart { # [doc = " Whole person."] Body , # [doc = " Face skin."] FaceSkin , # [doc = " Body skin."] BodySkin , # [doc = " Eyebrows."] Eyebrows , # [doc = " Eye sclera."] Sclera , # [doc = " Iris and pupil."] Iris , # [doc = " Lips."] Lips , # [doc = " Teeth."] Teeth , # [doc = " Hair."] Hair , # [doc = " Clothing."] Clothing , } # [doc = " Landscape segmentation classes."] # [derive (Debug , Clone , Copy , PartialEq , Eq , Hash , Serialize , Deserialize)] # [serde (rename_all = "snake_case")] # [derive (schemars :: JsonSchema)] pub enum LandscapeClass { # [doc = " Sky."] Sky , # [doc = " Water."] Water , # [doc = " Vegetation."] Vegetation , # [doc = " Mountains."] Mountains , # [doc = " Architecture."] Architecture , # [doc = " Natural ground."] NaturalGround , # [doc = " Artificial ground."] ArtificialGround , } # [doc = " What a mask component selects."] # [derive (Debug , Clone , PartialEq , Serialize , Deserialize)] # [serde (tag = "kind" , rename_all = "snake_case")] # [derive (schemars :: JsonSchema)] pub enum MaskKind { # [doc = " Main subject (AI)."] Subject { # [doc = " Model used."] # [serde (default)] model : Option < ModelRef > , } , # [doc = " Sky (AI)."] Sky { # [doc = " Model used."] # [serde (default)] model : Option < ModelRef > , } , # [doc = " Everything except the subject (AI)."] Background { # [doc = " Model used."] # [serde (default)] model : Option < ModelRef > , } , # [doc = " A person, or parts of them (AI)."] Person { # [doc = " Person (face cluster) id."] person : PersonId , # [doc = " Parts; empty means the whole body."] # [serde (default)] parts : Vec < PersonPart > , # [doc = " Model used."] # [serde (default)] model : Option < ModelRef > , } , # [doc = " An object selected by prompt, click or box (AI, promptable segmentation)."] Object { # [doc = " Text prompt, if any."] # [serde (default)] prompt : Option < String > , # [doc = " Box prompt, if any."] # [serde (default)] region : Option < NormalizedRect > , # [doc = " Positive click points `[x, y]`."] # [serde (default)] points : Vec < [f32 ; 2] > , # [doc = " Model used."] # [serde (default)] model : Option < ModelRef > , } , # [doc = " A landscape class (AI)."] Landscape { # [doc = " Class."] class : LandscapeClass , # [doc = " Model used."] # [serde (default)] model : Option < ModelRef > , } , # [doc = " A band of estimated depth, normalised `[near, far]` (AI depth)."] Depth { # [doc = " Range."] range : [f32 ; 2] , # [doc = " Feather, `0..=100`."] # [serde (default)] feather : f32 , # [doc = " Model used."] # [serde (default)] model : Option < ModelRef > , } , # [doc = " Linear gradient from fully on at `start` to off at `end`."] Linear { # [doc = " Start `[x, y]`."] start : [f32 ; 2] , # [doc = " End `[x, y]`."] end : [f32 ; 2] , } , # [doc = " Elliptical radial gradient."] Radial { # [doc = " Centre `[x, y]`."] center : [f32 ; 2] , # [doc = " Radii `[rx, ry]`, normalised to image width/height."] radii : [f32 ; 2] , # [doc = " Rotation in degrees."] # [serde (default)] angle : f32 , # [doc = " Feather, `0..=100`."] # [serde (default)] feather : f32 , } , # [doc = " Painted strokes."] Brush { # [doc = " Strokes."] strokes : Vec < BrushStroke > , } , # [doc = " Luminance range."] LuminanceRange { # [doc = " `[low, high]` in `0..=1`."] range : [f32 ; 2] , # [doc = " Smoothness, `0..=100`."] # [serde (default)] smoothness : f32 , } , # [doc = " Colour range from sampled colours."] ColorRange { # [doc = " Samples in OkLab `[L, a, b]`."] samples : Vec < [f32 ; 3] > , # [doc = " Tolerance, `0..=100`."] # [serde (default)] amount : f32 , } , } # [doc = " One brush stroke."] # [derive (Debug , Clone , PartialEq , Serialize , Deserialize)] # [serde (default)] # [derive (schemars :: JsonSchema)] pub struct BrushStroke { # [doc = " Points `[x, y, pressure]`."] pub points : Vec < [f32 ; 3] > , # [doc = " Radius, normalised to image width."] pub radius : f32 , # [doc = " Feather, `0..=100`."] pub feather : f32 , # [doc = " Flow, `0..=100`."] pub flow : f32 , # [doc = " Erase instead of paint."] pub erase : bool , } impl Default for BrushStroke { fn default () -> Self { Self { points : Vec :: new () , radius : 0.02 , feather : 50.0 , flow : 100.0 , erase : false , } } } # [doc = " How a component combines with the components before it."] # [derive (Debug , Clone , Copy , PartialEq , Eq , Default , Serialize , Deserialize)] # [serde (rename_all = "snake_case")] # [derive (schemars :: JsonSchema)] pub enum MaskCombine { # [doc = " Union."] # [default] Add , # [doc = " Difference."] Subtract , # [doc = " Intersection."] Intersect , } # [doc = " One component of a composite mask."] # [derive (Debug , Clone , PartialEq , Serialize , Deserialize)] # [derive (schemars :: JsonSchema)] pub struct MaskComponent { # [doc = " What to select."] # [serde (flatten)] pub kind : MaskKind , # [doc = " Combination with previous components (ignored for the first)."] # [serde (default)] pub combine : MaskCombine , # [doc = " Invert this component before combining."] # [serde (default)] pub invert : bool , } # [doc = " Parameters a local adjustment applies inside its mask. Same units as the"] # [doc = " global controls; all default to neutral."] # [derive (Debug , Clone , PartialEq , Default , Serialize , Deserialize)] # [serde (default)] # [derive (schemars :: JsonSchema)] pub struct LocalParams { # [doc = " Exposure, EV."] pub exposure : f32 , # [doc = " Contrast."] pub contrast : f32 , # [doc = " Highlights."] pub highlights : f32 , # [doc = " Shadows."] pub shadows : f32 , # [doc = " Whites."] pub whites : f32 , # [doc = " Blacks."] pub blacks : f32 , # [doc = " Temperature shift."] pub temperature : f32 , # [doc = " Tint shift."] pub tint : f32 , # [doc = " Hue shift, degrees."] pub hue : f32 , # [doc = " Saturation."] pub saturation : f32 , # [doc = " Texture."] pub texture : f32 , # [doc = " Clarity."] pub clarity : f32 , # [doc = " Dehaze."] pub dehaze : f32 , # [doc = " Sharpness."] pub sharpness : f32 , # [doc = " Noise reduction."] pub noise : f32 , # [doc = " Moiré reduction."] pub moire : f32 , # [doc = " Defringe."] pub defringe : f32 , # [doc = " Colour overlay `[hue°, saturation]`, if any."] pub color_overlay : Option < [f32 ; 2] > , } # [doc = " Rectangle in normalised image coordinates (`0..=1`, origin top-left)."] # [derive (Debug , Clone , Copy , PartialEq , Serialize , Deserialize)] # [serde (default)] # [derive (schemars :: JsonSchema)] pub struct NormalizedRect { # [doc = " Left edge."] pub left : f32 , # [doc = " Top edge."] pub top : f32 , # [doc = " Right edge."] pub right : f32 , # [doc = " Bottom edge."] pub bottom : f32 , } impl Default for NormalizedRect { fn default () -> Self { Self :: FULL } } impl NormalizedRect { # [doc = " The whole image."] pub const FULL : Self = Self { left : 0.0 , top : 0.0 , right : 1.0 , bottom : 1.0 , } ; # [doc = " True if edges are ordered and within `0..=1`."] pub fn is_valid (& self) -> bool { (0.0 ..= 1.0) . contains (& self . left) && (0.0 ..= 1.0) . contains (& self . top) && (0.0 ..= 1.0) . contains (& self . right) && (0.0 ..= 1.0) . contains (& self . bottom) && self . left < self . right && self . top < self . bottom } } # [doc = " The culling decision."] # [derive (Debug , Clone , Copy , PartialEq , Eq , Hash , Default , Serialize , Deserialize)] # [serde (rename_all = "snake_case")] # [derive (schemars :: JsonSchema)] pub enum Decision { # [doc = " Rejected (key X)."] Reject , # [doc = " Not yet decided (key U)."] # [default] Undecided , # [doc = " Kept (key P)."] Keep , } # [doc = " A specific version of an ML model. Stored with every ML-derived result"] # [doc = " (masks, denoise, removals) so the result can be reproduced or deliberately"] # [doc = " regenerated when the model changes."] # [derive (Debug , Clone , PartialEq , Eq , Hash , Default , Serialize , Deserialize)] # [serde (default)] # [derive (schemars :: JsonSchema)] pub struct ModelRef { # [doc = " Model identifier."] pub id : ModelId , # [doc = " Model version string (semver or content digest)."] pub version : String , } pub fn engine_schemas () -> Vec < serde_json :: Value > { vec ! [serde_json :: to_value (schemars :: schema_for ! (SetTone)) . expect ("serializable schema") , serde_json :: to_value (schemars :: schema_for ! (CreateMask)) . expect ("serializable schema") , serde_json :: to_value (schemars :: schema_for ! (AdjustMask)) . expect ("serializable schema") , serde_json :: to_value (schemars :: schema_for ! (RemoveObject)) . expect ("serializable schema") , serde_json :: to_value (schemars :: schema_for ! (RetouchSkin)) . expect ("serializable schema") , serde_json :: to_value (schemars :: schema_for ! (ApplyStyle)) . expect ("serializable schema") , serde_json :: to_value (schemars :: schema_for ! (Crop)) . expect ("serializable schema") , serde_json :: to_value (schemars :: schema_for ! (Compare)) . expect ("serializable schema") , serde_json :: to_value (schemars :: schema_for ! (GetHistogram)) . expect ("serializable schema") , serde_json :: to_value (schemars :: schema_for ! (GetScores)) . expect ("serializable schema") , serde_json :: to_value (schemars :: schema_for ! (IndexFolder)) . expect ("serializable schema") , serde_json :: to_value (schemars :: schema_for ! (SetSelection)) . expect ("serializable schema") , serde_json :: to_value (schemars :: schema_for ! (Export)) . expect ("serializable schema")] } pub fn validate_engine (index : usize , value : serde_json :: Value) -> Result < () , serde_json :: Error > { type Parser = fn (serde_json :: Value) -> Result < () , serde_json :: Error > ; let parsers : & [Parser] = & [| v | serde_json :: from_value :: < SetTone > (v) . map (| _ | ()) , | v | serde_json :: from_value :: < CreateMask > (v) . map (| _ | ()) , | v | serde_json :: from_value :: < AdjustMask > (v) . map (| _ | ()) , | v | serde_json :: from_value :: < RemoveObject > (v) . map (| _ | ()) , | v | serde_json :: from_value :: < RetouchSkin > (v) . map (| _ | ()) , | v | serde_json :: from_value :: < ApplyStyle > (v) . map (| _ | ()) , | v | serde_json :: from_value :: < Crop > (v) . map (| _ | ()) , | v | serde_json :: from_value :: < Compare > (v) . map (| _ | ()) , | v | serde_json :: from_value :: < GetHistogram > (v) . map (| _ | ()) , | v | serde_json :: from_value :: < GetScores > (v) . map (| _ | ()) , | v | serde_json :: from_value :: < IndexFolder > (v) . map (| _ | ()) , | v | serde_json :: from_value :: < SetSelection > (v) . map (| _ | ()) , | v | serde_json :: from_value :: < Export > (v) . map (| _ | ())] ; parsers [index] (value) } pub fn document_schemas () -> Vec < serde_json :: Value > { vec ! [serde_json :: to_value (schemars :: schema_for ! (OpenDocument)) . expect ("serializable schema") , serde_json :: to_value (schemars :: schema_for ! (AddLayer)) . expect ("serializable schema") , serde_json :: to_value (schemars :: schema_for ! (SetLayerProps)) . expect ("serializable schema") , serde_json :: to_value (schemars :: schema_for ! (PaintStroke)) . expect ("serializable schema") , serde_json :: to_value (schemars :: schema_for ! (SetPixelSelection)) . expect ("serializable schema") , serde_json :: to_value (schemars :: schema_for ! (ApplyAdjustmentLayer)) . expect ("serializable schema") , serde_json :: to_value (schemars :: schema_for ! (TransformLayer)) . expect ("serializable schema") , serde_json :: to_value (schemars :: schema_for ! (MergeDown)) . expect ("serializable schema") , serde_json :: to_value (schemars :: schema_for ! (ExportDocument)) . expect ("serializable schema") , serde_json :: to_value (schemars :: schema_for ! (ListLayers)) . expect ("serializable schema") , serde_json :: to_value (schemars :: schema_for ! (AddChannel)) . expect ("serializable schema") , serde_json :: to_value (schemars :: schema_for ! (DeleteChannel)) . expect ("serializable schema") , serde_json :: to_value (schemars :: schema_for ! (RenameChannel)) . expect ("serializable schema") , serde_json :: to_value (schemars :: schema_for ! (EditChannel)) . expect ("serializable schema") , serde_json :: to_value (schemars :: schema_for ! (LoadChannelAsSelection)) . expect ("serializable schema")] } pub fn validate_document (index : usize , value : serde_json :: Value) -> Result < () , serde_json :: Error > { type Parser = fn (serde_json :: Value) -> Result < () , serde_json :: Error > ; let parsers : & [Parser] = & [| v | serde_json :: from_value :: < OpenDocument > (v) . map (| _ | ()) , | v | serde_json :: from_value :: < AddLayer > (v) . map (| _ | ()) , | v | serde_json :: from_value :: < SetLayerProps > (v) . map (| _ | ()) , | v | serde_json :: from_value :: < PaintStroke > (v) . map (| _ | ()) , | v | serde_json :: from_value :: < SetPixelSelection > (v) . map (| _ | ()) , | v | serde_json :: from_value :: < ApplyAdjustmentLayer > (v) . map (| _ | ()) , | v | serde_json :: from_value :: < TransformLayer > (v) . map (| _ | ()) , | v | serde_json :: from_value :: < MergeDown > (v) . map (| _ | ()) , | v | serde_json :: from_value :: < ExportDocument > (v) . map (| _ | ()) , | v | serde_json :: from_value :: < ListLayers > (v) . map (| _ | ()) , | v | serde_json :: from_value :: < AddChannel > (v) . map (| _ | ()) , | v | serde_json :: from_value :: < DeleteChannel > (v) . map (| _ | ()) , | v | serde_json :: from_value :: < RenameChannel > (v) . map (| _ | ()) , | v | serde_json :: from_value :: < EditChannel > (v) . map (| _ | ()) , | v | serde_json :: from_value :: < LoadChannelAsSelection > (v) . map (| _ | ())] ; parsers [index] (value) }
  |                                                                                                                                                                                                                                                                                                                                                                                                                                                                                                                                                                                                                                                                                                                                                                                                                                                                                                                                                                                                                                                                                                                                                                                                                                                                                                                                                                                                                                                                                                                                                                                                                                                                                                                                                                                                                                                                                                                                                                                                                                                                                                                                                                                                                                                                                                                                                                                                                                                                                                                                                                                                                                                                                                                                                                                                                                                                                                                                                                                                                                                                                                                                                                                                                                                                                                                                                                                                                                                                                                                                                                                                                                                                                                                                                                                                                                                                                                                                                                                                                                                                                                                                                                                                                                                                                                                                                                                                                                                                                                                                                                                                                                                                                                                                                                                                                                                                                                                                                                                                                                                                                                                                                                                                                                                                                                                                                                                                                                                                                                                                                                                                                                                                                                                                                                                                                                                                                                                                                                                                                                                                                                                                                                                                                                                                                                                                                                                                                                                                                                                                                                                                                                                                                                                                                                                                                                                                                                                                                                                                                                                                                                                                                                                                                                                                                                                                                                                                                                                                                                                                                                                                                                                                                                                                                                                                                                                                                                                                                                                                                                                                                                                                                                                                                                                                                                                                                                                                                                                                                                                                                                                                                                                                                                                                                                                                                                                                                                                                                                                                                                                                                                                                                                                                                                                                                                                                                                                                                                                                                                                                                                                                                                                                                                                                                                                                                                                                                                                                                                                                                                                                                                                                                                                                                                                                                                                                                                                                                                                                                                                                                                                                                                                                                                                                                                                                                                                                                                                                                                                                                                                                                                                                                                                                                                                                                                                                                                                                                                                                                                                                                                                                                                                                                                                                                                                                                                                                                                                                                                                                                                                                                                                                                                                                                                                                                                                                                                                                                                                                                                                                                                                                                                                                                                                                                                                                                                                                                                                                                                                                                                                                                                                                                                                                                                                                                                                                                                                                                                                                                                                                                                                                                                                                                                                                                                                                                                                                                                                                                                                                                                                                                                                                                                                                                                                                                                                                                                                                                                                                                                                                                                                                                                                                                                                                                                                                                                                                                                                                                                                                                                                                                                                                                                                                                                                                                                                                                                                                                                                                                                                                                                                                                                                                                                                                                                                                                                                                                                                                                                                                                                                                                                                                                                                                                                                                                                                                                                                                                                                                                                                                                                                                                                                                                                                                                                                                                                                                                                                                                                                                                                                                                                                                                                                                                                                                                                                                                                                                                                                                                                                                                                                                                                                                                                                                                                                                                                                                                                                                                                                                                                                                                                                                                                                                                                                                                                                                                                                                                                                                                                                                                                                                                                                                                                                                                                                                                                                                                                                                                                                                                                                                                                                                                                                                                                                                                                                                                                                                                                                                                                                                                                                                                                                                                                                                                                                                                                                                                                                                                                                                                                                                                                                                                                                                                                                                                                                                                                                                                                                                                                                                                                                                                                                                                                                                                                                                                                                                                                                                                                                                                                                                                                                                                                                                                                                                                                                                                                                                                                                                                                                                                                                                                                                                                                                                                                                                                                                                                                                                                                                                                                                                                                                                                                                                                                                                                                                                                                                                                                                                                                                                                                                                                                                                                                                                                                                                                                                                                                                                                                                                                                                                                                                                                                                                                                                                                                                                                                                                                                                                                                                                                                                                                                                                                                                                                                                                                                                                                                                                                                                                                                                                                                                                                                                                                                                                                                                                                                                                                                                                                                                                                                                                                                                                                                                                                                                                                                                                                                                                                                                                                                                                                                                                                                                                                                                                                                                                                                                                                                                                                                                                                                                                                                                                                                                                                                                                                                                                                                                                                                                                                                                                                                                                                                                                                                                                                                                                                                                                                                                                                                                                                                                                                                                                                                                                                                                                                                                                                                                                                                                                                                                                                                                                                                                                                                                                                                                                                                                                                                                                                                                                                                                                                                                                                                                                                                                                                                                                                                                                                                                                                                                                                                                                                                                                                                                                                                                                                                                                                                                                                                                                                                                                                                                                                                                                                                                                                                                                                                                                                                                                                                                                                                                                                                                                                                                                                                                                                                                                                                                                                                                                                                                                                                                                                                                                                                                                                                                                                                                                                                                                                                                                                                                                                                                                                                                                                                                                                                                                                                                                                                                                                                                                                                                                                                                 +++++++++++++

error[E0425]: cannot find type `ChannelRasterRef` in this scope
 --> /Volumes/betterSSD/tessera-cache/target/M5-20/release/build/tessera-mcp-aba829c099ce18e5/out/wire_schemas.rs:1:29815
  |
1 | ...ged."] # [serde (default)] raster : Option < ChannelRasterRef > , # [doc = " One-line rationale recorded on the history entry."] #...
  |                                                 ^^^^^^^^^^^^^^^^ not found in this scope
  |
help: you might be missing a type parameter
  |
1 | use serde :: { Serialize , Deserialize } ; type ImageId = String ; type RecipeHash = String ; type IccProfileHandle = String ; type MaskId = u64 ; type PersonId = u64 ; type HistoryGroupId = u64 ; type StyleId = String ; type ModelId = String ; type Grade = u8 ; type Mark = String ; type DocumentId = u64 ; type LayerId = u64 ; type SelectionId = u64 ; type HistoryEntryId = u64 ; # [doc = " Partial update of global tone and colour controls. `None` leaves a"] # [doc = " control unchanged. Units as in [`crate::recipe::settings`]."] # [derive (Debug , Clone , PartialEq , Default , Serialize , Deserialize)] # [serde (default)] # [derive (schemars :: JsonSchema)] pub struct ToneUpdate { # [doc = " Exposure, EV."] pub exposure : Option < f32 > , # [doc = " Contrast."] pub contrast : Option < f32 > , # [doc = " Highlights."] pub highlights : Option < f32 > , # [doc = " Shadows."] pub shadows : Option < f32 > , # [doc = " Whites."] pub whites : Option < f32 > , # [doc = " Blacks."] pub blacks : Option < f32 > , # [doc = " Texture."] pub texture : Option < f32 > , # [doc = " Clarity."] pub clarity : Option < f32 > , # [doc = " Dehaze."] pub dehaze : Option < f32 > , # [doc = " Vibrance."] pub vibrance : Option < f32 > , # [doc = " Saturation."] pub saturation : Option < f32 > , # [doc = " White balance temperature, kelvin (switches WB to custom)."] pub temperature : Option < f32 > , # [doc = " White balance tint (switches WB to custom)."] pub tint : Option < f32 > , } # [doc = " How `remove_object` fills the removed area. Generative fill is"] # [doc = " deliberately absent: base edits are non-generative (spec 10 §2)."] # [derive (Debug , Clone , Copy , PartialEq , Eq , Default , Serialize , Deserialize)] # [serde (rename_all = "snake_case")] # [derive (schemars :: JsonSchema)] pub enum RemovalMethod { # [doc = " Engine choice between heal and inpaint."] # [default] Auto , # [doc = " Texture-synthesis heal."] Heal , # [doc = " Local inpainting model."] Inpaint , } # [doc = " Change to an optional selection field."] # [derive (Debug , Clone , PartialEq , Eq , Serialize , Deserialize)] # [serde (tag = "action" , content = "value" , rename_all = "snake_case")] # [derive (schemars :: JsonSchema)] pub enum FieldUpdate < T > { # [doc = " Set the field."] Set (T) , # [doc = " Clear the field."] Clear , } # [doc = " Rendered-image histogram request space."] # [derive (Debug , Clone , Copy , PartialEq , Eq , Default , Serialize , Deserialize)] # [serde (rename_all = "snake_case")] # [derive (schemars :: JsonSchema)] pub enum HistogramSpace { # [doc = " Display-referred output of the current recipe."] # [default] Display , # [doc = " Scene-linear working space before the display transform."] SceneLinear , } # [doc = " Image comparison metric."] # [derive (Debug , Clone , Copy , PartialEq , Eq , Default , Serialize , Deserialize)] # [serde (rename_all = "snake_case")] # [derive (schemars :: JsonSchema)] pub enum CompareMetric { # [doc = " Mean/percentile CIEDE2000 on the rendered outputs."] # [default] DeltaE2000 , # [doc = " Parameter-level diff of the two recipes."] RecipeDiff , # [doc = " Quality-score comparison (focus, eyes, aesthetics)."] Scores , } # [doc = " Encoded output format."] # [derive (Debug , Clone , PartialEq , Serialize , Deserialize)] # [serde (tag = "format" , rename_all = "snake_case")] # [derive (schemars :: JsonSchema)] pub enum ExportFormat { # [doc = " JPEG."] Jpeg { # [doc = " Quality `1..=100`."] quality : u8 , } , # [doc = " TIFF."] Tiff { # [doc = " 8, 16 or 32 bits per channel."] bit_depth : u8 , } , # [doc = " PNG."] Png { # [doc = " 8 or 16 bits per channel."] bit_depth : u8 , } , # [doc = " JPEG XL."] JpegXl { # [doc = " Quality `1..=100`; 100 is lossless."] quality : u8 , } , # [doc = " AVIF."] Avif { # [doc = " Quality `1..=100`."] quality : u8 , } , # [doc = " DNG (linear or original raw)."] Dng , } # [doc = " Output resize."] # [derive (Debug , Clone , PartialEq , Serialize , Deserialize)] # [serde (tag = "fit" , rename_all = "snake_case")] # [derive (schemars :: JsonSchema)] pub enum Resize { # [doc = " Fit the long edge."] LongEdge { # [doc = " Pixels."] pixels : u32 , } , # [doc = " Fit within a box."] Within { # [doc = " Width."] width : u32 , # [doc = " Height."] height : u32 , } , # [doc = " Target megapixels."] Megapixels { # [doc = " Megapixels."] megapixels : f32 , } , } # [doc = " Export settings."] # [derive (Debug , Clone , PartialEq , Serialize , Deserialize)] # [derive (schemars :: JsonSchema)] pub struct ExportSettings { # [doc = " Destination directory."] pub destination : String , # [doc = " File-name template, e.g. `\"{name}-{seq:3}\"`."] # [serde (default = "default_template")] pub name_template : String , # [doc = " Format."] pub format : ExportFormat , # [doc = " Output colour profile; `None` means sRGB."] # [serde (default)] pub profile : Option < IccProfileHandle > , # [doc = " Resize, if any."] # [serde (default)] pub resize : Option < Resize > , # [doc = " Embed XMP metadata (ratings, keywords, IPTC)."] # [serde (default = "yes")] pub embed_metadata : bool , # [doc = " Write HDR (gain map or PQ/HLG, format permitting)."] # [serde (default)] pub hdr : bool , } fn default_template () -> String { "{name}" . into () } fn yes () -> bool { true } # [doc = " Adjust global tone/colour controls."] # [derive (Debug , Clone , Serialize , Deserialize , schemars :: JsonSchema)] # [serde (deny_unknown_fields)] pub struct SetTone { # [doc = " Target image."] image : ImageId , # [doc = " Controls to change."] # [serde (flatten)] update : ToneUpdate , # [doc = " One-line rationale recorded on the history entry."] # [serde (default)] pub rationale : Option < String > , # [doc = " History group to record into (e.g. \"Agent base edit\")."] # [serde (default)] pub group : Option < HistoryGroupId > , # [doc = " Optimistic concurrency: fail with [`EngineError::Conflict`] if the"] # [doc = " image's recipe hash no longer matches."] # [serde (default)] pub expect_recipe : Option < RecipeHash > , } # [doc = " Create a local adjustment from mask components."] # [derive (Debug , Clone , Serialize , Deserialize , schemars :: JsonSchema)] # [serde (deny_unknown_fields)] pub struct CreateMask { # [doc = " Target image."] image : ImageId , # [doc = " Display name."] # [serde (default)] name : Option < String > , # [doc = " Components, combined in order."] components : Vec < MaskComponent > , # [doc = " Initial parameters."] # [serde (default)] params : LocalParams , # [doc = " One-line rationale recorded on the history entry."] # [serde (default)] pub rationale : Option < String > , # [doc = " History group to record into (e.g. \"Agent base edit\")."] # [serde (default)] pub group : Option < HistoryGroupId > , # [doc = " Optimistic concurrency: fail with [`EngineError::Conflict`] if the"] # [doc = " image's recipe hash no longer matches."] # [serde (default)] pub expect_recipe : Option < RecipeHash > , } # [doc = " Change a local adjustment."] # [derive (Debug , Clone , Serialize , Deserialize , schemars :: JsonSchema)] # [serde (deny_unknown_fields)] pub struct AdjustMask { # [doc = " Target image."] image : ImageId , # [doc = " Mask."] mask : MaskId , # [doc = " Replacement parameters, if changing."] # [serde (default)] params : Option < LocalParams > , # [doc = " Components to append."] # [serde (default)] add_components : Vec < MaskComponent > , # [doc = " Amount `0..=200`, if changing."] # [serde (default)] amount : Option < f32 > , # [doc = " Invert, if changing."] # [serde (default)] invert : Option < bool > , # [doc = " Enable/disable, if changing."] # [serde (default)] enabled : Option < bool > , # [doc = " One-line rationale recorded on the history entry."] # [serde (default)] pub rationale : Option < String > , # [doc = " History group to record into (e.g. \"Agent base edit\")."] # [serde (default)] pub group : Option < HistoryGroupId > , # [doc = " Optimistic concurrency: fail with [`EngineError::Conflict`] if the"] # [doc = " image's recipe hash no longer matches."] # [serde (default)] pub expect_recipe : Option < RecipeHash > , } # [doc = " Remove the content under a mask by non-generative fill."] # [derive (Debug , Clone , Serialize , Deserialize , schemars :: JsonSchema)] # [serde (deny_unknown_fields)] pub struct RemoveObject { # [doc = " Target image."] image : ImageId , # [doc = " Mask selecting the object."] mask : MaskId , # [doc = " Fill method."] # [serde (default)] method : RemovalMethod , # [doc = " One-line rationale recorded on the history entry."] # [serde (default)] pub rationale : Option < String > , # [doc = " History group to record into (e.g. \"Agent base edit\")."] # [serde (default)] pub group : Option < HistoryGroupId > , # [doc = " Optimistic concurrency: fail with [`EngineError::Conflict`] if the"] # [doc = " image's recipe hash no longer matches."] # [serde (default)] pub expect_recipe : Option < RecipeHash > , } # [doc = " Skin retouch for one person."] # [derive (Debug , Clone , Serialize , Deserialize , schemars :: JsonSchema)] # [serde (deny_unknown_fields)] pub struct RetouchSkin { # [doc = " Target image."] image : ImageId , # [doc = " Person."] person : PersonId , # [doc = " Strength `0..=100`."] strength : f32 , # [doc = " One-line rationale recorded on the history entry."] # [serde (default)] pub rationale : Option < String > , # [doc = " History group to record into (e.g. \"Agent base edit\")."] # [serde (default)] pub group : Option < HistoryGroupId > , # [doc = " Optimistic concurrency: fail with [`EngineError::Conflict`] if the"] # [doc = " image's recipe hash no longer matches."] # [serde (default)] pub expect_recipe : Option < RecipeHash > , } # [doc = " Apply a preset, profile, LUT or learned style."] # [derive (Debug , Clone , Serialize , Deserialize , schemars :: JsonSchema)] # [serde (deny_unknown_fields)] pub struct ApplyStyle { # [doc = " Target image."] image : ImageId , # [doc = " Style."] style : StyleId , # [doc = " Amount `0..=200` (%)."] # [serde (default = "hundred")] amount : f32 , # [doc = " One-line rationale recorded on the history entry."] # [serde (default)] pub rationale : Option < String > , # [doc = " History group to record into (e.g. \"Agent base edit\")."] # [serde (default)] pub group : Option < HistoryGroupId > , # [doc = " Optimistic concurrency: fail with [`EngineError::Conflict`] if the"] # [doc = " image's recipe hash no longer matches."] # [serde (default)] pub expect_recipe : Option < RecipeHash > , } # [doc = " Set the crop."] # [derive (Debug , Clone , Serialize , Deserialize , schemars :: JsonSchema)] # [serde (deny_unknown_fields)] pub struct Crop { # [doc = " Target image."] image : ImageId , # [doc = " Rectangle before rotation."] rect : NormalizedRect , # [doc = " Straighten angle, degrees."] # [serde (default)] angle : f32 , # [doc = " One-line rationale recorded on the history entry."] # [serde (default)] pub rationale : Option < String > , # [doc = " History group to record into (e.g. \"Agent base edit\")."] # [serde (default)] pub group : Option < HistoryGroupId > , # [doc = " Optimistic concurrency: fail with [`EngineError::Conflict`] if the"] # [doc = " image's recipe hash no longer matches."] # [serde (default)] pub expect_recipe : Option < RecipeHash > , } # [doc = " Compare two images."] # [derive (Debug , Clone , Serialize , Deserialize , schemars :: JsonSchema)] # [serde (deny_unknown_fields)] pub struct Compare { # [doc = " First image."] image_a : ImageId , # [doc = " Second image."] image_b : ImageId , # [doc = " Metric."] # [serde (default)] metric : CompareMetric , # [doc = " One-line rationale recorded on the history entry."] # [serde (default)] pub rationale : Option < String > , # [doc = " History group to record into (e.g. \"Agent base edit\")."] # [serde (default)] pub group : Option < HistoryGroupId > , # [doc = " Optimistic concurrency: fail with [`EngineError::Conflict`] if the"] # [doc = " image's recipe hash no longer matches."] # [serde (default)] pub expect_recipe : Option < RecipeHash > , } # [doc = " Histogram and clipping statistics of the current render."] # [derive (Debug , Clone , Serialize , Deserialize , schemars :: JsonSchema)] # [serde (deny_unknown_fields)] pub struct GetHistogram { # [doc = " Target image."] image : ImageId , # [doc = " Space."] # [serde (default)] space : HistogramSpace , # [doc = " Bin count (default 256)."] # [serde (default = "default_bins")] bins : u16 , # [doc = " One-line rationale recorded on the history entry."] # [serde (default)] pub rationale : Option < String > , # [doc = " History group to record into (e.g. \"Agent base edit\")."] # [serde (default)] pub group : Option < HistoryGroupId > , # [doc = " Optimistic concurrency: fail with [`EngineError::Conflict`] if the"] # [doc = " image's recipe hash no longer matches."] # [serde (default)] pub expect_recipe : Option < RecipeHash > , } # [doc = " Quality scores and AI signals."] # [derive (Debug , Clone , Serialize , Deserialize , schemars :: JsonSchema)] # [serde (deny_unknown_fields)] pub struct GetScores { # [doc = " Target image."] image : ImageId , # [doc = " One-line rationale recorded on the history entry."] # [serde (default)] pub rationale : Option < String > , # [doc = " History group to record into (e.g. \"Agent base edit\")."] # [serde (default)] pub group : Option < HistoryGroupId > , # [doc = " Optimistic concurrency: fail with [`EngineError::Conflict`] if the"] # [doc = " image's recipe hash no longer matches."] # [serde (default)] pub expect_recipe : Option < RecipeHash > , } # [doc = " Index a folder (spec 05 §2.1: open = index, no import)."] # [derive (Debug , Clone , Serialize , Deserialize , schemars :: JsonSchema)] # [serde (deny_unknown_fields)] pub struct IndexFolder { # [doc = " Absolute folder path."] path : String , # [doc = " Recurse into subfolders."] # [serde (default = "yes")] recursive : bool , # [doc = " One-line rationale recorded on the history entry."] # [serde (default)] pub rationale : Option < String > , # [doc = " History group to record into (e.g. \"Agent base edit\")."] # [serde (default)] pub group : Option < HistoryGroupId > , # [doc = " Optimistic concurrency: fail with [`EngineError::Conflict`] if the"] # [doc = " image's recipe hash no longer matches."] # [serde (default)] pub expect_recipe : Option < RecipeHash > , } # [doc = " Change selection state on one or more images."] # [derive (Debug , Clone , Serialize , Deserialize , schemars :: JsonSchema)] # [serde (deny_unknown_fields)] pub struct SetSelection { # [doc = " Images."] images : Vec < ImageId > , # [doc = " New decision, if changing."] # [serde (default)] decision : Option < Decision > , # [doc = " Grade change, if any (setting a grade implies Keep)."] # [serde (default)] grade : Option < FieldUpdate < Grade > > , # [doc = " Mark change, if any."] # [serde (default)] mark : Option < FieldUpdate < Mark > > , # [doc = " One-line rationale recorded on the history entry."] # [serde (default)] pub rationale : Option < String > , # [doc = " History group to record into (e.g. \"Agent base edit\")."] # [serde (default)] pub group : Option < HistoryGroupId > , # [doc = " Optimistic concurrency: fail with [`EngineError::Conflict`] if the"] # [doc = " image's recipe hash no longer matches."] # [serde (default)] pub expect_recipe : Option < RecipeHash > , } # [doc = " Render and encode images."] # [derive (Debug , Clone , Serialize , Deserialize , schemars :: JsonSchema)] # [serde (deny_unknown_fields)] pub struct Export { # [doc = " Images."] images : Vec < ImageId > , # [doc = " Settings."] settings : ExportSettings , # [doc = " One-line rationale recorded on the history entry."] # [serde (default)] pub rationale : Option < String > , # [doc = " History group to record into (e.g. \"Agent base edit\")."] # [serde (default)] pub group : Option < HistoryGroupId > , # [doc = " Optimistic concurrency: fail with [`EngineError::Conflict`] if the"] # [doc = " image's recipe hash no longer matches."] # [serde (default)] pub expect_recipe : Option < RecipeHash > , } fn hundred () -> f32 { 100.0 } fn default_bins () -> u16 { 256 } # [doc = " Open a PSD/PSB, `.tessera-doc` or image file as a layered document."] # [derive (Debug , Clone , Serialize , Deserialize , schemars :: JsonSchema)] # [serde (deny_unknown_fields)] pub struct OpenDocument { # [doc = " Absolute file path."] path : String , # [doc = " One-line rationale recorded on the history entry."] # [serde (default)] pub rationale : Option < String > , # [doc = " History group to record into."] # [serde (default)] pub group : Option < HistoryGroupId > , # [doc = " Optimistic concurrency: fail with [`EngineError::Conflict`] unless the"] # [doc = " document's history head is this entry. Absent = no check; `null` ="] # [doc = " expect the state as opened."] # [serde (default , deserialize_with = "present" , skip_serializing_if = "Option::is_none")] pub expect_head : Option < Option < HistoryEntryId > > , } # [doc = " Add a layer."] # [derive (Debug , Clone , Serialize , Deserialize , schemars :: JsonSchema)] # [serde (deny_unknown_fields)] pub struct AddLayer { # [doc = " Document."] document : DocumentId , # [doc = " Kind of layer."] layer : NewLayer , # [doc = " Display name (engine default if absent)."] # [serde (default)] name : Option < String > , # [doc = " Enclosing group; `None` = the root."] # [serde (default)] parent : Option < LayerId > , # [doc = " Sibling to insert directly above; `None` = top of `parent`."] # [serde (default)] above : Option < LayerId > , # [doc = " Initial properties."] # [serde (default)] props : LayerPropsUpdate , # [doc = " One-line rationale recorded on the history entry."] # [serde (default)] pub rationale : Option < String > , # [doc = " History group to record into."] # [serde (default)] pub group : Option < HistoryGroupId > , # [doc = " Optimistic concurrency: fail with [`EngineError::Conflict`] unless the"] # [doc = " document's history head is this entry. Absent = no check; `null` ="] # [doc = " expect the state as opened."] # [serde (default , deserialize_with = "present" , skip_serializing_if = "Option::is_none")] pub expect_head : Option < Option < HistoryEntryId > > , } # [doc = " Change a layer's common properties."] # [derive (Debug , Clone , Serialize , Deserialize , schemars :: JsonSchema)] # [serde (deny_unknown_fields)] pub struct SetLayerProps { # [doc = " Document."] document : DocumentId , # [doc = " Layer."] layer : LayerId , # [doc = " Properties to change."] # [serde (flatten)] props : LayerPropsUpdate , # [doc = " One-line rationale recorded on the history entry."] # [serde (default)] pub rationale : Option < String > , # [doc = " History group to record into."] # [serde (default)] pub group : Option < HistoryGroupId > , # [doc = " Optimistic concurrency: fail with [`EngineError::Conflict`] unless the"] # [doc = " document's history head is this entry. Absent = no check; `null` ="] # [doc = " expect the state as opened."] # [serde (default , deserialize_with = "present" , skip_serializing_if = "Option::is_none")] pub expect_head : Option < Option < HistoryEntryId > > , } # [doc = " Paint one brush stroke on a layer (or its mask), limited by the"] # [doc = " current selection."] # [derive (Debug , Clone , Serialize , Deserialize , schemars :: JsonSchema)] # [serde (deny_unknown_fields)] pub struct PaintStroke { # [doc = " Document."] document : DocumentId , # [doc = " Layer."] layer : LayerId , # [doc = " Stroke path, in order; at least one point."] points : Vec < StrokePoint > , # [doc = " Brush."] # [serde (default)] brush : BrushParams , # [doc = " Pixels or mask."] # [serde (default)] target : StrokeTarget , # [doc = " One-line rationale recorded on the history entry."] # [serde (default)] pub rationale : Option < String > , # [doc = " History group to record into."] # [serde (default)] pub group : Option < HistoryGroupId > , # [doc = " Optimistic concurrency: fail with [`EngineError::Conflict`] unless the"] # [doc = " document's history head is this entry. Absent = no check; `null` ="] # [doc = " expect the state as opened."] # [serde (default , deserialize_with = "present" , skip_serializing_if = "Option::is_none")] pub expect_head : Option < Option < HistoryEntryId > > , } # [doc = " Change the document's pixel selection."] # [derive (Debug , Clone , Serialize , Deserialize , schemars :: JsonSchema)] pub struct SetPixelSelection { # [doc = " Document."] document : DocumentId , # [doc = " Region."] # [serde (flatten)] shape : SelectionShape , # [doc = " Combination with the current selection."] # [serde (default)] mode : SelectionMode , # [doc = " Feather radius, level-0 pixels."] # [serde (default)] feather : f32 , # [doc = " Also save the result as a named selection."] # [serde (default)] save_as : Option < String > , # [doc = " One-line rationale recorded on the history entry."] # [serde (default)] pub rationale : Option < String > , # [doc = " History group to record into."] # [serde (default)] pub group : Option < HistoryGroupId > , # [doc = " Optimistic concurrency: fail with [`EngineError::Conflict`] unless the"] # [doc = " document's history head is this entry. Absent = no check; `null` ="] # [doc = " expect the state as opened."] # [serde (default , deserialize_with = "present" , skip_serializing_if = "Option::is_none")] pub expect_head : Option < Option < HistoryEntryId > > , } # [doc = " Add an adjustment layer (non-destructive)."] # [derive (Debug , Clone , Serialize , Deserialize , schemars :: JsonSchema)] # [serde (deny_unknown_fields)] pub struct ApplyAdjustmentLayer { # [doc = " Document."] document : DocumentId , # [doc = " Adjustment."] adjustment : AdjustmentSpec , # [doc = " Display name (engine default if absent)."] # [serde (default)] name : Option < String > , # [doc = " Enclosing group; `None` = the root."] # [serde (default)] parent : Option < LayerId > , # [doc = " Sibling to insert directly above; `None` = top of `parent`."] # [serde (default)] above : Option < LayerId > , # [doc = " Clip to the layer below."] # [serde (default)] clipped : bool , # [doc = " Use the current selection as the layer mask."] # [serde (default = "yes")] mask_from_selection : bool , # [doc = " One-line rationale recorded on the history entry."] # [serde (default)] pub rationale : Option < String > , # [doc = " History group to record into."] # [serde (default)] pub group : Option < HistoryGroupId > , # [doc = " Optimistic concurrency: fail with [`EngineError::Conflict`] unless the"] # [doc = " document's history head is this entry. Absent = no check; `null` ="] # [doc = " expect the state as opened."] # [serde (default , deserialize_with = "present" , skip_serializing_if = "Option::is_none")] pub expect_head : Option < Option < HistoryEntryId > > , } # [doc = " Transform a layer's pixels (or a smart object's placement)."] # [derive (Debug , Clone , Serialize , Deserialize , schemars :: JsonSchema)] # [serde (deny_unknown_fields)] pub struct TransformLayer { # [doc = " Document."] document : DocumentId , # [doc = " Layer."] layer : LayerId , # [doc = " Map from current to new level-0 canvas coordinates."] transform : AffineTransform , # [doc = " Resampling filter (ignored by smart objects, which resample on render)."] # [serde (default)] interpolation : Interpolation , # [doc = " One-line rationale recorded on the history entry."] # [serde (default)] pub rationale : Option < String > , # [doc = " History group to record into."] # [serde (default)] pub group : Option < HistoryGroupId > , # [doc = " Optimistic concurrency: fail with [`EngineError::Conflict`] unless the"] # [doc = " document's history head is this entry. Absent = no check; `null` ="] # [doc = " expect the state as opened."] # [serde (default , deserialize_with = "present" , skip_serializing_if = "Option::is_none")] pub expect_head : Option < Option < HistoryEntryId > > , } # [doc = " Merge a layer into the one below it."] # [derive (Debug , Clone , Serialize , Deserialize , schemars :: JsonSchema)] # [serde (deny_unknown_fields)] pub struct MergeDown { # [doc = " Document."] document : DocumentId , # [doc = " Upper layer."] layer : LayerId , # [doc = " One-line rationale recorded on the history entry."] # [serde (default)] pub rationale : Option < String > , # [doc = " History group to record into."] # [serde (default)] pub group : Option < HistoryGroupId > , # [doc = " Optimistic concurrency: fail with [`EngineError::Conflict`] unless the"] # [doc = " document's history head is this entry. Absent = no check; `null` ="] # [doc = " expect the state as opened."] # [serde (default , deserialize_with = "present" , skip_serializing_if = "Option::is_none")] pub expect_head : Option < Option < HistoryEntryId > > , } # [doc = " Write the document to a file."] # [derive (Debug , Clone , Serialize , Deserialize , schemars :: JsonSchema)] # [serde (deny_unknown_fields)] pub struct ExportDocument { # [doc = " Document."] document : DocumentId , # [doc = " Settings."] settings : DocumentExportSettings , # [doc = " One-line rationale recorded on the history entry."] # [serde (default)] pub rationale : Option < String > , # [doc = " History group to record into."] # [serde (default)] pub group : Option < HistoryGroupId > , # [doc = " Optimistic concurrency: fail with [`EngineError::Conflict`] unless the"] # [doc = " document's history head is this entry. Absent = no check; `null` ="] # [doc = " expect the state as opened."] # [serde (default , deserialize_with = "present" , skip_serializing_if = "Option::is_none")] pub expect_head : Option < Option < HistoryEntryId > > , } # [doc = " Describe the layer tree."] # [derive (Debug , Clone , Serialize , Deserialize , schemars :: JsonSchema)] # [serde (deny_unknown_fields)] pub struct ListLayers { # [doc = " Document."] document : DocumentId , # [doc = " One-line rationale recorded on the history entry."] # [serde (default)] pub rationale : Option < String > , # [doc = " History group to record into."] # [serde (default)] pub group : Option < HistoryGroupId > , # [doc = " Optimistic concurrency: fail with [`EngineError::Conflict`] unless the"] # [doc = " document's history head is this entry. Absent = no check; `null` ="] # [doc = " expect the state as opened."] # [serde (default , deserialize_with = "present" , skip_serializing_if = "Option::is_none")] pub expect_head : Option < Option < HistoryEntryId > > , } # [doc = " Append a persistent channel with a newly allocated ID."] # [derive (Debug , Clone , Serialize , Deserialize , schemars :: JsonSchema)] # [serde (deny_unknown_fields)] pub struct AddChannel { # [doc = " Document."] document : DocumentId , # [doc = " Display name (duplicates allowed)."] name : String , # [doc = " Channel interpretation."] # [serde (default)] kind : ChannelKind , # [doc = " Host-staged single-channel raster, covering the canvas."] raster : ChannelRasterRef , # [doc = " One-line rationale recorded on the history entry."] # [serde (default)] pub rationale : Option < String > , # [doc = " History group to record into."] # [serde (default)] pub group : Option < HistoryGroupId > , # [doc = " Optimistic concurrency: fail with [`EngineError::Conflict`] unless the"] # [doc = " document's history head is this entry. Absent = no check; `null` ="] # [doc = " expect the state as opened."] # [serde (default , deserialize_with = "present" , skip_serializing_if = "Option::is_none")] pub expect_head : Option < Option < HistoryEntryId > > , } # [doc = " Delete a persistent channel without reusing its ID."] # [derive (Debug , Clone , Serialize , Deserialize , schemars :: JsonSchema)] # [serde (deny_unknown_fields)] pub struct DeleteChannel { # [doc = " Document."] document : DocumentId , # [doc = " Channel."] channel : ChannelId , # [doc = " One-line rationale recorded on the history entry."] # [serde (default)] pub rationale : Option < String > , # [doc = " History group to record into."] # [serde (default)] pub group : Option < HistoryGroupId > , # [doc = " Optimistic concurrency: fail with [`EngineError::Conflict`] unless the"] # [doc = " document's history head is this entry. Absent = no check; `null` ="] # [doc = " expect the state as opened."] # [serde (default , deserialize_with = "present" , skip_serializing_if = "Option::is_none")] pub expect_head : Option < Option < HistoryEntryId > > , } # [doc = " Rename a persistent channel."] # [derive (Debug , Clone , Serialize , Deserialize , schemars :: JsonSchema)] # [serde (deny_unknown_fields)] pub struct RenameChannel { # [doc = " Document."] document : DocumentId , # [doc = " Channel."] channel : ChannelId , # [doc = " New display name."] name : String , # [doc = " One-line rationale recorded on the history entry."] # [serde (default)] pub rationale : Option < String > , # [doc = " History group to record into."] # [serde (default)] pub group : Option < HistoryGroupId > , # [doc = " Optimistic concurrency: fail with [`EngineError::Conflict`] unless the"] # [doc = " document's history head is this entry. Absent = no check; `null` ="] # [doc = " expect the state as opened."] # [serde (default , deserialize_with = "present" , skip_serializing_if = "Option::is_none")] pub expect_head : Option < Option < HistoryEntryId > > , } # [doc = " Atomically replace channel metadata and/or raster, retaining its ID."] # [derive (Debug , Clone , Serialize , Deserialize , schemars :: JsonSchema)] # [serde (deny_unknown_fields)] pub struct EditChannel<ChannelRasterRef> { # [doc = " Document."] document : DocumentId , # [doc = " Channel."] channel : ChannelId , # [doc = " Replacement interpretation; absent leaves it unchanged."] # [serde (default)] kind : Option < ChannelKind > , # [doc = " Replacement host-staged raster; absent leaves it unchanged."] # [serde (default)] raster : Option < ChannelRasterRef > , # [doc = " One-line rationale recorded on the history entry."] # [serde (default)] pub rationale : Option < String > , # [doc = " History group to record into."] # [serde (default)] pub group : Option < HistoryGroupId > , # [doc = " Optimistic concurrency: fail with [`EngineError::Conflict`] unless the"] # [doc = " document's history head is this entry. Absent = no check; `null` ="] # [doc = " expect the state as opened."] # [serde (default , deserialize_with = "present" , skip_serializing_if = "Option::is_none")] pub expect_head : Option < Option < HistoryEntryId > > , } # [doc = " Load an alpha OR spot mask into the active selection without changing"] # [doc = " the persistent channel. Records normal document history."] # [derive (Debug , Clone , Serialize , Deserialize , schemars :: JsonSchema)] # [serde (deny_unknown_fields)] pub struct LoadChannelAsSelection { # [doc = " Document."] document : DocumentId , # [doc = " Channel (including spot channels)."] channel : ChannelId , # [doc = " How to combine with the active selection."] # [serde (default)] mode : SelectionMode , # [doc = " One-line rationale recorded on the history entry."] # [serde (default)] pub rationale : Option < String > , # [doc = " History group to record into."] # [serde (default)] pub group : Option < HistoryGroupId > , # [doc = " Optimistic concurrency: fail with [`EngineError::Conflict`] unless the"] # [doc = " document's history head is this entry. Absent = no check; `null` ="] # [doc = " expect the state as opened."] # [serde (default , deserialize_with = "present" , skip_serializing_if = "Option::is_none")] pub expect_head : Option < Option < HistoryEntryId > > , } fn present < 'de , D , T > (d : D) -> Result < Option < T > , D :: Error > where D : serde :: Deserializer < 'de > , T : Deserialize < 'de > , { T :: deserialize (d) . map (Some) } # [doc = " The 27 Photoshop layer blend modes, in Photoshop's menu order. Groups use"] # [doc = " [`GroupMode`] for pass-through."] # [derive (Debug , Clone , Copy , PartialEq , Eq , Hash , Default , Serialize , Deserialize)] # [serde (rename_all = "snake_case")] # [allow (missing_docs)] # [derive (schemars :: JsonSchema)] pub enum BlendMode { # [default] Normal , Dissolve , Darken , Multiply , ColorBurn , LinearBurn , DarkerColor , Lighten , Screen , ColorDodge , # [doc = " Add."] LinearDodge , LighterColor , Overlay , SoftLight , HardLight , VividLight , LinearLight , PinLight , HardMix , Difference , Exclusion , Subtract , Divide , Hue , Saturation , Color , Luminosity , } impl BlendMode { # [doc = " Every mode, in Photoshop's menu order."] pub const ALL : [BlendMode ; 27] = [Self :: Normal , Self :: Dissolve , Self :: Darken , Self :: Multiply , Self :: ColorBurn , Self :: LinearBurn , Self :: DarkerColor , Self :: Lighten , Self :: Screen , Self :: ColorDodge , Self :: LinearDodge , Self :: LighterColor , Self :: Overlay , Self :: SoftLight , Self :: HardLight , Self :: VividLight , Self :: LinearLight , Self :: PinLight , Self :: HardMix , Self :: Difference , Self :: Exclusion , Self :: Subtract , Self :: Divide , Self :: Hue , Self :: Saturation , Self :: Color , Self :: Luminosity ,] ; } # [doc = " How a group composites its children."] # [derive (Debug , Clone , Copy , PartialEq , Eq , Hash , Default , Serialize , Deserialize)] # [serde (rename_all = "snake_case")] # [derive (schemars :: JsonSchema)] pub enum GroupMode { # [doc = " Children blend straight into the backdrop."] # [default] PassThrough , # [doc = " Children composite into their own buffer, blended with the group's mode."] Isolated , } # [doc = " A half-open rectangle in level-0 canvas pixels, `[x0, x1) × [y0, y1)`."] # [doc = " May extend past the canvas."] # [derive (Debug , Clone , Copy , PartialEq , Eq , Hash , Default , Serialize , Deserialize)] # [derive (schemars :: JsonSchema)] pub struct CanvasRect { # [doc = " Left edge (inclusive)."] pub x0 : i64 , # [doc = " Top edge (inclusive)."] pub y0 : i64 , # [doc = " Right edge (exclusive)."] pub x1 : i64 , # [doc = " Bottom edge (exclusive)."] pub y1 : i64 , } impl CanvasRect { # [doc = " True if the rectangle covers no pixel."] pub const fn is_empty (& self) -> bool { self . x1 <= self . x0 || self . y1 <= self . y0 } } # [doc = " The kind of layer `add_layer` creates. Adjustment layers are created by"] # [doc = " `apply_adjustment_layer`."] # [derive (Debug , Clone , PartialEq , Serialize , Deserialize)] # [serde (tag = "kind" , rename_all = "snake_case")] # [derive (schemars :: JsonSchema)] pub enum NewLayer { # [doc = " An empty (transparent) pixel layer covering the canvas."] Pixel , # [doc = " An empty group."] Group { # [doc = " Group mode."] # [serde (default)] mode : GroupMode , } , # [doc = " A solid-colour fill layer."] SolidColor { # [doc = " Straight RGB."] color : [f32 ; 3] , } , } # [doc = " Partial update of a layer's common properties. `None` leaves a property"] # [doc = " unchanged."] # [derive (Debug , Clone , PartialEq , Default , Serialize , Deserialize)] # [serde (default)] # [derive (schemars :: JsonSchema)] pub struct LayerPropsUpdate { # [doc = " Display name."] pub name : Option < String > , # [doc = " Visibility."] pub visible : Option < bool > , # [doc = " Layer opacity `0..=1`."] pub opacity : Option < f32 > , # [doc = " Fill opacity `0..=1`."] pub fill_opacity : Option < f32 > , # [doc = " Blend mode."] pub blend_mode : Option < BlendMode > , # [doc = " Clip to the layer below."] pub clipped : Option < bool > , # [doc = " Colour tag."] pub color_tag : Option < FieldUpdate < String > > , } impl LayerPropsUpdate { # [doc = " True if the update changes nothing."] pub fn is_empty (& self) -> bool { * self == Self :: default () } } # [doc = " One sampled point of a brush stroke, level-0 canvas pixels."] # [derive (Debug , Clone , Copy , PartialEq , Serialize , Deserialize)] # [derive (schemars :: JsonSchema)] pub struct StrokePoint { # [doc = " X."] pub x : f32 , # [doc = " Y."] pub y : f32 , # [doc = " Pen pressure `0..=1` (1 without a tablet)."] # [serde (default = "one")] pub pressure : f32 , } # [doc = " Whether a stroke deposits or removes paint."] # [derive (Debug , Clone , Copy , PartialEq , Eq , Hash , Default , Serialize , Deserialize)] # [serde (rename_all = "snake_case")] # [derive (schemars :: JsonSchema)] pub enum BrushMode { # [doc = " Paint `color` (Normal blending)."] # [default] Paint , # [doc = " Erase to transparency (on a mask: paint black)."] Erase , } # [doc = " Round-brush parameters (spec 02 §4). The engine rasterizes the stroke; the"] # [doc = " caller never supplies pixels."] # [derive (Debug , Clone , Copy , PartialEq , Serialize , Deserialize)] # [serde (default)] # [derive (schemars :: JsonSchema)] pub struct BrushParams { # [doc = " Tip diameter in level-0 pixels."] pub size : f32 , # [doc = " Edge hardness `0..=1`."] pub hardness : f32 , # [doc = " Dab spacing as a fraction of `size`."] pub spacing : f32 , # [doc = " Per-dab flow `0..=1`."] pub flow : f32 , # [doc = " Stroke opacity cap `0..=1`."] pub opacity : f32 , # [doc = " Straight RGB (ignored when erasing; on a mask only the luminance counts)."] pub color : [f32 ; 3] , # [doc = " Paint or erase."] pub mode : BrushMode , # [doc = " Pressure scales the tip size."] pub pressure_size : bool , # [doc = " Pressure scales the flow."] pub pressure_flow : bool , } impl Default for BrushParams { fn default () -> Self { Self { size : 20.0 , hardness : 1.0 , spacing : 0.25 , flow : 1.0 , opacity : 1.0 , color : [0.0 ; 3] , mode : BrushMode :: Paint , pressure_size : false , pressure_flow : false , } } } # [doc = " What a stroke paints on."] # [derive (Debug , Clone , Copy , PartialEq , Eq , Hash , Default , Serialize , Deserialize)] # [serde (rename_all = "snake_case")] # [derive (schemars :: JsonSchema)] pub enum StrokeTarget { # [doc = " The layer's pixels."] # [default] Pixels , # [doc = " The layer's raster mask (created reveal-all if absent)."] Mask , } # [doc = " The region a selection change describes."] # [derive (Debug , Clone , PartialEq , Serialize , Deserialize)] # [serde (tag = "shape" , rename_all = "snake_case")] # [derive (schemars :: JsonSchema)] pub enum SelectionShape { # [doc = " Select the whole canvas."] All , # [doc = " Deselect (`mode` is ignored)."] None , # [doc = " Invert the current selection (`mode` is ignored)."] Inverse , # [doc = " Rectangle."] Rect { # [doc = " Rectangle."] rect : CanvasRect , } , # [doc = " Ellipse inscribed in `rect`."] Ellipse { # [doc = " Bounding rectangle."] rect : CanvasRect , } , # [doc = " Closed polygon (lasso), even-odd fill."] Polygon { # [doc = " Vertices `[x, y]`."] points : Vec < [f32 ; 2] > , } , # [doc = " A layer's transparency (Ctrl-click a thumbnail)."] LayerAlpha { # [doc = " Layer."] layer : LayerId , } , # [doc = " A saved selection."] Saved { # [doc = " Saved selection."] selection : SelectionId , } , } # [doc = " How a selection shape combines with the current selection"] # [doc = " (per-pixel replace / max / `a·(1 − b)` / min)."] # [derive (Debug , Clone , Copy , PartialEq , Eq , Hash , Default , Serialize , Deserialize)] # [serde (rename_all = "snake_case")] # [derive (schemars :: JsonSchema)] pub enum SelectionMode { # [doc = " Replace."] # [default] Replace , # [doc = " Add (union)."] Add , # [doc = " Subtract."] Subtract , # [doc = " Intersect."] Intersect , } # [doc = " Levels for one channel (input black/white, gamma, output black/white),"] # [doc = " normalized `[0, 1]`."] # [derive (Debug , Clone , Copy , PartialEq , Serialize , Deserialize)] # [serde (default)] # [derive (schemars :: JsonSchema)] pub struct LevelsChannel { # [doc = " Input black point."] pub in_black : f32 , # [doc = " Input white point."] pub in_white : f32 , # [doc = " Midtone gamma (> 0, 1 = neutral)."] pub gamma : f32 , # [doc = " Output black."] pub out_black : f32 , # [doc = " Output white."] pub out_white : f32 , } impl Default for LevelsChannel { fn default () -> Self { Self { in_black : 0.0 , in_white : 1.0 , gamma : 1.0 , out_black : 0.0 , out_white : 1.0 , } } } # [doc = " An adjustment layer's function (spec 02 §7). Field names and the `kind`"] # [doc = " tag match the compositor's `Adjustment`. Omitted fields are neutral."] # [derive (Debug , Clone , PartialEq , Serialize , Deserialize)] # [serde (tag = "kind" , rename_all = "snake_case")] # [derive (schemars :: JsonSchema)] pub enum AdjustmentSpec { # [doc = " Levels: per channel, then master."] Levels { # [doc = " Master."] # [serde (default)] master : LevelsChannel , # [doc = " R, G, B."] # [serde (default)] rgb : [LevelsChannel ; 3] , } , # [doc = " Curves through `(input, output)` points; empty = identity."] Curves { # [doc = " Master."] # [serde (default)] master : Vec < [f32 ; 2] > , # [doc = " R, G, B."] # [serde (default)] rgb : [Vec < [f32 ; 2] > ; 3] , } , # [doc = " Hue/Saturation."] HueSaturation { # [doc = " Hue shift, degrees `-180..=180`."] # [serde (default)] hue : f32 , # [doc = " Saturation `-100..=100`."] # [serde (default)] saturation : f32 , # [doc = " Lightness `-100..=100`."] # [serde (default)] lightness : f32 , # [doc = " Colorize."] # [serde (default)] colorize : bool , } , # [doc = " Exposure."] Exposure { # [doc = " EV."] # [serde (default)] exposure : f32 , # [doc = " Offset."] # [serde (default)] offset : f32 , # [doc = " Gamma correction (1 = neutral)."] # [serde (default = "one")] gamma : f32 , } , # [doc = " Invert."] Invert , # [doc = " Posterize."] Posterize { # [doc = " Levels per channel (≥ 2)."] levels : u32 , } , # [doc = " Threshold on Rec.601 luma."] Threshold { # [doc = " Level `0..=1`."] level : f32 , } , # [doc = " Channel mixer."] ChannelMixer { # [doc = " Row-major 3×3; row i is output channel i."] # [serde (default = "identity3")] matrix : [[f32 ; 3] ; 3] , # [doc = " Constant per output channel."] # [serde (default)] constant : [f32 ; 3] , # [doc = " Monochrome (row 0 to all channels)."] # [serde (default)] monochrome : bool , } , } # [doc = " Resampling filter for transforms."] # [derive (Debug , Clone , Copy , PartialEq , Eq , Hash , Default , Serialize , Deserialize)] # [serde (rename_all = "snake_case")] # [derive (schemars :: JsonSchema)] pub enum Interpolation { # [doc = " Nearest neighbour."] Nearest , # [doc = " Bilinear."] Bilinear , # [doc = " Bicubic."] # [default] Bicubic , } # [doc = " A 2-D affine map `x' = a·x + b·y + c`, `y' = d·x + e·y + f` in level-0"] # [doc = " canvas pixels, row-major `[a, b, c, d, e, f]` (the compositor's `Affine`)."] # [derive (Debug , Clone , Copy , PartialEq , Serialize , Deserialize)] # [serde (transparent)] # [derive (schemars :: JsonSchema)] pub struct AffineTransform (pub [f64 ; 6]) ; impl AffineTransform { # [doc = " The identity."] pub const IDENTITY : Self = Self ([1.0 , 0.0 , 0.0 , 0.0 , 1.0 , 0.0]) ; } impl Default for AffineTransform { fn default () -> Self { Self :: IDENTITY } } # [doc = " Container written by `export_document`."] # [derive (Debug , Clone , PartialEq , Serialize , Deserialize)] # [serde (tag = "container" , rename_all = "snake_case")] # [derive (schemars :: JsonSchema)] pub enum DocumentFormat { # [doc = " The native `.tessera-doc` (layers, masks, smart objects; no history)."] TesseraDoc , # [doc = " Photoshop document."] Psd { # [doc = " Also write the flattened composite."] # [serde (default = "yes")] maximize_compatibility : bool , } , # [doc = " Large Document Format."] Psb { # [doc = " Also write the flattened composite."] # [serde (default = "yes")] maximize_compatibility : bool , } , # [doc = " Flattened image."] Image { # [doc = " Encoding."] encoding : ExportFormat , # [doc = " Resize, if any."] # [serde (default)] resize : Option < Resize > , # [doc = " Output profile; `None` keeps the document profile."] # [serde (default)] profile : Option < IccProfileHandle > , } , } # [doc = " `export_document` settings."] # [derive (Debug , Clone , PartialEq , Serialize , Deserialize)] # [derive (schemars :: JsonSchema)] pub struct DocumentExportSettings { # [doc = " Absolute output file path."] pub path : String , # [doc = " Container and encoding."] pub format : DocumentFormat , } fn one () -> f32 { 1.0 } fn identity3 () -> [[f32 ; 3] ; 3] { [[1.0 , 0.0 , 0.0] , [0.0 , 1.0 , 0.0] , [0.0 , 0.0 , 1.0]] } # [doc = " Body/face parts selectable on a detected person."] # [derive (Debug , Clone , Copy , PartialEq , Eq , Hash , PartialOrd , Ord , Serialize , Deserialize)] # [serde (rename_all = "snake_case")] # [derive (schemars :: JsonSchema)] pub enum PersonPart { # [doc = " Whole person."] Body , # [doc = " Face skin."] FaceSkin , # [doc = " Body skin."] BodySkin , # [doc = " Eyebrows."] Eyebrows , # [doc = " Eye sclera."] Sclera , # [doc = " Iris and pupil."] Iris , # [doc = " Lips."] Lips , # [doc = " Teeth."] Teeth , # [doc = " Hair."] Hair , # [doc = " Clothing."] Clothing , } # [doc = " Landscape segmentation classes."] # [derive (Debug , Clone , Copy , PartialEq , Eq , Hash , Serialize , Deserialize)] # [serde (rename_all = "snake_case")] # [derive (schemars :: JsonSchema)] pub enum LandscapeClass { # [doc = " Sky."] Sky , # [doc = " Water."] Water , # [doc = " Vegetation."] Vegetation , # [doc = " Mountains."] Mountains , # [doc = " Architecture."] Architecture , # [doc = " Natural ground."] NaturalGround , # [doc = " Artificial ground."] ArtificialGround , } # [doc = " What a mask component selects."] # [derive (Debug , Clone , PartialEq , Serialize , Deserialize)] # [serde (tag = "kind" , rename_all = "snake_case")] # [derive (schemars :: JsonSchema)] pub enum MaskKind { # [doc = " Main subject (AI)."] Subject { # [doc = " Model used."] # [serde (default)] model : Option < ModelRef > , } , # [doc = " Sky (AI)."] Sky { # [doc = " Model used."] # [serde (default)] model : Option < ModelRef > , } , # [doc = " Everything except the subject (AI)."] Background { # [doc = " Model used."] # [serde (default)] model : Option < ModelRef > , } , # [doc = " A person, or parts of them (AI)."] Person { # [doc = " Person (face cluster) id."] person : PersonId , # [doc = " Parts; empty means the whole body."] # [serde (default)] parts : Vec < PersonPart > , # [doc = " Model used."] # [serde (default)] model : Option < ModelRef > , } , # [doc = " An object selected by prompt, click or box (AI, promptable segmentation)."] Object { # [doc = " Text prompt, if any."] # [serde (default)] prompt : Option < String > , # [doc = " Box prompt, if any."] # [serde (default)] region : Option < NormalizedRect > , # [doc = " Positive click points `[x, y]`."] # [serde (default)] points : Vec < [f32 ; 2] > , # [doc = " Model used."] # [serde (default)] model : Option < ModelRef > , } , # [doc = " A landscape class (AI)."] Landscape { # [doc = " Class."] class : LandscapeClass , # [doc = " Model used."] # [serde (default)] model : Option < ModelRef > , } , # [doc = " A band of estimated depth, normalised `[near, far]` (AI depth)."] Depth { # [doc = " Range."] range : [f32 ; 2] , # [doc = " Feather, `0..=100`."] # [serde (default)] feather : f32 , # [doc = " Model used."] # [serde (default)] model : Option < ModelRef > , } , # [doc = " Linear gradient from fully on at `start` to off at `end`."] Linear { # [doc = " Start `[x, y]`."] start : [f32 ; 2] , # [doc = " End `[x, y]`."] end : [f32 ; 2] , } , # [doc = " Elliptical radial gradient."] Radial { # [doc = " Centre `[x, y]`."] center : [f32 ; 2] , # [doc = " Radii `[rx, ry]`, normalised to image width/height."] radii : [f32 ; 2] , # [doc = " Rotation in degrees."] # [serde (default)] angle : f32 , # [doc = " Feather, `0..=100`."] # [serde (default)] feather : f32 , } , # [doc = " Painted strokes."] Brush { # [doc = " Strokes."] strokes : Vec < BrushStroke > , } , # [doc = " Luminance range."] LuminanceRange { # [doc = " `[low, high]` in `0..=1`."] range : [f32 ; 2] , # [doc = " Smoothness, `0..=100`."] # [serde (default)] smoothness : f32 , } , # [doc = " Colour range from sampled colours."] ColorRange { # [doc = " Samples in OkLab `[L, a, b]`."] samples : Vec < [f32 ; 3] > , # [doc = " Tolerance, `0..=100`."] # [serde (default)] amount : f32 , } , } # [doc = " One brush stroke."] # [derive (Debug , Clone , PartialEq , Serialize , Deserialize)] # [serde (default)] # [derive (schemars :: JsonSchema)] pub struct BrushStroke { # [doc = " Points `[x, y, pressure]`."] pub points : Vec < [f32 ; 3] > , # [doc = " Radius, normalised to image width."] pub radius : f32 , # [doc = " Feather, `0..=100`."] pub feather : f32 , # [doc = " Flow, `0..=100`."] pub flow : f32 , # [doc = " Erase instead of paint."] pub erase : bool , } impl Default for BrushStroke { fn default () -> Self { Self { points : Vec :: new () , radius : 0.02 , feather : 50.0 , flow : 100.0 , erase : false , } } } # [doc = " How a component combines with the components before it."] # [derive (Debug , Clone , Copy , PartialEq , Eq , Default , Serialize , Deserialize)] # [serde (rename_all = "snake_case")] # [derive (schemars :: JsonSchema)] pub enum MaskCombine { # [doc = " Union."] # [default] Add , # [doc = " Difference."] Subtract , # [doc = " Intersection."] Intersect , } # [doc = " One component of a composite mask."] # [derive (Debug , Clone , PartialEq , Serialize , Deserialize)] # [derive (schemars :: JsonSchema)] pub struct MaskComponent { # [doc = " What to select."] # [serde (flatten)] pub kind : MaskKind , # [doc = " Combination with previous components (ignored for the first)."] # [serde (default)] pub combine : MaskCombine , # [doc = " Invert this component before combining."] # [serde (default)] pub invert : bool , } # [doc = " Parameters a local adjustment applies inside its mask. Same units as the"] # [doc = " global controls; all default to neutral."] # [derive (Debug , Clone , PartialEq , Default , Serialize , Deserialize)] # [serde (default)] # [derive (schemars :: JsonSchema)] pub struct LocalParams { # [doc = " Exposure, EV."] pub exposure : f32 , # [doc = " Contrast."] pub contrast : f32 , # [doc = " Highlights."] pub highlights : f32 , # [doc = " Shadows."] pub shadows : f32 , # [doc = " Whites."] pub whites : f32 , # [doc = " Blacks."] pub blacks : f32 , # [doc = " Temperature shift."] pub temperature : f32 , # [doc = " Tint shift."] pub tint : f32 , # [doc = " Hue shift, degrees."] pub hue : f32 , # [doc = " Saturation."] pub saturation : f32 , # [doc = " Texture."] pub texture : f32 , # [doc = " Clarity."] pub clarity : f32 , # [doc = " Dehaze."] pub dehaze : f32 , # [doc = " Sharpness."] pub sharpness : f32 , # [doc = " Noise reduction."] pub noise : f32 , # [doc = " Moiré reduction."] pub moire : f32 , # [doc = " Defringe."] pub defringe : f32 , # [doc = " Colour overlay `[hue°, saturation]`, if any."] pub color_overlay : Option < [f32 ; 2] > , } # [doc = " Rectangle in normalised image coordinates (`0..=1`, origin top-left)."] # [derive (Debug , Clone , Copy , PartialEq , Serialize , Deserialize)] # [serde (default)] # [derive (schemars :: JsonSchema)] pub struct NormalizedRect { # [doc = " Left edge."] pub left : f32 , # [doc = " Top edge."] pub top : f32 , # [doc = " Right edge."] pub right : f32 , # [doc = " Bottom edge."] pub bottom : f32 , } impl Default for NormalizedRect { fn default () -> Self { Self :: FULL } } impl NormalizedRect { # [doc = " The whole image."] pub const FULL : Self = Self { left : 0.0 , top : 0.0 , right : 1.0 , bottom : 1.0 , } ; # [doc = " True if edges are ordered and within `0..=1`."] pub fn is_valid (& self) -> bool { (0.0 ..= 1.0) . contains (& self . left) && (0.0 ..= 1.0) . contains (& self . top) && (0.0 ..= 1.0) . contains (& self . right) && (0.0 ..= 1.0) . contains (& self . bottom) && self . left < self . right && self . top < self . bottom } } # [doc = " The culling decision."] # [derive (Debug , Clone , Copy , PartialEq , Eq , Hash , Default , Serialize , Deserialize)] # [serde (rename_all = "snake_case")] # [derive (schemars :: JsonSchema)] pub enum Decision { # [doc = " Rejected (key X)."] Reject , # [doc = " Not yet decided (key U)."] # [default] Undecided , # [doc = " Kept (key P)."] Keep , } # [doc = " A specific version of an ML model. Stored with every ML-derived result"] # [doc = " (masks, denoise, removals) so the result can be reproduced or deliberately"] # [doc = " regenerated when the model changes."] # [derive (Debug , Clone , PartialEq , Eq , Hash , Default , Serialize , Deserialize)] # [serde (default)] # [derive (schemars :: JsonSchema)] pub struct ModelRef { # [doc = " Model identifier."] pub id : ModelId , # [doc = " Model version string (semver or content digest)."] pub version : String , } pub fn engine_schemas () -> Vec < serde_json :: Value > { vec ! [serde_json :: to_value (schemars :: schema_for ! (SetTone)) . expect ("serializable schema") , serde_json :: to_value (schemars :: schema_for ! (CreateMask)) . expect ("serializable schema") , serde_json :: to_value (schemars :: schema_for ! (AdjustMask)) . expect ("serializable schema") , serde_json :: to_value (schemars :: schema_for ! (RemoveObject)) . expect ("serializable schema") , serde_json :: to_value (schemars :: schema_for ! (RetouchSkin)) . expect ("serializable schema") , serde_json :: to_value (schemars :: schema_for ! (ApplyStyle)) . expect ("serializable schema") , serde_json :: to_value (schemars :: schema_for ! (Crop)) . expect ("serializable schema") , serde_json :: to_value (schemars :: schema_for ! (Compare)) . expect ("serializable schema") , serde_json :: to_value (schemars :: schema_for ! (GetHistogram)) . expect ("serializable schema") , serde_json :: to_value (schemars :: schema_for ! (GetScores)) . expect ("serializable schema") , serde_json :: to_value (schemars :: schema_for ! (IndexFolder)) . expect ("serializable schema") , serde_json :: to_value (schemars :: schema_for ! (SetSelection)) . expect ("serializable schema") , serde_json :: to_value (schemars :: schema_for ! (Export)) . expect ("serializable schema")] } pub fn validate_engine (index : usize , value : serde_json :: Value) -> Result < () , serde_json :: Error > { type Parser = fn (serde_json :: Value) -> Result < () , serde_json :: Error > ; let parsers : & [Parser] = & [| v | serde_json :: from_value :: < SetTone > (v) . map (| _ | ()) , | v | serde_json :: from_value :: < CreateMask > (v) . map (| _ | ()) , | v | serde_json :: from_value :: < AdjustMask > (v) . map (| _ | ()) , | v | serde_json :: from_value :: < RemoveObject > (v) . map (| _ | ()) , | v | serde_json :: from_value :: < RetouchSkin > (v) . map (| _ | ()) , | v | serde_json :: from_value :: < ApplyStyle > (v) . map (| _ | ()) , | v | serde_json :: from_value :: < Crop > (v) . map (| _ | ()) , | v | serde_json :: from_value :: < Compare > (v) . map (| _ | ()) , | v | serde_json :: from_value :: < GetHistogram > (v) . map (| _ | ()) , | v | serde_json :: from_value :: < GetScores > (v) . map (| _ | ()) , | v | serde_json :: from_value :: < IndexFolder > (v) . map (| _ | ()) , | v | serde_json :: from_value :: < SetSelection > (v) . map (| _ | ()) , | v | serde_json :: from_value :: < Export > (v) . map (| _ | ())] ; parsers [index] (value) } pub fn document_schemas () -> Vec < serde_json :: Value > { vec ! [serde_json :: to_value (schemars :: schema_for ! (OpenDocument)) . expect ("serializable schema") , serde_json :: to_value (schemars :: schema_for ! (AddLayer)) . expect ("serializable schema") , serde_json :: to_value (schemars :: schema_for ! (SetLayerProps)) . expect ("serializable schema") , serde_json :: to_value (schemars :: schema_for ! (PaintStroke)) . expect ("serializable schema") , serde_json :: to_value (schemars :: schema_for ! (SetPixelSelection)) . expect ("serializable schema") , serde_json :: to_value (schemars :: schema_for ! (ApplyAdjustmentLayer)) . expect ("serializable schema") , serde_json :: to_value (schemars :: schema_for ! (TransformLayer)) . expect ("serializable schema") , serde_json :: to_value (schemars :: schema_for ! (MergeDown)) . expect ("serializable schema") , serde_json :: to_value (schemars :: schema_for ! (ExportDocument)) . expect ("serializable schema") , serde_json :: to_value (schemars :: schema_for ! (ListLayers)) . expect ("serializable schema") , serde_json :: to_value (schemars :: schema_for ! (AddChannel)) . expect ("serializable schema") , serde_json :: to_value (schemars :: schema_for ! (DeleteChannel)) . expect ("serializable schema") , serde_json :: to_value (schemars :: schema_for ! (RenameChannel)) . expect ("serializable schema") , serde_json :: to_value (schemars :: schema_for ! (EditChannel)) . expect ("serializable schema") , serde_json :: to_value (schemars :: schema_for ! (LoadChannelAsSelection)) . expect ("serializable schema")] } pub fn validate_document (index : usize , value : serde_json :: Value) -> Result < () , serde_json :: Error > { type Parser = fn (serde_json :: Value) -> Result < () , serde_json :: Error > ; let parsers : & [Parser] = & [| v | serde_json :: from_value :: < OpenDocument > (v) . map (| _ | ()) , | v | serde_json :: from_value :: < AddLayer > (v) . map (| _ | ()) , | v | serde_json :: from_value :: < SetLayerProps > (v) . map (| _ | ()) , | v | serde_json :: from_value :: < PaintStroke > (v) . map (| _ | ()) , | v | serde_json :: from_value :: < SetPixelSelection > (v) . map (| _ | ()) , | v | serde_json :: from_value :: < ApplyAdjustmentLayer > (v) . map (| _ | ()) , | v | serde_json :: from_value :: < TransformLayer > (v) . map (| _ | ()) , | v | serde_json :: from_value :: < MergeDown > (v) . map (| _ | ()) , | v | serde_json :: from_value :: < ExportDocument > (v) . map (| _ | ()) , | v | serde_json :: from_value :: < ListLayers > (v) . map (| _ | ()) , | v | serde_json :: from_value :: < AddChannel > (v) . map (| _ | ()) , | v | serde_json :: from_value :: < DeleteChannel > (v) . map (| _ | ()) , | v | serde_json :: from_value :: < RenameChannel > (v) . map (| _ | ()) , | v | serde_json :: from_value :: < EditChannel > (v) . map (| _ | ()) , | v | serde_json :: from_value :: < LoadChannelAsSelection > (v) . map (| _ | ())] ; parsers [index] (value) }
  |                                                                                                                                                                                                                                                                                                                                                                                                                                                                                                                                                                                                                                                                                                                                                                                                                                                                                                                                                                                                                                                                                                                                                                                                                                                                                                                                                                                                                                                                                                                                                                                                                                                                                                                                                                                                                                                                                                                                                                                                                                                                                                                                                                                                                                                                                                                                                                                                                                                                                                                                                                                                                                                                                                                                                                                                                                                                                                                                                                                                                                                                                                                                                                                                                                                                                                                                                                                                                                                                                                                                                                                                                                                                                                                                                                                                                                                                                                                                                                                                                                                                                                                                                                                                                                                                                                                                                                                                                                                                                                                                                                                                                                                                                                                                                                                                                                                                                                                                                                                                                                                                                                                                                                                                                                                                                                                                                                                                                                                                                                                                                                                                                                                                                                                                                                                                                                                                                                                                                                                                                                                                                                                                                                                                                                                                                                                                                                                                                                                                                                                                                                                                                                                                                                                                                                                                                                                                                                                                                                                                                                                                                                                                                                                                                                                                                                                                                                                                                                                                                                                                                                                                                                                                                                                                                                                                                                                                                                                                                                                                                                                                                                                                                                                                                                                                                                                                                                                                                                                                                                                                                                                                                                                                                                                                                                                                                                                                                                                                                                                                                                                                                                                                                                                                                                                                                                                                                                                                                                                                                                                                                                                                                                                                                                                                                                                                                                                                                                                                                                                                                                                                                                                                                                                                                                                                                                                                                                                                                                                                                                                                                                                                                                                                                                                                                                                                                                                                                                                                                                                                                                                                                                                                                                                                                                                                                                                                                                                                                                                                                                                                                                                                                                                                                                                                                                                                                                                                                                                                                                                                                                                                                                                                                                                                                                                                                                                                                                                                                                                                                                                                                                                                                                                                                                                                                                                                                                                                                                                                                                                                                                                                                                                                                                                                                                                                                                                                                                                                                                                                                                                                                                                                                                                                                                                                                                                                                                                                                                                                                                                                                                                                                                                                                                                                                                                                                                                                                                                                                                                                                                                                                                                                                                                                                                                                                                                                                                                                                                                                                                                                                                                                                                                                                                                                                                                                                                                                                                                                                                                                                                                                                                                                                                                                                                                                                                                                                                                                                                                                                                                                                                                                                                                                                                                                                                                                                                                                                                                                                                                                                                                                                                                                                                                                                                                                                                                                                                                                                                                                                                                                                                                                                                                                                                                                                                                                                                                                                                                                                                                                                                                                                                                                                                                                                                                                                                                                                                                                                                                                                                                                                                                                                                                                                                                                                                                                                                                                                                                                                                                                                                                                                                                                                                                                                                                                                                                                                                                                                                                                                                                                                                                                                                                                                                                                                                                                                                                                                                                                                                                                                                                                                                                                                                                                                                                                                                                                                                                                                                                                                                                                                                                                                                                                                                                                                                                                                                                                                                                                                                                                                                                                                                                                                                                                                                                                                                                                                                                                                                                                                                                                                                                                                                                                                                                                                                                                                                                                                                                                                                                                                                                                                                                                                                                                                                                                                                                                                                                                                                                                                                                                                                                                                                                                                                                                                                                                                                                                                                                                                                                                                                                                                                                                                                                                                                                                                                                                                                                                                                                                                                                                                                                                                                                                                                                                                                                                                                                                                                                                                                                                                                                                                                                                                                                                                                                                                                                                                                                                                                                                                                                                                                                                                                                                                                                                                                                                                                                                                                                                                                                                                                                                                                                                                                                                                                                                                                                                                                                                                                                                                                                                                                                                                                                                                                                                                                                                                                                                                                                                                                                                                                                                                                                                                                                                                                                                                                                                                                                                                                                                                                                                                                                                                                                                                                                                                                                                                                                                                                                                                                                                                                                                                                                                                                                                                                                                                                                                                                                                                                                                                                                                                                                                                                                                                                                                                                                                                                                                                                                                                                                                                                                                                                                                                                                                                                                                                                                                                                                                                                                                                                                                                                                                                                                                                                                                                                                                                                                                                                                                                                                                                                                                                                                                                                                                                                                                                                                                                                                                                                                                                                                                                                                                                                                                                                                                                                                                                                                                                                                                                                                                                                                                                                                                                                                                                                                                                                                                                                                                                                                                                                                                                                                                                                                                                                                                                                                                                                                                                                                                                                                                                                                                                                                                                                                                                                                 ++++++++++++++++++

error[E0425]: cannot find type `ChannelKind` in this scope
 --> /Volumes/betterSSD/tessera-cache/target/M5-20/release/build/tessera-mcp-aba829c099ce18e5/out/wire_schemas.rs:1:29688
  |
1 | ...changed."] # [serde (default)] kind : Option < ChannelKind > , # [doc = " Replacement host-staged raster; absent leaves it unchang...
  |                                                   ^^^^^^^^^^^ not found in this scope

error[E0425]: cannot find type `ChannelRasterRef` in this scope
 --> /Volumes/betterSSD/tessera-cache/target/M5-20/release/build/tessera-mcp-aba829c099ce18e5/out/wire_schemas.rs:1:29815
  |
1 | ...ged."] # [serde (default)] raster : Option < ChannelRasterRef > , # [doc = " One-line rationale recorded on the history entry."] #...
  |                                                 ^^^^^^^^^^^^^^^^ not found in this scope

error[E0425]: cannot find type `ChannelId` in this scope
 --> /Volumes/betterSSD/tessera-cache/target/M5-20/release/build/tessera-mcp-aba829c099ce18e5/out/wire_schemas.rs:1:30819
  |
1 | ... Channel (including spot channels)."] channel : ChannelId , # [doc = " How to combine with the active selection."] # [serde (defau...
  |                                                    ^^^^^^^^^ not found in this scope

error[E0425]: cannot find function `library_schemas` in module `wire`
   --> crates/tessera-mcp/src/schema.rs:114:26
    |
114 |     schemas.extend(wire::library_schemas());
    |                          ^^^^^^^^^^^^^^^ not found in `wire`

error[E0425]: cannot find function `validate_library` in module `wire`
   --> crates/tessera-mcp/src/schema.rs:262:15
    |
262 |         wire::validate_library(index, input.clone()).map_err(|e| e.to_string())?;
    |               ^^^^^^^^^^^^^^^^ not found in `wire`

error[E0425]: cannot find function `library_schemas` in module `wire`
   --> crates/tessera-mcp/src/schema.rs:281:34
    |
281 |         return known_keys(&wire::library_schemas()[index], input);
    |                                  ^^^^^^^^^^^^^^^ not found in `wire`

error[E0063]: missing field `channel` in initializer of `DocumentToolOutput`
   --> crates/tessera-mcp/src/documents/mod.rs:382:20
    |
382 |                 Ok(DocumentToolOutput::DocumentEdited {
    |                    ^^^^^^^^^^^^^^^^^^^^^^^^^^^^^^^^^^ missing `channel`

error[E0063]: missing field `channels` in initializer of `DocumentSummary`
    --> crates/tessera-mcp/src/documents/mod.rs:1140:8
     |
1140 |     Ok(DocumentSummary {
     |        ^^^^^^^^^^^^^^^ missing `channels`

error[E0004]: non-exhaustive patterns: `&DocumentToolCall::AddChannel { .. }`, `&DocumentToolCall::DeleteChannel { .. }`, `&DocumentToolCall::RenameChannel { .. }` and 2 more not covered
   --> crates/tessera-mcp/src/documents/mod.rs:402:18
    |
402 |         Ok(match call {
    |                  ^^^^ patterns `&DocumentToolCall::AddChannel { .. }`, `&DocumentToolCall::DeleteChannel { .. }`, `&DocumentToolCall::RenameChannel { .. }` and 2 more not covered
    |
note: `DocumentToolCall` defined here
   --> crates/engine-api/src/tools.rs:590:1
    |
590 | pub enum DocumentToolCall {
    | ^^^^^^^^^^^^^^^^^^^^^^^^^
...
712 |     AddChannel {
    |     ---------- not covered
...
724 |     DeleteChannel {
    |     ------------- not covered
...
731 |     RenameChannel {
    |     ------------- not covered
...
740 |     EditChannel {
    |     ----------- not covered
...
754 |     LoadChannelAsSelection {
    |     ---------------------- not covered
    = note: the matched value is of type `&DocumentToolCall`
help: ensure that all possible cases are being handled by adding a match arm with a wildcard pattern as shown, or multiple match arms
    |
586 ~             },
587 +             _ => todo!()
    |

Some errors have detailed explanations: E0004, E0063, E0425.
For more information about an error, try `rustc --explain E0004`.
error: could not compile `tessera-mcp` (lib) due to 16 previous errors
warning: build failed, waiting for other jobs to finish...
