Building for production...
[0/3] Write swift-version--58304C5D6DBC2206.txt
Build complete! (0.10s)
Test Suite 'All tests' started at 2026-09-28 17:04:04.741.
Test Suite 'TesseraPackageTests.xctest' started at 2026-09-28 17:04:04.741.
Test Suite 'AISettingsTests' started at 2026-09-28 17:04:04.741.
Test Case '-[TesseraCoreTests.AISettingsTests testKeychainStoreRoundTripUsesItsOwnService]' started.
Test Case '-[TesseraCoreTests.AISettingsTests testKeychainStoreRoundTripUsesItsOwnService]' passed (0.049 seconds).
Test Case '-[TesseraCoreTests.AISettingsTests testKeysLiveOnlyInTheSecretStoreAndProvidersReadThemLate]' started.
Test Case '-[TesseraCoreTests.AISettingsTests testKeysLiveOnlyInTheSecretStoreAndProvidersReadThemLate]' passed (0.002 seconds).
Test Case '-[TesseraCoreTests.AISettingsTests testPreferencesToleratePartialFilesAndClampGuardrails]' started.
Test Case '-[TesseraCoreTests.AISettingsTests testPreferencesToleratePartialFilesAndClampGuardrails]' passed (0.001 seconds).
Test Suite 'AISettingsTests' passed at 2026-09-28 17:04:04.793.
	 Executed 3 tests, with 0 failures (0 unexpected) in 0.052 (0.052) seconds
Test Suite 'AgentFadeTests' started at 2026-09-28 17:04:04.793.
Test Case '-[TesseraCoreTests.AgentFadeTests testBlendInterpolatesNumbersAndSwitchesOtherValuesAtHalf]' started.
Test Case '-[TesseraCoreTests.AgentFadeTests testBlendInterpolatesNumbersAndSwitchesOtherValuesAtHalf]' passed (0.000 seconds).
Test Case '-[TesseraCoreTests.AgentFadeTests testMergePatchRemovesMembersWithNull]' started.
Test Case '-[TesseraCoreTests.AgentFadeTests testMergePatchRemovesMembersWithNull]' passed (0.000 seconds).
Test Case '-[TesseraCoreTests.AgentFadeTests testPatchOnlyTouchesWhatTheAmountChangesAndKeepsLaterEdits]' started.
Test Case '-[TesseraCoreTests.AgentFadeTests testPatchOnlyTouchesWhatTheAmountChangesAndKeepsLaterEdits]' passed (0.000 seconds).
Test Suite 'AgentFadeTests' passed at 2026-09-28 17:04:04.794.
	 Executed 3 tests, with 0 failures (0 unexpected) in 0.001 (0.001) seconds
Test Suite 'AgentReviewLayoutTests' started at 2026-09-28 17:04:04.794.
Test Case '-[TesseraCoreTests.AgentReviewLayoutTests testReviewEmptyAndRealQueueAtEverySizeAndAppearance]' started.
Test Case '-[TesseraCoreTests.AgentReviewLayoutTests testReviewEmptyAndRealQueueAtEverySizeAndAppearance]' passed (29.922 seconds).
Test Case '-[TesseraCoreTests.AgentReviewLayoutTests testRowsOnlyRecipeAndFileUpdateReloadsCurrentReviewPreview]' started.
develop original L2 calibration [first, tone, WB] ms: CPU [16.827624999999998, 0.30333299999999996, 0.3565]; GPU [19.21925, 1.0010839999999999, 0.975]
Test Case '-[TesseraCoreTests.AgentReviewLayoutTests testRowsOnlyRecipeAndFileUpdateReloadsCurrentReviewPreview]' passed (1.731 seconds).
Test Suite 'AgentReviewLayoutTests' passed at 2026-09-28 17:04:36.448.
	 Executed 2 tests, with 0 failures (0 unexpected) in 31.654 (31.654) seconds
Test Suite 'AgentReviewNavigationStateTests' started at 2026-09-28 17:04:36.448.
Test Case '-[TesseraCoreTests.AgentReviewNavigationStateTests testAcceptAndNextRequiresSuccessfulCurrentSelectionAndSkipsFailedReviewed]' started.
Test Case '-[TesseraCoreTests.AgentReviewNavigationStateTests testAcceptAndNextRequiresSuccessfulCurrentSelectionAndSkipsFailedReviewed]' passed (0.000 seconds).
Test Case '-[TesseraCoreTests.AgentReviewNavigationStateTests testRedoReorderKeepsSelectedIdentityAndInvalidatesOldDraft]' started.
Test Case '-[TesseraCoreTests.AgentReviewNavigationStateTests testRedoReorderKeepsSelectedIdentityAndInvalidatesOldDraft]' passed (0.000 seconds).
Test Case '-[TesseraCoreTests.AgentReviewNavigationStateTests testRestoredCursorUsesStableIDsAndFallsBackWhenTheyAreMissing]' started.
Test Case '-[TesseraCoreTests.AgentReviewNavigationStateTests testRestoredCursorUsesStableIDsAndFallsBackWhenTheyAreMissing]' passed (0.000 seconds).
Test Case '-[TesseraCoreTests.AgentReviewNavigationStateTests testStatusUpdateKeepsDraftButSelectingAnotherPhotoClearsIt]' started.
Test Case '-[TesseraCoreTests.AgentReviewNavigationStateTests testStatusUpdateKeepsDraftButSelectingAnotherPhotoClearsIt]' passed (0.000 seconds).
Test Case '-[TesseraCoreTests.AgentReviewNavigationStateTests testUserSelectionChangeDoesNotAdvanceOnLateAcceptCompletion]' started.
Test Case '-[TesseraCoreTests.AgentReviewNavigationStateTests testUserSelectionChangeDoesNotAdvanceOnLateAcceptCompletion]' passed (0.000 seconds).
Test Suite 'AgentReviewNavigationStateTests' passed at 2026-09-28 17:04:36.449.
	 Executed 5 tests, with 0 failures (0 unexpected) in 0.001 (0.001) seconds
Test Suite 'AgentReviewNavigationTests' started at 2026-09-28 17:04:36.449.
Test Case '-[TesseraCoreTests.AgentReviewNavigationTests testEmptyReviewIsReachableAndDoesNotConsumeLibraryUndoOrSelection]' started.
Test Case '-[TesseraCoreTests.AgentReviewNavigationTests testEmptyReviewIsReachableAndDoesNotConsumeLibraryUndoOrSelection]' passed (0.000 seconds).
Test Case '-[TesseraCoreTests.AgentReviewNavigationTests testExplicitReviewEditBackUnwindsBeforeLibraryAndSourceChangeClearsIt]' started.
Test Case '-[TesseraCoreTests.AgentReviewNavigationTests testExplicitReviewEditBackUnwindsBeforeLibraryAndSourceChangeClearsIt]' passed (0.000 seconds).
Test Case '-[TesseraCoreTests.AgentReviewNavigationTests testFirstLayeredCopyIncludesPendingPhotoAdjustment]' started.
develop original L2 calibration [first, tone, WB] ms: CPU [12.548333, 0.386833, 0.452542]; GPU [13.54725, 0.7479169999999999, 0.9605]
Test Case '-[TesseraCoreTests.AgentReviewNavigationTests testFirstLayeredCopyIncludesPendingPhotoAdjustment]' passed (0.773 seconds).
Test Case '-[TesseraCoreTests.AgentReviewNavigationTests testForeignFolderRejectsCapturedReviewTarget]' started.
Test Case '-[TesseraCoreTests.AgentReviewNavigationTests testForeignFolderRejectsCapturedReviewTarget]' passed (0.547 seconds).
Test Case '-[TesseraCoreTests.AgentReviewNavigationTests testLayeredHandoffCancelsWhenSelectionOrOwnerChangesBeforeSaveWaitReturns]' started.
develop original L2 calibration [first, tone, WB] ms: CPU [12.433, 0.3725, 0.449708]; GPU [14.773042, 1.0148329999999999, 1.0379580000000002]
develop original L2 calibration [first, tone, WB] ms: CPU [12.694334, 0.367459, 0.455334]; GPU [13.610624999999999, 1.0095830000000001, 0.786792]
develop original L2 calibration [first, tone, WB] ms: CPU [12.499, 0.3665, 0.468833]; GPU [13.274875, 0.913208, 0.965083]
Test Case '-[TesseraCoreTests.AgentReviewNavigationTests testLayeredHandoffCancelsWhenSelectionOrOwnerChangesBeforeSaveWaitReturns]' passed (1.905 seconds).
Test Case '-[TesseraCoreTests.AgentReviewNavigationTests testLegacyPeopleAndTetherInspectionKeepsLibraryLoupe]' started.
Test Case '-[TesseraCoreTests.AgentReviewNavigationTests testLegacyPeopleAndTetherInspectionKeepsLibraryLoupe]' passed (0.001 seconds).
Test Case '-[TesseraCoreTests.AgentReviewNavigationTests testNewFolderRestoresLibraryInspectorPreferenceWhenLeavingReview]' started.
Test Case '-[TesseraCoreTests.AgentReviewNavigationTests testNewFolderRestoresLibraryInspectorPreferenceWhenLeavingReview]' passed (0.000 seconds).
Test Case '-[TesseraCoreTests.AgentReviewNavigationTests testOpeningReviewedPhotoOutsideFilterPreservesLibraryPlace]' started.
Test Case '-[TesseraCoreTests.AgentReviewNavigationTests testOpeningReviewedPhotoOutsideFilterPreservesLibraryPlace]' passed (0.000 seconds).
Test Case '-[TesseraCoreTests.AgentReviewNavigationTests testRealQueueFilteredEditRoundTripDraftAndSuccessfulAcceptNext]' started.
develop original L2 calibration [first, tone, WB] ms: CPU [12.66325, 0.37066699999999997, 0.5311250000000001]; GPU [14.563375, 0.854542, 0.8945]
Test Case '-[TesseraCoreTests.AgentReviewNavigationTests testRealQueueFilteredEditRoundTripDraftAndSuccessfulAcceptNext]' passed (0.859 seconds).
Test Case '-[TesseraCoreTests.AgentReviewNavigationTests testReviewEditKeysAndMenuCannotOpenTargetDuringRunOrAcceptance]' started.
Test Case '-[TesseraCoreTests.AgentReviewNavigationTests testReviewEditKeysAndMenuCannotOpenTargetDuringRunOrAcceptance]' passed (1.005 seconds).
Test Case '-[TesseraCoreTests.AgentReviewNavigationTests testSamePathLibraryReopenRehydratesAllReviewedQueueAndRejectsStaleTarget]' started.
Test Case '-[TesseraCoreTests.AgentReviewNavigationTests testSamePathLibraryReopenRehydratesAllReviewedQueueAndRejectsStaleTarget]' passed (0.802 seconds).
Test Suite 'AgentReviewNavigationTests' passed at 2026-09-28 17:04:42.342.
	 Executed 11 tests, with 0 failures (0 unexpected) in 5.892 (5.893) seconds
Test Suite 'AgentReviewOwnershipTests' started at 2026-09-28 17:04:42.342.
Test Case '-[TesseraCoreTests.AgentReviewOwnershipTests testAcceptAlreadyInFlightCannotPublishStatusInNewLibrary]' started.
Test Case '-[TesseraCoreTests.AgentReviewOwnershipTests testAcceptAlreadyInFlightCannotPublishStatusInNewLibrary]' passed (0.516 seconds).
Test Case '-[TesseraCoreTests.AgentReviewOwnershipTests testAcceptWaitsForAlreadyClosingDevelopSave]' started.
develop original L2 calibration [first, tone, WB] ms: CPU [25.147333, 0.539375, 0.61675]; GPU [27.638125, 1.068708, 0.95175]
Test Case '-[TesseraCoreTests.AgentReviewOwnershipTests testAcceptWaitsForAlreadyClosingDevelopSave]' passed (0.828 seconds).
Test Case '-[TesseraCoreTests.AgentReviewOwnershipTests testAlreadyClosingDevelopSavePrecedesCapturedRun]' started.
develop original L2 calibration [first, tone, WB] ms: CPU [25.076583, 0.511709, 0.627459]; GPU [26.740167, 0.865333, 1.103542]
Test Case '-[TesseraCoreTests.AgentReviewOwnershipTests testAlreadyClosingDevelopSavePrecedesCapturedRun]' passed (0.431 seconds).
Test Case '-[TesseraCoreTests.AgentReviewOwnershipTests testCancelledRunReleasesMutationExclusion]' started.
develop original L2 calibration [first, tone, WB] ms: CPU [24.676459, 0.48604200000000003, 0.613166]; GPU [26.805791999999997, 0.857, 0.937584]
Test Case '-[TesseraCoreTests.AgentReviewOwnershipTests testCancelledRunReleasesMutationExclusion]' passed (0.108 seconds).
Test Case '-[TesseraCoreTests.AgentReviewOwnershipTests testCapturedOwnerBarrierDoesNotCancelNewLibraryPendingOpen]' started.
develop original L2 calibration [first, tone, WB] ms: CPU [26.175833, 0.548458, 0.656875]; GPU [27.771708, 0.912, 0.962333]
develop original L2 calibration [first, tone, WB] ms: CPU [26.127042, 0.531667, 0.6559159999999999]; GPU [27.769166000000002, 0.910375, 0.9766659999999999]
Test Case '-[TesseraCoreTests.AgentReviewOwnershipTests testCapturedOwnerBarrierDoesNotCancelNewLibraryPendingOpen]' passed (0.082 seconds).
Test Case '-[TesseraCoreTests.AgentReviewOwnershipTests testClosePersistsCoalescedMaskParametersAndAmount]' started.
develop original L2 calibration [first, tone, WB] ms: CPU [25.383375, 0.593458, 1.12775]; GPU [27.587041, 0.7951670000000001, 0.953375]
Test Case '-[TesseraCoreTests.AgentReviewOwnershipTests testClosePersistsCoalescedMaskParametersAndAmount]' passed (0.123 seconds).
Test Case '-[TesseraCoreTests.AgentReviewOwnershipTests testCompletedQueueRestoresRecipeStatusAndCursorWithFreshOwner]' started.
Test Case '-[TesseraCoreTests.AgentReviewOwnershipTests testCompletedQueueRestoresRecipeStatusAndCursorWithFreshOwner]' passed (0.735 seconds).
Test Case '-[TesseraCoreTests.AgentReviewOwnershipTests testConcurrentCloseWaitsForOneActualSessionFlush]' started.
develop original L2 calibration [first, tone, WB] ms: CPU [25.0475, 0.480416, 0.615125]; GPU [27.145292, 0.985041, 0.990542]
Test Case '-[TesseraCoreTests.AgentReviewOwnershipTests testConcurrentCloseWaitsForOneActualSessionFlush]' passed (0.168 seconds).
Test Case '-[TesseraCoreTests.AgentReviewOwnershipTests testCurrentOwnerAcceptCompletesAndPreservesQueuePosition]' started.
Test Case '-[TesseraCoreTests.AgentReviewOwnershipTests testCurrentOwnerAcceptCompletesAndPreservesQueuePosition]' passed (0.709 seconds).
Test Case '-[TesseraCoreTests.AgentReviewOwnershipTests testCurrentPhotoContextWorksWhileQueueBelongsToAnotherLibrary]' started.
Test Case '-[TesseraCoreTests.AgentReviewOwnershipTests testCurrentPhotoContextWorksWhileQueueBelongsToAnotherLibrary]' passed (1.203 seconds).
Test Case '-[TesseraCoreTests.AgentReviewOwnershipTests testCursorUpdateDuringRedoIsMergedIntoCompletionRevision]' started.
Test Case '-[TesseraCoreTests.AgentReviewOwnershipTests testCursorUpdateDuringRedoIsMergedIntoCompletionRevision]' passed (1.291 seconds).
Test Case '-[TesseraCoreTests.AgentReviewOwnershipTests testDevelopFailureCallbackCanQueueAnotherPatchForExplicitRetry]' started.
develop original L2 calibration [first, tone, WB] ms: CPU [25.4145, 0.502458, 0.6315000000000001]; GPU [27.444, 0.8407910000000001, 0.9536250000000001]
Test Case '-[TesseraCoreTests.AgentReviewOwnershipTests testDevelopFailureCallbackCanQueueAnotherPatchForExplicitRetry]' passed (0.121 seconds).
Test Case '-[TesseraCoreTests.AgentReviewOwnershipTests testDirtyDevelopSavePrecedesCapturedRunAfterFolderSwitch]' started.
develop original L2 calibration [first, tone, WB] ms: CPU [25.395750000000003, 0.5269159999999999, 0.793209]; GPU [27.684166, 0.84325, 0.958917]
Test Case '-[TesseraCoreTests.AgentReviewOwnershipTests testDirtyDevelopSavePrecedesCapturedRunAfterFolderSwitch]' passed (0.417 seconds).
Test Case '-[TesseraCoreTests.AgentReviewOwnershipTests testExplicitRejectedRetryCancelsAnOlderDeferredFlush]' started.
develop original L2 calibration [first, tone, WB] ms: CPU [25.543416999999998, 0.494333, 0.631583]; GPU [28.387791, 0.837334, 0.9633750000000001]
Test Case '-[TesseraCoreTests.AgentReviewOwnershipTests testExplicitRejectedRetryCancelsAnOlderDeferredFlush]' passed (0.123 seconds).
Test Case '-[TesseraCoreTests.AgentReviewOwnershipTests testFailedFinalPatchKeepsFinalRenderModeWhenNewerInteractivePatchArrives]' started.
develop original L2 calibration [first, tone, WB] ms: CPU [26.00675, 0.51225, 0.596958]; GPU [27.996333000000003, 0.897625, 0.9472499999999999]
Test Case '-[TesseraCoreTests.AgentReviewOwnershipTests testFailedFinalPatchKeepsFinalRenderModeWhenNewerInteractivePatchArrives]' passed (0.171 seconds).
Test Case '-[TesseraCoreTests.AgentReviewOwnershipTests testForeignRedoAndShowRejectCapturedQueueTarget]' started.
Test Case '-[TesseraCoreTests.AgentReviewOwnershipTests testForeignRedoAndShowRejectCapturedQueueTarget]' passed (0.538 seconds).
Test Case '-[TesseraCoreTests.AgentReviewOwnershipTests testInterruptedIntentRestoresUnknownTargetWithoutReplaying]' started.
Test Case '-[TesseraCoreTests.AgentReviewOwnershipTests testInterruptedIntentRestoresUnknownTargetWithoutReplaying]' passed (0.014 seconds).
Test Case '-[TesseraCoreTests.AgentReviewOwnershipTests testMissingAndSupersededTargetsStayVisibleButDisabledAfterRestore]' started.
Test Case '-[TesseraCoreTests.AgentReviewOwnershipTests testMissingAndSupersededTargetsStayVisibleButDisabledAfterRestore]' passed (0.544 seconds).
Test Case '-[TesseraCoreTests.AgentReviewOwnershipTests testPendingDevelopOpenSettlesBeforeAcceptAndRevert]' started.
develop original L2 calibration [first, tone, WB] ms: CPU [25.404166999999998, 0.502416, 0.630708]; GPU [27.651458, 0.887125, 0.8907919999999999]
Test Case '-[TesseraCoreTests.AgentReviewOwnershipTests testPendingDevelopOpenSettlesBeforeAcceptAndRevert]' passed (0.800 seconds).
Test Case '-[TesseraCoreTests.AgentReviewOwnershipTests testPendingDevelopOpenSettlesBeforeRun]' started.
develop original L2 calibration [first, tone, WB] ms: CPU [25.48, 0.500125, 0.628583]; GPU [27.238, 0.838167, 0.896333]
Test Case '-[TesseraCoreTests.AgentReviewOwnershipTests testPendingDevelopOpenSettlesBeforeRun]' passed (0.583 seconds).
Test Case '-[TesseraCoreTests.AgentReviewOwnershipTests testRedoInvalidatesOldTargetAndCurrentRevertStillWorks]' started.
Test Case '-[TesseraCoreTests.AgentReviewOwnershipTests testRedoInvalidatesOldTargetAndCurrentRevertStillWorks]' passed (0.842 seconds).
Test Case '-[TesseraCoreTests.AgentReviewOwnershipTests testRejectedDevelopPatchPreservesReentrantNewerSettings]' started.
develop original L2 calibration [first, tone, WB] ms: CPU [25.605583000000003, 0.503667, 0.633042]; GPU [27.158334, 0.83375, 0.920875]
Test Case '-[TesseraCoreTests.AgentReviewOwnershipTests testRejectedDevelopPatchPreservesReentrantNewerSettings]' passed (0.119 seconds).
Test Case '-[TesseraCoreTests.AgentReviewOwnershipTests testRejectedDevelopPatchRemainsPendingForRetry]' started.
develop original L2 calibration [first, tone, WB] ms: CPU [25.359375, 0.512833, 0.6302080000000001]; GPU [27.008125, 0.737542, 0.929]
Test Case '-[TesseraCoreTests.AgentReviewOwnershipTests testRejectedDevelopPatchRemainsPendingForRetry]' passed (0.122 seconds).
Test Case '-[TesseraCoreTests.AgentReviewOwnershipTests testReopenedOwnerAndFileAliasesCannotOpenAcrossCapturedMutation]' started.
develop original L2 calibration [first, tone, WB] ms: CPU [25.821292, 0.511458, 0.632416]; GPU [27.686167, 0.8933749999999999, 0.9688329999999999]
Test Case '-[TesseraCoreTests.AgentReviewOwnershipTests testReopenedOwnerAndFileAliasesCannotOpenAcrossCapturedMutation]' passed (0.610 seconds).
Test Case '-[TesseraCoreTests.AgentReviewOwnershipTests testResumeSaveFailureKeepsInMemoryQueueAndExposesWarningState]' started.
Test Case '-[TesseraCoreTests.AgentReviewOwnershipTests testResumeSaveFailureKeepsInMemoryQueueAndExposesWarningState]' passed (0.534 seconds).
Test Case '-[TesseraCoreTests.AgentReviewOwnershipTests testRetainedQueueAcceptCannotTrainNewLibraryProfile]' started.
Test Case '-[TesseraCoreTests.AgentReviewOwnershipTests testRetainedQueueAcceptCannotTrainNewLibraryProfile]' passed (0.511 seconds).
Test Case '-[TesseraCoreTests.AgentReviewOwnershipTests testRetainedQueueRevertCannotRefreshNewLibraryOrMutateOldRecipe]' started.
Test Case '-[TesseraCoreTests.AgentReviewOwnershipTests testRetainedQueueRevertCannotRefreshNewLibraryOrMutateOldRecipe]' passed (0.530 seconds).
Test Case '-[TesseraCoreTests.AgentReviewOwnershipTests testRevertWaitsForAlreadyClosingDevelopSave]' started.
develop original L2 calibration [first, tone, WB] ms: CPU [24.894958, 0.507583, 0.619583]; GPU [26.894875, 0.845959, 0.9851669999999999]
Test Case '-[TesseraCoreTests.AgentReviewOwnershipTests testRevertWaitsForAlreadyClosingDevelopSave]' passed (0.660 seconds).
Test Case '-[TesseraCoreTests.AgentReviewOwnershipTests testReviewMutationsRejectNewTargetDevelopOpenAndReleaseOnCompletion]' started.
develop original L2 calibration [first, tone, WB] ms: CPU [25.001958000000002, 0.491709, 0.631584]; GPU [27.807209, 0.9495, 0.9683750000000001]
Test Case '-[TesseraCoreTests.AgentReviewOwnershipTests testReviewMutationsRejectNewTargetDevelopOpenAndReleaseOnCompletion]' passed (0.797 seconds).
Test Case '-[TesseraCoreTests.AgentReviewOwnershipTests testRunCompletionAfterFolderSwitchDoesNotRefreshNewLibrary]' started.
Test Case '-[TesseraCoreTests.AgentReviewOwnershipTests testRunCompletionAfterFolderSwitchDoesNotRefreshNewLibrary]' passed (0.512 seconds).
Test Case '-[TesseraCoreTests.AgentReviewOwnershipTests testRunningOwnerDoesNotBlockAnotherLibraryDevelopOpen]' started.
develop original L2 calibration [first, tone, WB] ms: CPU [25.719333, 0.509209, 0.6130000000000001]; GPU [27.090833, 1.2563749999999998, 0.8867919999999999]
Test Case '-[TesseraCoreTests.AgentReviewOwnershipTests testRunningOwnerDoesNotBlockAnotherLibraryDevelopOpen]' passed (0.515 seconds).
Test Case '-[TesseraCoreTests.AgentReviewOwnershipTests testRunOnAnotherPhotoWaitsForAcceptAndRevertCompletion]' started.
Test Case '-[TesseraCoreTests.AgentReviewOwnershipTests testRunOnAnotherPhotoWaitsForAcceptAndRevertCompletion]' passed (0.739 seconds).
Test Case '-[TesseraCoreTests.AgentReviewOwnershipTests testRunRejectsNewTargetDevelopOpenAndCompletionOpensFreshRecipe]' started.
develop original L2 calibration [first, tone, WB] ms: CPU [24.719875, 0.481167, 0.625166]; GPU [26.7925, 0.91, 1.176458]
Test Case '-[TesseraCoreTests.AgentReviewOwnershipTests testRunRejectsNewTargetDevelopOpenAndCompletionOpensFreshRecipe]' passed (0.585 seconds).
Test Case '-[TesseraCoreTests.AgentReviewOwnershipTests testSamePathReopenDuringLiveRunDoesNotMarkItInterrupted]' started.
Test Case '-[TesseraCoreTests.AgentReviewOwnershipTests testSamePathReopenDuringLiveRunDoesNotMarkItInterrupted]' passed (0.522 seconds).
Test Case '-[TesseraCoreTests.AgentReviewOwnershipTests testSuccessfulReentrantNoninteractivePatchFlushesAfterCurrentAttempt]' started.
develop original L2 calibration [first, tone, WB] ms: CPU [24.957083, 0.4965, 0.6192920000000001]; GPU [26.826458000000002, 0.924666, 1.057708]
Test Case '-[TesseraCoreTests.AgentReviewOwnershipTests testSuccessfulReentrantNoninteractivePatchFlushesAfterCurrentAttempt]' passed (0.144 seconds).
Test Case '-[TesseraCoreTests.AgentReviewOwnershipTests testSynchronousNeedsFlushHandlerDoesNotReenterBackendCall]' started.
develop original L2 calibration [first, tone, WB] ms: CPU [24.807459, 0.47275, 0.6045]; GPU [26.626625, 0.755542, 0.891083]
Test Case '-[TesseraCoreTests.AgentReviewOwnershipTests testSynchronousNeedsFlushHandlerDoesNotReenterBackendCall]' passed (0.145 seconds).
Test Suite 'AgentReviewOwnershipTests' passed at 2026-09-28 17:04:59.742.
	 Executed 36 tests, with 0 failures (0 unexpected) in 17.396 (17.400) seconds
Test Suite 'AgentReviewQueueTests' started at 2026-09-28 17:04:59.742.
Test Case '-[TesseraCoreTests.AgentReviewQueueTests testOrdersFailuresThenLeastConfidentFirst]' started.
Test Case '-[TesseraCoreTests.AgentReviewQueueTests testOrdersFailuresThenLeastConfidentFirst]' passed (0.000 seconds).
Test Case '-[TesseraCoreTests.AgentReviewQueueTests testRedoMergeReplacesOnlyThosePhotos]' started.
Test Case '-[TesseraCoreTests.AgentReviewQueueTests testRedoMergeReplacesOnlyThosePhotos]' passed (0.000 seconds).
Test Case '-[TesseraCoreTests.AgentReviewQueueTests testStatusesChangeInPlaceAndNextSkipsReviewed]' started.
Test Case '-[TesseraCoreTests.AgentReviewQueueTests testStatusesChangeInPlaceAndNextSkipsReviewed]' passed (0.000 seconds).
Test Case '-[TesseraCoreTests.AgentReviewQueueTests testUnavailableResumeRowsStayVisibleButDoNotCountAsActionableFailures]' started.
Test Case '-[TesseraCoreTests.AgentReviewQueueTests testUnavailableResumeRowsStayVisibleButDoNotCountAsActionableFailures]' passed (0.000 seconds).
Test Suite 'AgentReviewQueueTests' passed at 2026-09-28 17:04:59.743.
	 Executed 4 tests, with 0 failures (0 unexpected) in 0.000 (0.001) seconds
Test Suite 'AssistBridgeTests' started at 2026-09-28 17:04:59.743.
Test Case '-[TesseraCoreTests.AssistBridgeTests testAutomatedSuggestionsConfirmAndFacesThroughTheController]' started.
Test Case '-[TesseraCoreTests.AssistBridgeTests testAutomatedSuggestionsConfirmAndFacesThroughTheController]' passed (0.100 seconds).
Test Suite 'AssistBridgeTests' passed at 2026-09-28 17:04:59.843.
	 Executed 1 test, with 0 failures (0 unexpected) in 0.100 (0.100) seconds
Test Suite 'BatchSettingsDraftTests' started at 2026-09-28 17:04:59.844.
Test Case '-[TesseraCoreTests.BatchSettingsDraftTests testChangingGroupsRebuildsPreviewWithoutChangingSourceOrTargets]' started.
Test Case '-[TesseraCoreTests.BatchSettingsDraftTests testChangingGroupsRebuildsPreviewWithoutChangingSourceOrTargets]' passed (0.000 seconds).
Test Case '-[TesseraCoreTests.BatchSettingsDraftTests testCropAndEmptyFieldsAreRejected]' started.
Test Case '-[TesseraCoreTests.BatchSettingsDraftTests testCropAndEmptyFieldsAreRejected]' passed (0.000 seconds).
Test Case '-[TesseraCoreTests.BatchSettingsDraftTests testDefaultPatchCopiesToneAndColorButExcludesImageSpecificWork]' started.
Test Case '-[TesseraCoreTests.BatchSettingsDraftTests testDefaultPatchCopiesToneAndColorButExcludesImageSpecificWork]' passed (0.000 seconds).
Test Case '-[TesseraCoreTests.BatchSettingsDraftTests testEmptyOpaqueIDsAreRejectedAtDraftBoundary]' started.
Test Case '-[TesseraCoreTests.BatchSettingsDraftTests testEmptyOpaqueIDsAreRejectedAtDraftBoundary]' passed (0.000 seconds).
Test Case '-[TesseraCoreTests.BatchSettingsDraftTests testInvalidSourceSettingsCannotCreateMisleadingPreview]' started.
Test Case '-[TesseraCoreTests.BatchSettingsDraftTests testInvalidSourceSettingsCannotCreateMisleadingPreview]' passed (0.000 seconds).
Test Case '-[TesseraCoreTests.BatchSettingsDraftTests testOnlyReferenceOrDuplicatesCannotApply]' started.
Test Case '-[TesseraCoreTests.BatchSettingsDraftTests testOnlyReferenceOrDuplicatesCannotApply]' passed (0.000 seconds).
Test Case '-[TesseraCoreTests.BatchSettingsDraftTests testPatchLeavesExcludedAndUnselectedNestedTargetValuesIntact]' started.
Test Case '-[TesseraCoreTests.BatchSettingsDraftTests testPatchLeavesExcludedAndUnselectedNestedTargetValuesIntact]' passed (0.000 seconds).
Test Case '-[TesseraCoreTests.BatchSettingsDraftTests testReferenceMustBeInExplicitSelection]' started.
Test Case '-[TesseraCoreTests.BatchSettingsDraftTests testReferenceMustBeInExplicitSelection]' passed (0.000 seconds).
Test Case '-[TesseraCoreTests.BatchSettingsDraftTests testTargetsAreFrozenDeduplicatedAndNeverIncludeReference]' started.
Test Case '-[TesseraCoreTests.BatchSettingsDraftTests testTargetsAreFrozenDeduplicatedAndNeverIncludeReference]' passed (0.000 seconds).
Test Case '-[TesseraCoreTests.BatchSettingsDraftTests testValidSourceWithoutSelectedPathsCannotClaimASettingsCopy]' started.
Test Case '-[TesseraCoreTests.BatchSettingsDraftTests testValidSourceWithoutSelectedPathsCannotClaimASettingsCopy]' passed (0.000 seconds).
Test Suite 'BatchSettingsDraftTests' passed at 2026-09-28 17:04:59.846.
	 Executed 10 tests, with 0 failures (0 unexpected) in 0.002 (0.002) seconds
Test Suite 'BridgeTests' started at 2026-09-28 17:04:59.846.
Test Case '-[TesseraCoreTests.BridgeTests testBasketAlbumsSafeDeleteAndDefectSweep]' started.
Test Case '-[TesseraCoreTests.BridgeTests testBasketAlbumsSafeDeleteAndDefectSweep]' passed (0.279 seconds).
Test Case '-[TesseraCoreTests.BridgeTests testDeleteFromDiskTrashesFileAndLeavesTheQueue]' started.
Test Case '-[TesseraCoreTests.BridgeTests testDeleteFromDiskTrashesFileAndLeavesTheQueue]' passed (0.052 seconds).
Test Case '-[TesseraCoreTests.BridgeTests testGroupNavigationComesFromTheSession]' started.
Test Case '-[TesseraCoreTests.BridgeTests testGroupNavigationComesFromTheSession]' passed (0.017 seconds).
Test Case '-[TesseraCoreTests.BridgeTests testKeepBestRejectRestIsOneUndoableStepThatPersists]' started.
Test Case '-[TesseraCoreTests.BridgeTests testKeepBestRejectRestIsOneUndoableStepThatPersists]' passed (0.175 seconds).
Test Case '-[TesseraCoreTests.BridgeTests testRawFixturesPersistAcrossReopenThroughTheSession]' started.
Test Case '-[TesseraCoreTests.BridgeTests testRawFixturesPersistAcrossReopenThroughTheSession]' passed (2.801 seconds).
Test Case '-[TesseraCoreTests.BridgeTests testRestoreDoesNotCreateUndoHistory]' started.
Test Case '-[TesseraCoreTests.BridgeTests testRestoreDoesNotCreateUndoHistory]' passed (0.000 seconds).
Test Suite 'BridgeTests' passed at 2026-09-28 17:05:03.170.
	 Executed 6 tests, with 0 failures (0 unexpected) in 3.324 (3.324) seconds
Test Suite 'DevelopCloseResultTests' started at 2026-09-28 17:05:03.170.
Test Case '-[TesseraCoreTests.DevelopCloseResultTests testAdmissionFailureCallbackCannotReenterIndefinitely]' started.
develop original L2 calibration [first, tone, WB] ms: CPU [0.442459, 0.287875, 0.32483300000000004]; GPU [3.1386249999999998, 0.941167, 0.906958]
Test Case '-[TesseraCoreTests.DevelopCloseResultTests testAdmissionFailureCallbackCannotReenterIndefinitely]' passed (0.026 seconds).
Test Case '-[TesseraCoreTests.DevelopCloseResultTests testCancelingOneWaiterDoesNotCancelSharedNativeClose]' started.
develop original L2 calibration [first, tone, WB] ms: CPU [0.442292, 0.267375, 0.2775]; GPU [2.8166670000000003, 2.256709, 1.0416670000000001]
Test Case '-[TesseraCoreTests.DevelopCloseResultTests testCancelingOneWaiterDoesNotCancelSharedNativeClose]' passed (0.028 seconds).
Test Case '-[TesseraCoreTests.DevelopCloseResultTests testCloseInvalidatesDeferredMaskDrain]' started.
develop original L2 calibration [first, tone, WB] ms: CPU [0.418167, 0.287, 0.307292]; GPU [2.518125, 0.92, 0.903584]
Test Case '-[TesseraCoreTests.DevelopCloseResultTests testCloseInvalidatesDeferredMaskDrain]' passed (0.039 seconds).
Test Case '-[TesseraCoreTests.DevelopCloseResultTests testCloseInvalidatesDeferredSettingsDrain]' started.
develop original L2 calibration [first, tone, WB] ms: CPU [0.40725, 0.296875, 0.29258300000000004]; GPU [2.540208, 1.426833, 0.860709]
Test Case '-[TesseraCoreTests.DevelopCloseResultTests testCloseInvalidatesDeferredSettingsDrain]' passed (0.044 seconds).
Test Case '-[TesseraCoreTests.DevelopCloseResultTests testClosingRejectsMutationsBeforeChangingHostState]' started.
develop original L2 calibration [first, tone, WB] ms: CPU [0.403875, 0.25875, 0.26337499999999997]; GPU [2.344166, 0.795667, 0.917917]
Test Case '-[TesseraCoreTests.DevelopCloseResultTests testClosingRejectsMutationsBeforeChangingHostState]' passed (0.040 seconds).
Test Case '-[TesseraCoreTests.DevelopCloseResultTests testConcurrentCloseCallersShareFailureAndSessionCanRetry]' started.
develop original L2 calibration [first, tone, WB] ms: CPU [0.398, 0.299834, 0.27575]; GPU [4.400291, 0.810583, 0.893792]
Test Case '-[TesseraCoreTests.DevelopCloseResultTests testConcurrentCloseCallersShareFailureAndSessionCanRetry]' passed (0.043 seconds).
Test Case '-[TesseraCoreTests.DevelopCloseResultTests testDelayedCallbackChildKeepsOriginOutcomeAfterIndependentRetry]' started.
develop original L2 calibration [first, tone, WB] ms: CPU [0.484292, 0.272667, 0.267959]; GPU [2.4656249999999997, 0.767958, 0.896166]
Test Case '-[TesseraCoreTests.DevelopCloseResultTests testDelayedCallbackChildKeepsOriginOutcomeAfterIndependentRetry]' passed (0.038 seconds).
Test Case '-[TesseraCoreTests.DevelopCloseResultTests testFailureCallbackCloseDoesNotStartAutomaticRetry]' started.
develop original L2 calibration [first, tone, WB] ms: CPU [0.41058300000000003, 0.26875, 0.302834]; GPU [2.495959, 0.584709, 0.704959]
Test Case '-[TesseraCoreTests.DevelopCloseResultTests testFailureCallbackCloseDoesNotStartAutomaticRetry]' passed (0.040 seconds).
Test Case '-[TesseraCoreTests.DevelopCloseResultTests testMaskFlushFailurePreventsNativeCloseAndRetainsPendingValue]' started.
develop original L2 calibration [first, tone, WB] ms: CPU [0.40499999999999997, 0.273625, 0.267959]; GPU [3.043625, 1.252291, 1.00275]
Test Case '-[TesseraCoreTests.DevelopCloseResultTests testMaskFlushFailurePreventsNativeCloseAndRetainsPendingValue]' passed (0.044 seconds).
Test Case '-[TesseraCoreTests.DevelopCloseResultTests testPatchCallbackCloseJoinsPublishedAttempt]' started.
develop original L2 calibration [first, tone, WB] ms: CPU [0.386833, 0.30104200000000003, 0.262291]; GPU [2.461042, 0.608583, 2.307541]
Test Case '-[TesseraCoreTests.DevelopCloseResultTests testPatchCallbackCloseJoinsPublishedAttempt]' passed (0.042 seconds).
Test Case '-[TesseraCoreTests.DevelopCloseResultTests testSettingsFlushFailurePreventsNativeCloseAndRemainsRetryable]' started.
develop original L2 calibration [first, tone, WB] ms: CPU [0.39875, 0.28020900000000004, 0.329875]; GPU [2.468708, 0.779375, 0.871667]
Test Case '-[TesseraCoreTests.DevelopCloseResultTests testSettingsFlushFailurePreventsNativeCloseAndRemainsRetryable]' passed (0.042 seconds).
Test Case '-[TesseraCoreTests.DevelopCloseResultTests testSuccessfulCloseDrainsOnceAndIsIdempotent]' started.
develop original L2 calibration [first, tone, WB] ms: CPU [0.402334, 0.263958, 0.262542]; GPU [3.184125, 2.698166, 0.944959]
Test Case '-[TesseraCoreTests.DevelopCloseResultTests testSuccessfulCloseDrainsOnceAndIsIdempotent]' passed (0.045 seconds).
Test Case '-[TesseraCoreTests.DevelopCloseResultTests testUnencodableSettingsBlockCloseAndRemainPending]' started.
develop original L2 calibration [first, tone, WB] ms: CPU [0.39137500000000003, 0.272667, 0.30070800000000003]; GPU [2.3522920000000003, 0.807458, 0.8772909999999999]
Test Case '-[TesseraCoreTests.DevelopCloseResultTests testUnencodableSettingsBlockCloseAndRemainPending]' passed (0.038 seconds).
Test Suite 'DevelopCloseResultTests' passed at 2026-09-28 17:05:03.680.
	 Executed 13 tests, with 0 failures (0 unexpected) in 0.509 (0.510) seconds
Test Suite 'DevelopMaskPendingRetentionTests' started at 2026-09-28 17:05:03.680.
Test Case '-[TesseraCoreTests.DevelopMaskPendingRetentionTests testAcceptedPrefixAndBrushPointsNeverReplayOnLaterFailure]' started.
Test Case '-[TesseraCoreTests.DevelopMaskPendingRetentionTests testAcceptedPrefixAndBrushPointsNeverReplayOnLaterFailure]' passed (0.000 seconds).
Test Case '-[TesseraCoreTests.DevelopMaskPendingRetentionTests testBrushRejectionRetainsSamplesAndSuccessKeepsReentrantSample]' started.
Test Case '-[TesseraCoreTests.DevelopMaskPendingRetentionTests testBrushRejectionRetainsSamplesAndSuccessKeepsReentrantSample]' passed (0.000 seconds).
Test Case '-[TesseraCoreTests.DevelopMaskPendingRetentionTests testExplicitRejectedFlushInvalidatesOlderQueuedDrain]' started.
Test Case '-[TesseraCoreTests.DevelopMaskPendingRetentionTests testExplicitRejectedFlushInvalidatesOlderQueuedDrain]' passed (0.000 seconds).
Test Case '-[TesseraCoreTests.DevelopMaskPendingRetentionTests testFailedBatchDoesNotScheduleReentrantRetry]' started.
Test Case '-[TesseraCoreTests.DevelopMaskPendingRetentionTests testFailedBatchDoesNotScheduleReentrantRetry]' passed (0.000 seconds).
Test Case '-[TesseraCoreTests.DevelopMaskPendingRetentionTests testNilHandlerDrainsTwoReentrantGenerations]' started.
Test Case '-[TesseraCoreTests.DevelopMaskPendingRetentionTests testNilHandlerDrainsTwoReentrantGenerations]' passed (0.000 seconds).
Test Case '-[TesseraCoreTests.DevelopMaskPendingRetentionTests testParameterFailureKeepsRejectedSuffixOnly]' started.
Test Case '-[TesseraCoreTests.DevelopMaskPendingRetentionTests testParameterFailureKeepsRejectedSuffixOnly]' passed (0.000 seconds).
Test Case '-[TesseraCoreTests.DevelopMaskPendingRetentionTests testReentrantNewerComponentAndParamSurviveFailedAttempt]' started.
Test Case '-[TesseraCoreTests.DevelopMaskPendingRetentionTests testReentrantNewerComponentAndParamSurviveFailedAttempt]' passed (0.000 seconds).
Test Case '-[TesseraCoreTests.DevelopMaskPendingRetentionTests testRejectedComponentAndUnattemptedGroupsParamsSurvive]' started.
Test Case '-[TesseraCoreTests.DevelopMaskPendingRetentionTests testRejectedComponentAndUnattemptedGroupsParamsSurvive]' passed (0.000 seconds).
Test Case '-[TesseraCoreTests.DevelopMaskPendingRetentionTests testRejectedGroupMergesOlderFieldsUnderNewerPatch]' started.
Test Case '-[TesseraCoreTests.DevelopMaskPendingRetentionTests testRejectedGroupMergesOlderFieldsUnderNewerPatch]' passed (0.000 seconds).
Test Case '-[TesseraCoreTests.DevelopMaskPendingRetentionTests testSuccessfulAcknowledgementKeepsNewerSameKeyValues]' started.
Test Case '-[TesseraCoreTests.DevelopMaskPendingRetentionTests testSuccessfulAcknowledgementKeepsNewerSameKeyValues]' passed (0.000 seconds).
Test Case '-[TesseraCoreTests.DevelopMaskPendingRetentionTests testSynchronousHandlerDrainsTwoReentrantGenerations]' started.
Test Case '-[TesseraCoreTests.DevelopMaskPendingRetentionTests testSynchronousHandlerDrainsTwoReentrantGenerations]' passed (0.000 seconds).
Test Suite 'DevelopMaskPendingRetentionTests' passed at 2026-09-28 17:05:03.682.
	 Executed 11 tests, with 0 failures (0 unexpected) in 0.002 (0.002) seconds
Test Suite 'DevelopPanelsSessionTests' started at 2026-09-28 17:05:03.682.
Test Case '-[TesseraCoreTests.DevelopPanelsSessionTests testPanelsDriveTheSession]' started.
develop original L2 calibration [first, tone, WB] ms: CPU [657.4087920000001, 207.07416700000002, 237.262541]; GPU [487.709292, 2.210292, 7.624458]
Test Case '-[TesseraCoreTests.DevelopPanelsSessionTests testPanelsDriveTheSession]' passed (2.091 seconds).
Test Suite 'DevelopPanelsSessionTests' passed at 2026-09-28 17:05:05.773.
	 Executed 1 test, with 0 failures (0 unexpected) in 2.091 (2.091) seconds
Test Suite 'DevelopPanelsTests' started at 2026-09-28 17:05:05.773.
Test Case '-[TesseraCoreTests.DevelopPanelsTests testCropOrientationRoundTripAndConstraints]' started.
Test Case '-[TesseraCoreTests.DevelopPanelsTests testCropOrientationRoundTripAndConstraints]' passed (0.000 seconds).
Test Case '-[TesseraCoreTests.DevelopPanelsTests testCurveEditorKeepsMonotoneValidPoints]' started.
Test Case '-[TesseraCoreTests.DevelopPanelsTests testCurveEditorKeepsMonotoneValidPoints]' passed (0.035 seconds).
Test Case '-[TesseraCoreTests.DevelopPanelsTests testCurveEvaluationMatchesKnotsAndIdentity]' started.
Test Case '-[TesseraCoreTests.DevelopPanelsTests testCurveEvaluationMatchesKnotsAndIdentity]' passed (0.000 seconds).
Test Case '-[TesseraCoreTests.DevelopPanelsTests testEachPanelControlWritesItsPatch]' started.
Test Case '-[TesseraCoreTests.DevelopPanelsTests testEachPanelControlWritesItsPatch]' passed (0.000 seconds).
Test Case '-[TesseraCoreTests.DevelopPanelsTests testHueBandWeightsAndTargetedAdjustment]' started.
Test Case '-[TesseraCoreTests.DevelopPanelsTests testHueBandWeightsAndTargetedAdjustment]' passed (0.000 seconds).
Test Case '-[TesseraCoreTests.DevelopPanelsTests testMergePatchAccumulatesLikeRFC7386]' started.
Test Case '-[TesseraCoreTests.DevelopPanelsTests testMergePatchAccumulatesLikeRFC7386]' passed (0.000 seconds).
Test Case '-[TesseraCoreTests.DevelopPanelsTests testPresetsArePartialRecipesSavedAsJSON]' started.
Test Case '-[TesseraCoreTests.DevelopPanelsTests testPresetsArePartialRecipesSavedAsJSON]' passed (0.001 seconds).
Test Suite 'DevelopPanelsTests' passed at 2026-09-28 17:05:05.811.
	 Executed 7 tests, with 0 failures (0 unexpected) in 0.038 (0.038) seconds
Test Suite 'DevelopRecoveryAdmissionBehaviorTests' started at 2026-09-28 17:05:05.811.
Test Case '-[TesseraCoreTests.DevelopRecoveryAdmissionBehaviorTests testDevelopReuseUsesImageIdentityAcrossDenseIDChanges]' started.
develop original L2 calibration [first, tone, WB] ms: CPU [0.566875, 0.30775, 0.33875]; GPU [2.722125, 0.539791, 0.725167]
Test Case '-[TesseraCoreTests.DevelopRecoveryAdmissionBehaviorTests testDevelopReuseUsesImageIdentityAcrossDenseIDChanges]' passed (0.033 seconds).
Test Case '-[TesseraCoreTests.DevelopRecoveryAdmissionBehaviorTests testFailedClosePreservesSavedSmartAlbumSourceAndFilter]' started.
develop original L2 calibration [first, tone, WB] ms: CPU [0.573958, 0.289541, 0.29820800000000003]; GPU [2.672875, 0.557167, 0.632333]
Test Case '-[TesseraCoreTests.DevelopRecoveryAdmissionBehaviorTests testFailedClosePreservesSavedSmartAlbumSourceAndFilter]' passed (0.036 seconds).
Test Case '-[TesseraCoreTests.DevelopRecoveryAdmissionBehaviorTests testFailedSaveKeepsWorkspaceAndExplicitRetryCommitsThenReopensFreshController]' started.
develop original L2 calibration [first, tone, WB] ms: CPU [0.576833, 0.292875, 0.33599999999999997]; GPU [4.374834, 0.756042, 0.895791]
Test Case '-[TesseraCoreTests.DevelopRecoveryAdmissionBehaviorTests testFailedSaveKeepsWorkspaceAndExplicitRetryCommitsThenReopensFreshController]' passed (0.047 seconds).
Test Case '-[TesseraCoreTests.DevelopRecoveryAdmissionBehaviorTests testHeldCloseCommitsGridDoubleClickSelectionAndLoupeTogether]' started.
develop original L2 calibration [first, tone, WB] ms: CPU [0.568209, 0.299084, 0.320625]; GPU [2.7079999999999997, 0.507208, 0.641041]
Test Case '-[TesseraCoreTests.DevelopRecoveryAdmissionBehaviorTests testHeldCloseCommitsGridDoubleClickSelectionAndLoupeTogether]' passed (0.032 seconds).
Test Case '-[TesseraCoreTests.DevelopRecoveryAdmissionBehaviorTests testHeldCloseKeepsTetherAutoAdvanceTargetAndLoupeTogether]' started.
develop original L2 calibration [first, tone, WB] ms: CPU [0.551458, 0.292416, 0.329458]; GPU [2.644834, 0.517834, 0.648291]
Test Case '-[TesseraCoreTests.DevelopRecoveryAdmissionBehaviorTests testHeldCloseKeepsTetherAutoAdvanceTargetAndLoupeTogether]' passed (0.034 seconds).
Test Case '-[TesseraCoreTests.DevelopRecoveryAdmissionBehaviorTests testHeldCloseMovesPeoplePhotoToAllPhotosAndLoupeTogether]' started.
develop original L2 calibration [first, tone, WB] ms: CPU [0.551958, 0.302292, 0.332209]; GPU [2.4642090000000003, 0.540042, 0.643833]
Test Case '-[TesseraCoreTests.DevelopRecoveryAdmissionBehaviorTests testHeldCloseMovesPeoplePhotoToAllPhotosAndLoupeTogether]' passed (0.033 seconds).
Test Case '-[TesseraCoreTests.DevelopRecoveryAdmissionBehaviorTests testHeldCloseOpensSavedSmartAlbumAndClearsFilterAsOneIntent]' started.
develop original L2 calibration [first, tone, WB] ms: CPU [0.5724159999999999, 0.290875, 0.34487500000000004]; GPU [2.417583, 0.550625, 1.095125]
Test Case '-[TesseraCoreTests.DevelopRecoveryAdmissionBehaviorTests testHeldCloseOpensSavedSmartAlbumAndClearsFilterAsOneIntent]' passed (0.040 seconds).
Test Case '-[TesseraCoreTests.DevelopRecoveryAdmissionBehaviorTests testHeldCloseReturnsToLibraryAndEntersCompareAsOneIntent]' started.
develop original L2 calibration [first, tone, WB] ms: CPU [0.5494589999999999, 0.287084, 0.328417]; GPU [2.381708, 0.9747910000000001, 0.925459]
Test Case '-[TesseraCoreTests.DevelopRecoveryAdmissionBehaviorTests testHeldCloseReturnsToLibraryAndEntersCompareAsOneIntent]' passed (0.034 seconds).
Test Case '-[TesseraCoreTests.DevelopRecoveryAdmissionBehaviorTests testHeldGridDestinationResolvesTargetByImageIdentityAfterLibraryRevisionChanges]' started.
develop original L2 calibration [first, tone, WB] ms: CPU [0.68225, 0.344333, 0.32575]; GPU [2.663375, 0.7445839999999999, 0.8452919999999999]
Test Case '-[TesseraCoreTests.DevelopRecoveryAdmissionBehaviorTests testHeldGridDestinationResolvesTargetByImageIdentityAfterLibraryRevisionChanges]' passed (0.039 seconds).
Test Case '-[TesseraCoreTests.DevelopRecoveryAdmissionBehaviorTests testLatestViewIntentCommitsAfterOneHeldDevelopClose]' started.
develop original L2 calibration [first, tone, WB] ms: CPU [0.557334, 0.297583, 0.34725]; GPU [2.449583, 0.863542, 1.0043330000000001]
Test Case '-[TesseraCoreTests.DevelopRecoveryAdmissionBehaviorTests testLatestViewIntentCommitsAfterOneHeldDevelopClose]' passed (0.032 seconds).
Test Case '-[TesseraCoreTests.DevelopRecoveryAdmissionBehaviorTests testLayeredCompletionCannotTakeOverAfterLibraryReplacement]' started.
develop original L2 calibration [first, tone, WB] ms: CPU [0.56375, 0.287959, 0.330042]; GPU [2.760667, 0.991333, 0.927708]
Test Case '-[TesseraCoreTests.DevelopRecoveryAdmissionBehaviorTests testLayeredCompletionCannotTakeOverAfterLibraryReplacement]' passed (0.042 seconds).
Test Case '-[TesseraCoreTests.DevelopRecoveryAdmissionBehaviorTests testLibraryDestinationDuringLayersCloseInvalidatesCopyUntilReissued]' started.
develop original L2 calibration [first, tone, WB] ms: CPU [0.578542, 0.293958, 0.330667]; GPU [2.429667, 0.52425, 0.704084]
Test Case '-[TesseraCoreTests.DevelopRecoveryAdmissionBehaviorTests testLibraryDestinationDuringLayersCloseInvalidatesCopyUntilReissued]' passed (0.033 seconds).
Test Case '-[TesseraCoreTests.DevelopRecoveryAdmissionBehaviorTests testPresentingExportSheetDoesNotCloseOrReserveDevelopPixels]' started.
develop original L2 calibration [first, tone, WB] ms: CPU [0.550459, 0.29233299999999995, 0.34291699999999997]; GPU [2.470833, 0.85025, 0.682834]
Test Case '-[TesseraCoreTests.DevelopRecoveryAdmissionBehaviorTests testPresentingExportSheetDoesNotCloseOrReserveDevelopPixels]' passed (0.046 seconds).
Test Case '-[TesseraCoreTests.DevelopRecoveryAdmissionBehaviorTests testSelectionDuringHeldLayerBackendKeepsReservationAndPreventsStaleViewStatus]' started.
develop original L2 calibration [first, tone, WB] ms: CPU [0.5645830000000001, 0.30145900000000003, 0.32983399999999996]; GPU [2.497709, 1.0135420000000002, 0.660791]
Test Case '-[TesseraCoreTests.DevelopRecoveryAdmissionBehaviorTests testSelectionDuringHeldLayerBackendKeepsReservationAndPreventsStaleViewStatus]' passed (0.033 seconds).
Test Case '-[TesseraCoreTests.DevelopRecoveryAdmissionBehaviorTests testSelectionDuringLayersCloseInvalidatesCopyButStillRequiresFreshSelection]' started.
develop original L2 calibration [first, tone, WB] ms: CPU [0.556583, 0.290333, 0.38108400000000003]; GPU [2.8058750000000003, 0.561041, 0.6377499999999999]
Test Case '-[TesseraCoreTests.DevelopRecoveryAdmissionBehaviorTests testSelectionDuringLayersCloseInvalidatesCopyButStillRequiresFreshSelection]' passed (0.029 seconds).
Test Case '-[TesseraCoreTests.DevelopRecoveryAdmissionBehaviorTests testStaleLayeredFailurePreservesReplacementStatusAndReleasesSourceGate]' started.
develop original L2 calibration [first, tone, WB] ms: CPU [0.559667, 0.293792, 0.305875]; GPU [2.8545, 0.9375, 0.788083]
Test Case '-[TesseraCoreTests.DevelopRecoveryAdmissionBehaviorTests testStaleLayeredFailurePreservesReplacementStatusAndReleasesSourceGate]' passed (0.039 seconds).
Test Case '-[TesseraCoreTests.DevelopRecoveryAdmissionBehaviorTests testSuccessfulRetryClearsRecoveryOwnedBlockedNavigationStatus]' started.
develop original L2 calibration [first, tone, WB] ms: CPU [0.5694170000000001, 0.306458, 0.341541]; GPU [4.832292, 0.816917, 0.930125]
Test Case '-[TesseraCoreTests.DevelopRecoveryAdmissionBehaviorTests testSuccessfulRetryClearsRecoveryOwnedBlockedNavigationStatus]' passed (0.051 seconds).
Test Case '-[TesseraCoreTests.DevelopRecoveryAdmissionBehaviorTests testSuccessfulRetryPreservesNewerUnrelatedStatus]' started.
develop original L2 calibration [first, tone, WB] ms: CPU [0.562042, 0.299833, 0.34270900000000004]; GPU [2.587833, 1.867958, 0.9479580000000001]
Test Case '-[TesseraCoreTests.DevelopRecoveryAdmissionBehaviorTests testSuccessfulRetryPreservesNewerUnrelatedStatus]' passed (0.046 seconds).
Test Case '-[TesseraCoreTests.DevelopRecoveryAdmissionBehaviorTests testSupersededFolderCallbackSettlesOnceAndMayReenterOpenFolder]' started.
develop original L2 calibration [first, tone, WB] ms: CPU [0.569, 0.292208, 0.328708]; GPU [2.59025, 0.790792, 0.98325]
Test Case '-[TesseraCoreTests.DevelopRecoveryAdmissionBehaviorTests testSupersededFolderCallbackSettlesOnceAndMayReenterOpenFolder]' passed (0.082 seconds).
Test Suite 'DevelopRecoveryAdmissionBehaviorTests' passed at 2026-09-28 17:05:06.575.
	 Executed 19 tests, with 0 failures (0 unexpected) in 0.761 (0.763) seconds
Test Suite 'DevelopRecoveryAdmissionTests' started at 2026-09-28 17:05:06.575.
Test Case '-[TesseraCoreTests.DevelopRecoveryAdmissionTests testLaterConflictingAliasGateWaitsForEarlierReservationBeforeClosing]' started.
develop original L2 calibration [first, tone, WB] ms: CPU [0.556125, 0.307083, 0.34900000000000003]; GPU [2.256334, 0.875334, 0.961334]
Test Case '-[TesseraCoreTests.DevelopRecoveryAdmissionTests testLaterConflictingAliasGateWaitsForEarlierReservationBeforeClosing]' passed (0.040 seconds).
Test Case '-[TesseraCoreTests.DevelopRecoveryAdmissionTests testReservationsCoverSamePathAndHardLinkAliasesButNotUnrelatedSources]' started.
Test Case '-[TesseraCoreTests.DevelopRecoveryAdmissionTests testReservationsCoverSamePathAndHardLinkAliasesButNotUnrelatedSources]' passed (0.025 seconds).
Test Suite 'DevelopRecoveryAdmissionTests' passed at 2026-09-28 17:05:06.640.
	 Executed 2 tests, with 0 failures (0 unexpected) in 0.065 (0.065) seconds
Test Suite 'DevelopRecoveryCoordinatorTests' started at 2026-09-28 17:05:06.640.
Test Case '-[TesseraCoreTests.DevelopRecoveryCoordinatorTests testFailedActiveCloseDoesNotAdmitAnotherSamePhotoOpen]' started.
develop original L2 calibration [first, tone, WB] ms: CPU [4.444458, 0.298083, 0.338875]; GPU [6.2445, 0.89525, 0.9265]
Test Case '-[TesseraCoreTests.DevelopRecoveryCoordinatorTests testFailedActiveCloseDoesNotAdmitAnotherSamePhotoOpen]' passed (0.031 seconds).
Test Case '-[TesseraCoreTests.DevelopRecoveryCoordinatorTests testFailedCleanupOfStaleOpenDoesNotAdmitSameOwnerPhotoOpen]' started.
develop original L2 calibration [first, tone, WB] ms: CPU [4.5447500000000005, 0.2985, 0.371667]; GPU [6.051875, 0.780083, 0.677792]
Test Case '-[TesseraCoreTests.DevelopRecoveryCoordinatorTests testFailedCleanupOfStaleOpenDoesNotAdmitSameOwnerPhotoOpen]' passed (0.036 seconds).
Test Case '-[TesseraCoreTests.DevelopRecoveryCoordinatorTests testSupersededAdmissionErrorPreservesReplacementLoadingAndReadyState]' started.
develop original L2 calibration [first, tone, WB] ms: CPU [4.479917, 0.290333, 0.34412499999999996]; GPU [6.174542, 0.506875, 0.714167]
develop original L2 calibration [first, tone, WB] ms: CPU [4.475042, 0.305666, 0.32625]; GPU [6.094709, 0.573667, 0.61775]
Test Case '-[TesseraCoreTests.DevelopRecoveryCoordinatorTests testSupersededAdmissionErrorPreservesReplacementLoadingAndReadyState]' passed (0.070 seconds).
Test Case '-[TesseraCoreTests.DevelopRecoveryCoordinatorTests testThrownAdmissionErrorIsVisibleAndFreshOpenSucceedsAfterReentry]' started.
develop original L2 calibration [first, tone, WB] ms: CPU [4.463667, 0.295292, 0.35554199999999997]; GPU [6.224042, 0.64825, 0.653375]
Test Case '-[TesseraCoreTests.DevelopRecoveryCoordinatorTests testThrownAdmissionErrorIsVisibleAndFreshOpenSucceedsAfterReentry]' passed (0.034 seconds).
Test Suite 'DevelopRecoveryCoordinatorTests' passed at 2026-09-28 17:05:06.811.
	 Executed 4 tests, with 0 failures (0 unexpected) in 0.170 (0.171) seconds
Test Suite 'DevelopRecoveryStateTests' started at 2026-09-28 17:05:06.811.
Test Case '-[TesseraCoreTests.DevelopRecoveryStateTests testFailedCloseRetainsOwnerAndControllerUntilExplicitRetrySucceeds]' started.
develop original L2 calibration [first, tone, WB] ms: CPU [4.559792, 0.305125, 0.33720799999999995]; GPU [6.285583, 0.595333, 0.626208]
Test Case '-[TesseraCoreTests.DevelopRecoveryStateTests testFailedCloseRetainsOwnerAndControllerUntilExplicitRetrySucceeds]' passed (0.033 seconds).
Test Case '-[TesseraCoreTests.DevelopRecoveryStateTests testFailedStaleOpenCleanupRegistersBeforeInitiatingBarrierReturns]' started.
develop original L2 calibration [first, tone, WB] ms: CPU [4.447083, 0.297542, 0.369917]; GPU [6.186, 0.5725, 0.7045]
Test Case '-[TesseraCoreTests.DevelopRecoveryStateTests testFailedStaleOpenCleanupRegistersBeforeInitiatingBarrierReturns]' passed (0.033 seconds).
Test Case '-[TesseraCoreTests.DevelopRecoveryStateTests testFinishOpenClosesProducedControllerThatWasNotTransferred]' started.
develop original L2 calibration [first, tone, WB] ms: CPU [4.453208999999999, 0.296292, 0.34870799999999996]; GPU [6.176458, 0.596458, 0.76475]
Test Case '-[TesseraCoreTests.DevelopRecoveryStateTests testFinishOpenClosesProducedControllerThatWasNotTransferred]' passed (0.033 seconds).
Test Case '-[TesseraCoreTests.DevelopRecoveryStateTests testJoinedCloseCallersShareOneFailureAndDoNotAutoRetry]' started.
develop original L2 calibration [first, tone, WB] ms: CPU [4.475416, 0.291917, 0.317292]; GPU [6.342083, 0.579291, 0.662583]
Test Case '-[TesseraCoreTests.DevelopRecoveryStateTests testJoinedCloseCallersShareOneFailureAndDoNotAutoRetry]' passed (0.032 seconds).
Test Case '-[TesseraCoreTests.DevelopRecoveryStateTests testLateProducedControllerIsRetainedAndCanBeRetried]' started.
develop original L2 calibration [first, tone, WB] ms: CPU [4.446833, 0.293458, 0.3355]; GPU [6.341416, 0.5287080000000001, 0.7093750000000001]
Test Case '-[TesseraCoreTests.DevelopRecoveryStateTests testLateProducedControllerIsRetainedAndCanBeRetried]' passed (0.033 seconds).
Test Case '-[TesseraCoreTests.DevelopRecoveryStateTests testOwnerlessRecoveryRecordBlocksEveryLibraryUntilResolved]' started.
develop original L2 calibration [first, tone, WB] ms: CPU [4.456791, 0.28725, 0.31]; GPU [6.277208, 0.536958, 0.681333]
Test Case '-[TesseraCoreTests.DevelopRecoveryStateTests testOwnerlessRecoveryRecordBlocksEveryLibraryUntilResolved]' passed (0.033 seconds).
Test Case '-[TesseraCoreTests.DevelopRecoveryStateTests testSuccessfulBarrierKeepsAdmissionReservedUntilGateFinish]' started.
develop original L2 calibration [first, tone, WB] ms: CPU [4.393292, 0.306792, 0.32241600000000004]; GPU [6.260916, 0.796, 0.887375]
Test Case '-[TesseraCoreTests.DevelopRecoveryStateTests testSuccessfulBarrierKeepsAdmissionReservedUntilGateFinish]' passed (0.032 seconds).
Test Case '-[TesseraCoreTests.DevelopRecoveryStateTests testTransferRequiresMatchingOwnerAndExactControllerRecipient]' started.
develop original L2 calibration [first, tone, WB] ms: CPU [4.439958, 0.3045, 0.35125]; GPU [6.215041, 0.871708, 0.6218750000000001]
Test Case '-[TesseraCoreTests.DevelopRecoveryStateTests testTransferRequiresMatchingOwnerAndExactControllerRecipient]' passed (0.032 seconds).
Test Case '-[TesseraCoreTests.DevelopRecoveryStateTests testUnknownSessionCloseFailsClosed]' started.
Test Case '-[TesseraCoreTests.DevelopRecoveryStateTests testUnknownSessionCloseFailsClosed]' passed (0.000 seconds).
Test Suite 'DevelopRecoveryStateTests' passed at 2026-09-28 17:05:07.072.
	 Executed 9 tests, with 0 failures (0 unexpected) in 0.261 (0.262) seconds
Test Suite 'DevelopTests' started at 2026-09-28 17:05:07.072.
Test Case '-[TesseraCoreTests.DevelopTests testAppModelOpensRenderedJpegAndHeic]' started.
/Users/rutmehta/.codex/worktrees/render-resource-bounds/tessera/apps/mac/build/develop-app-rendered-D39ABFB5-0535-4FC1-B1E1-4031CB84A982/shoot/photo.jpg
  /Users/rutmehta/.codex/worktrees/render-resource-bounds/tessera/apps/mac/build/develop-app-rendered-D39ABFB5-0535-4FC1-B1E1-4031CB84A982/shoot/photo.heic
develop original L2 calibration [first, tone, WB] ms: CPU [0.455375, 0.292958, 0.289834]; GPU [3.4265, 0.828834, 0.973083]
Test Case '-[TesseraCoreTests.DevelopTests testAppModelOpensRenderedJpegAndHeic]' passed (0.296 seconds).
Test Case '-[TesseraCoreTests.DevelopTests testJpegIsDevelopable]' started.
develop original L2 calibration [first, tone, WB] ms: CPU [0.339292, 0.34045800000000004, 0.252459]; GPU [2.023583, 0.8232079999999999, 0.900791]
Test Case '-[TesseraCoreTests.DevelopTests testJpegIsDevelopable]' passed (0.064 seconds).
Test Case '-[TesseraCoreTests.DevelopTests testSettingsChangeRendersIntoTheSurfaceAndReopenRestoresExposure]' started.
develop original L2 calibration [first, tone, WB] ms: CPU [458.27525, 197.771708, 225.51016700000002]; GPU [323.7175, 1.824334, 6.6895]
develop original L2 calibration [first, tone, WB] ms: CPU [457.360541, 199.770375, 239.990709]; GPU [355.473792, 1.538333, 6.933166999999999]
Test Case '-[TesseraCoreTests.DevelopTests testSettingsChangeRendersIntoTheSurfaceAndReopenRestoresExposure]' passed (2.907 seconds).
Test Suite 'DevelopTests' passed at 2026-09-28 17:05:10.339.
	 Executed 3 tests, with 0 failures (0 unexpected) in 3.266 (3.267) seconds
Test Suite 'DocumentAdjustmentAnalysisTests' started at 2026-09-28 17:05:10.339.
Test Case '-[TesseraCoreTests.DocumentAdjustmentAnalysisTests testAutoToneStretchesEachChannelAndColorSetsGamma]' started.
Test Case '-[TesseraCoreTests.DocumentAdjustmentAnalysisTests testAutoToneStretchesEachChannelAndColorSetsGamma]' passed (0.000 seconds).
Test Case '-[TesseraCoreTests.DocumentAdjustmentAnalysisTests testBlackWhiteAutoMatchesLumaAndKeepsDefaultsForMissingHues]' started.
Test Case '-[TesseraCoreTests.DocumentAdjustmentAnalysisTests testBlackWhiteAutoMatchesLumaAndKeepsDefaultsForMissingHues]' passed (0.000 seconds).
Test Case '-[TesseraCoreTests.DocumentAdjustmentAnalysisTests testCompositeAnalysisNeutralizesTheLayerAndLeavesNoTrace]' started.
Test Case '-[TesseraCoreTests.DocumentAdjustmentAnalysisTests testCompositeAnalysisNeutralizesTheLayerAndLeavesNoTrace]' passed (0.018 seconds).
Test Case '-[TesseraCoreTests.DocumentAdjustmentAnalysisTests testCubeAnd3DLLoaders]' started.
Test Case '-[TesseraCoreTests.DocumentAdjustmentAnalysisTests testCubeAnd3DLLoaders]' passed (0.000 seconds).
Test Case '-[TesseraCoreTests.DocumentAdjustmentAnalysisTests testEqualizeMapsAreCDFMinNormalized]' started.
Test Case '-[TesseraCoreTests.DocumentAdjustmentAnalysisTests testEqualizeMapsAreCDFMinNormalized]' passed (0.000 seconds).
Test Case '-[TesseraCoreTests.DocumentAdjustmentAnalysisTests testHDREqualizeFreezesALuminanceMap]' started.
Test Case '-[TesseraCoreTests.DocumentAdjustmentAnalysisTests testHDREqualizeFreezesALuminanceMap]' passed (0.000 seconds).
Test Case '-[TesseraCoreTests.DocumentAdjustmentAnalysisTests testLabStatisticsAndMatchColor]' started.
Test Case '-[TesseraCoreTests.DocumentAdjustmentAnalysisTests testLabStatisticsAndMatchColor]' passed (0.000 seconds).
Test Case '-[TesseraCoreTests.DocumentAdjustmentAnalysisTests testLegacyMatchColorMissingSourceDoesNotPretendToDisable]' started.
Test Case '-[TesseraCoreTests.DocumentAdjustmentAnalysisTests testLegacyMatchColorMissingSourceDoesNotPretendToDisable]' passed (0.017 seconds).
Test Case '-[TesseraCoreTests.DocumentAdjustmentAnalysisTests testLegacyMatchColorNeutralizeReopenDisableUndoAndSave]' started.
Test Case '-[TesseraCoreTests.DocumentAdjustmentAnalysisTests testLegacyMatchColorNeutralizeReopenDisableUndoAndSave]' passed (0.032 seconds).
Test Case '-[TesseraCoreTests.DocumentAdjustmentAnalysisTests testMenusListEveryKindOnceInPhotoshopOrder]' started.
Test Case '-[TesseraCoreTests.DocumentAdjustmentAnalysisTests testMenusListEveryKindOnceInPhotoshopOrder]' passed (0.000 seconds).
Test Case '-[TesseraCoreTests.DocumentAdjustmentAnalysisTests testModernMatchColorToggleKeepsFrozenStatisticsWithoutReadingPixels]' started.
Test Case '-[TesseraCoreTests.DocumentAdjustmentAnalysisTests testModernMatchColorToggleKeepsFrozenStatisticsWithoutReadingPixels]' passed (0.016 seconds).
Test Case '-[TesseraCoreTests.DocumentAdjustmentAnalysisTests testNewImageDependentLayersAreAnalysed]' started.
Test Case '-[TesseraCoreTests.DocumentAdjustmentAnalysisTests testNewImageDependentLayersAreAnalysed]' passed (0.021 seconds).
Test Case '-[TesseraCoreTests.DocumentAdjustmentAnalysisTests testPhotoFilterPresetsMatchTheEngineSwatches]' started.
Test Case '-[TesseraCoreTests.DocumentAdjustmentAnalysisTests testPhotoFilterPresetsMatchTheEngineSwatches]' passed (0.000 seconds).
Test Case '-[TesseraCoreTests.DocumentAdjustmentAnalysisTests testSaveAsNames]' started.
Test Case '-[TesseraCoreTests.DocumentAdjustmentAnalysisTests testSaveAsNames]' passed (0.000 seconds).
Test Case '-[TesseraCoreTests.DocumentAdjustmentAnalysisTests testStubRendersTheNewPointwiseKinds]' started.
Test Case '-[TesseraCoreTests.DocumentAdjustmentAnalysisTests testStubRendersTheNewPointwiseKinds]' passed (0.000 seconds).
Test Suite 'DocumentAdjustmentAnalysisTests' passed at 2026-09-28 17:05:10.447.
	 Executed 15 tests, with 0 failures (0 unexpected) in 0.107 (0.108) seconds
Test Suite 'DocumentAdjustmentJSONTests' started at 2026-09-28 17:05:10.447.
Test Case '-[TesseraCoreTests.DocumentAdjustmentJSONTests testAuto]' started.
Test Case '-[TesseraCoreTests.DocumentAdjustmentJSONTests testAuto]' passed (0.013 seconds).
Test Case '-[TesseraCoreTests.DocumentAdjustmentJSONTests testBlackWhite]' started.
Test Case '-[TesseraCoreTests.DocumentAdjustmentJSONTests testBlackWhite]' passed (0.011 seconds).
Test Case '-[TesseraCoreTests.DocumentAdjustmentJSONTests testBrightnessContrast]' started.
Test Case '-[TesseraCoreTests.DocumentAdjustmentJSONTests testBrightnessContrast]' passed (0.012 seconds).
Test Case '-[TesseraCoreTests.DocumentAdjustmentJSONTests testChannelMixer]' started.
Test Case '-[TesseraCoreTests.DocumentAdjustmentJSONTests testChannelMixer]' passed (0.012 seconds).
Test Case '-[TesseraCoreTests.DocumentAdjustmentJSONTests testColorBalance]' started.
Test Case '-[TesseraCoreTests.DocumentAdjustmentJSONTests testColorBalance]' passed (0.011 seconds).
Test Case '-[TesseraCoreTests.DocumentAdjustmentJSONTests testColorLookup]' started.
Test Case '-[TesseraCoreTests.DocumentAdjustmentJSONTests testColorLookup]' passed (0.011 seconds).
Test Case '-[TesseraCoreTests.DocumentAdjustmentJSONTests testCurves]' started.
Test Case '-[TesseraCoreTests.DocumentAdjustmentJSONTests testCurves]' passed (0.012 seconds).
Test Case '-[TesseraCoreTests.DocumentAdjustmentJSONTests testDesaturate]' started.
Test Case '-[TesseraCoreTests.DocumentAdjustmentJSONTests testDesaturate]' passed (0.012 seconds).
Test Case '-[TesseraCoreTests.DocumentAdjustmentJSONTests testEqualize]' started.
Test Case '-[TesseraCoreTests.DocumentAdjustmentJSONTests testEqualize]' passed (0.011 seconds).
Test Case '-[TesseraCoreTests.DocumentAdjustmentJSONTests testExposure]' started.
Test Case '-[TesseraCoreTests.DocumentAdjustmentJSONTests testExposure]' passed (0.013 seconds).
Test Case '-[TesseraCoreTests.DocumentAdjustmentJSONTests testFixtureCoversEveryKindAndRoundTrips]' started.
Test Case '-[TesseraCoreTests.DocumentAdjustmentJSONTests testFixtureCoversEveryKindAndRoundTrips]' passed (0.001 seconds).
Test Case '-[TesseraCoreTests.DocumentAdjustmentJSONTests testGradientMap]' started.
Test Case '-[TesseraCoreTests.DocumentAdjustmentJSONTests testGradientMap]' passed (0.016 seconds).
Test Case '-[TesseraCoreTests.DocumentAdjustmentJSONTests testHdrToning]' started.
Test Case '-[TesseraCoreTests.DocumentAdjustmentJSONTests testHdrToning]' passed (0.012 seconds).
Test Case '-[TesseraCoreTests.DocumentAdjustmentJSONTests testHueSaturation]' started.
Test Case '-[TesseraCoreTests.DocumentAdjustmentJSONTests testHueSaturation]' passed (0.011 seconds).
Test Case '-[TesseraCoreTests.DocumentAdjustmentJSONTests testInvert]' started.
Test Case '-[TesseraCoreTests.DocumentAdjustmentJSONTests testInvert]' passed (0.014 seconds).
Test Case '-[TesseraCoreTests.DocumentAdjustmentJSONTests testLevels]' started.
Test Case '-[TesseraCoreTests.DocumentAdjustmentJSONTests testLevels]' passed (0.014 seconds).
Test Case '-[TesseraCoreTests.DocumentAdjustmentJSONTests testMatchColor]' started.
Test Case '-[TesseraCoreTests.DocumentAdjustmentJSONTests testMatchColor]' passed (0.013 seconds).
Test Case '-[TesseraCoreTests.DocumentAdjustmentJSONTests testNeutralValuesRoundTripThroughTheEngine]' started.
Test Case '-[TesseraCoreTests.DocumentAdjustmentJSONTests testNeutralValuesRoundTripThroughTheEngine]' passed (0.011 seconds).
Test Case '-[TesseraCoreTests.DocumentAdjustmentJSONTests testPhotoFilter]' started.
Test Case '-[TesseraCoreTests.DocumentAdjustmentJSONTests testPhotoFilter]' passed (0.011 seconds).
Test Case '-[TesseraCoreTests.DocumentAdjustmentJSONTests testPosterize]' started.
Test Case '-[TesseraCoreTests.DocumentAdjustmentJSONTests testPosterize]' passed (0.011 seconds).
Test Case '-[TesseraCoreTests.DocumentAdjustmentJSONTests testReplaceColor]' started.
Test Case '-[TesseraCoreTests.DocumentAdjustmentJSONTests testReplaceColor]' passed (0.011 seconds).
Test Case '-[TesseraCoreTests.DocumentAdjustmentJSONTests testSelectiveColor]' started.
Test Case '-[TesseraCoreTests.DocumentAdjustmentJSONTests testSelectiveColor]' passed (0.011 seconds).
Test Case '-[TesseraCoreTests.DocumentAdjustmentJSONTests testShadowsHighlights]' started.
Test Case '-[TesseraCoreTests.DocumentAdjustmentJSONTests testShadowsHighlights]' passed (0.011 seconds).
Test Case '-[TesseraCoreTests.DocumentAdjustmentJSONTests testThreshold]' started.
Test Case '-[TesseraCoreTests.DocumentAdjustmentJSONTests testThreshold]' passed (0.011 seconds).
Test Case '-[TesseraCoreTests.DocumentAdjustmentJSONTests testVibrance]' started.
Test Case '-[TesseraCoreTests.DocumentAdjustmentJSONTests testVibrance]' passed (0.010 seconds).
Test Suite 'DocumentAdjustmentJSONTests' passed at 2026-09-28 17:05:10.734.
	 Executed 25 tests, with 0 failures (0 unexpected) in 0.285 (0.287) seconds
Test Suite 'DocumentAdjustmentModelTests' started at 2026-09-28 17:05:10.734.
Test Case '-[TesseraCoreTests.DocumentAdjustmentModelTests testEveryAdjustmentRoundTripsThroughJSON]' started.
Test Case '-[TesseraCoreTests.DocumentAdjustmentModelTests testEveryAdjustmentRoundTripsThroughJSON]' passed (0.000 seconds).
Test Case '-[TesseraCoreTests.DocumentAdjustmentModelTests testFillsRoundTrip]' started.
Test Case '-[TesseraCoreTests.DocumentAdjustmentModelTests testFillsRoundTrip]' passed (0.000 seconds).
Test Suite 'DocumentAdjustmentModelTests' passed at 2026-09-28 17:05:10.734.
	 Executed 2 tests, with 0 failures (0 unexpected) in 0.001 (0.001) seconds
Test Suite 'DocumentBlendModeTests' started at 2026-09-28 17:05:10.734.
Test Case '-[TesseraCoreTests.DocumentBlendModeTests testRoundTripAndGroups]' started.
Test Case '-[TesseraCoreTests.DocumentBlendModeTests testRoundTripAndGroups]' passed (0.000 seconds).
Test Case '-[TesseraCoreTests.DocumentBlendModeTests testStubAcceptsEveryModeAndRejectsOthers]' started.
Test Case '-[TesseraCoreTests.DocumentBlendModeTests testStubAcceptsEveryModeAndRejectsOthers]' passed (0.000 seconds).
Test Case '-[TesseraCoreTests.DocumentBlendModeTests testTwentySevenModesInPhotoshopOrder]' started.
Test Case '-[TesseraCoreTests.DocumentBlendModeTests testTwentySevenModesInPhotoshopOrder]' passed (0.000 seconds).
Test Suite 'DocumentBlendModeTests' passed at 2026-09-28 17:05:10.735.
	 Executed 3 tests, with 0 failures (0 unexpected) in 0.001 (0.001) seconds
Test Suite 'DocumentChannelsTests' started at 2026-09-28 17:05:10.735.
Test Case '-[TesseraCoreTests.DocumentChannelsTests testComponentVisibilityAndNames]' started.
Test Case '-[TesseraCoreTests.DocumentChannelsTests testComponentVisibilityAndNames]' passed (0.000 seconds).
Test Case '-[TesseraCoreTests.DocumentChannelsTests testEngineChannelsThroughTheAdapter]' started.
Test Case '-[TesseraCoreTests.DocumentChannelsTests testEngineChannelsThroughTheAdapter]' passed (0.014 seconds).
Test Case '-[TesseraCoreTests.DocumentChannelsTests testLoadSelectionFormMapping]' started.
Test Case '-[TesseraCoreTests.DocumentChannelsTests testLoadSelectionFormMapping]' passed (0.000 seconds).
Test Case '-[TesseraCoreTests.DocumentChannelsTests testPanelRowsFromRecords]' started.
Test Case '-[TesseraCoreTests.DocumentChannelsTests testPanelRowsFromRecords]' passed (0.000 seconds).
Test Case '-[TesseraCoreTests.DocumentChannelsTests testQuickMaskEnterExitOnTheStub]' started.
Test Case '-[TesseraCoreTests.DocumentChannelsTests testQuickMaskEnterExitOnTheStub]' passed (0.000 seconds).
Test Case '-[TesseraCoreTests.DocumentChannelsTests testSaveSelectionFormMapping]' started.
Test Case '-[TesseraCoreTests.DocumentChannelsTests testSaveSelectionFormMapping]' passed (0.000 seconds).
Test Case '-[TesseraCoreTests.DocumentChannelsTests testStubChannelsSaveLoadAndEdit]' started.
Test Case '-[TesseraCoreTests.DocumentChannelsTests testStubChannelsSaveLoadAndEdit]' passed (0.000 seconds).
Test Suite 'DocumentChannelsTests' passed at 2026-09-28 17:05:10.751.
	 Executed 7 tests, with 0 failures (0 unexpected) in 0.015 (0.016) seconds
Test Suite 'DocumentFiltersTests' started at 2026-09-28 17:05:10.751.
Test Case '-[TesseraCoreTests.DocumentFiltersTests testEngineFiltersThroughTheAdapter]' started.
Test Case '-[TesseraCoreTests.DocumentFiltersTests testEngineFiltersThroughTheAdapter]' passed (0.015 seconds).
Test Case '-[TesseraCoreTests.DocumentFiltersTests testFilterSettingsJSONRoundTrips]' started.
Test Case '-[TesseraCoreTests.DocumentFiltersTests testFilterSettingsJSONRoundTrips]' passed (0.001 seconds).
Test Case '-[TesseraCoreTests.DocumentFiltersTests testLastFilterMemoryRemembersPerFilterAndPersists]' started.
Test Case '-[TesseraCoreTests.DocumentFiltersTests testLastFilterMemoryRemembersPerFilterAndPersists]' passed (0.002 seconds).
Test Case '-[TesseraCoreTests.DocumentFiltersTests testMenusOpenDialogsAndLastFilterReapplies]' started.
Test Case '-[TesseraCoreTests.DocumentFiltersTests testMenusOpenDialogsAndLastFilterReapplies]' passed (0.039 seconds).
Test Case '-[TesseraCoreTests.DocumentFiltersTests testSchemaMapsEveryControlKind]' started.
Test Case '-[TesseraCoreTests.DocumentFiltersTests testSchemaMapsEveryControlKind]' passed (0.000 seconds).
Test Case '-[TesseraCoreTests.DocumentFiltersTests testTheEngineCatalogueDecodesAndGroups]' started.
Test Case '-[TesseraCoreTests.DocumentFiltersTests testTheEngineCatalogueDecodesAndGroups]' passed (0.000 seconds).
Test Case '-[TesseraCoreTests.DocumentFiltersTests testTheStubListsFiltersButNeedsTheEngineToApply]' started.
Test Case '-[TesseraCoreTests.DocumentFiltersTests testTheStubListsFiltersButNeedsTheEngineToApply]' passed (0.001 seconds).
Test Suite 'DocumentFiltersTests' passed at 2026-09-28 17:05:10.808.
	 Executed 7 tests, with 0 failures (0 unexpected) in 0.057 (0.058) seconds
Test Suite 'DocumentInspectorLayoutTests' started at 2026-09-28 17:05:10.808.
Test Case '-[TesseraCoreTests.DocumentInspectorLayoutTests testColumnBudgetAt1440AndAdjacentWidths]' started.
Test Case '-[TesseraCoreTests.DocumentInspectorLayoutTests testColumnBudgetAt1440AndAdjacentWidths]' passed (0.000 seconds).
Test Case '-[TesseraCoreTests.DocumentInspectorLayoutTests testInspectorFitsItsColumnForEveryLayerKindAt1440AndAdjacentWidths]' started.
Test Case '-[TesseraCoreTests.DocumentInspectorLayoutTests testInspectorFitsItsColumnForEveryLayerKindAt1440AndAdjacentWidths]' passed (3.121 seconds).
Test Suite 'DocumentInspectorLayoutTests' passed at 2026-09-28 17:05:13.930.
	 Executed 2 tests, with 0 failures (0 unexpected) in 3.121 (3.121) seconds
Test Suite 'DocumentInspectorTabsTests' started at 2026-09-28 17:05:13.930.
Test Case '-[TesseraCoreTests.DocumentInspectorTabsTests testBudgetFitsTheSmallestColumn]' started.
Test Case '-[TesseraCoreTests.DocumentInspectorTabsTests testBudgetFitsTheSmallestColumn]' passed (0.000 seconds).
Test Case '-[TesseraCoreTests.DocumentInspectorTabsTests testHistoryHeightIsClampedToItsMinimumAndTheTabMinimum]' started.
Test Case '-[TesseraCoreTests.DocumentInspectorTabsTests testHistoryHeightIsClampedToItsMinimumAndTheTabMinimum]' passed (0.000 seconds).
Test Case '-[TesseraCoreTests.DocumentInspectorTabsTests testOpacityAndFillShareARowFrom300Points]' started.
Test Case '-[TesseraCoreTests.DocumentInspectorTabsTests testOpacityAndFillShareARowFrom300Points]' passed (0.000 seconds).
Test Case '-[TesseraCoreTests.DocumentInspectorTabsTests testTabsAndShortcuts]' started.
Test Case '-[TesseraCoreTests.DocumentInspectorTabsTests testTabsAndShortcuts]' passed (0.000 seconds).
Test Case '-[TesseraCoreTests.DocumentInspectorTabsTests testTabStripShowsAtMostThreeIncludingTheCurrentOne]' started.
Test Case '-[TesseraCoreTests.DocumentInspectorTabsTests testTabStripShowsAtMostThreeIncludingTheCurrentOne]' passed (0.000 seconds).
Test Suite 'DocumentInspectorTabsTests' passed at 2026-09-28 17:05:13.931.
	 Executed 5 tests, with 0 failures (0 unexpected) in 0.001 (0.001) seconds
Test Suite 'DocumentKeyMapTests' started at 2026-09-28 17:05:13.931.
Test Case '-[TesseraCoreTests.DocumentKeyMapTests testCommandShortcuts]' started.
Test Case '-[TesseraCoreTests.DocumentKeyMapTests testCommandShortcuts]' passed (0.000 seconds).
Test Case '-[TesseraCoreTests.DocumentKeyMapTests testCullingKeysDoNothingInDocumentMode]' started.
Test Case '-[TesseraCoreTests.DocumentKeyMapTests testCullingKeysDoNothingInDocumentMode]' passed (0.000 seconds).
Test Case '-[TesseraCoreTests.DocumentKeyMapTests testToolsAndPanelKeys]' started.
Test Case '-[TesseraCoreTests.DocumentKeyMapTests testToolsAndPanelKeys]' passed (0.000 seconds).
Test Suite 'DocumentKeyMapTests' passed at 2026-09-28 17:05:13.931.
	 Executed 3 tests, with 0 failures (0 unexpected) in 0.000 (0.000) seconds
Test Suite 'DocumentKeyRoutingTests' started at 2026-09-28 17:05:13.931.
Test Case '-[TesseraCoreTests.DocumentKeyRoutingTests testCommandEInGridDisclosesRenderedCopyBeforeExistingHandoff]' started.
Test Case '-[TesseraCoreTests.DocumentKeyRoutingTests testCommandEInGridDisclosesRenderedCopyBeforeExistingHandoff]' passed (0.043 seconds).
Test Case '-[TesseraCoreTests.DocumentKeyRoutingTests testControllerGroupsAndDragsAsOneStepEach]' started.
Test Case '-[TesseraCoreTests.DocumentKeyRoutingTests testControllerGroupsAndDragsAsOneStepEach]' passed (0.001 seconds).
Test Case '-[TesseraCoreTests.DocumentKeyRoutingTests testCullingKeysDoNotFireInDocumentMode]' started.
Test Case '-[TesseraCoreTests.DocumentKeyRoutingTests testCullingKeysDoNotFireInDocumentMode]' passed (0.008 seconds).
Test Case '-[TesseraCoreTests.DocumentKeyRoutingTests testDocumentKeys]' started.
Test Case '-[TesseraCoreTests.DocumentKeyRoutingTests testDocumentKeys]' passed (0.003 seconds).
Test Case '-[TesseraCoreTests.DocumentKeyRoutingTests testUndoRoutesToTheDocumentInDocumentMode]' started.
Test Case '-[TesseraCoreTests.DocumentKeyRoutingTests testUndoRoutesToTheDocumentInDocumentMode]' passed (0.000 seconds).
Test Suite 'DocumentKeyRoutingTests' passed at 2026-09-28 17:05:13.987.
	 Executed 5 tests, with 0 failures (0 unexpected) in 0.055 (0.056) seconds
Test Suite 'DocumentLayersActivationTests' started at 2026-09-28 17:05:13.987.
Test Case '-[TesseraCoreTests.DocumentLayersActivationTests testDefaultActivationIsIndependentOfCallerOwnedStatus]' started.
Test Case '-[TesseraCoreTests.DocumentLayersActivationTests testDefaultActivationIsIndependentOfCallerOwnedStatus]' passed (0.000 seconds).
Test Case '-[TesseraCoreTests.DocumentLayersActivationTests testExistingBackendInstallSelectsInternallyWithoutModePublication]' started.
Test Case '-[TesseraCoreTests.DocumentLayersActivationTests testExistingBackendInstallSelectsInternallyWithoutModePublication]' passed (0.000 seconds).
Test Case '-[TesseraCoreTests.DocumentLayersActivationTests testHeldCallerOwnedLoadInstallsWithoutPublishingModeAndSettlesOnce]' started.
Test Case '-[TesseraCoreTests.DocumentLayersActivationTests testHeldCallerOwnedLoadInstallsWithoutPublishingModeAndSettlesOnce]' passed (0.000 seconds).
Test Case '-[TesseraCoreTests.DocumentLayersActivationTests testOpenRetainsDefaultModePublication]' started.
Test Case '-[TesseraCoreTests.DocumentLayersActivationTests testOpenRetainsDefaultModePublication]' passed (0.000 seconds).
Test Case '-[TesseraCoreTests.DocumentLayersActivationTests testSuppressedActivationStillAllowsWorkspaceStatus]' started.
Test Case '-[TesseraCoreTests.DocumentLayersActivationTests testSuppressedActivationStillAllowsWorkspaceStatus]' passed (0.000 seconds).
Test Suite 'DocumentLayersActivationTests' passed at 2026-09-28 17:05:13.989.
	 Executed 5 tests, with 0 failures (0 unexpected) in 0.002 (0.002) seconds
Test Suite 'DocumentLoadSettlementTests' started at 2026-09-28 17:05:13.989.
Test Case '-[TesseraCoreTests.DocumentLoadSettlementTests testBackendFailureSettlesOnceWithoutInstall]' started.
Test Case '-[TesseraCoreTests.DocumentLoadSettlementTests testBackendFailureSettlesOnceWithoutInstall]' passed (0.001 seconds).
Test Case '-[TesseraCoreTests.DocumentLoadSettlementTests testDelayedBackendCompletionDoesNotReleaseAtDispatch]' started.
Test Case '-[TesseraCoreTests.DocumentLoadSettlementTests testDelayedBackendCompletionDoesNotReleaseAtDispatch]' passed (0.000 seconds).
Test Case '-[TesseraCoreTests.DocumentLoadSettlementTests testEarlyRejectsSettleWithoutExecutor]' started.
Test Case '-[TesseraCoreTests.DocumentLoadSettlementTests testEarlyRejectsSettleWithoutExecutor]' passed (0.000 seconds).
Test Case '-[TesseraCoreTests.DocumentLoadSettlementTests testReleasedWorkspaceStillSettlesAfterBackendReturns]' started.
Test Case '-[TesseraCoreTests.DocumentLoadSettlementTests testReleasedWorkspaceStillSettlesAfterBackendReturns]' passed (0.000 seconds).
Test Suite 'DocumentLoadSettlementTests' passed at 2026-09-28 17:05:13.990.
	 Executed 4 tests, with 0 failures (0 unexpected) in 0.001 (0.001) seconds
Test Suite 'DocumentLoadStatusTests' started at 2026-09-28 17:05:13.990.
Test Case '-[TesseraCoreTests.DocumentLoadStatusTests testCallerOwnedFailureDoesNotOverwriteNewerStatus]' started.
Test Case '-[TesseraCoreTests.DocumentLoadStatusTests testCallerOwnedFailureDoesNotOverwriteNewerStatus]' passed (0.000 seconds).
Test Case '-[TesseraCoreTests.DocumentLoadStatusTests testCallerOwnedRejectionDoesNotPublishStatus]' started.
Test Case '-[TesseraCoreTests.DocumentLoadStatusTests testCallerOwnedRejectionDoesNotPublishStatus]' passed (0.000 seconds).
Test Case '-[TesseraCoreTests.DocumentLoadStatusTests testCallerOwnedSuccessPreservesStatusAndStillInstallsAndSettles]' started.
Test Case '-[TesseraCoreTests.DocumentLoadStatusTests testCallerOwnedSuccessPreservesStatusAndStillInstallsAndSettles]' passed (0.000 seconds).
Test Case '-[TesseraCoreTests.DocumentLoadStatusTests testDefaultRetainsStartFailureAndRejectionMessages]' started.
Test Case '-[TesseraCoreTests.DocumentLoadStatusTests testDefaultRetainsStartFailureAndRejectionMessages]' passed (0.000 seconds).
Test Case '-[TesseraCoreTests.DocumentLoadStatusTests testDefaultSuccessStillPublishesLegacyMessage]' started.
Test Case '-[TesseraCoreTests.DocumentLoadStatusTests testDefaultSuccessStillPublishesLegacyMessage]' passed (0.000 seconds).
Test Suite 'DocumentLoadStatusTests' passed at 2026-09-28 17:05:13.992.
	 Executed 5 tests, with 0 failures (0 unexpected) in 0.001 (0.001) seconds
Test Suite 'DocumentOutlineLifecycleTests' started at 2026-09-28 17:05:13.992.
Test Case '-[TesseraCoreTests.DocumentOutlineLifecycleTests testClearDropsPendingAndCannotResurrectOldOutline]' started.
Test Case '-[TesseraCoreTests.DocumentOutlineLifecycleTests testClearDropsPendingAndCannotResurrectOldOutline]' passed (0.034 seconds).
Test Case '-[TesseraCoreTests.DocumentOutlineLifecycleTests testCloseRejectsRunningResultAndDropsPendingWork]' started.
Test Case '-[TesseraCoreTests.DocumentOutlineLifecycleTests testCloseRejectsRunningResultAndDropsPendingWork]' passed (0.000 seconds).
Test Case '-[TesseraCoreTests.DocumentOutlineLifecycleTests testSwitchDiscardsOldOutlineAndRunsOnlyNewestPendingDocument]' started.
Test Case '-[TesseraCoreTests.DocumentOutlineLifecycleTests testSwitchDiscardsOldOutlineAndRunsOnlyNewestPendingDocument]' passed (0.000 seconds).
Test Suite 'DocumentOutlineLifecycleTests' passed at 2026-09-28 17:05:14.027.
	 Executed 3 tests, with 0 failures (0 unexpected) in 0.035 (0.035) seconds
Test Suite 'DocumentOutlineTests' started at 2026-09-28 17:05:14.027.
Test Case '-[TesseraCoreTests.DocumentOutlineTests testInsertRemoveAndUngroupDiffs]' started.
Test Case '-[TesseraCoreTests.DocumentOutlineTests testInsertRemoveAndUngroupDiffs]' passed (0.000 seconds).
Test Case '-[TesseraCoreTests.DocumentOutlineTests testListOrderDoesNotMatterOnlyIndices]' started.
Test Case '-[TesseraCoreTests.DocumentOutlineTests testListOrderDoesNotMatterOnlyIndices]' passed (0.000 seconds).
Test Case '-[TesseraCoreTests.DocumentOutlineTests testLongestIncreasingSubsequence]' started.
Test Case '-[TesseraCoreTests.DocumentOutlineTests testLongestIncreasingSubsequence]' passed (0.000 seconds).
Test Case '-[TesseraCoreTests.DocumentOutlineTests testMinimalMovesForUnchangedTree]' started.
Test Case '-[TesseraCoreTests.DocumentOutlineTests testMinimalMovesForUnchangedTree]' passed (0.000 seconds).
Test Case '-[TesseraCoreTests.DocumentOutlineTests testMoveIntoGroupAndOutIsOneMoveEach]' started.
Test Case '-[TesseraCoreTests.DocumentOutlineTests testMoveIntoGroupAndOutIsOneMoveEach]' passed (0.000 seconds).
Test Case '-[TesseraCoreTests.DocumentOutlineTests testRandomTreesDiffToTheirTarget]' started.
Test Case '-[TesseraCoreTests.DocumentOutlineTests testRandomTreesDiffToTheirTarget]' passed (0.008 seconds).
Test Case '-[TesseraCoreTests.DocumentOutlineTests testSampleDocumentFlattensTopFirst]' started.
Test Case '-[TesseraCoreTests.DocumentOutlineTests testSampleDocumentFlattensTopFirst]' passed (0.000 seconds).
Test Case '-[TesseraCoreTests.DocumentOutlineTests testSingleReorderIsOneMove]' started.
Test Case '-[TesseraCoreTests.DocumentOutlineTests testSingleReorderIsOneMove]' passed (0.000 seconds).
Test Suite 'DocumentOutlineTests' passed at 2026-09-28 17:05:14.036.
	 Executed 8 tests, with 0 failures (0 unexpected) in 0.009 (0.009) seconds
Test Suite 'DocumentOverlayAnimationTests' started at 2026-09-28 17:05:14.036.
Test Case '-[TesseraCoreTests.DocumentOverlayAnimationTests testConcreteOverlaysNeverScheduleWhileDetached]' started.
Test Case '-[TesseraCoreTests.DocumentOverlayAnimationTests testConcreteOverlaysNeverScheduleWhileDetached]' passed (0.000 seconds).
Test Case '-[TesseraCoreTests.DocumentOverlayAnimationTests testHideUnhideAndWindowDetachHooksReconcileTimer]' started.
Test Case '-[TesseraCoreTests.DocumentOverlayAnimationTests testHideUnhideAndWindowDetachHooksReconcileTimer]' passed (0.000 seconds).
Test Case '-[TesseraCoreTests.DocumentOverlayAnimationTests testReleasedOwnerInvalidatesRetainedTimerWithoutTicks]' started.
Test Case '-[TesseraCoreTests.DocumentOverlayAnimationTests testReleasedOwnerInvalidatesRetainedTimerWithoutTicks]' passed (0.000 seconds).
Test Case '-[TesseraCoreTests.DocumentOverlayAnimationTests testRepeatedUpdatesDoNotDuplicateTimerAndRestartOnce]' started.
Test Case '-[TesseraCoreTests.DocumentOverlayAnimationTests testRepeatedUpdatesDoNotDuplicateTimerAndRestartOnce]' passed (0.000 seconds).
Test Case '-[TesseraCoreTests.DocumentOverlayAnimationTests testTickRechecksVisibilityAndOwnershipBeforeDrawing]' started.
Test Case '-[TesseraCoreTests.DocumentOverlayAnimationTests testTickRechecksVisibilityAndOwnershipBeforeDrawing]' passed (0.000 seconds).
Test Suite 'DocumentOverlayAnimationTests' passed at 2026-09-28 17:05:14.037.
	 Executed 5 tests, with 0 failures (0 unexpected) in 0.001 (0.001) seconds
Test Suite 'DocumentRetouchTests' started at 2026-09-28 17:05:14.037.
Test Case '-[TesseraCoreTests.DocumentRetouchTests testCancelledRemoveNeverReachesHistory]' started.
Test Case '-[TesseraCoreTests.DocumentRetouchTests testCancelledRemoveNeverReachesHistory]' passed (0.016 seconds).
Test Case '-[TesseraCoreTests.DocumentRetouchTests testContentAwareFillIsEnabledWithAMarqueeAndDisabledWithoutASelection]' started.
Test Case '-[TesseraCoreTests.DocumentRetouchTests testContentAwareFillIsEnabledWithAMarqueeAndDisabledWithoutASelection]' passed (0.000 seconds).
Test Case '-[TesseraCoreTests.DocumentRetouchTests testContentAwareFillMenuFollowsTheDocumentSelection]' started.
Test Case '-[TesseraCoreTests.DocumentRetouchTests testContentAwareFillMenuFollowsTheDocumentSelection]' passed (0.008 seconds).
Test Case '-[TesseraCoreTests.DocumentRetouchTests testDownloadAllowedShowsProgressThenRunsTheOperation]' started.
Test Case '-[TesseraCoreTests.DocumentRetouchTests testDownloadAllowedShowsProgressThenRunsTheOperation]' passed (0.016 seconds).
Test Case '-[TesseraCoreTests.DocumentRetouchTests testDownloadFailureIsReportedAndRetryRequestsAgain]' started.
Test Case '-[TesseraCoreTests.DocumentRetouchTests testDownloadFailureIsReportedAndRetryRequestsAgain]' passed (0.015 seconds).
Test Case '-[TesseraCoreTests.DocumentRetouchTests testDownloadsOffNeverRequestsAndSaysSo]' started.
Test Case '-[TesseraCoreTests.DocumentRetouchTests testDownloadsOffNeverRequestsAndSaysSo]' passed (0.002 seconds).
Test Case '-[TesseraCoreTests.DocumentRetouchTests testEngineRetouchThroughTheAdapter]' started.
Test Case '-[TesseraCoreTests.DocumentRetouchTests testEngineRetouchThroughTheAdapter]' passed (0.020 seconds).
Test Case '-[TesseraCoreTests.DocumentRetouchTests testForgettingAWaitingOperationKeepsTheDownload]' started.
Test Case '-[TesseraCoreTests.DocumentRetouchTests testForgettingAWaitingOperationKeepsTheDownload]' passed (0.007 seconds).
Test Case '-[TesseraCoreTests.DocumentRetouchTests testJobsCancelAbandonsWithoutWaitingAndRefusesUntilStopped]' started.
Test Case '-[TesseraCoreTests.DocumentRetouchTests testJobsCancelAbandonsWithoutWaitingAndRefusesUntilStopped]' passed (0.023 seconds).
Test Case '-[TesseraCoreTests.DocumentRetouchTests testMissingWeightsAreNamedWithTheirSource]' started.
Test Case '-[TesseraCoreTests.DocumentRetouchTests testMissingWeightsAreNamedWithTheirSource]' passed (0.000 seconds).
Test Case '-[TesseraCoreTests.DocumentRetouchTests testNeuralCatalogueComesFromTheEngine]' started.
Test Case '-[TesseraCoreTests.DocumentRetouchTests testNeuralCatalogueComesFromTheEngine]' passed (0.000 seconds).
Test Case '-[TesseraCoreTests.DocumentRetouchTests testNeuralSheetDestinationsFollowTheLayer]' started.
Test Case '-[TesseraCoreTests.DocumentRetouchTests testNeuralSheetDestinationsFollowTheLayer]' passed (0.000 seconds).
Test Case '-[TesseraCoreTests.DocumentRetouchTests testOutlineGenerationDropsStaleResults]' started.
Test Case '-[TesseraCoreTests.DocumentRetouchTests testOutlineGenerationDropsStaleResults]' passed (0.000 seconds).
Test Case '-[TesseraCoreTests.DocumentRetouchTests testReEditingANeuralSmartFilterKeepsItsFacesAndOutput]' started.
Test Case '-[TesseraCoreTests.DocumentRetouchTests testReEditingANeuralSmartFilterKeepsItsFacesAndOutput]' passed (0.000 seconds).
Test Case '-[TesseraCoreTests.DocumentRetouchTests testRemoveOptionsMapToEngineParams]' started.
Test Case '-[TesseraCoreTests.DocumentRetouchTests testRemoveOptionsMapToEngineParams]' passed (0.000 seconds).
Test Case '-[TesseraCoreTests.DocumentRetouchTests testSuggestionReviewStartsAcceptedAndAppliesOnlyAccepted]' started.
Test Case '-[TesseraCoreTests.DocumentRetouchTests testSuggestionReviewStartsAcceptedAndAppliesOnlyAccepted]' passed (0.000 seconds).
Test Case '-[TesseraCoreTests.DocumentRetouchTests testTheStubNeedsTheEngine]' started.
Test Case '-[TesseraCoreTests.DocumentRetouchTests testTheStubNeedsTheEngine]' passed (0.000 seconds).
Test Suite 'DocumentRetouchTests' passed at 2026-09-28 17:05:14.145.
	 Executed 17 tests, with 0 failures (0 unexpected) in 0.107 (0.108) seconds
Test Suite 'DocumentSaveDestinationCommitTests' started at 2026-09-28 17:05:14.145.
Test Case '-[TesseraCoreTests.DocumentSaveDestinationCommitTests testCapturedHeadLeavesLaterEditDirtyAndOrdinarySaveReadsPathAfterGate]' started.
Test Case '-[TesseraCoreTests.DocumentSaveDestinationCommitTests testCapturedHeadLeavesLaterEditDirtyAndOrdinarySaveReadsPathAfterGate]' passed (0.003 seconds).
Test Case '-[TesseraCoreTests.DocumentSaveDestinationCommitTests testConcurrentSameNamePublishesExactlyOneAndUsesUniqueStaging]' started.
Test Case '-[TesseraCoreTests.DocumentSaveDestinationCommitTests testConcurrentSameNamePublishesExactlyOneAndUsesUniqueStaging]' passed (0.001 seconds).
Test Case '-[TesseraCoreTests.DocumentSaveDestinationCommitTests testConfirmedReplaceStillReplacesPathChangedAfterConfirmation]' started.
Test Case '-[TesseraCoreTests.DocumentSaveDestinationCommitTests testConfirmedReplaceStillReplacesPathChangedAfterConfirmation]' passed (0.001 seconds).
Test Case '-[TesseraCoreTests.DocumentSaveDestinationCommitTests testExclusiveRenameFallbackAndPostCommitCleanupFailureKeepActualResult]' started.
2026-09-28 17:05:14.151 xctest[57051:105389944] Document save cleanup: Could not remove staging file /var/folders/_f/grgzfz9j7c1bq0m39nwqz9mm0000gn/T/checked-stub-906B75AC-D6A8-49C4-B2CD-873FA615C53B/.tessera-save-CQ1rWA (errno 13)
Test Case '-[TesseraCoreTests.DocumentSaveDestinationCommitTests testExclusiveRenameFallbackAndPostCommitCleanupFailureKeepActualResult]' passed (0.001 seconds).
Test Case '-[TesseraCoreTests.DocumentSaveDestinationCommitTests testForcedExclusiveRenameFallbackCollisionPreservesSentinelAndRemovesStage]' started.
Test Case '-[TesseraCoreTests.DocumentSaveDestinationCommitTests testForcedExclusiveRenameFallbackCollisionPreservesSentinelAndRemovesStage]' passed (0.002 seconds).
Test Case '-[TesseraCoreTests.DocumentSaveDestinationCommitTests testLateFileAppearanceAndUnsafeEntriesNeverClobber]' started.
Test Case '-[TesseraCoreTests.DocumentSaveDestinationCommitTests testLateFileAppearanceAndUnsafeEntriesNeverClobber]' passed (0.001 seconds).
Test Case '-[TesseraCoreTests.DocumentSaveDestinationCommitTests testRealCollisionLeavesSentinelAndMarkersThenRetryAndLegacyReplaceWork]' started.
Test Case '-[TesseraCoreTests.DocumentSaveDestinationCommitTests testRealCollisionLeavesSentinelAndMarkersThenRetryAndLegacyReplaceWork]' passed (0.002 seconds).
Test Case '-[TesseraCoreTests.DocumentSaveDestinationCommitTests testReplacedStagingNameIsNeitherPublishedNorDeleted]' started.
Test Case '-[TesseraCoreTests.DocumentSaveDestinationCommitTests testReplacedStagingNameIsNeitherPublishedNorDeleted]' passed (0.001 seconds).
Test Case '-[TesseraCoreTests.DocumentSaveDestinationCommitTests testSuccessfulRenameDoesNotCleanupReusedOldStageName]' started.
Test Case '-[TesseraCoreTests.DocumentSaveDestinationCommitTests testSuccessfulRenameDoesNotCleanupReusedOldStageName]' passed (0.001 seconds).
Test Suite 'DocumentSaveDestinationCommitTests' passed at 2026-09-28 17:05:14.158.
	 Executed 9 tests, with 0 failures (0 unexpected) in 0.012 (0.013) seconds
Test Suite 'DocumentSavePresenterTests' started at 2026-09-28 17:05:14.158.
Test Case '-[TesseraCoreTests.DocumentSavePresenterTests testCancelBeforeBeginFromFactoryNeverBeginsNativeSession]' started.
Test Case '-[TesseraCoreTests.DocumentSavePresenterTests testCancelBeforeBeginFromFactoryNeverBeginsNativeSession]' passed (0.000 seconds).
Test Case '-[TesseraCoreTests.DocumentSavePresenterTests testCancelThenWholeNativeLifetimeBeforeBeginReturnsStillDrains]' started.
Test Case '-[TesseraCoreTests.DocumentSavePresenterTests testCancelThenWholeNativeLifetimeBeforeBeginReturnsStillDrains]' passed (0.000 seconds).
Test Case '-[TesseraCoreTests.DocumentSavePresenterTests testCompletionWithCapturedSheetStillNativeQueuedCannotRelease]' started.
Test Case '-[TesseraCoreTests.DocumentSavePresenterTests testCompletionWithCapturedSheetStillNativeQueuedCannotRelease]' passed (0.000 seconds).
Test Case '-[TesseraCoreTests.DocumentSavePresenterTests testDuplicateCompletionBeforeDetachPreservesFirstResponse]' started.
Test Case '-[TesseraCoreTests.DocumentSavePresenterTests testDuplicateCompletionBeforeDetachPreservesFirstResponse]' passed (0.000 seconds).
Test Case '-[TesseraCoreTests.DocumentSavePresenterTests testHeldChildCancellationDefersParentEndIncludingReentrantChildReturn]' started.
Test Case '-[TesseraCoreTests.DocumentSavePresenterTests testHeldChildCancellationDefersParentEndIncludingReentrantChildReturn]' passed (0.000 seconds).
Test Case '-[TesseraCoreTests.DocumentSavePresenterTests testNewBindingMayWaitForOldDrainButOldCloseCannotRemoveNewHost]' started.
Test Case '-[TesseraCoreTests.DocumentSavePresenterTests testNewBindingMayWaitForOldDrainButOldCloseCannotRemoveNewHost]' passed (0.000 seconds).
Test Case '-[TesseraCoreTests.DocumentSavePresenterTests testOldWindowCloseForCurrentBridgeCannotShutdownReboundWindow]' started.
Test Case '-[TesseraCoreTests.DocumentSavePresenterTests testOldWindowCloseForCurrentBridgeCannotShutdownReboundWindow]' passed (0.000 seconds).
Test Case '-[TesseraCoreTests.DocumentSavePresenterTests testParentCloseSettlesLossButNativeMembershipStillMustDrain]' started.
Test Case '-[TesseraCoreTests.DocumentSavePresenterTests testParentCloseSettlesLossButNativeMembershipStillMustDrain]' passed (0.000 seconds).
Test Case '-[TesseraCoreTests.DocumentSavePresenterTests testParentLossCancelsHeldChildEvenIfNativeCompletionAlreadyArrived]' started.
Test Case '-[TesseraCoreTests.DocumentSavePresenterTests testParentLossCancelsHeldChildEvenIfNativeCompletionAlreadyArrived]' passed (0.000 seconds).
Test Case '-[TesseraCoreTests.DocumentSavePresenterTests testReentrantCancelDuringBeginAndCompletionDuringEndAreIdempotent]' started.
Test Case '-[TesseraCoreTests.DocumentSavePresenterTests testReentrantCancelDuringBeginAndCompletionDuringEndAreIdempotent]' passed (0.000 seconds).
Test Case '-[TesseraCoreTests.DocumentSavePresenterTests testSameWindowNewGenerationRejectsOldUpdateAndTeardown]' started.
Test Case '-[TesseraCoreTests.DocumentSavePresenterTests testSameWindowNewGenerationRejectsOldUpdateAndTeardown]' passed (0.000 seconds).
Test Case '-[TesseraCoreTests.DocumentSavePresenterTests testStaleCompletionCannotRetireSuccessorAndUnrelatedAdmissionFailsClosed]' started.
Test Case '-[TesseraCoreTests.DocumentSavePresenterTests testStaleCompletionCannotRetireSuccessorAndUnrelatedAdmissionFailsClosed]' passed (0.000 seconds).
Test Case '-[TesseraCoreTests.DocumentSavePresenterTests testWhollyUnseenAttachmentWithLiveViewWaitsCompletionAndDetachInEitherOrder]' started.
Test Case '-[TesseraCoreTests.DocumentSavePresenterTests testWhollyUnseenAttachmentWithLiveViewWaitsCompletionAndDetachInEitherOrder]' passed (0.000 seconds).
Test Suite 'DocumentSavePresenterTests' passed at 2026-09-28 17:05:14.160.
	 Executed 13 tests, with 0 failures (0 unexpected) in 0.001 (0.002) seconds
Test Suite 'DocumentSaveSettlementTests' started at 2026-09-28 17:05:14.160.
Test Case '-[TesseraCoreTests.DocumentSaveSettlementTests testAbsentIntentSurvivesLateAppearanceAndConflictDoesNotAdvanceState]' started.
Test Case '-[TesseraCoreTests.DocumentSaveSettlementTests testAbsentIntentSurvivesLateAppearanceAndConflictDoesNotAdvanceState]' passed (0.001 seconds).
Test Case '-[TesseraCoreTests.DocumentSaveSettlementTests testCancelDuringFormDrainCannotStartReplacementOrWrite]' started.
Test Case '-[TesseraCoreTests.DocumentSaveSettlementTests testCancelDuringFormDrainCannotStartReplacementOrWrite]' passed (0.000 seconds).
Test Case '-[TesseraCoreTests.DocumentSaveSettlementTests testHostLossWhileWriterRunsReportsActualOutcomeWithCancelledContinuation]' started.
Test Case '-[TesseraCoreTests.DocumentSaveSettlementTests testHostLossWhileWriterRunsReportsActualOutcomeWithCancelledContinuation]' passed (0.000 seconds).
Test Case '-[TesseraCoreTests.DocumentSaveSettlementTests testKnownGapEntireAttachmentAfterCancelWithoutAnyObservationNeedsProgress]' started.
Test Case '-[TesseraCoreTests.DocumentSaveSettlementTests testKnownGapEntireAttachmentAfterCancelWithoutAnyObservationNeedsProgress]' passed (0.000 seconds).
Test Case '-[TesseraCoreTests.DocumentSaveSettlementTests testLegacyHeadlessSaveAsUsesAutomaticDestinationAndReportsSuccess]' started.
Test Case '-[TesseraCoreTests.DocumentSaveSettlementTests testLegacyHeadlessSaveAsUsesAutomaticDestinationAndReportsSuccess]' passed (0.000 seconds).
Test Case '-[TesseraCoreTests.DocumentSaveSettlementTests testMissingWindowFailsClosed]' started.
Test Case '-[TesseraCoreTests.DocumentSaveSettlementTests testMissingWindowFailsClosed]' passed (0.000 seconds).
Test Case '-[TesseraCoreTests.DocumentSaveSettlementTests testOldWriteCannotOverwriteNewPromptOrAdmitDuplicateDocumentWrite]' started.
Test Case '-[TesseraCoreTests.DocumentSaveSettlementTests testOldWriteCannotOverwriteNewPromptOrAdmitDuplicateDocumentWrite]' passed (0.000 seconds).
Test Case '-[TesseraCoreTests.DocumentSaveSettlementTests testOnlyAffirmativeMatchingReplaceDrainGrantsReplacementIntent]' started.
Test Case '-[TesseraCoreTests.DocumentSaveSettlementTests testOnlyAffirmativeMatchingReplaceDrainGrantsReplacementIntent]' passed (0.000 seconds).
Test Case '-[TesseraCoreTests.DocumentSaveSettlementTests testParentCloseFailsQueuedSuccessorAndKeepsNativeDrain]' started.
Test Case '-[TesseraCoreTests.DocumentSaveSettlementTests testParentCloseFailsQueuedSuccessorAndKeepsNativeDrain]' passed (0.000 seconds).
Test Case '-[TesseraCoreTests.DocumentSaveSettlementTests testReentrantCancelledCallerSupersedesIntermediateQueuedRequest]' started.
Test Case '-[TesseraCoreTests.DocumentSaveSettlementTests testReentrantCancelledCallerSupersedesIntermediateQueuedRequest]' passed (0.000 seconds).
Test Case '-[TesseraCoreTests.DocumentSaveSettlementTests testReplaceCancelAndStaleApprovalCannotWrite]' started.
Test Case '-[TesseraCoreTests.DocumentSaveSettlementTests testReplaceCancelAndStaleApprovalCannotWrite]' passed (0.000 seconds).
Test Case '-[TesseraCoreTests.DocumentSaveSettlementTests testReplaceOwnsDistinctTokenAndWaitsForItsPhysicalDrainBeforeWrite]' started.
Test Case '-[TesseraCoreTests.DocumentSaveSettlementTests testReplaceOwnsDistinctTokenAndWaitsForItsPhysicalDrainBeforeWrite]' passed (0.000 seconds).
Test Case '-[TesseraCoreTests.DocumentSaveSettlementTests testSaveWaitsForCompletionAndMembershipThenWritesOnce]' started.
Test Case '-[TesseraCoreTests.DocumentSaveSettlementTests testSaveWaitsForCompletionAndMembershipThenWritesOnce]' passed (0.000 seconds).
Test Case '-[TesseraCoreTests.DocumentSaveSettlementTests testSupersededWriterConflictPreservesNewStatusAndNeverRunsThen]' started.
Test Case '-[TesseraCoreTests.DocumentSaveSettlementTests testSupersededWriterConflictPreservesNewStatusAndNeverRunsThen]' passed (0.000 seconds).
Test Case '-[TesseraCoreTests.DocumentSaveSettlementTests testWriteFailurePreservesFolderAndAdmittedWriteDrainsThroughCancellation]' started.
Test Case '-[TesseraCoreTests.DocumentSaveSettlementTests testWriteFailurePreservesFolderAndAdmittedWriteDrainsThroughCancellation]' passed (0.000 seconds).
Test Case '-[TesseraCoreTests.DocumentSaveSettlementTests testWrongControllerAndStaleActionsCannotAffectSuccessor]' started.
Test Case '-[TesseraCoreTests.DocumentSaveSettlementTests testWrongControllerAndStaleActionsCannotAffectSuccessor]' passed (0.000 seconds).
Test Suite 'DocumentSaveSettlementTests' passed at 2026-09-28 17:05:14.165.
	 Executed 16 tests, with 0 failures (0 unexpected) in 0.004 (0.005) seconds
Test Suite 'DocumentSaveSheetAttachmentTests' started at 2026-09-28 17:05:14.165.
Test Case '-[TesseraCoreTests.DocumentSaveSheetAttachmentTests testNewSheetIsNotModifiedWhenOldSheetHasDetached]' started.
Test Case '-[TesseraCoreTests.DocumentSaveSheetAttachmentTests testNewSheetIsNotModifiedWhenOldSheetHasDetached]' passed (0.000 seconds).
Test Case '-[TesseraCoreTests.DocumentSaveSheetAttachmentTests testParentNoLongerAttachesOldSheetDespiteStaleChildParentMetadata]' started.
Test Case '-[TesseraCoreTests.DocumentSaveSheetAttachmentTests testParentNoLongerAttachesOldSheetDespiteStaleChildParentMetadata]' passed (0.000 seconds).
Test Case '-[TesseraCoreTests.DocumentSaveSheetAttachmentTests testQueuedCapturedSheetStillBelongsToParentUnderUnrelatedAttachedSheet]' started.
Test Case '-[TesseraCoreTests.DocumentSaveSheetAttachmentTests testQueuedCapturedSheetStillBelongsToParentUnderUnrelatedAttachedSheet]' passed (0.000 seconds).
Test Case '-[TesseraCoreTests.DocumentSaveSheetAttachmentTests testUnrelatedEventWhileOldSheetStillAttachedDoesNotComplete]' started.
Test Case '-[TesseraCoreTests.DocumentSaveSheetAttachmentTests testUnrelatedEventWhileOldSheetStillAttachedDoesNotComplete]' passed (0.000 seconds).
Test Suite 'DocumentSaveSheetAttachmentTests' passed at 2026-09-28 17:05:14.165.
	 Executed 4 tests, with 0 failures (0 unexpected) in 0.000 (0.001) seconds
Test Suite 'DocumentSaveSheetProbeTests' started at 2026-09-28 17:05:14.165.
Test Case '-[TesseraCoreTests.DocumentSaveSheetProbeTests testClosingCapturedParentDuringRealFolderChooserDrainsNativeSheet]' started.
Test Case '-[TesseraCoreTests.DocumentSaveSheetProbeTests testClosingCapturedParentDuringRealFolderChooserDrainsNativeSheet]' passed (0.982 seconds).
Test Case '-[TesseraCoreTests.DocumentSaveSheetProbeTests testDismantlingOldAttachedBridgeCannotClearNewBridgeOnSameWindow]' started.
Test Case '-[TesseraCoreTests.DocumentSaveSheetProbeTests testDismantlingOldAttachedBridgeCannotClearNewBridgeOnSameWindow]' passed (0.001 seconds).
Test Case '-[TesseraCoreTests.DocumentSaveSheetProbeTests testStaleSameWindowBridgeTeardownDoesNotShutdownNewBinding]' started.
Test Case '-[TesseraCoreTests.DocumentSaveSheetProbeTests testStaleSameWindowBridgeTeardownDoesNotShutdownNewBinding]' passed (0.000 seconds).
Test Suite 'DocumentSaveSheetProbeTests' passed at 2026-09-28 17:05:15.148.
	 Executed 3 tests, with 0 failures (0 unexpected) in 0.982 (0.983) seconds
Test Suite 'DocumentStylesTests' started at 2026-09-28 17:05:15.148.
Test Case '-[TesseraCoreTests.DocumentStylesTests testControllerAddsEditsAndFollowsTheGlobalLight]' started.
Test Case '-[TesseraCoreTests.DocumentStylesTests testControllerAddsEditsAndFollowsTheGlobalLight]' passed (0.030 seconds).
Test Case '-[TesseraCoreTests.DocumentStylesTests testEngineBackendRoundTripsAndRecordsOneNodePerGesture]' started.
Test Case '-[TesseraCoreTests.DocumentStylesTests testEngineBackendRoundTripsAndRecordsOneNodePerGesture]' passed (0.026 seconds).
Test Case '-[TesseraCoreTests.DocumentStylesTests testEveryEffectKindRoundTripsThroughTheModel]' started.
Test Case '-[TesseraCoreTests.DocumentStylesTests testEveryEffectKindRoundTripsThroughTheModel]' passed (0.016 seconds).
Test Case '-[TesseraCoreTests.DocumentStylesTests testGlobalLightPropagatesAcrossLayersInTheUIModel]' started.
Test Case '-[TesseraCoreTests.DocumentStylesTests testGlobalLightPropagatesAcrossLayersInTheUIModel]' passed (0.004 seconds).
Test Case '-[TesseraCoreTests.DocumentStylesTests testRepeatableEffectsOrderAndLimits]' started.
Test Case '-[TesseraCoreTests.DocumentStylesTests testRepeatableEffectsOrderAndLimits]' passed (0.004 seconds).
Test Case '-[TesseraCoreTests.DocumentStylesTests testSchemaDescribesEveryKindTopFirst]' started.
Test Case '-[TesseraCoreTests.DocumentStylesTests testSchemaDescribesEveryKindTopFirst]' passed (0.004 seconds).
Test Case '-[TesseraCoreTests.DocumentStylesTests testStubBackendKeepsStylesPerDocument]' started.
Test Case '-[TesseraCoreTests.DocumentStylesTests testStubBackendKeepsStylesPerDocument]' passed (0.004 seconds).
Test Suite 'DocumentStylesTests' passed at 2026-09-28 17:05:15.235.
	 Executed 7 tests, with 0 failures (0 unexpected) in 0.087 (0.087) seconds
Test Suite 'DocumentTextSessionTests' started at 2026-09-28 17:05:15.235.
Test Case '-[TesseraCoreTests.DocumentTextSessionTests testApplyAndCancelKeysReachTheSessionWhateverViewIsFocused]' started.
document: frames on the Cpu path (L0, requested Rect { x0: 0, y0: 0, x1: 1200, y1: 800 })
document: frames on the Viewport path (L0, requested Rect { x0: 0, y0: 0, x1: 1200, y1: 800 })
document: frames on the Cpu path (L0, requested Rect { x0: 0, y0: 0, x1: 1200, y1: 800 })
document: frames on the Viewport path (L0, requested Rect { x0: 0, y0: 0, x1: 1200, y1: 800 })
document: frames on the Cpu path (L0, requested Rect { x0: 0, y0: 0, x1: 1200, y1: 800 })
document: frames on the Viewport path (L0, requested Rect { x0: 0, y0: 0, x1: 1200, y1: 800 })
document: frames on the Cpu path (L0, requested Rect { x0: 0, y0: 0, x1: 1200, y1: 800 })
document: frames on the Viewport path (L0, requested Rect { x0: 0, y0: 0, x1: 1200, y1: 800 })
document: frames on the Cpu path (L0, requested Rect { x0: 0, y0: 0, x1: 1200, y1: 800 })
document: frames on the Viewport path (L0, requested Rect { x0: 0, y0: 0, x1: 1200, y1: 800 })
Test Case '-[TesseraCoreTests.DocumentTextSessionTests testApplyAndCancelKeysReachTheSessionWhateverViewIsFocused]' passed (0.287 seconds).
Test Case '-[TesseraCoreTests.DocumentTextSessionTests testClickJustRightOfTheLastGlyphResumesEditing]' started.
document: frames on the Cpu path (L0, requested Rect { x0: 0, y0: 0, x1: 1200, y1: 800 })
document: frames on the Viewport path (L0, requested Rect { x0: 0, y0: 0, x1: 1200, y1: 800 })
Test Case '-[TesseraCoreTests.DocumentTextSessionTests testClickJustRightOfTheLastGlyphResumesEditing]' passed (0.062 seconds).
Test Case '-[TesseraCoreTests.DocumentTextSessionTests testCommandReturnAppliesAfterABoxHandleDrag]' started.
document: frames on the Viewport path (L0, requested Rect { x0: 0, y0: 0, x1: 1200, y1: 800 })
document: frames on the Cpu path (L0, requested Rect { x0: 0, y0: 0, x1: 1200, y1: 800 })
document: frames on the Viewport path (L0, requested Rect { x0: 0, y0: 0, x1: 1200, y1: 800 })
Test Case '-[TesseraCoreTests.DocumentTextSessionTests testCommandReturnAppliesAfterABoxHandleDrag]' passed (0.112 seconds).
Test Case '-[TesseraCoreTests.DocumentTextSessionTests testHitRegionIsTheLineBoxPlusTheTrailingMargin]' started.
document: frames on the Viewport path (L0, requested Rect { x0: 0, y0: 0, x1: 1200, y1: 800 })
Test Case '-[TesseraCoreTests.DocumentTextSessionTests testHitRegionIsTheLineBoxPlusTheTrailingMargin]' passed (0.068 seconds).
Test Case '-[TesseraCoreTests.DocumentTextSessionTests testLatencyCountsKeystrokesOnlyAndExcludesInactiveTime]' started.
document: frames on the Viewport path (L0, requested Rect { x0: 0, y0: 0, x1: 1200, y1: 800 })
Test Case '-[TesseraCoreTests.DocumentTextSessionTests testLatencyCountsKeystrokesOnlyAndExcludesInactiveTime]' passed (0.070 seconds).
Test Case '-[TesseraCoreTests.DocumentTextSessionTests testSessionMeasuresKeystrokesNotGestures]' started.
document: frames on the Viewport path (L0, requested Rect { x0: 0, y0: 0, x1: 1200, y1: 800 })
document: frames on the Cpu path (L0, requested Rect { x0: 0, y0: 0, x1: 1200, y1: 800 })
document: frames on the Viewport path (L0, requested Rect { x0: 0, y0: 0, x1: 1200, y1: 800 })
Test Case '-[TesseraCoreTests.DocumentTextSessionTests testSessionMeasuresKeystrokesNotGestures]' passed (0.091 seconds).
Test Case '-[TesseraCoreTests.DocumentTextSessionTests testStatusHintFollowsTheSession]' started.
document: frames on the Cpu path (L0, requested Rect { x0: 0, y0: 0, x1: 1200, y1: 800 })
document: frames on the Viewport path (L0, requested Rect { x0: 0, y0: 0, x1: 1200, y1: 800 })
Test Case '-[TesseraCoreTests.DocumentTextSessionTests testStatusHintFollowsTheSession]' passed (0.098 seconds).
Test Case '-[TesseraCoreTests.DocumentTextSessionTests testTextFrameIsDashedForPointAndAreaText]' started.
document: frames on the Viewport path (L0, requested Rect { x0: 0, y0: 0, x1: 1200, y1: 800 })
Test Case '-[TesseraCoreTests.DocumentTextSessionTests testTextFrameIsDashedForPointAndAreaText]' passed (0.062 seconds).
Test Suite 'DocumentTextSessionTests' passed at 2026-09-28 17:05:16.087.
	 Executed 8 tests, with 0 failures (0 unexpected) in 0.851 (0.852) seconds
Test Suite 'DocumentTextTests' started at 2026-09-28 17:05:16.087.
Test Case '-[TesseraCoreTests.DocumentTextTests testAffineConversionToCoreGraphicsKeepsTranslationAndSkew]' started.
Test Case '-[TesseraCoreTests.DocumentTextTests testAffineConversionToCoreGraphicsKeepsTranslationAndSkew]' passed (0.000 seconds).
Test Case '-[TesseraCoreTests.DocumentTextTests testApplyStyleSplitsOnlyAtTheSelectionAndSpliceMatchesTheEngine]' started.
Test Case '-[TesseraCoreTests.DocumentTextTests testApplyStyleSplitsOnlyAtTheSelectionAndSpliceMatchesTheEngine]' passed (0.000 seconds).
Test Case '-[TesseraCoreTests.DocumentTextTests testDeletionAcrossMixedStyleRunsKeepsUntouchedRuns]' started.
Test Case '-[TesseraCoreTests.DocumentTextTests testDeletionAcrossMixedStyleRunsKeepsUntouchedRuns]' passed (0.000 seconds).
Test Case '-[TesseraCoreTests.DocumentTextTests testDraftsThroughTheSessionAreOneNodeCancelAndLocks]' started.
Test Case '-[TesseraCoreTests.DocumentTextTests testDraftsThroughTheSessionAreOneNodeCancelAndLocks]' passed (0.097 seconds).
Test Case '-[TesseraCoreTests.DocumentTextTests testEngineLayoutClustersAgreeWithTheIndexOnRealText]' started.
Test Case '-[TesseraCoreTests.DocumentTextTests testEngineLayoutClustersAgreeWithTheIndexOnRealText]' passed (0.001 seconds).
Test Case '-[TesseraCoreTests.DocumentTextTests testInsertJoinsTheRunBeforeTheCaretAndSplitsForATypingStyle]' started.
Test Case '-[TesseraCoreTests.DocumentTextTests testInsertJoinsTheRunBeforeTheCaretAndSplitsForATypingStyle]' passed (0.000 seconds).
Test Case '-[TesseraCoreTests.DocumentTextTests testLigatureInteriorIsNotACaretStopAndHitsSnapToClusterEdges]' started.
Test Case '-[TesseraCoreTests.DocumentTextTests testLigatureInteriorIsNotACaretStopAndHitsSnapToClusterEdges]' passed (0.000 seconds).
Test Case '-[TesseraCoreTests.DocumentTextTests testMarkedTextCancelRestoresAndCommitKeepsOneComposition]' started.
Test Case '-[TesseraCoreTests.DocumentTextTests testMarkedTextCancelRestoresAndCommitKeepsOneComposition]' passed (0.000 seconds).
Test Case '-[TesseraCoreTests.DocumentTextTests testMixedBidiCaretAndHitTestFollowTheVisualLayout]' started.
Test Case '-[TesseraCoreTests.DocumentTextTests testMixedBidiCaretAndHitTestFollowTheVisualLayout]' passed (0.000 seconds).
Test Case '-[TesseraCoreTests.DocumentTextTests testModelJSONMatchesTheEngineSchemaAndKeepsPathData]' started.
Test Case '-[TesseraCoreTests.DocumentTextTests testModelJSONMatchesTheEngineSchemaAndKeepsPathData]' passed (0.001 seconds).
Test Case '-[TesseraCoreTests.DocumentTextTests testRunMappingPrefersTheRunBeforeTheCaret]' started.
Test Case '-[TesseraCoreTests.DocumentTextTests testRunMappingPrefersTheRunBeforeTheCaret]' passed (0.001 seconds).
Test Case '-[TesseraCoreTests.DocumentTextTests testTrailingNewlineVerticalMovesAndLineBounds]' started.
Test Case '-[TesseraCoreTests.DocumentTextTests testTrailingNewlineVerticalMovesAndLineBounds]' passed (0.000 seconds).
Test Case '-[TesseraCoreTests.DocumentTextTests testTypingStyleAndDeleteBackwardOverNonBMP]' started.
Test Case '-[TesseraCoreTests.DocumentTextTests testTypingStyleAndDeleteBackwardOverNonBMP]' passed (0.000 seconds).
Test Case '-[TesseraCoreTests.DocumentTextTests testUTF16UTF8AndGraphemeMappingAcrossNonBMPAndCombiningMarks]' started.
Test Case '-[TesseraCoreTests.DocumentTextTests testUTF16UTF8AndGraphemeMappingAcrossNonBMPAndCombiningMarks]' passed (0.000 seconds).
Test Suite 'DocumentTextTests' passed at 2026-09-28 17:05:16.189.
	 Executed 14 tests, with 0 failures (0 unexpected) in 0.101 (0.102) seconds
Test Suite 'DocumentToolsTests' started at 2026-09-28 17:05:16.189.
Test Case '-[TesseraCoreTests.DocumentToolsTests testAffineComposition]' started.
Test Case '-[TesseraCoreTests.DocumentToolsTests testAffineComposition]' passed (0.000 seconds).
Test Case '-[TesseraCoreTests.DocumentToolsTests testBracketKeysAndHardness]' started.
Test Case '-[TesseraCoreTests.DocumentToolsTests testBracketKeysAndHardness]' passed (0.000 seconds).
Test Case '-[TesseraCoreTests.DocumentToolsTests testCoalescerBatchesSamplesWhileAFrameIsInFlight]' started.
Test Case '-[TesseraCoreTests.DocumentToolsTests testCoalescerBatchesSamplesWhileAFrameIsInFlight]' passed (0.000 seconds).
Test Case '-[TesseraCoreTests.DocumentToolsTests testEngineToolsThroughTheAdapter]' started.
Test Case '-[TesseraCoreTests.DocumentToolsTests testEngineToolsThroughTheAdapter]' passed (0.020 seconds).
Test Case '-[TesseraCoreTests.DocumentToolsTests testFreeTransformHandleDrags]' started.
Test Case '-[TesseraCoreTests.DocumentToolsTests testFreeTransformHandleDrags]' passed (0.000 seconds).
Test Case '-[TesseraCoreTests.DocumentToolsTests testFreeTransformModel]' started.
Test Case '-[TesseraCoreTests.DocumentToolsTests testFreeTransformModel]' passed (0.000 seconds).
Test Case '-[TesseraCoreTests.DocumentToolsTests testFreeTransformRotateMoveAndHitTest]' started.
Test Case '-[TesseraCoreTests.DocumentToolsTests testFreeTransformRotateMoveAndHitTest]' passed (0.000 seconds).
Test Case '-[TesseraCoreTests.DocumentToolsTests testHUDDragMapsToSizeAndHardness]' started.
Test Case '-[TesseraCoreTests.DocumentToolsTests testHUDDragMapsToSizeAndHardness]' passed (0.000 seconds).
Test Case '-[TesseraCoreTests.DocumentToolsTests testMarqueeGeometry]' started.
Test Case '-[TesseraCoreTests.DocumentToolsTests testMarqueeGeometry]' passed (0.000 seconds).
Test Case '-[TesseraCoreTests.DocumentToolsTests testOpacityDigits]' started.
Test Case '-[TesseraCoreTests.DocumentToolsTests testOpacityDigits]' passed (0.000 seconds).
Test Case '-[TesseraCoreTests.DocumentToolsTests testPressureCurve]' started.
Test Case '-[TesseraCoreTests.DocumentToolsTests testPressureCurve]' passed (0.000 seconds).
Test Case '-[TesseraCoreTests.DocumentToolsTests testSelectionModifierMapping]' started.
Test Case '-[TesseraCoreTests.DocumentToolsTests testSelectionModifierMapping]' passed (0.000 seconds).
Test Case '-[TesseraCoreTests.DocumentToolsTests testStubAdoptsTheGeometricSubset]' started.
Test Case '-[TesseraCoreTests.DocumentToolsTests testStubAdoptsTheGeometricSubset]' passed (0.000 seconds).
Test Case '-[TesseraCoreTests.DocumentToolsTests testToolColors]' started.
Test Case '-[TesseraCoreTests.DocumentToolsTests testToolColors]' passed (0.000 seconds).
Test Case '-[TesseraCoreTests.DocumentToolsTests testToolKeyMap]' started.
Test Case '-[TesseraCoreTests.DocumentToolsTests testToolKeyMap]' passed (0.000 seconds).
Test Suite 'DocumentToolsTests' passed at 2026-09-28 17:05:16.212.
	 Executed 15 tests, with 0 failures (0 unexpected) in 0.022 (0.023) seconds
Test Suite 'DocumentTransformTests' started at 2026-09-28 17:05:16.212.
Test Case '-[TesseraCoreTests.DocumentTransformTests testChildMappingUsesTheRowMajorAffineWithSkewAndTranslation]' started.
Test Case '-[TesseraCoreTests.DocumentTransformTests testChildMappingUsesTheRowMajorAffineWithSkewAndTranslation]' passed (0.000 seconds).
Test Case '-[TesseraCoreTests.DocumentTransformTests testContentAwareBoxHandlesProportionsAndLimits]' started.
Test Case '-[TesseraCoreTests.DocumentTransformTests testContentAwareBoxHandlesProportionsAndLimits]' passed (0.000 seconds).
Test Case '-[TesseraCoreTests.DocumentTransformTests testCrossingAndDegenerateQuadsAreRejectedBeforeTheEngine]' started.
Test Case '-[TesseraCoreTests.DocumentTransformTests testCrossingAndDegenerateQuadsAreRejectedBeforeTheEngine]' passed (0.000 seconds).
Test Case '-[TesseraCoreTests.DocumentTransformTests testEnginePuppetMeshAndProtectionChannels]' started.
Test Case '-[TesseraCoreTests.DocumentTransformTests testEnginePuppetMeshAndProtectionChannels]' passed (0.017 seconds).
Test Case '-[TesseraCoreTests.DocumentTransformTests testEngineSessionNeedsConsentCancelsCleanlyAndAppliesOneNode]' started.
Test Case '-[TesseraCoreTests.DocumentTransformTests testEngineSessionNeedsConsentCancelsCleanlyAndAppliesOneNode]' passed (0.016 seconds).
Test Case '-[TesseraCoreTests.DocumentTransformTests testEngineSplitAddsLinesWithoutMovingTheSurface]' started.
Test Case '-[TesseraCoreTests.DocumentTransformTests testEngineSplitAddsLinesWithoutMovingTheSurface]' passed (0.000 seconds).
Test Case '-[TesseraCoreTests.DocumentTransformTests testOperationJSONCarriesKernelAndNeverAProtectMask]' started.
Test Case '-[TesseraCoreTests.DocumentTransformTests testOperationJSONCarriesKernelAndNeverAProtectMask]' passed (0.000 seconds).
Test Case '-[TesseraCoreTests.DocumentTransformTests testPerspectiveLayoutMovesBothSpacesAndWarpOnlyTheDestination]' started.
Test Case '-[TesseraCoreTests.DocumentTransformTests testPerspectiveLayoutMovesBothSpacesAndWarpOnlyTheDestination]' passed (0.000 seconds).
Test Case '-[TesseraCoreTests.DocumentTransformTests testPerspectiveQuadsArePerimeterOrderedAndRoundTrip]' started.
Test Case '-[TesseraCoreTests.DocumentTransformTests testPerspectiveQuadsArePerimeterOrderedAndRoundTrip]' passed (0.000 seconds).
Test Case '-[TesseraCoreTests.DocumentTransformTests testPerspectiveSplitKeepsTheWarpedImageInPlace]' started.
Test Case '-[TesseraCoreTests.DocumentTransformTests testPerspectiveSplitKeepsTheWarpedImageInPlace]' passed (0.000 seconds).
Test Case '-[TesseraCoreTests.DocumentTransformTests testPresetsBendZeroIsIdentityAndInvalidBendFails]' started.
Test Case '-[TesseraCoreTests.DocumentTransformTests testPresetsBendZeroIsIdentityAndInvalidBendFails]' passed (0.000 seconds).
Test Case '-[TesseraCoreTests.DocumentTransformTests testPuppetModelRoundTripsAndPinsNeverJump]' started.
Test Case '-[TesseraCoreTests.DocumentTransformTests testPuppetModelRoundTripsAndPinsNeverJump]' passed (0.000 seconds).
Test Case '-[TesseraCoreTests.DocumentTransformTests testPuppetRebaseKeepsPinsOnTheNearestNewVertex]' started.
Test Case '-[TesseraCoreTests.DocumentTransformTests testPuppetRebaseKeepsPinsOnTheNearestNewVertex]' passed (0.000 seconds).
Test Case '-[TesseraCoreTests.DocumentTransformTests testTransformDeleteVariantsAndEscapeRequireUnmodifiedKeys]' started.
Test Case '-[TesseraCoreTests.DocumentTransformTests testTransformDeleteVariantsAndEscapeRequireUnmodifiedKeys]' passed (0.000 seconds).
Test Case '-[TesseraCoreTests.DocumentTransformTests testTransformKeyRoutingIgnoresOnlyIncidentalFlags]' started.
Test Case '-[TesseraCoreTests.DocumentTransformTests testTransformKeyRoutingIgnoresOnlyIncidentalFlags]' passed (0.000 seconds).
Test Case '-[TesseraCoreTests.DocumentTransformTests testTransformReturnAndEnterUseTheSameModifierGuard]' started.
Test Case '-[TesseraCoreTests.DocumentTransformTests testTransformReturnAndEnterUseTheSameModifierGuard]' passed (0.000 seconds).
Test Case '-[TesseraCoreTests.DocumentTransformTests testWarpAnchorDragCarriesItsHandles]' started.
Test Case '-[TesseraCoreTests.DocumentTransformTests testWarpAnchorDragCarriesItsHandles]' passed (0.000 seconds).
Test Case '-[TesseraCoreTests.DocumentTransformTests testWarpMeshJSONMatchesTheEngineSchema]' started.
Test Case '-[TesseraCoreTests.DocumentTransformTests testWarpMeshJSONMatchesTheEngineSchema]' passed (0.000 seconds).
Test Case '-[TesseraCoreTests.DocumentTransformTests testWarpSurfaceInterpolatesCornersAndIsLinearAtIdentity]' started.
Test Case '-[TesseraCoreTests.DocumentTransformTests testWarpSurfaceInterpolatesCornersAndIsLinearAtIdentity]' passed (0.000 seconds).
Test Suite 'DocumentTransformTests' passed at 2026-09-28 17:05:16.249.
	 Executed 19 tests, with 0 failures (0 unexpected) in 0.036 (0.038) seconds
Test Suite 'DocumentVectorTests' started at 2026-09-28 17:05:16.249.
Test Case '-[TesseraCoreTests.DocumentVectorTests testAffineLayoutsConvertExplicitlyWithSkewAndTranslation]' started.
Test Case '-[TesseraCoreTests.DocumentVectorTests testAffineLayoutsConvertExplicitlyWithSkewAndTranslation]' passed (0.000 seconds).
Test Case '-[TesseraCoreTests.DocumentVectorTests testCoincidentAnchorsMergeLikeTheEngine]' started.
Test Case '-[TesseraCoreTests.DocumentVectorTests testCoincidentAnchorsMergeLikeTheEngine]' passed (0.000 seconds).
Test Case '-[TesseraCoreTests.DocumentVectorTests testEllipseOverlayLiesOnTheEnginesEllipse]' started.
Test Case '-[TesseraCoreTests.DocumentVectorTests testEllipseOverlayLiesOnTheEnginesEllipse]' passed (0.000 seconds).
Test Case '-[TesseraCoreTests.DocumentVectorTests testEngineShapesDraftsMasksBooleansAndConversion]' started.
Test Case '-[TesseraCoreTests.DocumentVectorTests testEngineShapesDraftsMasksBooleansAndConversion]' passed (0.018 seconds).
Test Case '-[TesseraCoreTests.DocumentVectorTests testEvenOddHolesAndNonzeroContainment]' started.
Test Case '-[TesseraCoreTests.DocumentVectorTests testEvenOddHolesAndNonzeroContainment]' passed (0.000 seconds).
Test Case '-[TesseraCoreTests.DocumentVectorTests testInverseAffineHitsWithSkewAndTranslation]' started.
Test Case '-[TesseraCoreTests.DocumentVectorTests testInverseAffineHitsWithSkewAndTranslation]' passed (0.000 seconds).
Test Case '-[TesseraCoreTests.DocumentVectorTests testPathCommandJSONMatchesTheEngineSchema]' started.
Test Case '-[TesseraCoreTests.DocumentVectorTests testPathCommandJSONMatchesTheEngineSchema]' passed (0.000 seconds).
Test Case '-[TesseraCoreTests.DocumentVectorTests testPatternPaintIsCarriedOpaquely]' started.
Test Case '-[TesseraCoreTests.DocumentVectorTests testPatternPaintIsCarriedOpaquely]' passed (0.000 seconds).
Test Case '-[TesseraCoreTests.DocumentVectorTests testPenDraftBuildsCubicHandlesAndCloses]' started.
Test Case '-[TesseraCoreTests.DocumentVectorTests testPenDraftBuildsCubicHandlesAndCloses]' passed (0.000 seconds).
Test Case '-[TesseraCoreTests.DocumentVectorTests testPolygonStarAndLinePrimitivesMatchTheEngine]' started.
Test Case '-[TesseraCoreTests.DocumentVectorTests testPolygonStarAndLinePrimitivesMatchTheEngine]' passed (0.000 seconds).
Test Case '-[TesseraCoreTests.DocumentVectorTests testRectanglePrimitiveMatchesTheEngineConstruction]' started.
Test Case '-[TesseraCoreTests.DocumentVectorTests testRectanglePrimitiveMatchesTheEngineConstruction]' passed (0.000 seconds).
Test Case '-[TesseraCoreTests.DocumentVectorTests testShapeSourceDecodesAndReencodesTheEngineSchema]' started.
Test Case '-[TesseraCoreTests.DocumentVectorTests testShapeSourceDecodesAndReencodesTheEngineSchema]' passed (0.001 seconds).
Test Case '-[TesseraCoreTests.DocumentVectorTests testShapeToolConstraints]' started.
Test Case '-[TesseraCoreTests.DocumentVectorTests testShapeToolConstraints]' passed (0.000 seconds).
Test Case '-[TesseraCoreTests.DocumentVectorTests testSplitIsExactAndHandlesMirrorOrStayIndependent]' started.
Test Case '-[TesseraCoreTests.DocumentVectorTests testSplitIsExactAndHandlesMirrorOrStayIndependent]' passed (0.000 seconds).
Test Case '-[TesseraCoreTests.DocumentVectorTests testTargetsPreferSelectedHandlesThenAnchorsThenSegments]' started.
Test Case '-[TesseraCoreTests.DocumentVectorTests testTargetsPreferSelectedHandlesThenAnchorsThenSegments]' passed (0.000 seconds).
Test Case '-[TesseraCoreTests.DocumentVectorTests testToolRoutingKeysAndGroups]' started.
Test Case '-[TesseraCoreTests.DocumentVectorTests testToolRoutingKeysAndGroups]' passed (0.000 seconds).
Test Suite 'DocumentVectorTests' passed at 2026-09-28 17:05:16.272.
	 Executed 16 tests, with 0 failures (0 unexpected) in 0.022 (0.023) seconds
Test Suite 'DocumentVectorVerifyFixesTests' started at 2026-09-28 17:05:16.272.
Test Case '-[TesseraCoreTests.DocumentVectorVerifyFixesTests testAutoNamedTextLayerNameFollowsItsFirstLine]' started.
document: frames on the Viewport path (L0, requested Rect { x0: 0, y0: 0, x1: 1200, y1: 800 })
Test Case '-[TesseraCoreTests.DocumentVectorVerifyFixesTests testAutoNamedTextLayerNameFollowsItsFirstLine]' passed (0.112 seconds).
Test Case '-[TesseraCoreTests.DocumentVectorVerifyFixesTests testKeyboardStepsOfAShapeSliderAreOneHistoryNode]' started.
document: frames on the Viewport path (L0, requested Rect { x0: 0, y0: 0, x1: 1200, y1: 800 })
Test Case '-[TesseraCoreTests.DocumentVectorVerifyFixesTests testKeyboardStepsOfAShapeSliderAreOneHistoryNode]' passed (1.455 seconds).
Test Case '-[TesseraCoreTests.DocumentVectorVerifyFixesTests testLayersRowShowsAVectorMaskThumbnailNextToTheRasterMask]' started.
document: frames on the Viewport path (L0, requested Rect { x0: 0, y0: 0, x1: 1200, y1: 800 })
Test Case '-[TesseraCoreTests.DocumentVectorVerifyFixesTests testLayersRowShowsAVectorMaskThumbnailNextToTheRasterMask]' passed (0.090 seconds).
Test Case '-[TesseraCoreTests.DocumentVectorVerifyFixesTests testNewAreaTextResizedBeforeTheFirstApplyIsOneAddText]' started.
document: frames on the Viewport path (L0, requested Rect { x0: 0, y0: 0, x1: 1200, y1: 800 })
Test Case '-[TesseraCoreTests.DocumentVectorVerifyFixesTests testNewAreaTextResizedBeforeTheFirstApplyIsOneAddText]' passed (0.099 seconds).
Test Case '-[TesseraCoreTests.DocumentVectorVerifyFixesTests testNewStrokeTakesTheForegroundOrAContrastingColourNotTheFill]' started.
document: frames on the Cpu path (L0, requested Rect { x0: 0, y0: 0, x1: 1200, y1: 800 })
document: frames on the Viewport path (L0, requested Rect { x0: 0, y0: 0, x1: 1200, y1: 800 })
Test Case '-[TesseraCoreTests.DocumentVectorVerifyFixesTests testNewStrokeTakesTheForegroundOrAContrastingColourNotTheFill]' passed (0.070 seconds).
Test Case '-[TesseraCoreTests.DocumentVectorVerifyFixesTests testPathSelectionClickOnEmptyCanvasDeselects]' started.
document: frames on the Viewport path (L0, requested Rect { x0: 0, y0: 0, x1: 1200, y1: 800 })
Test Case '-[TesseraCoreTests.DocumentVectorVerifyFixesTests testPathSelectionClickOnEmptyCanvasDeselects]' passed (0.108 seconds).
Test Case '-[TesseraCoreTests.DocumentVectorVerifyFixesTests testPenDraftKeepsThePreviousAnchorsHandles]' started.
document: frames on the Cpu path (L0, requested Rect { x0: 0, y0: 0, x1: 1200, y1: 800 })
document: frames on the Viewport path (L0, requested Rect { x0: 0, y0: 0, x1: 1200, y1: 800 })
Test Case '-[TesseraCoreTests.DocumentVectorVerifyFixesTests testPenDraftKeepsThePreviousAnchorsHandles]' passed (0.064 seconds).
Test Case '-[TesseraCoreTests.DocumentVectorVerifyFixesTests testPropertiesReportTheShapesRealBoundsLiveDuringDrags]' started.
document: frames on the Viewport path (L0, requested Rect { x0: 0, y0: 0, x1: 1200, y1: 800 })
Test Case '-[TesseraCoreTests.DocumentVectorVerifyFixesTests testPropertiesReportTheShapesRealBoundsLiveDuringDrags]' passed (0.084 seconds).
Test Case '-[TesseraCoreTests.DocumentVectorVerifyFixesTests testRejectedRecolourRevertsTheColourWell]' started.
document: frames on the Cpu path (L0, requested Rect { x0: 0, y0: 0, x1: 1200, y1: 800 })
document: frames on the Viewport path (L0, requested Rect { x0: 0, y0: 0, x1: 1200, y1: 800 })
Test Case '-[TesseraCoreTests.DocumentVectorVerifyFixesTests testRejectedRecolourRevertsTheColourWell]' passed (0.382 seconds).
Test Case '-[TesseraCoreTests.DocumentVectorVerifyFixesTests testStatusHintsFollowTheToolAndPenState]' started.
document: frames on the Viewport path (L0, requested Rect { x0: 0, y0: 0, x1: 1200, y1: 800 })
Test Case '-[TesseraCoreTests.DocumentVectorVerifyFixesTests testStatusHintsFollowTheToolAndPenState]' passed (0.083 seconds).
Test Case '-[TesseraCoreTests.DocumentVectorVerifyFixesTests testToolLettersWorkWhileASliderOrTheLayersListHasTheKeyboard]' started.
document: frames on the Viewport path (L0, requested Rect { x0: 0, y0: 0, x1: 1200, y1: 800 })
Test Case '-[TesseraCoreTests.DocumentVectorVerifyFixesTests testToolLettersWorkWhileASliderOrTheLayersListHasTheKeyboard]' passed (0.071 seconds).
Test Suite 'DocumentVectorVerifyFixesTests' passed at 2026-09-28 17:05:18.891.
	 Executed 11 tests, with 0 failures (0 unexpected) in 2.618 (2.619) seconds
Test Suite 'DocumentViewportMathTests' started at 2026-09-28 17:05:18.891.
Test Case '-[TesseraCoreTests.DocumentViewportMathTests testAnchoredZoomKeepsThePointUnderThePointer]' started.
Test Case '-[TesseraCoreTests.DocumentViewportMathTests testAnchoredZoomKeepsThePointUnderThePointer]' passed (0.000 seconds).
Test Case '-[TesseraCoreTests.DocumentViewportMathTests testFitZoomAndSteps]' started.
Test Case '-[TesseraCoreTests.DocumentViewportMathTests testFitZoomAndSteps]' passed (0.000 seconds).
Test Case '-[TesseraCoreTests.DocumentViewportMathTests testLevelFromZoom]' started.
Test Case '-[TesseraCoreTests.DocumentViewportMathTests testLevelFromZoom]' passed (0.000 seconds).
Test Case '-[TesseraCoreTests.DocumentViewportMathTests testVisibleRectAndPan]' started.
Test Case '-[TesseraCoreTests.DocumentViewportMathTests testVisibleRectAndPan]' passed (0.000 seconds).
Test Suite 'DocumentViewportMathTests' passed at 2026-09-28 17:05:18.892.
	 Executed 4 tests, with 0 failures (0 unexpected) in 0.001 (0.001) seconds
Test Suite 'DocumentViewportOwnershipTests' started at 2026-09-28 17:05:18.892.
Test Case '-[TesseraCoreTests.DocumentViewportOwnershipTests testControllerReleasedBeforeDismantleStillClearsLocalResources]' started.
Test Case '-[TesseraCoreTests.DocumentViewportOwnershipTests testControllerReleasedBeforeDismantleStillClearsLocalResources]' passed (0.001 seconds).
Test Case '-[TesseraCoreTests.DocumentViewportOwnershipTests testDetachClearsCurrentOwnerAndFrameCallback]' started.
Test Case '-[TesseraCoreTests.DocumentViewportOwnershipTests testDetachClearsCurrentOwnerAndFrameCallback]' passed (0.001 seconds).
Test Case '-[TesseraCoreTests.DocumentViewportOwnershipTests testReplacementDetachesPriorOwnerBeforeOldViewDismantles]' started.
Test Case '-[TesseraCoreTests.DocumentViewportOwnershipTests testReplacementDetachesPriorOwnerBeforeOldViewDismantles]' passed (0.007 seconds).
Test Case '-[TesseraCoreTests.DocumentViewportOwnershipTests testStaleOwnerCannotClearNewOwnerCallback]' started.
Test Case '-[TesseraCoreTests.DocumentViewportOwnershipTests testStaleOwnerCannotClearNewOwnerCallback]' passed (0.002 seconds).
Test Suite 'DocumentViewportOwnershipTests' passed at 2026-09-28 17:05:18.903.
	 Executed 4 tests, with 0 failures (0 unexpected) in 0.011 (0.011) seconds
Test Suite 'EDRPresentationTests' started at 2026-09-28 17:05:18.903.
Test Case '-[TesseraCoreTests.EDRPresentationTests testEDRScreenUsesFloatSurfacesOnlyWithHDROn]' started.
Test Case '-[TesseraCoreTests.EDRPresentationTests testEDRScreenUsesFloatSurfacesOnlyWithHDROn]' passed (0.000 seconds).
Test Case '-[TesseraCoreTests.EDRPresentationTests testHeadroomChangesAreDebounced]' started.
Test Case '-[TesseraCoreTests.EDRPresentationTests testHeadroomChangesAreDebounced]' passed (0.000 seconds).
Test Case '-[TesseraCoreTests.EDRPresentationTests testHeadroomControlPatchesTheRecipe]' started.
Test Case '-[TesseraCoreTests.EDRPresentationTests testHeadroomControlPatchesTheRecipe]' passed (0.000 seconds).
Test Case '-[TesseraCoreTests.EDRPresentationTests testHeadroomIsCappedByTheCurrentDisplayHeadroom]' started.
Test Case '-[TesseraCoreTests.EDRPresentationTests testHeadroomIsCappedByTheCurrentDisplayHeadroom]' passed (0.000 seconds).
Test Case '-[TesseraCoreTests.EDRPresentationTests testOddScreenValuesAreSanitized]' started.
Test Case '-[TesseraCoreTests.EDRPresentationTests testOddScreenValuesAreSanitized]' passed (0.000 seconds).
Test Case '-[TesseraCoreTests.EDRPresentationTests testSDRScreenAlwaysKeepsTheRGBA8Path]' started.
Test Case '-[TesseraCoreTests.EDRPresentationTests testSDRScreenAlwaysKeepsTheRGBA8Path]' passed (0.000 seconds).
Test Suite 'EDRPresentationTests' passed at 2026-09-28 17:05:18.904.
	 Executed 6 tests, with 0 failures (0 unexpected) in 0.001 (0.001) seconds
Test Suite 'EngineDocumentBackendTests' started at 2026-09-28 17:05:18.904.
Test Case '-[TesseraCoreTests.EngineDocumentBackendTests testBlendModeStringsMatchTheEngine]' started.
Test Case '-[TesseraCoreTests.EngineDocumentBackendTests testBlendModeStringsMatchTheEngine]' passed (0.022 seconds).
Test Case '-[TesseraCoreTests.EngineDocumentBackendTests testCheckedSaveAsMapsTypedResultsAndPreservesOtherErrors]' started.
Test Case '-[TesseraCoreTests.EngineDocumentBackendTests testCheckedSaveAsMapsTypedResultsAndPreservesOtherErrors]' passed (0.077 seconds).
Test Case '-[TesseraCoreTests.EngineDocumentBackendTests testDirtyCheckedSaveConflictAtDifferentTargetPreservesIdentityAndSavedMarker]' started.
Test Case '-[TesseraCoreTests.EngineDocumentBackendTests testDirtyCheckedSaveConflictAtDifferentTargetPreservesIdentityAndSavedMarker]' passed (0.027 seconds).
Test Case '-[TesseraCoreTests.EngineDocumentBackendTests testEngineSessionThroughTheAdapter]' started.
Test Case '-[TesseraCoreTests.EngineDocumentBackendTests testEngineSessionThroughTheAdapter]' passed (0.029 seconds).
Test Case '-[TesseraCoreTests.EngineDocumentBackendTests testEnumsRoundTripEveryValue]' started.
Test Case '-[TesseraCoreTests.EngineDocumentBackendTests testEnumsRoundTripEveryValue]' passed (0.000 seconds).
Test Case '-[TesseraCoreTests.EngineDocumentBackendTests testFramesReachTheListenerOnMain]' started.
document: frames on the Viewport path (L1, requested Rect { x0: 0, y0: 0, x1: 128, y1: 64 })
Test Case '-[TesseraCoreTests.EngineDocumentBackendTests testFramesReachTheListenerOnMain]' passed (0.046 seconds).
Test Case '-[TesseraCoreTests.EngineDocumentBackendTests testHistoryIDMapShowsTheBaseAsOpened]' started.
Test Case '-[TesseraCoreTests.EngineDocumentBackendTests testHistoryIDMapShowsTheBaseAsOpened]' passed (0.000 seconds).
Test Case '-[TesseraCoreTests.EngineDocumentBackendTests testListenerCoalescesUntilTheMainQueueDrains]' started.
Test Case '-[TesseraCoreTests.EngineDocumentBackendTests testListenerCoalescesUntilTheMainQueueDrains]' passed (0.000 seconds).
Test Case '-[TesseraCoreTests.EngineDocumentBackendTests testListenerDeliversOnTheMainThread]' started.
Test Case '-[TesseraCoreTests.EngineDocumentBackendTests testListenerDeliversOnTheMainThread]' passed (0.000 seconds).
Test Case '-[TesseraCoreTests.EngineDocumentBackendTests testRecordsRoundTripFieldByField]' started.
Test Case '-[TesseraCoreTests.EngineDocumentBackendTests testRecordsRoundTripFieldByField]' passed (0.000 seconds).
Test Case '-[TesseraCoreTests.EngineDocumentBackendTests testWorkspaceChoosesTheEngineOrTheStub]' started.
Test Case '-[TesseraCoreTests.EngineDocumentBackendTests testWorkspaceChoosesTheEngineOrTheStub]' passed (0.025 seconds).
Test Suite 'EngineDocumentBackendTests' passed at 2026-09-28 17:05:19.132.
	 Executed 11 tests, with 0 failures (0 unexpected) in 0.227 (0.228) seconds
Test Suite 'ExportFormatsWatermarkTests' started at 2026-09-28 17:05:19.132.
Test Case '-[TesseraCoreTests.ExportFormatsWatermarkTests testFormatSwitchesStayValidForTheEngine]' started.
Test Case '-[TesseraCoreTests.ExportFormatsWatermarkTests testFormatSwitchesStayValidForTheEngine]' passed (0.016 seconds).
Test Case '-[TesseraCoreTests.ExportFormatsWatermarkTests testJPEGSizeLimitConverges]' started.
Test Case '-[TesseraCoreTests.ExportFormatsWatermarkTests testJPEGSizeLimitConverges]' passed (0.822 seconds).
Test Case '-[TesseraCoreTests.ExportFormatsWatermarkTests testNewFieldsEncodeAsTheEngineExpects]' started.
Test Case '-[TesseraCoreTests.ExportFormatsWatermarkTests testNewFieldsEncodeAsTheEngineExpects]' passed (0.001 seconds).
Test Case '-[TesseraCoreTests.ExportFormatsWatermarkTests testPresetsKeepNewFieldsAndOldPresetsLoadUnchanged]' started.
Test Case '-[TesseraCoreTests.ExportFormatsWatermarkTests testPresetsKeepNewFieldsAndOldPresetsLoadUnchanged]' passed (0.013 seconds).
Test Case '-[TesseraCoreTests.ExportFormatsWatermarkTests testRealExportsAVIFJXLAndDNG]' started.
Test Case '-[TesseraCoreTests.ExportFormatsWatermarkTests testRealExportsAVIFJXLAndDNG]' passed (0.770 seconds).
Test Case '-[TesseraCoreTests.ExportFormatsWatermarkTests testWatermarkProblemsAndPlacement]' started.
Test Case '-[TesseraCoreTests.ExportFormatsWatermarkTests testWatermarkProblemsAndPlacement]' passed (0.001 seconds).
Test Case '-[TesseraCoreTests.ExportFormatsWatermarkTests testWatermarksAreBurnedIn]' started.
Test Case '-[TesseraCoreTests.ExportFormatsWatermarkTests testWatermarksAreBurnedIn]' passed (0.714 seconds).
Test Suite 'ExportFormatsWatermarkTests' passed at 2026-09-28 17:05:21.470.
	 Executed 7 tests, with 0 failures (0 unexpected) in 2.337 (2.338) seconds
Test Suite 'ExportPrintTests' started at 2026-09-28 17:05:21.470.
Test Case '-[TesseraCoreTests.ExportPrintTests testContactSheetGrid]' started.
Test Case '-[TesseraCoreTests.ExportPrintTests testContactSheetGrid]' passed (0.000 seconds).
Test Case '-[TesseraCoreTests.ExportPrintTests testNamingMatchesTheEngine]' started.
Test Case '-[TesseraCoreTests.ExportPrintTests testNamingMatchesTheEngine]' passed (0.001 seconds).
Test Case '-[TesseraCoreTests.ExportPrintTests testNamingTokensAndProblems]' started.
Test Case '-[TesseraCoreTests.ExportPrintTests testNamingTokensAndProblems]' passed (0.000 seconds).
Test Case '-[TesseraCoreTests.ExportPrintTests testOutputSizes]' started.
Test Case '-[TesseraCoreTests.ExportPrintTests testOutputSizes]' passed (0.000 seconds).
Test Case '-[TesseraCoreTests.ExportPrintTests testPlacementRotatesToFitAndSizesRenders]' started.
Test Case '-[TesseraCoreTests.ExportPrintTests testPlacementRotatesToFitAndSizesRenders]' passed (0.000 seconds).
Test Case '-[TesseraCoreTests.ExportPrintTests testPresetsPersistUnderTheAppDirectory]' started.
Test Case '-[TesseraCoreTests.ExportPrintTests testPresetsPersistUnderTheAppDirectory]' passed (0.014 seconds).
Test Case '-[TesseraCoreTests.ExportPrintTests testPrintSettingsPersist]' started.
Test Case '-[TesseraCoreTests.ExportPrintTests testPrintSettingsPersist]' passed (0.002 seconds).
Test Case '-[TesseraCoreTests.ExportPrintTests testSettingsRoundTripThroughTheEngine]' started.
Test Case '-[TesseraCoreTests.ExportPrintTests testSettingsRoundTripThroughTheEngine]' passed (0.001 seconds).
Test Case '-[TesseraCoreTests.ExportPrintTests testSingleAndCustomCells]' started.
Test Case '-[TesseraCoreTests.ExportPrintTests testSingleAndCustomCells]' passed (0.000 seconds).
Test Suite 'ExportPrintTests' passed at 2026-09-28 17:05:21.489.
	 Executed 9 tests, with 0 failures (0 unexpected) in 0.019 (0.020) seconds
Test Suite 'ExportWarningsTests' started at 2026-09-28 17:05:21.489.
Test Case '-[TesseraCoreTests.ExportWarningsTests testWarningFilesAreReadAndSurfacedInTheToast]' started.
Test Case '-[TesseraCoreTests.ExportWarningsTests testWarningFilesAreReadAndSurfacedInTheToast]' passed (0.001 seconds).
Test Suite 'ExportWarningsTests' passed at 2026-09-28 17:05:21.490.
	 Executed 1 test, with 0 failures (0 unexpected) in 0.001 (0.001) seconds
Test Suite 'IncomingStripTests' started at 2026-09-28 17:05:21.490.
Test Case '-[TesseraCoreTests.IncomingStripTests testBadgesPreferTheSubjectsFaceAndNeverInventEyes]' started.
Test Case '-[TesseraCoreTests.IncomingStripTests testBadgesPreferTheSubjectsFaceAndNeverInventEyes]' passed (0.000 seconds).
Test Case '-[TesseraCoreTests.IncomingStripTests testFailedFramesAreKeptButNotAdvancedTo]' started.
Test Case '-[TesseraCoreTests.IncomingStripTests testFailedFramesAreKeptButNotAdvancedTo]' passed (0.000 seconds).
Test Case '-[TesseraCoreTests.IncomingStripTests testFrameCountFieldCommitsTypedValueAndClamps]' started.
Test Case '-[TesseraCoreTests.IncomingStripTests testFrameCountFieldCommitsTypedValueAndClamps]' passed (0.000 seconds).
Test Case '-[TesseraCoreTests.IncomingStripTests testIncomingDecisionRevisionTracksLocalCullAndFeed]' started.
Test Case '-[TesseraCoreTests.IncomingStripTests testIncomingDecisionRevisionTracksLocalCullAndFeed]' passed (0.000 seconds).
Test Case '-[TesseraCoreTests.IncomingStripTests testIntervalPlanCountsDown]' started.
Test Case '-[TesseraCoreTests.IncomingStripTests testIntervalPlanCountsDown]' passed (0.000 seconds).
Test Case '-[TesseraCoreTests.IncomingStripTests testNewestFirstCappedWithPendingRequests]' started.
Test Case '-[TesseraCoreTests.IncomingStripTests testNewestFirstCappedWithPendingRequests]' passed (0.000 seconds).
Test Suite 'IncomingStripTests' passed at 2026-09-28 17:05:21.492.
	 Executed 6 tests, with 0 failures (0 unexpected) in 0.001 (0.001) seconds
Test Suite 'IncrementalLibraryTests' started at 2026-09-28 17:05:21.492.
Test Case '-[TesseraCoreTests.IncrementalLibraryTests testAppModelKeepsSelectionFilterAndGridAcrossUpdates]' started.
Test Case '-[TesseraCoreTests.IncrementalLibraryTests testAppModelKeepsSelectionFilterAndGridAcrossUpdates]' passed (0.291 seconds).
Test Case '-[TesseraCoreTests.IncrementalLibraryTests testLibraryInsertsUpdatesAndRemovesInPlaceKeepingUndo]' started.
Test Case '-[TesseraCoreTests.IncrementalLibraryTests testLibraryInsertsUpdatesAndRemovesInPlaceKeepingUndo]' passed (0.042 seconds).
Test Case '-[TesseraCoreTests.IncrementalLibraryTests testTwentyTetheredFramesKeepUndoAndFilters]' started.
Test Case '-[TesseraCoreTests.IncrementalLibraryTests testTwentyTetheredFramesKeepUndoAndFilters]' passed (5.626 seconds).
Test Suite 'IncrementalLibraryTests' passed at 2026-09-28 17:05:27.450.
	 Executed 3 tests, with 0 failures (0 unexpected) in 5.958 (5.959) seconds
Test Suite 'KeyFocusTests' started at 2026-09-28 17:05:27.450.
Test Case '-[TesseraCoreTests.KeyFocusTests testFocusedCurveOwnsArrowsWithoutSelectedPoint]' started.
Test Case '-[TesseraCoreTests.KeyFocusTests testFocusedCurveOwnsArrowsWithoutSelectedPoint]' passed (0.004 seconds).
Test Case '-[TesseraCoreTests.KeyFocusTests testFocusedSliderOwnsArrows]' started.
Test Case '-[TesseraCoreTests.KeyFocusTests testFocusedSliderOwnsArrows]' passed (0.004 seconds).
Test Case '-[TesseraCoreTests.KeyFocusTests testLoupeDisclosureLeavesKeysToPopoverWithoutWorkspaceRouting]' started.
Test Case '-[TesseraCoreTests.KeyFocusTests testLoupeDisclosureLeavesKeysToPopoverWithoutWorkspaceRouting]' passed (0.003 seconds).
Test Case '-[TesseraCoreTests.KeyFocusTests testPhotoEditConsumesCullKeysWithoutChangingDecisions]' started.
Test Case '-[TesseraCoreTests.KeyFocusTests testPhotoEditConsumesCullKeysWithoutChangingDecisions]' passed (0.008 seconds).
Test Case '-[TesseraCoreTests.KeyFocusTests testPhotoEditTextFieldStillOwnsLetters]' started.
Test Case '-[TesseraCoreTests.KeyFocusTests testPhotoEditTextFieldStillOwnsLetters]' passed (0.005 seconds).
Test Case '-[TesseraCoreTests.KeyFocusTests testReviewOwnsCullKeysAndEscapeCancelsDraftBeforeReturn]' started.
Test Case '-[TesseraCoreTests.KeyFocusTests testReviewOwnsCullKeysAndEscapeCancelsDraftBeforeReturn]' passed (0.003 seconds).
Test Case '-[TesseraCoreTests.KeyFocusTests testReviewTextAndNumericControlsKeepTheirInputAndDocumentWins]' started.
Test Case '-[TesseraCoreTests.KeyFocusTests testReviewTextAndNumericControlsKeepTheirInputAndDocumentWins]' passed (0.006 seconds).
Test Case '-[TesseraCoreTests.KeyFocusTests testSearchFieldOwnsCullKeys]' started.
Test Case '-[TesseraCoreTests.KeyFocusTests testSearchFieldOwnsCullKeys]' passed (0.011 seconds).
Test Case '-[TesseraCoreTests.KeyFocusTests testSliderModifiersBoundsAndBlurCommit]' started.
Test Case '-[TesseraCoreTests.KeyFocusTests testSliderModifiersBoundsAndBlurCommit]' passed (0.007 seconds).
Test Case '-[TesseraCoreTests.KeyFocusTests testUnfocusedLoupeReceivesArrows]' started.
Test Case '-[TesseraCoreTests.KeyFocusTests testUnfocusedLoupeReceivesArrows]' passed (0.004 seconds).
Test Suite 'KeyFocusTests' passed at 2026-09-28 17:05:27.506.
	 Executed 10 tests, with 0 failures (0 unexpected) in 0.055 (0.056) seconds
Test Suite 'LatestRequestBufferTests' started at 2026-09-28 17:05:27.506.
Test Case '-[TesseraCoreTests.LatestRequestBufferTests testBurstRunsOnlyFirstAndLatest]' started.
Test Case '-[TesseraCoreTests.LatestRequestBufferTests testBurstRunsOnlyFirstAndLatest]' passed (0.000 seconds).
Test Case '-[TesseraCoreTests.LatestRequestBufferTests testClearDropsPendingButKeepsRunningSlotUntilCompletion]' started.
Test Case '-[TesseraCoreTests.LatestRequestBufferTests testClearDropsPendingButKeepsRunningSlotUntilCompletion]' passed (0.000 seconds).
Test Case '-[TesseraCoreTests.LatestRequestBufferTests testCloseRejectsLateResultWithoutStartingOldPendingWork]' started.
Test Case '-[TesseraCoreTests.LatestRequestBufferTests testCloseRejectsLateResultWithoutStartingOldPendingWork]' passed (0.000 seconds).
Test Case '-[TesseraCoreTests.LatestRequestBufferTests testDuplicateCompletionCannotReleaseAnotherRunningRequest]' started.
Test Case '-[TesseraCoreTests.LatestRequestBufferTests testDuplicateCompletionCannotReleaseAnotherRunningRequest]' passed (0.000 seconds).
Test Suite 'LatestRequestBufferTests' passed at 2026-09-28 17:05:27.507.
	 Executed 4 tests, with 0 failures (0 unexpected) in 0.001 (0.001) seconds
Test Suite 'LayoutContractTests' started at 2026-09-28 17:05:27.507.
Test Case '-[TesseraCoreTests.LayoutContractTests testAppDirDefaultsAreIsolatedFromTheSharedDomain]' started.
Test Case '-[TesseraCoreTests.LayoutContractTests testAppDirDefaultsAreIsolatedFromTheSharedDomain]' passed (0.003 seconds).
Test Case '-[TesseraCoreTests.LayoutContractTests testColorWheelPuckStaysInsideAtFullSaturation]' started.
Test Case '-[TesseraCoreTests.LayoutContractTests testColorWheelPuckStaysInsideAtFullSaturation]' passed (0.000 seconds).
Test Case '-[TesseraCoreTests.LayoutContractTests testCompareCaptionAndBadgeShareOnePartition]' started.
Test Case '-[TesseraCoreTests.LayoutContractTests testCompareCaptionAndBadgeShareOnePartition]' passed (0.000 seconds).
Test Case '-[TesseraCoreTests.LayoutContractTests testCurveEndKnotsStayInsideTheView]' started.
Test Case '-[TesseraCoreTests.LayoutContractTests testCurveEndKnotsStayInsideTheView]' passed (0.000 seconds).
Test Case '-[TesseraCoreTests.LayoutContractTests testFlowRowOffersOversizedItemsTheRowWidth]' started.
Test Case '-[TesseraCoreTests.LayoutContractTests testFlowRowOffersOversizedItemsTheRowWidth]' passed (0.000 seconds).
Test Case '-[TesseraCoreTests.LayoutContractTests testKeywordChipRowStaysInsideTheInspector]' started.
Test Case '-[TesseraCoreTests.LayoutContractTests testKeywordChipRowStaysInsideTheInspector]' passed (0.006 seconds).
Test Case '-[TesseraCoreTests.LayoutContractTests testShellBudgetYieldOrder]' started.
Test Case '-[TesseraCoreTests.LayoutContractTests testShellBudgetYieldOrder]' passed (0.000 seconds).
Test Case '-[TesseraCoreTests.LayoutContractTests testSidebarHiddenBadgeGivesItsWidthBack]' started.
Test Case '-[TesseraCoreTests.LayoutContractTests testSidebarHiddenBadgeGivesItsWidthBack]' passed (0.014 seconds).
Test Case '-[TesseraCoreTests.LayoutContractTests testSoftProofRowFitsTheMinimumInspector]' started.
Test Case '-[TesseraCoreTests.LayoutContractTests testSoftProofRowFitsTheMinimumInspector]' passed (0.016 seconds).
Test Case '-[TesseraCoreTests.LayoutContractTests testStatusBarFitsANarrowDetailWithLongStrings]' started.
Test Case '-[TesseraCoreTests.LayoutContractTests testStatusBarFitsANarrowDetailWithLongStrings]' passed (0.009 seconds).
Test Case '-[TesseraCoreTests.LayoutContractTests testThemeMenuTruncatesInsteadOfOverflowing]' started.
Test Case '-[TesseraCoreTests.LayoutContractTests testThemeMenuTruncatesInsteadOfOverflowing]' passed (0.004 seconds).
Test Case '-[TesseraCoreTests.LayoutContractTests testValueSliderDrawsWithoutOverflowAt80Points]' started.
Test Case '-[TesseraCoreTests.LayoutContractTests testValueSliderDrawsWithoutOverflowAt80Points]' passed (0.001 seconds).
Test Case '-[TesseraCoreTests.LayoutContractTests testValueSliderRingPaintsInsideTheThumb]' started.
Test Case '-[TesseraCoreTests.LayoutContractTests testValueSliderRingPaintsInsideTheThumb]' passed (0.000 seconds).
Test Case '-[TesseraCoreTests.LayoutContractTests testValueSliderTitleAndValueNeverTouch]' started.
Test Case '-[TesseraCoreTests.LayoutContractTests testValueSliderTitleAndValueNeverTouch]' passed (0.000 seconds).
Test Suite 'LayoutContractTests' passed at 2026-09-28 17:05:27.562.
	 Executed 14 tests, with 0 failures (0 unexpected) in 0.053 (0.054) seconds
Test Suite 'LazyLoupeTests' started at 2026-09-28 17:05:27.562.
Test Case '-[TesseraCoreTests.LazyLoupeTests testBackgroundAuditWindowCannotBecomeKeyOrMain]' started.
Test Case '-[TesseraCoreTests.LazyLoupeTests testBackgroundAuditWindowCannotBecomeKeyOrMain]' passed (0.162 seconds).
Test Case '-[TesseraCoreTests.LazyLoupeTests testEmptyLoupeConstructionDoesNotPrepareMetal]' started.
Test Case '-[TesseraCoreTests.LazyLoupeTests testEmptyLoupeConstructionDoesNotPrepareMetal]' passed (0.001 seconds).
Test Case '-[TesseraCoreTests.LazyLoupeTests testLateLoupeObserverSynchronizesExistingSelection]' started.
Test Case '-[TesseraCoreTests.LazyLoupeTests testLateLoupeObserverSynchronizesExistingSelection]' passed (0.001 seconds).
Test Case '-[TesseraCoreTests.LazyLoupeTests testPreparedResourcesAreSharedAndBuiltOffMain]' started.
Test Case '-[TesseraCoreTests.LazyLoupeTests testPreparedResourcesAreSharedAndBuiltOffMain]' passed (0.041 seconds).
Test Suite 'LazyLoupeTests' passed at 2026-09-28 17:05:27.767.
	 Executed 4 tests, with 0 failures (0 unexpected) in 0.205 (0.205) seconds
Test Suite 'LensBlurDepthModelTests' started at 2026-09-28 17:05:27.767.
Test Case '-[TesseraCoreTests.LensBlurDepthModelTests testHistogramBindsTheEngineBinsNormalised]' started.
Test Case '-[TesseraCoreTests.LensBlurDepthModelTests testHistogramBindsTheEngineBinsNormalised]' passed (0.001 seconds).
Test Case '-[TesseraCoreTests.LensBlurDepthModelTests testMissingWeightsAreAnInlineErrorAndNoEngineCall]' started.
Test Case '-[TesseraCoreTests.LensBlurDepthModelTests testMissingWeightsAreAnInlineErrorAndNoEngineCall]' passed (0.001 seconds).
Test Case '-[TesseraCoreTests.LensBlurDepthModelTests testSubjectAcquiresSegmentationAndAppliesTheEngineRange]' started.
Test Case '-[TesseraCoreTests.LensBlurDepthModelTests testSubjectAcquiresSegmentationAndAppliesTheEngineRange]' passed (0.002 seconds).
Test Case '-[TesseraCoreTests.LensBlurDepthModelTests testVisualizeToggleDrivesTheSessionOverlay]' started.
Test Case '-[TesseraCoreTests.LensBlurDepthModelTests testVisualizeToggleDrivesTheSessionOverlay]' passed (0.001 seconds).
Test Suite 'LensBlurDepthModelTests' passed at 2026-09-28 17:05:27.772.
	 Executed 4 tests, with 0 failures (0 unexpected) in 0.004 (0.005) seconds
Test Suite 'LensBlurExportWarningTests' started at 2026-09-28 17:05:27.772.
Test Case '-[TesseraCoreTests.LensBlurExportWarningTests testLensBlurWithoutDepthWeightsExportsWithAWarning]' started.
develop original L2 calibration [first, tone, WB] ms: CPU [493.259, 208.000208, 238.49699999999999]; GPU [301.57374999999996, 1.457458, 6.926041]
Test Case '-[TesseraCoreTests.LensBlurExportWarningTests testLensBlurWithoutDepthWeightsExportsWithAWarning]' passed (13.830 seconds).
Test Suite 'LensBlurExportWarningTests' passed at 2026-09-28 17:05:41.602.
	 Executed 1 test, with 0 failures (0 unexpected) in 13.830 (13.830) seconds
Test Suite 'LibraryResponsivenessTests' started at 2026-09-28 17:05:41.602.
Test Case '-[TesseraCoreTests.LibraryResponsivenessTests testBottomHundredLookupScaling]' started.
Test Case '-[TesseraCoreTests.LibraryResponsivenessTests testBottomHundredLookupScaling]' passed (0.059 seconds).
Test Case '-[TesseraCoreTests.LibraryResponsivenessTests testLatestRequestWinsEvenWhenOldWorkFinishesLast]' started.
Test Case '-[TesseraCoreTests.LibraryResponsivenessTests testLatestRequestWinsEvenWhenOldWorkFinishesLast]' passed (0.000 seconds).
Test Case '-[TesseraCoreTests.LibraryResponsivenessTests testSingletonsAndRemappedItems]' started.
Test Case '-[TesseraCoreTests.LibraryResponsivenessTests testSingletonsAndRemappedItems]' passed (0.026 seconds).
Test Case '-[TesseraCoreTests.LibraryResponsivenessTests testSuggestedBestUsesStableGroupIdentity]' started.
Test Case '-[TesseraCoreTests.LibraryResponsivenessTests testSuggestedBestUsesStableGroupIdentity]' passed (0.025 seconds).
Test Case '-[TesseraCoreTests.LibraryResponsivenessTests testTwentyThousandCoreInstallAndSelectAll]' started.
Test Case '-[TesseraCoreTests.LibraryResponsivenessTests testTwentyThousandCoreInstallAndSelectAll]' passed (0.022 seconds).
Test Case '-[TesseraCoreTests.LibraryResponsivenessTests testWarmBottomHundredCellConfiguration]' started.
Test Case '-[TesseraCoreTests.LibraryResponsivenessTests testWarmBottomHundredCellConfiguration]' passed (0.071 seconds).
Test Suite 'LibraryResponsivenessTests' passed at 2026-09-28 17:05:41.805.
	 Executed 6 tests, with 0 failures (0 unexpected) in 0.202 (0.203) seconds
Test Suite 'LibraryTests' started at 2026-09-28 17:05:41.805.
Test Case '-[TesseraCoreTests.LibraryTests testAlbumOrderingAndSidebarNestingPersist]' started.
Test Case '-[TesseraCoreTests.LibraryTests testAlbumOrderingAndSidebarNestingPersist]' passed (0.060 seconds).
Test Case '-[TesseraCoreTests.LibraryTests testBatchMetadataAndFacetOnlySnapshot]' started.
Test Case '-[TesseraCoreTests.LibraryTests testBatchMetadataAndFacetOnlySnapshot]' passed (0.024 seconds).
Test Case '-[TesseraCoreTests.LibraryTests testFilterBarFacetsAndNotInAnyAlbum]' started.
Test Case '-[TesseraCoreTests.LibraryTests testFilterBarFacetsAndNotInAnyAlbum]' passed (0.055 seconds).
Test Case '-[TesseraCoreTests.LibraryTests testRapidQueriesAndLibraryReplacementRejectOldResults]' started.
Test Case '-[TesseraCoreTests.LibraryTests testRapidQueriesAndLibraryReplacementRejectOldResults]' passed (0.375 seconds).
Test Case '-[TesseraCoreTests.LibraryTests testRuleDiagnosticsMapToSwiftRangesThroughTheBridge]' started.
Test Case '-[TesseraCoreTests.LibraryTests testRuleDiagnosticsMapToSwiftRangesThroughTheBridge]' passed (0.026 seconds).
Test Case '-[TesseraCoreTests.LibraryTests testSupportDirectoryResolution]' started.
Test Case '-[TesseraCoreTests.LibraryTests testSupportDirectoryResolution]' passed (0.000 seconds).
Test Case '-[TesseraCoreTests.LibraryTests testTwentyThousandEngineLibraryMeasurement]' started.
/Users/rutmehta/.codex/worktrees/render-resource-bounds/tessera/apps/mac/Tests/TesseraCoreTests/LibraryTests.swift:146: -[TesseraCoreTests.LibraryTests testTwentyThousandEngineLibraryMeasurement] : Test skipped - Opt-in generated 20k-file engine fixture
Test Case '-[TesseraCoreTests.LibraryTests testTwentyThousandEngineLibraryMeasurement]' skipped (0.002 seconds).
Test Suite 'LibraryTests' passed at 2026-09-28 17:05:42.349.
	 Executed 7 tests, with 1 test skipped and 0 failures (0 unexpected) in 0.543 (0.544) seconds
Test Suite 'LightroomImportTests' started at 2026-09-28 17:05:42.349.
Test Case '-[TesseraCoreTests.LightroomImportTests testBridgeRejectsANonCatalog]' started.
Test Case '-[TesseraCoreTests.LightroomImportTests testBridgeRejectsANonCatalog]' passed (0.002 seconds).
Test Case '-[TesseraCoreTests.LightroomImportTests testCancelledReportSaysHowToResumeAndIsWrittenBesideLibraryJSON]' started.
Test Case '-[TesseraCoreTests.LightroomImportTests testCancelledReportSaysHowToResumeAndIsWrittenBesideLibraryJSON]' passed (0.002 seconds).
Test Case '-[TesseraCoreTests.LightroomImportTests testFidelityGridSortsAndFiltersLooksDifferent]' started.
Test Case '-[TesseraCoreTests.LightroomImportTests testFidelityGridSortsAndFiltersLooksDifferent]' passed (0.000 seconds).
Test Case '-[TesseraCoreTests.LightroomImportTests testFolderTableRelocatesRootsAndMovesTheLibraryWithThem]' started.
Test Case '-[TesseraCoreTests.LightroomImportTests testFolderTableRelocatesRootsAndMovesTheLibraryWithThem]' passed (0.000 seconds).
Test Case '-[TesseraCoreTests.LightroomImportTests testFolderTableTakesImageCountsFromThePlan]' started.
Test Case '-[TesseraCoreTests.LightroomImportTests testFolderTableTakesImageCountsFromThePlan]' passed (0.000 seconds).
Test Case '-[TesseraCoreTests.LightroomImportTests testMarkTableMapsKeepsAndDropsLabels]' started.
Test Case '-[TesseraCoreTests.LightroomImportTests testMarkTableMapsKeepsAndDropsLabels]' passed (0.000 seconds).
Test Case '-[TesseraCoreTests.LightroomImportTests testReportMarkdownListsImportedSkippedAndUnsupported]' started.
Test Case '-[TesseraCoreTests.LightroomImportTests testReportMarkdownListsImportedSkippedAndUnsupported]' passed (0.002 seconds).
Test Case '-[TesseraCoreTests.LightroomImportTests testSelectionText]' started.
Test Case '-[TesseraCoreTests.LightroomImportTests testSelectionText]' passed (0.000 seconds).
Test Suite 'LightroomImportTests' passed at 2026-09-28 17:05:42.357.
	 Executed 8 tests, with 0 failures (0 unexpected) in 0.007 (0.008) seconds
Test Suite 'LoupeOverlayPresentationTests' started at 2026-09-28 17:05:42.357.
Test Case '-[TesseraCoreTests.LoupeOverlayPresentationTests testDisplayInfoCarriesFullLibraryNameAndPhotoEditUsesHeaderInstead]' started.
Test Case '-[TesseraCoreTests.LoupeOverlayPresentationTests testDisplayInfoCarriesFullLibraryNameAndPhotoEditUsesHeaderInstead]' passed (0.001 seconds).
Test Case '-[TesseraCoreTests.LoupeOverlayPresentationTests testProofBadgeReflectsReadyPendingAndUnavailableStates]' started.
Test Case '-[TesseraCoreTests.LoupeOverlayPresentationTests testProofBadgeReflectsReadyPendingAndUnavailableStates]' passed (0.000 seconds).
Test Case '-[TesseraCoreTests.LoupeOverlayPresentationTests testReviewEditShortcutDisclosureNamesQueueAndReturnDestination]' started.
Test Case '-[TesseraCoreTests.LoupeOverlayPresentationTests testReviewEditShortcutDisclosureNamesQueueAndReturnDestination]' passed (0.000 seconds).
Test Suite 'LoupeOverlayPresentationTests' passed at 2026-09-28 17:05:42.358.
	 Executed 3 tests, with 0 failures (0 unexpected) in 0.001 (0.002) seconds
Test Suite 'MaskingTests' started at 2026-09-28 17:05:42.358.
Test Case '-[TesseraCoreTests.MaskingTests testAIProgressFollowsJobsAndTheEngineList]' started.
Test Case '-[TesseraCoreTests.MaskingTests testAIProgressFollowsJobsAndTheEngineList]' passed (0.000 seconds).
Test Case '-[TesseraCoreTests.MaskingTests testGradientShapesRoundTripTheirEngineJSON]' started.
Test Case '-[TesseraCoreTests.MaskingTests testGradientShapesRoundTripTheirEngineJSON]' passed (0.000 seconds).
Test Case '-[TesseraCoreTests.MaskingTests testListCyclesAndEditsTheSelectedGroupOptimistically]' started.
Test Case '-[TesseraCoreTests.MaskingTests testListCyclesAndEditsTheSelectedGroupOptimistically]' passed (0.000 seconds).
Test Case '-[TesseraCoreTests.MaskingTests testListSelectsNewGroupsAndNeighboursOfDeletedOnes]' started.
Test Case '-[TesseraCoreTests.MaskingTests testListSelectsNewGroupsAndNeighboursOfDeletedOnes]' passed (0.000 seconds).
Test Case '-[TesseraCoreTests.MaskingTests testMaskEditsAreCoalescedPerFrameAndCommittedAsOneStep]' started.
develop original L2 calibration [first, tone, WB] ms: CPU [454.85204200000004, 189.48387499999998, 216.921959]; GPU [264.459208, 1.495333, 6.654707999999999]
Test Case '-[TesseraCoreTests.MaskingTests testMaskEditsAreCoalescedPerFrameAndCommittedAsOneStep]' passed (1.747 seconds).
Test Case '-[TesseraCoreTests.MaskingTests testMaskSpaceRoundTripsThroughCropAndOrientation]' started.
Test Case '-[TesseraCoreTests.MaskingTests testMaskSpaceRoundTripsThroughCropAndOrientation]' passed (0.000 seconds).
Test Case '-[TesseraCoreTests.MaskingTests testStrokeCoalescerBatchesManyEventsPerFrame]' started.
Test Case '-[TesseraCoreTests.MaskingTests testStrokeCoalescerBatchesManyEventsPerFrame]' passed (0.000 seconds).
Test Case '-[TesseraCoreTests.MaskingTests testStrokeCoalescerDropsDenseSamplesAndKeepsTheLast]' started.
Test Case '-[TesseraCoreTests.MaskingTests testStrokeCoalescerDropsDenseSamplesAndKeepsTheLast]' passed (0.000 seconds).
Test Suite 'MaskingTests' passed at 2026-09-28 17:05:44.107.
	 Executed 8 tests, with 0 failures (0 unexpected) in 1.748 (1.749) seconds
Test Suite 'MasksPanelLayoutTests' started at 2026-09-28 17:05:44.107.
Test Case '-[TesseraCoreTests.MasksPanelLayoutTests testPopulatedInspectorKeepsComponentActionsReadableAtMinimumWidth]' started.
develop original L2 calibration [first, tone, WB] ms: CPU [16.643083, 0.359958, 0.371917]; GPU [17.754959, 0.537042, 0.8834580000000001]
Test Case '-[TesseraCoreTests.MasksPanelLayoutTests testPopulatedInspectorKeepsComponentActionsReadableAtMinimumWidth]' passed (10.610 seconds).
Test Suite 'MasksPanelLayoutTests' passed at 2026-09-28 17:05:54.718.
	 Executed 1 test, with 0 failures (0 unexpected) in 10.610 (10.610) seconds
Test Suite 'ModelAcquisitionTests' started at 2026-09-28 17:05:54.718.
Test Case '-[TesseraCoreTests.ModelAcquisitionTests testAllowDownloadsSettingPersistsAndReopensTheDownloader]' started.
Test Case '-[TesseraCoreTests.ModelAcquisitionTests testAllowDownloadsSettingPersistsAndReopensTheDownloader]' passed (0.002 seconds).
Test Case '-[TesseraCoreTests.ModelAcquisitionTests testDownloaderThatCannotOpenFailsWithTheReason]' started.
Test Case '-[TesseraCoreTests.ModelAcquisitionTests testDownloaderThatCannotOpenFailsWithTheReason]' passed (0.001 seconds).
Test Case '-[TesseraCoreTests.ModelAcquisitionTests testDownloadProgressQueuedBytesReady]' started.
Test Case '-[TesseraCoreTests.ModelAcquisitionTests testDownloadProgressQueuedBytesReady]' passed (0.016 seconds).
Test Case '-[TesseraCoreTests.ModelAcquisitionTests testFailureCarriesTheReasonAndRetryRequestsAgain]' started.
Test Case '-[TesseraCoreTests.ModelAcquisitionTests testFailureCarriesTheReasonAndRetryRequestsAgain]' passed (0.001 seconds).
Test Case '-[TesseraCoreTests.ModelAcquisitionTests testStandardPathsUseTheSupportModelsFolder]' started.
Test Case '-[TesseraCoreTests.ModelAcquisitionTests testStandardPathsUseTheSupportModelsFolder]' passed (0.001 seconds).
Test Case '-[TesseraCoreTests.ModelAcquisitionTests testStatesFollowTheEngineEvents]' started.
Test Case '-[TesseraCoreTests.ModelAcquisitionTests testStatesFollowTheEngineEvents]' passed (0.000 seconds).
Test Suite 'ModelAcquisitionTests' passed at 2026-09-28 17:05:54.740.
	 Executed 6 tests, with 0 failures (0 unexpected) in 0.022 (0.022) seconds
Test Suite 'OfflineLibraryRoutingTests' started at 2026-09-28 17:05:54.740.
Test Case '-[TesseraCoreTests.OfflineLibraryRoutingTests testAvailabilityPermissionErrorDoesNotBecomeOffline]' started.
Test Case '-[TesseraCoreTests.OfflineLibraryRoutingTests testAvailabilityPermissionErrorDoesNotBecomeOffline]' passed (0.000 seconds).
Test Case '-[TesseraCoreTests.OfflineLibraryRoutingTests testCachedModeRefusesCatalogMutationAndRequiresLexicalAbsoluteFolder]' started.
Test Case '-[TesseraCoreTests.OfflineLibraryRoutingTests testCachedModeRefusesCatalogMutationAndRequiresLexicalAbsoluteFolder]' passed (0.000 seconds).
Test Case '-[TesseraCoreTests.OfflineLibraryRoutingTests testEmptyCachedSessionStaysEmptyAndProvidesReconnectGuidance]' started.
Test Case '-[TesseraCoreTests.OfflineLibraryRoutingTests testEmptyCachedSessionStaysEmptyAndProvidesReconnectGuidance]' passed (0.000 seconds).
Test Case '-[TesseraCoreTests.OfflineLibraryRoutingTests testExplicitReopenObservesOnlineOfflineTransitions]' started.
Test Case '-[TesseraCoreTests.OfflineLibraryRoutingTests testExplicitReopenObservesOnlineOfflineTransitions]' passed (0.000 seconds).
Test Case '-[TesseraCoreTests.OfflineLibraryRoutingTests testOnlineAliasCapturesCanonicalFolderForDisconnectedRelaunch]' started.
Test Case '-[TesseraCoreTests.OfflineLibraryRoutingTests testOnlineAliasCapturesCanonicalFolderForDisconnectedRelaunch]' passed (0.009 seconds).
Test Case '-[TesseraCoreTests.OfflineLibraryRoutingTests testOrdinaryOnlineErrorDoesNotFallBackToCache]' started.
Test Case '-[TesseraCoreTests.OfflineLibraryRoutingTests testOrdinaryOnlineErrorDoesNotFallBackToCache]' passed (0.000 seconds).
Test Case '-[TesseraCoreTests.OfflineLibraryRoutingTests testUnavailableRelaunchUsesCachedDeclarationsWithoutScanOrListing]' started.
Test Case '-[TesseraCoreTests.OfflineLibraryRoutingTests testUnavailableRelaunchUsesCachedDeclarationsWithoutScanOrListing]' passed (0.000 seconds).
Test Suite 'OfflineLibraryRoutingTests' passed at 2026-09-28 17:05:54.750.
	 Executed 7 tests, with 0 failures (0 unexpected) in 0.009 (0.010) seconds
Test Suite 'OutputAdmissionCancellationTests' started at 2026-09-28 17:05:54.750.
Test Case '-[TesseraCoreTests.OutputAdmissionCancellationTests testExportCancelBeforeTaskStartsSettlesAndReleasesReservation]' started.
Test Case '-[TesseraCoreTests.OutputAdmissionCancellationTests testExportCancelBeforeTaskStartsSettlesAndReleasesReservation]' passed (0.019 seconds).
Test Case '-[TesseraCoreTests.OutputAdmissionCancellationTests testPrintPDFCancelBeforeTaskStartsCompletesOnceAndReleasesReservation]' started.
Test Case '-[TesseraCoreTests.OutputAdmissionCancellationTests testPrintPDFCancelBeforeTaskStartsCompletesOnceAndReleasesReservation]' passed (0.094 seconds).
Test Suite 'OutputAdmissionCancellationTests' passed at 2026-09-28 17:05:54.863.
	 Executed 2 tests, with 0 failures (0 unexpected) in 0.113 (0.113) seconds
Test Suite 'PeopleBridgeTests' started at 2026-09-28 17:05:54.863.
Test Case '-[TesseraCoreTests.PeopleBridgeTests testNameMergeSplitConfirmAndFilterThroughTheEngine]' started.
Test Case '-[TesseraCoreTests.PeopleBridgeTests testNameMergeSplitConfirmAndFilterThroughTheEngine]' passed (0.070 seconds).
Test Suite 'PeopleBridgeTests' passed at 2026-09-28 17:05:54.933.
	 Executed 1 test, with 0 failures (0 unexpected) in 0.070 (0.070) seconds
Test Suite 'PeopleLayoutTests' started at 2026-09-28 17:05:54.933.
Test Case '-[TesseraCoreTests.PeopleLayoutTests testDetailFitsWindowAndKeepsHeaderAtTop]' started.
Test Case '-[TesseraCoreTests.PeopleLayoutTests testDetailFitsWindowAndKeepsHeaderAtTop]' passed (0.372 seconds).
Test Suite 'PeopleLayoutTests' passed at 2026-09-28 17:05:55.306.
	 Executed 1 test, with 0 failures (0 unexpected) in 0.372 (0.372) seconds
Test Suite 'PeopleModelTests' started at 2026-09-28 17:05:55.306.
Test Case '-[TesseraCoreTests.PeopleModelTests testDetailLoadsMembersInOneCall]' started.
Test Case '-[TesseraCoreTests.PeopleModelTests testDetailLoadsMembersInOneCall]' passed (0.001 seconds).
Test Case '-[TesseraCoreTests.PeopleModelTests testEngineErrorsBecomeMessagesAndNothingIsHalfApplied]' started.
Test Case '-[TesseraCoreTests.PeopleModelTests testEngineErrorsBecomeMessagesAndNothingIsHalfApplied]' passed (0.001 seconds).
Test Case '-[TesseraCoreTests.PeopleModelTests testFootnoteReportsTheJobsSampleSize]' started.
Test Case '-[TesseraCoreTests.PeopleModelTests testFootnoteReportsTheJobsSampleSize]' passed (0.002 seconds).
Test Case '-[TesseraCoreTests.PeopleModelTests testInstallResetsAndLibraryUpdatesRemapItems]' started.
Test Case '-[TesseraCoreTests.PeopleModelTests testInstallResetsAndLibraryUpdatesRemapItems]' passed (0.001 seconds).
Test Case '-[TesseraCoreTests.PeopleModelTests testMergeSelectionKeepsTheNamedPersonAndItsName]' started.
Test Case '-[TesseraCoreTests.PeopleModelTests testMergeSelectionKeepsTheNamedPersonAndItsName]' passed (0.001 seconds).
Test Case '-[TesseraCoreTests.PeopleModelTests testNamingCommitsTrimmedNameWithOptInsAndReloads]' started.
Test Case '-[TesseraCoreTests.PeopleModelTests testNamingCommitsTrimmedNameWithOptInsAndReloads]' passed (0.002 seconds).
Test Case '-[TesseraCoreTests.PeopleModelTests testPersonFacetIsAUnionWithinAndIntersectsOtherFilters]' started.
Test Case '-[TesseraCoreTests.PeopleModelTests testPersonFacetIsAUnionWithinAndIntersectsOtherFilters]' passed (0.000 seconds).
Test Case '-[TesseraCoreTests.PeopleModelTests testReassignAndConfirmGoThroughTheEngine]' started.
Test Case '-[TesseraCoreTests.PeopleModelTests testReassignAndConfirmGoThroughTheEngine]' passed (0.000 seconds).
Test Case '-[TesseraCoreTests.PeopleModelTests testRefreshRunsTheJobOffTheMainActorAndReportsApproximation]' started.
Test Case '-[TesseraCoreTests.PeopleModelTests testRefreshRunsTheJobOffTheMainActorAndReportsApproximation]' passed (0.002 seconds).
Test Case '-[TesseraCoreTests.PeopleModelTests testSplitMovesSelectedFacesToANewUnconfirmedPerson]' started.
Test Case '-[TesseraCoreTests.PeopleModelTests testSplitMovesSelectedFacesToANewUnconfirmedPerson]' passed (0.001 seconds).
Test Case '-[TesseraCoreTests.PeopleModelTests testSuggestionsAreFilteredSortedAndAcceptingMerges]' started.
Test Case '-[TesseraCoreTests.PeopleModelTests testSuggestionsAreFilteredSortedAndAcceptingMerges]' passed (0.000 seconds).
Test Case '-[TesseraCoreTests.PeopleModelTests testTilesNamedFirstThenByFramesWithNamesMembersAndBadges]' started.
Test Case '-[TesseraCoreTests.PeopleModelTests testTilesNamedFirstThenByFramesWithNamesMembersAndBadges]' passed (0.000 seconds).
Test Case '-[TesseraCoreTests.PeopleModelTests testTilesUseTheMedoidAndEngineCountsWithoutScanningAssignments]' started.
Test Case '-[TesseraCoreTests.PeopleModelTests testTilesUseTheMedoidAndEngineCountsWithoutScanningAssignments]' passed (0.001 seconds).
Test Case '-[TesseraCoreTests.PeopleModelTests testUndoRedoReplayEngineHistoryWithItsDescriptions]' started.
Test Case '-[TesseraCoreTests.PeopleModelTests testUndoRedoReplayEngineHistoryWithItsDescriptions]' passed (0.000 seconds).
Test Suite 'PeopleModelTests' passed at 2026-09-28 17:05:55.319.
	 Executed 14 tests, with 0 failures (0 unexpected) in 0.012 (0.013) seconds
Test Suite 'PeopleUndoMenuTests' started at 2026-09-28 17:05:55.319.
Test Case '-[TesseraCoreTests.PeopleUndoMenuTests testUndoRedoCoverPeopleEditsWhileThePeopleViewIsFrontmost]' started.
Test Case '-[TesseraCoreTests.PeopleUndoMenuTests testUndoRedoCoverPeopleEditsWhileThePeopleViewIsFrontmost]' passed (0.001 seconds).
Test Suite 'PeopleUndoMenuTests' passed at 2026-09-28 17:05:55.320.
	 Executed 1 test, with 0 failures (0 unexpected) in 0.001 (0.001) seconds
Test Suite 'PerformanceTraceTests' started at 2026-09-28 17:05:55.320.
Test Case '-[TesseraCoreTests.PerformanceTraceTests testBoundedTraceReportsDropsAndPreservesIdentity]' started.
Test Case '-[TesseraCoreTests.PerformanceTraceTests testBoundedTraceReportsDropsAndPreservesIdentity]' passed (0.000 seconds).
Test Case '-[TesseraCoreTests.PerformanceTraceTests testDisabledTraceDoesNotRecord]' started.
Test Case '-[TesseraCoreTests.PerformanceTraceTests testDisabledTraceDoesNotRecord]' passed (0.000 seconds).
Test Case '-[TesseraCoreTests.PerformanceTraceTests testSpanDurationAndConcurrentCallbacks]' started.
Test Case '-[TesseraCoreTests.PerformanceTraceTests testSpanDurationAndConcurrentCallbacks]' passed (0.000 seconds).
Test Suite 'PerformanceTraceTests' passed at 2026-09-28 17:05:55.320.
	 Executed 3 tests, with 0 failures (0 unexpected) in 0.000 (0.001) seconds
Test Suite 'PhotoMergeEnhanceTests' started at 2026-09-28 17:05:55.320.
Test Case '-[TesseraCoreTests.PhotoMergeEnhanceTests testAppModelMenuStateFollowsTheSelection]' started.
Test Case '-[TesseraCoreTests.PhotoMergeEnhanceTests testAppModelMenuStateFollowsTheSelection]' passed (0.000 seconds).
Test Case '-[TesseraCoreTests.PhotoMergeEnhanceTests testCancelStopsTheJobAndReportsCancelled]' started.
Test Case '-[TesseraCoreTests.PhotoMergeEnhanceTests testCancelStopsTheJobAndReportsCancelled]' passed (0.041 seconds).
Test Case '-[TesseraCoreTests.PhotoMergeEnhanceTests testCommandRules]' started.
Test Case '-[TesseraCoreTests.PhotoMergeEnhanceTests testCommandRules]' passed (0.000 seconds).
Test Case '-[TesseraCoreTests.PhotoMergeEnhanceTests testDefaultsMatchTheEngineAndHDRIgnoresPanoramaControls]' started.
Test Case '-[TesseraCoreTests.PhotoMergeEnhanceTests testDefaultsMatchTheEngineAndHDRIgnoresPanoramaControls]' passed (0.000 seconds).
Test Case '-[TesseraCoreTests.PhotoMergeEnhanceTests testEnhanceOptionsMapping]' started.
Test Case '-[TesseraCoreTests.PhotoMergeEnhanceTests testEnhanceOptionsMapping]' passed (0.000 seconds).
Test Case '-[TesseraCoreTests.PhotoMergeEnhanceTests testExposureParsingAndSpreadWarnings]' started.
Test Case '-[TesseraCoreTests.PhotoMergeEnhanceTests testExposureParsingAndSpreadWarnings]' passed (0.000 seconds).
Test Case '-[TesseraCoreTests.PhotoMergeEnhanceTests testFailuresAreExplained]' started.
Test Case '-[TesseraCoreTests.PhotoMergeEnhanceTests testFailuresAreExplained]' passed (0.000 seconds).
Test Case '-[TesseraCoreTests.PhotoMergeEnhanceTests testMergeProblemsExplainWhyMergeIsDisabled]' started.
Test Case '-[TesseraCoreTests.PhotoMergeEnhanceTests testMergeProblemsExplainWhyMergeIsDisabled]' passed (0.000 seconds).
Test Case '-[TesseraCoreTests.PhotoMergeEnhanceTests testMergeRunsWithPreviewProgressAndCompletion]' started.
Test Case '-[TesseraCoreTests.PhotoMergeEnhanceTests testMergeRunsWithPreviewProgressAndCompletion]' passed (0.039 seconds).
Test Case '-[TesseraCoreTests.PhotoMergeEnhanceTests testPanoramaAndHDRPanoramaMapping]' started.
Test Case '-[TesseraCoreTests.PhotoMergeEnhanceTests testPanoramaAndHDRPanoramaMapping]' passed (0.000 seconds).
Test Case '-[TesseraCoreTests.PhotoMergeEnhanceTests testRealEngineMergesThreeBracketsIntoAnHDRDngThatOpensInDevelop]' started.
develop original L2 calibration [first, tone, WB] ms: CPU [157.25591699999998, 79.82300000000001, 79.956333]; GPU [81.08025, 1.151208, 0.917916]
Test Case '-[TesseraCoreTests.PhotoMergeEnhanceTests testRealEngineMergesThreeBracketsIntoAnHDRDngThatOpensInDevelop]' passed (0.902 seconds).
Test Case '-[TesseraCoreTests.PhotoMergeEnhanceTests testStageTitlesAndErrorMessages]' started.
Test Case '-[TesseraCoreTests.PhotoMergeEnhanceTests testStageTitlesAndErrorMessages]' passed (0.000 seconds).
Test Suite 'PhotoMergeEnhanceTests' passed at 2026-09-28 17:05:56.305.
	 Executed 12 tests, with 0 failures (0 unexpected) in 0.983 (0.984) seconds
Test Suite 'PreviewEventsTests' started at 2026-09-28 17:05:56.305.
Test Case '-[TesseraCoreTests.PreviewEventsTests testCacheDoesNotAliasReusedDenseItemIDs]' started.
Test Case '-[TesseraCoreTests.PreviewEventsTests testCacheDoesNotAliasReusedDenseItemIDs]' passed (0.002 seconds).
Test Case '-[TesseraCoreTests.PreviewEventsTests testCacheKeysRemainRetrievableAcrossManyRequests]' started.
Test Case '-[TesseraCoreTests.PreviewEventsTests testCacheKeysRemainRetrievableAcrossManyRequests]' passed (0.090 seconds).
Test Case '-[TesseraCoreTests.PreviewEventsTests testCancelledTaskStopsWaitingWithoutAnEvent]' started.
Test Case '-[TesseraCoreTests.PreviewEventsTests testCancelledTaskStopsWaitingWithoutAnEvent]' passed (0.000 seconds).
Test Case '-[TesseraCoreTests.PreviewEventsTests testCancellingOneSubscriberDoesNotRemoveAnother]' started.
Test Case '-[TesseraCoreTests.PreviewEventsTests testCancellingOneSubscriberDoesNotRemoveAnother]' passed (0.000 seconds).
Test Case '-[TesseraCoreTests.PreviewEventsTests testConcurrentDeliveriesPublishBeforeCallbackAndEvictOlderImages]' started.
Test Case '-[TesseraCoreTests.PreviewEventsTests testConcurrentDeliveriesPublishBeforeCallbackAndEvictOlderImages]' passed (0.002 seconds).
Test Case '-[TesseraCoreTests.PreviewEventsTests testInvalidationCancelsInFlightRequestsForBothTiersOnlyForThatItem]' started.
Test Case '-[TesseraCoreTests.PreviewEventsTests testInvalidationCancelsInFlightRequestsForBothTiersOnlyForThatItem]' passed (0.001 seconds).
Test Case '-[TesseraCoreTests.PreviewEventsTests testOverBudgetImageIsCachedBeforeDelivery]' started.
Test Case '-[TesseraCoreTests.PreviewEventsTests testOverBudgetImageIsCachedBeforeDelivery]' passed (0.001 seconds).
Test Case '-[TesseraCoreTests.PreviewEventsTests testReadyBeforeWaitIsBufferedAndFiltered]' started.
Test Case '-[TesseraCoreTests.PreviewEventsTests testReadyBeforeWaitIsBufferedAndFiltered]' passed (0.000 seconds).
Test Case '-[TesseraCoreTests.PreviewEventsTests testRemoveAllPreventsLateDeliveryAndCacheRepopulation]' started.
Test Case '-[TesseraCoreTests.PreviewEventsTests testRemoveAllPreventsLateDeliveryAndCacheRepopulation]' passed (0.000 seconds).
Test Case '-[TesseraCoreTests.PreviewEventsTests testUnrelatedEventsDoNotWakeSubscriber]' started.
Test Case '-[TesseraCoreTests.PreviewEventsTests testUnrelatedEventsDoNotWakeSubscriber]' passed (0.000 seconds).
Test Suite 'PreviewEventsTests' passed at 2026-09-28 17:05:56.402.
	 Executed 10 tests, with 0 failures (0 unexpected) in 0.096 (0.097) seconds
Test Suite 'RasterizedPSDCopyTests' started at 2026-09-28 17:05:56.402.
Test Case '-[TesseraCoreTests.RasterizedPSDCopyTests testCancelBeforeWorkerRunsRetainsAdmissionUntilCompletion]' started.
Test Case '-[TesseraCoreTests.RasterizedPSDCopyTests testCancelBeforeWorkerRunsRetainsAdmissionUntilCompletion]' passed (0.000 seconds).
Test Case '-[TesseraCoreTests.RasterizedPSDCopyTests testCloseCancelsOriginAndStaleCompletionCannotClearReplacement]' started.
Test Case '-[TesseraCoreTests.RasterizedPSDCopyTests testCloseCancelsOriginAndStaleCompletionCannotClearReplacement]' passed (0.000 seconds).
Test Case '-[TesseraCoreTests.RasterizedPSDCopyTests testHostCloseWhileWorkerDrainsSuppressesCompletionAndBalancesQueue]' started.
Test Case '-[TesseraCoreTests.RasterizedPSDCopyTests testHostCloseWhileWorkerDrainsSuppressesCompletionAndBalancesQueue]' passed (0.014 seconds).
Test Case '-[TesseraCoreTests.RasterizedPSDCopyTests testSeparateDocumentSlotsAndTooLateCancellation]' started.
Test Case '-[TesseraCoreTests.RasterizedPSDCopyTests testSeparateDocumentSlotsAndTooLateCancellation]' passed (0.000 seconds).
Test Suite 'RasterizedPSDCopyTests' passed at 2026-09-28 17:05:56.416.
	 Executed 4 tests, with 0 failures (0 unexpected) in 0.014 (0.015) seconds
Test Suite 'RecoveryWindowCloseGuardTests' started at 2026-09-28 17:05:56.416.
Test Case '-[TesseraCoreTests.RecoveryWindowCloseGuardTests testAllowedCloseDefersToPriorDelegateExactlyOnce]' started.
Test Case '-[TesseraCoreTests.RecoveryWindowCloseGuardTests testAllowedCloseDefersToPriorDelegateExactlyOnce]' passed (0.005 seconds).
Test Case '-[TesseraCoreTests.RecoveryWindowCloseGuardTests testBlockedCloseDoesNotCallPriorDelegateOrDiscardWindow]' started.
Test Case '-[TesseraCoreTests.RecoveryWindowCloseGuardTests testBlockedCloseDoesNotCallPriorDelegateOrDiscardWindow]' passed (0.053 seconds).
Test Case '-[TesseraCoreTests.RecoveryWindowCloseGuardTests testInstallingOnOneWindowLeavesUnrelatedWindowDelegateUntouched]' started.
Test Case '-[TesseraCoreTests.RecoveryWindowCloseGuardTests testInstallingOnOneWindowLeavesUnrelatedWindowDelegateUntouched]' passed (0.010 seconds).
Test Case '-[TesseraCoreTests.RecoveryWindowCloseGuardTests testLateOldGuardCleanupCannotRemoveReinstalledGuard]' started.
Test Case '-[TesseraCoreTests.RecoveryWindowCloseGuardTests testLateOldGuardCleanupCannotRemoveReinstalledGuard]' passed (0.004 seconds).
Test Case '-[TesseraCoreTests.RecoveryWindowCloseGuardTests testRealPerformCloseForwardsWillCloseOnce]' started.
Test Case '-[TesseraCoreTests.RecoveryWindowCloseGuardTests testRealPerformCloseForwardsWillCloseOnce]' passed (0.020 seconds).
Test Suite 'RecoveryWindowCloseGuardTests' passed at 2026-09-28 17:05:56.509.
	 Executed 5 tests, with 0 failures (0 unexpected) in 0.093 (0.093) seconds
Test Suite 'ReviewPreviewDrainTests' started at 2026-09-28 17:05:56.509.
Test Case '-[TesseraCoreTests.ReviewPreviewDrainTests testReviewObserveDoesNotRetryARegisteredFailedDevelopClose]' started.
develop original L2 calibration [first, tone, WB] ms: CPU [16.719208, 0.3325, 0.460958]; GPU [17.608458, 0.882875, 0.996333]
Test Case '-[TesseraCoreTests.ReviewPreviewDrainTests testReviewObserveDoesNotRetryARegisteredFailedDevelopClose]' passed (0.057 seconds).
Test Case '-[TesseraCoreTests.ReviewPreviewDrainTests testReviewRetriesObservationAfterEarlierPreviewFlightDrains]' started.
Test Case '-[TesseraCoreTests.ReviewPreviewDrainTests testReviewRetriesObservationAfterEarlierPreviewFlightDrains]' passed (3.413 seconds).
Test Suite 'ReviewPreviewDrainTests' passed at 2026-09-28 17:05:59.980.
	 Executed 2 tests, with 0 failures (0 unexpected) in 3.470 (3.471) seconds
Test Suite 'ReviewResumeStoreTests' started at 2026-09-28 17:05:59.980.
Test Case '-[TesseraCoreTests.ReviewResumeStoreTests testCompletingRunningIntentDoesNotTreatItAsAnInterruptedRestore]' started.
Test Case '-[TesseraCoreTests.ReviewResumeStoreTests testCompletingRunningIntentDoesNotTreatItAsAnInterruptedRestore]' passed (0.002 seconds).
Test Case '-[TesseraCoreTests.ReviewResumeStoreTests testDifferentCanonicalPathDoesNotAdoptAnotherLibraryQueue]' started.
Test Case '-[TesseraCoreTests.ReviewResumeStoreTests testDifferentCanonicalPathDoesNotAdoptAnotherLibraryQueue]' passed (0.001 seconds).
Test Case '-[TesseraCoreTests.ReviewResumeStoreTests testDuplicateTargetIdentityIsRejectedAsCorrupt]' started.
Test Case '-[TesseraCoreTests.ReviewResumeStoreTests testDuplicateTargetIdentityIsRejectedAsCorrupt]' passed (0.000 seconds).
Test Case '-[TesseraCoreTests.ReviewResumeStoreTests testFailureAdvancesNewestCursorRevisionAndKeepsCapturedTargets]' started.
Test Case '-[TesseraCoreTests.ReviewResumeStoreTests testFailureAdvancesNewestCursorRevisionAndKeepsCapturedTargets]' passed (0.002 seconds).
Test Case '-[TesseraCoreTests.ReviewResumeStoreTests testFutureSchemaIsPreservedAndReportedWithoutDecodingAsCurrent]' started.
Test Case '-[TesseraCoreTests.ReviewResumeStoreTests testFutureSchemaIsPreservedAndReportedWithoutDecodingAsCurrent]' passed (0.001 seconds).
Test Case '-[TesseraCoreTests.ReviewResumeStoreTests testRevisionCannotOverflow]' started.
Test Case '-[TesseraCoreTests.ReviewResumeStoreTests testRevisionCannotOverflow]' passed (0.000 seconds).
Test Case '-[TesseraCoreTests.ReviewResumeStoreTests testRoundTripsOnlySafeQueueMembershipAndCursorForCanonicalLibraryPath]' started.
Test Case '-[TesseraCoreTests.ReviewResumeStoreTests testRoundTripsOnlySafeQueueMembershipAndCursorForCanonicalLibraryPath]' passed (0.001 seconds).
Test Case '-[TesseraCoreTests.ReviewResumeStoreTests testRunningRecordCanBeMarkedInterruptedWithoutChangingTargetsOrReplaying]' started.
Test Case '-[TesseraCoreTests.ReviewResumeStoreTests testRunningRecordCanBeMarkedInterruptedWithoutChangingTargetsOrReplaying]' passed (0.001 seconds).
Test Case '-[TesseraCoreTests.ReviewResumeStoreTests testStaleRevisionCannotOverwriteNewerQueueRecord]' started.
Test Case '-[TesseraCoreTests.ReviewResumeStoreTests testStaleRevisionCannotOverwriteNewerQueueRecord]' passed (0.001 seconds).
Test Case '-[TesseraCoreTests.ReviewResumeStoreTests testTargetOrdinalsCanBeSafelyReindexedBeforeMerging]' started.
Test Case '-[TesseraCoreTests.ReviewResumeStoreTests testTargetOrdinalsCanBeSafelyReindexedBeforeMerging]' passed (0.000 seconds).
Test Suite 'ReviewResumeStoreTests' passed at 2026-09-28 17:05:59.991.
	 Executed 10 tests, with 0 failures (0 unexpected) in 0.010 (0.011) seconds
Test Suite 'SearchTermTests' started at 2026-09-28 17:05:59.991.
Test Case '-[TesseraCoreTests.SearchTermTests testAppendingANDsOntoExistingText]' started.
Test Case '-[TesseraCoreTests.SearchTermTests testAppendingANDsOntoExistingText]' passed (0.000 seconds).
Test Case '-[TesseraCoreTests.SearchTermTests testTextTermsAreQuotedWithTheGrammarsJSONEscaping]' started.
Test Case '-[TesseraCoreTests.SearchTermTests testTextTermsAreQuotedWithTheGrammarsJSONEscaping]' passed (0.000 seconds).
Test Suite 'SearchTermTests' passed at 2026-09-28 17:05:59.991.
	 Executed 2 tests, with 0 failures (0 unexpected) in 0.000 (0.000) seconds
Test Suite 'ShellLayoutTests' started at 2026-09-28 17:05:59.991.
Test Case '-[TesseraCoreTests.ShellLayoutTests testDocumentInspectorEveryTabAndHistoryStateAtEverySize]' started.
Test Case '-[TesseraCoreTests.ShellLayoutTests testDocumentInspectorEveryTabAndHistoryStateAtEverySize]' passed (27.428 seconds).
Test Case '-[TesseraCoreTests.ShellLayoutTests testInspectorTabShortcuts]' started.
Test Case '-[TesseraCoreTests.ShellLayoutTests testInspectorTabShortcuts]' passed (1.842 seconds).
Test Case '-[TesseraCoreTests.ShellLayoutTests testManyDocumentTabsStayCapped]' started.
Test Case '-[TesseraCoreTests.ShellLayoutTests testManyDocumentTabsStayCapped]' passed (2.294 seconds).
Test Case '-[TesseraCoreTests.ShellLayoutTests testShellContainedAtEverySizeStateAndAppearance]' started.
Test Case '-[TesseraCoreTests.ShellLayoutTests testShellContainedAtEverySizeStateAndAppearance]' passed (45.812 seconds).
Test Suite 'ShellLayoutTests' passed at 2026-09-28 17:07:17.368.
	 Executed 4 tests, with 0 failures (0 unexpected) in 77.376 (77.377) seconds
Test Suite 'SmartPreviewNativeWorkflowTests' started at 2026-09-28 17:07:17.368.
Test Case '-[TesseraCoreTests.SmartPreviewNativeWorkflowTests testActualCachedThumbnailAfterOriginalDisconnect]' started.
develop original L2 calibration [first, tone, WB] ms: CPU [453.881667, 190.26425, 221.49654099999998]; GPU [266.69625, 1.76325, 6.816792]
Test Case '-[TesseraCoreTests.SmartPreviewNativeWorkflowTests testActualCachedThumbnailAfterOriginalDisconnect]' passed (5.060 seconds).
Test Case '-[TesseraCoreTests.SmartPreviewNativeWorkflowTests testActualSwiftBridgeOfflineLibraryRenderSaveReopenAndReconnect]' started.
develop original L2 calibration [first, tone, WB] ms: CPU [588.944292, 190.55070800000001, 219.601125]; GPU [356.24433300000004, 1.710834, 8.225166000000002]
develop Smart Preview L0 calibration [first, tone, WB] ms: CPU [167.78004199999998, 166.061208, 172.153667]; GPU [28.874958, 2.664375, 16.836083000000002]
develop Smart Preview L0 calibration [first, tone, WB] ms: CPU [172.04787499999998, 172.536667, 187.301]; GPU [28.121582999999998, 2.0460000000000003, 17.109459]
develop original L2 calibration [first, tone, WB] ms: CPU [481.365833, 204.051208, 239.261416]; GPU [346.212458, 1.580875, 9.309583]
Test Case '-[TesseraCoreTests.SmartPreviewNativeWorkflowTests testActualSwiftBridgeOfflineLibraryRenderSaveReopenAndReconnect]' passed (5.318 seconds).
Test Suite 'SmartPreviewNativeWorkflowTests' passed at 2026-09-28 17:07:27.746.
	 Executed 2 tests, with 0 failures (0 unexpected) in 10.378 (10.378) seconds
Test Suite 'SmartPreviewThumbnailTests' started at 2026-09-28 17:07:27.746.
Test Case '-[TesseraCoreTests.SmartPreviewThumbnailTests testCancelledRetryWaitTerminatesWithoutAnotherNativeCall]' started.
Test Case '-[TesseraCoreTests.SmartPreviewThumbnailTests testCancelledRetryWaitTerminatesWithoutAnotherNativeCall]' passed (0.008 seconds).
Test Case '-[TesseraCoreTests.SmartPreviewThumbnailTests testExplicitRoleChoosesExactlyOneAPIAndNeverFallsBack]' started.
Test Case '-[TesseraCoreTests.SmartPreviewThumbnailTests testExplicitRoleChoosesExactlyOneAPIAndNeverFallsBack]' passed (0.011 seconds).
Test Case '-[TesseraCoreTests.SmartPreviewThumbnailTests testInvalidatedProxyWorkerCannotRepopulateCacheOrDeliverOldResult]' started.
Test Case '-[TesseraCoreTests.SmartPreviewThumbnailTests testInvalidatedProxyWorkerCannotRepopulateCacheOrDeliverOldResult]' passed (0.011 seconds).
Test Case '-[TesseraCoreTests.SmartPreviewThumbnailTests testOriginalCacheCannotSatisfySameImageProxyRequest]' started.
Test Case '-[TesseraCoreTests.SmartPreviewThumbnailTests testOriginalCacheCannotSatisfySameImageProxyRequest]' passed (0.011 seconds).
Test Case '-[TesseraCoreTests.SmartPreviewThumbnailTests testOriginalErrorsRemainTerminalWithoutRetry]' started.
Test Case '-[TesseraCoreTests.SmartPreviewThumbnailTests testOriginalErrorsRemainTerminalWithoutRetry]' passed (0.010 seconds).
Test Case '-[TesseraCoreTests.SmartPreviewThumbnailTests testPendingProxyUsesBufferedReadyEventAndKeepsSource]' started.
Test Case '-[TesseraCoreTests.SmartPreviewThumbnailTests testPendingProxyUsesBufferedReadyEventAndKeepsSource]' passed (0.009 seconds).
Test Case '-[TesseraCoreTests.SmartPreviewThumbnailTests testPersistentProxyFailureHasBoundedCallsAndNoPendingPlaceholderFlight]' started.
Test Case '-[TesseraCoreTests.SmartPreviewThumbnailTests testPersistentProxyFailureHasBoundedCallsAndNoPendingPlaceholderFlight]' passed (0.009 seconds).
Test Case '-[TesseraCoreTests.SmartPreviewThumbnailTests testReconnectDropsProxyFlightAndDoesNotShareOriginalCache]' started.
Test Case '-[TesseraCoreTests.SmartPreviewThumbnailTests testReconnectDropsProxyFlightAndDoesNotShareOriginalCache]' passed (0.009 seconds).
Test Case '-[TesseraCoreTests.SmartPreviewThumbnailTests testSupersessionDuringRetrySuppressesOldRetryAndDeliversReplacement]' started.
Test Case '-[TesseraCoreTests.SmartPreviewThumbnailTests testSupersessionDuringRetrySuppressesOldRetryAndDeliversReplacement]' passed (0.012 seconds).
Test Case '-[TesseraCoreTests.SmartPreviewThumbnailTests testTransientProxyErrorRetriesWithinSameFlightThenDelivers]' started.
Test Case '-[TesseraCoreTests.SmartPreviewThumbnailTests testTransientProxyErrorRetriesWithinSameFlightThenDelivers]' passed (0.013 seconds).
Test Suite 'SmartPreviewThumbnailTests' passed at 2026-09-28 17:07:27.851.
	 Executed 10 tests, with 0 failures (0 unexpected) in 0.103 (0.105) seconds
Test Suite 'SmartPreviewUITests' started at 2026-09-28 17:07:27.851.
Test Case '-[TesseraCoreTests.SmartPreviewUITests testAbsentPreferenceDefaultsToOriginalAndPreservesExplicitSavedChoice]' started.
Test Case '-[TesseraCoreTests.SmartPreviewUITests testAbsentPreferenceDefaultsToOriginalAndPreservesExplicitSavedChoice]' passed (0.002 seconds).
Test Case '-[TesseraCoreTests.SmartPreviewUITests testAssetMutationsInvalidateThumbnailsBeforeAndAfterNativeDrain]' started.
Test Case '-[TesseraCoreTests.SmartPreviewUITests testAssetMutationsInvalidateThumbnailsBeforeAndAfterNativeDrain]' passed (0.000 seconds).
Test Case '-[TesseraCoreTests.SmartPreviewUITests testBadgesDescribeOfflinePendingConflictAndActualRoute]' started.
Test Case '-[TesseraCoreTests.SmartPreviewUITests testBadgesDescribeOfflinePendingConflictAndActualRoute]' passed (0.000 seconds).
Test Case '-[TesseraCoreTests.SmartPreviewUITests testBatchCancelDrainsCurrentPhotoThenStopsAndRetainsOutcome]' started.
Test Case '-[TesseraCoreTests.SmartPreviewUITests testBatchCancelDrainsCurrentPhotoThenStopsAndRetainsOutcome]' passed (0.000 seconds).
Test Case '-[TesseraCoreTests.SmartPreviewUITests testClearedSelectionAndSeparateOwnerIgnoreOldCompletion]' started.
Test Case '-[TesseraCoreTests.SmartPreviewUITests testClearedSelectionAndSeparateOwnerIgnoreOldCompletion]' passed (0.000 seconds).
Test Case '-[TesseraCoreTests.SmartPreviewUITests testConflictFailedAndDirtySyncAreNotSuccessAndDirtyDiscardNeverCallsNative]' started.
Test Case '-[TesseraCoreTests.SmartPreviewUITests testConflictFailedAndDirtySyncAreNotSuccessAndDirtyDiscardNeverCallsNative]' passed (0.000 seconds).
Test Case '-[TesseraCoreTests.SmartPreviewUITests testFailedValidationCannotUsePresentationAsOpeningAuthority]' started.
Test Case '-[TesseraCoreTests.SmartPreviewUITests testFailedValidationCannotUsePresentationAsOpeningAuthority]' passed (0.000 seconds).
Test Case '-[TesseraCoreTests.SmartPreviewUITests testLocalProxySaveKeepsThumbnailWarningButOpeningValidatesAgain]' started.
Test Case '-[TesseraCoreTests.SmartPreviewUITests testLocalProxySaveKeepsThumbnailWarningButOpeningValidatesAgain]' passed (0.000 seconds).
Test Case '-[TesseraCoreTests.SmartPreviewUITests testOfflineAndPendingLibraryBadgesDisclosePreSyncThumbnail]' started.
Test Case '-[TesseraCoreTests.SmartPreviewUITests testOfflineAndPendingLibraryBadgesDisclosePreSyncThumbnail]' passed (0.000 seconds).
Test Case '-[TesseraCoreTests.SmartPreviewUITests testOfflineExistingPreviewOffersExplicitUseRatherThanRebuildOrSync]' started.
Test Case '-[TesseraCoreTests.SmartPreviewUITests testOfflineExistingPreviewOffersExplicitUseRatherThanRebuildOrSync]' passed (0.000 seconds).
Test Case '-[TesseraCoreTests.SmartPreviewUITests testOnlyCleanMissingPreviewFallsBackToAvailableOriginal]' started.
Test Case '-[TesseraCoreTests.SmartPreviewUITests testOnlyCleanMissingPreviewFallsBackToAvailableOriginal]' passed (0.000 seconds).
Test Case '-[TesseraCoreTests.SmartPreviewUITests testOpeningCancelsIfSelectionChangesAwayAndBackDuringRead]' started.
Test Case '-[TesseraCoreTests.SmartPreviewUITests testOpeningCancelsIfSelectionChangesAwayAndBackDuringRead]' passed (0.000 seconds).
Test Case '-[TesseraCoreTests.SmartPreviewUITests testOpeningFollowsReplacementSamePhotoStatusRead]' started.
Test Case '-[TesseraCoreTests.SmartPreviewUITests testOpeningFollowsReplacementSamePhotoStatusRead]' passed (0.000 seconds).
Test Case '-[TesseraCoreTests.SmartPreviewUITests testOriginalSaveDoesNotInventProxyPresentation]' started.
Test Case '-[TesseraCoreTests.SmartPreviewUITests testOriginalSaveDoesNotInventProxyPresentation]' passed (0.000 seconds).
Test Case '-[TesseraCoreTests.SmartPreviewUITests testProxyRenderedLibraryCopyKeepsSaveWarningWithoutLastSyncedClaim]' started.
Test Case '-[TesseraCoreTests.SmartPreviewUITests testProxyRenderedLibraryCopyKeepsSaveWarningWithoutLastSyncedClaim]' passed (0.000 seconds).
Test Case '-[TesseraCoreTests.SmartPreviewUITests testRapidSelectionOnlyDecodesActiveAndLatestPhoto]' started.
Test Case '-[TesseraCoreTests.SmartPreviewUITests testRapidSelectionOnlyDecodesActiveAndLatestPhoto]' passed (0.000 seconds).
Test Case '-[TesseraCoreTests.SmartPreviewUITests testRepeatedSelectionAndOpeningShareOneStatusRead]' started.
Test Case '-[TesseraCoreTests.SmartPreviewUITests testRepeatedSelectionAndOpeningShareOneStatusRead]' passed (0.000 seconds).
Test Case '-[TesseraCoreTests.SmartPreviewUITests testRouteUsesRequestedSessionAndNeverFallsBackAfterProxyFailure]' started.
Test Case '-[TesseraCoreTests.SmartPreviewUITests testRouteUsesRequestedSessionAndNeverFallsBackAfterProxyFailure]' passed (0.000 seconds).
Test Case '-[TesseraCoreTests.SmartPreviewUITests testSavedStateInvalidationDoesNotAutomaticallyHashAssets]' started.
Test Case '-[TesseraCoreTests.SmartPreviewUITests testSavedStateInvalidationDoesNotAutomaticallyHashAssets]' passed (0.000 seconds).
Test Case '-[TesseraCoreTests.SmartPreviewUITests testSelectionGenerationSuppressesOldInfoCompletion]' started.
Test Case '-[TesseraCoreTests.SmartPreviewUITests testSelectionGenerationSuppressesOldInfoCompletion]' passed (0.000 seconds).
Test Case '-[TesseraCoreTests.SmartPreviewUITests testSelectionReadStartedBeforeBatchCannotOverwriteNewOutcome]' started.
Test Case '-[TesseraCoreTests.SmartPreviewUITests testSelectionReadStartedBeforeBatchCannotOverwriteNewOutcome]' passed (0.000 seconds).
Test Case '-[TesseraCoreTests.SmartPreviewUITests testStaleOpenerCannotRetargetCurrentSelectionOrStartAnotherRead]' started.
Test Case '-[TesseraCoreTests.SmartPreviewUITests testStaleOpenerCannotRetargetCurrentSelectionOrStartAnotherRead]' passed (0.000 seconds).
Test Suite 'SmartPreviewUITests' passed at 2026-09-28 17:07:27.859.
	 Executed 22 tests, with 0 failures (0 unexpected) in 0.007 (0.008) seconds
Test Suite 'StagedLibraryFilterTests' started at 2026-09-28 17:07:27.859.
Test Case '-[TesseraCoreTests.StagedLibraryFilterTests testExplicitRetryCommitsAllEditsStagedAfterFailedClose]' started.
develop original L2 calibration [first, tone, WB] ms: CPU [0.47025, 0.41508300000000004, 0.37845799999999996]; GPU [1.512834, 1.785333, 1.138667]
Test Case '-[TesseraCoreTests.StagedLibraryFilterTests testExplicitRetryCommitsAllEditsStagedAfterFailedClose]' passed (0.051 seconds).
Test Case '-[TesseraCoreTests.StagedLibraryFilterTests testFilterAndFacetRequestDuringLayersSaveCancelOnlyItsDestination]' started.
develop original L2 calibration [first, tone, WB] ms: CPU [0.458708, 0.27216700000000005, 0.304542]; GPU [1.324375, 0.6032919999999999, 0.675833]
Test Case '-[TesseraCoreTests.StagedLibraryFilterTests testFilterAndFacetRequestDuringLayersSaveCancelOnlyItsDestination]' passed (0.038 seconds).
Test Case '-[TesseraCoreTests.StagedLibraryFilterTests testHeldCloseComposesDistinctPersonFacets]' started.
develop original L2 calibration [first, tone, WB] ms: CPU [0.437125, 0.266167, 0.27141699999999996]; GPU [1.2090409999999998, 0.5607500000000001, 0.7352920000000001]
Test Case '-[TesseraCoreTests.StagedLibraryFilterTests testHeldCloseComposesDistinctPersonFacets]' passed (0.036 seconds).
Test Case '-[TesseraCoreTests.StagedLibraryFilterTests testHeldCloseComposesRepeatedTextAndCancellingPersonToggle]' started.
develop original L2 calibration [first, tone, WB] ms: CPU [0.441625, 0.28033399999999997, 0.3045]; GPU [1.204334, 0.73725, 0.846917]
Test Case '-[TesseraCoreTests.StagedLibraryFilterTests testHeldCloseComposesRepeatedTextAndCancellingPersonToggle]' passed (0.038 seconds).
Test Case '-[TesseraCoreTests.StagedLibraryFilterTests testHeldCloseComposesTwoFilterFieldsWithoutEarlyPublication]' started.
develop original L2 calibration [first, tone, WB] ms: CPU [0.41133400000000003, 0.272833, 0.270167]; GPU [1.267333, 0.8549169999999999, 0.9031669999999999]
Test Case '-[TesseraCoreTests.StagedLibraryFilterTests testHeldCloseComposesTwoFilterFieldsWithoutEarlyPublication]' passed (0.036 seconds).
Test Case '-[TesseraCoreTests.StagedLibraryFilterTests testKeepEditingDiscardsFailedFilterDraft]' started.
develop original L2 calibration [first, tone, WB] ms: CPU [0.415792, 0.27537500000000004, 0.301375]; GPU [1.538291, 0.8892089999999999, 0.887333]
Test Case '-[TesseraCoreTests.StagedLibraryFilterTests testKeepEditingDiscardsFailedFilterDraft]' passed (0.043 seconds).
Test Case '-[TesseraCoreTests.StagedLibraryFilterTests testOwnerReplacementDropsHeldFilterDraft]' started.
develop original L2 calibration [first, tone, WB] ms: CPU [0.449333, 0.28475, 0.30320800000000003]; GPU [1.175958, 0.875541, 0.8785419999999999]
Test Case '-[TesseraCoreTests.StagedLibraryFilterTests testOwnerReplacementDropsHeldFilterDraft]' passed (0.035 seconds).
Test Case '-[TesseraCoreTests.StagedLibraryFilterTests testPersonFacetAloneDuringLayersSaveCancelsItsDestination]' started.
develop original L2 calibration [first, tone, WB] ms: CPU [0.38579199999999997, 0.2635, 0.266959]; GPU [1.3485420000000001, 0.9905, 1.153]
Test Case '-[TesseraCoreTests.StagedLibraryFilterTests testPersonFacetAloneDuringLayersSaveCancelsItsDestination]' passed (0.038 seconds).
Test Case '-[TesseraCoreTests.StagedLibraryFilterTests testUnrelatedNavigationSupersedesHeldFilterDraft]' started.
develop original L2 calibration [first, tone, WB] ms: CPU [0.412292, 0.276292, 0.292541]; GPU [1.401791, 0.8872920000000001, 0.9014169999999999]
Test Case '-[TesseraCoreTests.StagedLibraryFilterTests testUnrelatedNavigationSupersedesHeldFilterDraft]' passed (0.039 seconds).
Test Suite 'StagedLibraryFilterTests' passed at 2026-09-28 17:07:28.213.
	 Executed 9 tests, with 0 failures (0 unexpected) in 0.353 (0.354) seconds
Test Suite 'StubDocumentBackendTests' started at 2026-09-28 17:07:28.213.
Test Case '-[TesseraCoreTests.StubDocumentBackendTests testCompositeHasTransparentMarginAndThumbnailsAreCached]' started.
Test Case '-[TesseraCoreTests.StubDocumentBackendTests testCompositeHasTransparentMarginAndThumbnailsAreCached]' passed (0.014 seconds).
Test Case '-[TesseraCoreTests.StubDocumentBackendTests testDragPlanAppliesThroughMoveLayer]' started.
Test Case '-[TesseraCoreTests.StubDocumentBackendTests testDragPlanAppliesThroughMoveLayer]' passed (0.000 seconds).
Test Case '-[TesseraCoreTests.StubDocumentBackendTests testInteractiveEditsWaitForCommit]' started.
Test Case '-[TesseraCoreTests.StubDocumentBackendTests testInteractiveEditsWaitForCommit]' passed (0.000 seconds).
Test Case '-[TesseraCoreTests.StubDocumentBackendTests testSaveOpenAndExport]' started.
Test Case '-[TesseraCoreTests.StubDocumentBackendTests testSaveOpenAndExport]' passed (0.162 seconds).
Test Case '-[TesseraCoreTests.StubDocumentBackendTests testStructuralEdits]' started.
Test Case '-[TesseraCoreTests.StubDocumentBackendTests testStructuralEdits]' passed (0.000 seconds).
Test Case '-[TesseraCoreTests.StubDocumentBackendTests testUndoRedoCheckoutAndSnapshots]' started.
Test Case '-[TesseraCoreTests.StubDocumentBackendTests testUndoRedoCheckoutAndSnapshots]' passed (0.000 seconds).
Test Case '-[TesseraCoreTests.StubDocumentBackendTests testViewportFramesArriveOnTheListener]' started.
Test Case '-[TesseraCoreTests.StubDocumentBackendTests testViewportFramesArriveOnTheListener]' passed (0.034 seconds).
Test Suite 'StubDocumentBackendTests' passed at 2026-09-28 17:07:28.425.
	 Executed 7 tests, with 0 failures (0 unexpected) in 0.211 (0.212) seconds
Test Suite 'SuggestionChipTests' started at 2026-09-28 17:07:28.425.
Test Case '-[TesseraCoreTests.SuggestionChipTests testBridgeRecordConversion]' started.
Test Case '-[TesseraCoreTests.SuggestionChipTests testBridgeRecordConversion]' passed (0.000 seconds).
Test Case '-[TesseraCoreTests.SuggestionChipTests testClickAcceptsOneAndRejectRemovesOne]' started.
Test Case '-[TesseraCoreTests.SuggestionChipTests testClickAcceptsOneAndRejectRemovesOne]' passed (0.000 seconds).
Test Case '-[TesseraCoreTests.SuggestionChipTests testOrderingDeduplicationAndMapping]' started.
Test Case '-[TesseraCoreTests.SuggestionChipTests testOrderingDeduplicationAndMapping]' passed (0.000 seconds).
Test Case '-[TesseraCoreTests.SuggestionChipTests testReplaceKeepsTheThreshold]' started.
Test Case '-[TesseraCoreTests.SuggestionChipTests testReplaceKeepsTheThreshold]' passed (0.000 seconds).
Test Case '-[TesseraCoreTests.SuggestionChipTests testShiftClickAcceptsEverythingAtOrAboveTheThreshold]' started.
Test Case '-[TesseraCoreTests.SuggestionChipTests testShiftClickAcceptsEverythingAtOrAboveTheThreshold]' passed (0.000 seconds).
Test Suite 'SuggestionChipTests' passed at 2026-09-28 17:07:28.426.
	 Executed 5 tests, with 0 failures (0 unexpected) in 0.001 (0.001) seconds
Test Suite 'TetherBridgeTests' started at 2026-09-28 17:07:28.426.
Test Case '-[TesseraCoreTests.TetherBridgeTests testFakeCameraFrameArrivesNamedIndexedAndScored]' started.
Test Case '-[TesseraCoreTests.TetherBridgeTests testFakeCameraFrameArrivesNamedIndexedAndScored]' passed (0.301 seconds).
Test Case '-[TesseraCoreTests.TetherBridgeTests testLaunchArguments]' started.
Test Case '-[TesseraCoreTests.TetherBridgeTests testLaunchArguments]' passed (0.000 seconds).
Test Suite 'TetherBridgeTests' passed at 2026-09-28 17:07:28.728.
	 Executed 2 tests, with 0 failures (0 unexpected) in 0.302 (0.302) seconds
Test Suite 'TetherNamingTests' started at 2026-09-28 17:07:28.728.
Test Case '-[TesseraCoreTests.TetherNamingTests testRejectsWhatTheEngineRejects]' started.
Test Case '-[TesseraCoreTests.TetherNamingTests testRejectsWhatTheEngineRejects]' passed (0.001 seconds).
Test Case '-[TesseraCoreTests.TetherNamingTests testRendersTokensWithFourDigitSequence]' started.
Test Case '-[TesseraCoreTests.TetherNamingTests testRendersTokensWithFourDigitSequence]' passed (0.000 seconds).
Test Case '-[TesseraCoreTests.TetherNamingTests testSessionNames]' started.
Test Case '-[TesseraCoreTests.TetherNamingTests testSessionNames]' passed (0.000 seconds).
Test Case '-[TesseraCoreTests.TetherNamingTests testTokenMenuInsertsBeforeTheExtension]' started.
Test Case '-[TesseraCoreTests.TetherNamingTests testTokenMenuInsertsBeforeTheExtension]' passed (0.000 seconds).
Test Suite 'TetherNamingTests' passed at 2026-09-28 17:07:28.730.
	 Executed 4 tests, with 0 failures (0 unexpected) in 0.002 (0.002) seconds
Test Suite 'ThemeLintTests' started at 2026-09-28 17:07:28.730.
Test Case '-[TesseraCoreTests.ThemeLintTests testViewsUseThemeTokensOnly]' started.
Test Case '-[TesseraCoreTests.ThemeLintTests testViewsUseThemeTokensOnly]' passed (0.244 seconds).
Test Suite 'ThemeLintTests' passed at 2026-09-28 17:07:28.973.
	 Executed 1 test, with 0 failures (0 unexpected) in 0.244 (0.244) seconds
Test Suite 'ThumbnailFlightDrainTests' started at 2026-09-28 17:07:28.973.
Test Case '-[TesseraCoreTests.ThumbnailFlightDrainTests testCachedHitNeedsNoFlightHandle]' started.
Test Case '-[TesseraCoreTests.ThumbnailFlightDrainTests testCachedHitNeedsNoFlightHandle]' passed (0.001 seconds).
Test Case '-[TesseraCoreTests.ThumbnailFlightDrainTests testCancelledCoalescedSubscriberSharesRunningDrain]' started.
Test Case '-[TesseraCoreTests.ThumbnailFlightDrainTests testCancelledCoalescedSubscriberSharesRunningDrain]' passed (0.007 seconds).
Test Case '-[TesseraCoreTests.ThumbnailFlightDrainTests testCancelledPendingReplacementWaitsForOlderSameKeyWorker]' started.
Test Case '-[TesseraCoreTests.ThumbnailFlightDrainTests testCancelledPendingReplacementWaitsForOlderSameKeyWorker]' passed (0.007 seconds).
Test Case '-[TesseraCoreTests.ThumbnailFlightDrainTests testInvalidateDetachesSubscriberButWaitsForRunningWorkerDrain]' started.
Test Case '-[TesseraCoreTests.ThumbnailFlightDrainTests testInvalidateDetachesSubscriberButWaitsForRunningWorkerDrain]' passed (0.007 seconds).
Test Case '-[TesseraCoreTests.ThumbnailFlightDrainTests testPendingOnlyCancellationDrainsImmediately]' started.
Test Case '-[TesseraCoreTests.ThumbnailFlightDrainTests testPendingOnlyCancellationDrainsImmediately]' passed (0.001 seconds).
Test Case '-[TesseraCoreTests.ThumbnailFlightDrainTests testRemoveAllAndLoaderReleaseDoNotStrandRunningDrain]' started.
Test Case '-[TesseraCoreTests.ThumbnailFlightDrainTests testRemoveAllAndLoaderReleaseDoNotStrandRunningDrain]' passed (0.007 seconds).
Test Suite 'ThumbnailFlightDrainTests' passed at 2026-09-28 17:07:29.004.
	 Executed 6 tests, with 0 failures (0 unexpected) in 0.030 (0.030) seconds
Test Suite 'ThumbnailQueueTests' started at 2026-09-28 17:07:29.004.
Test Case '-[TesseraCoreTests.ThumbnailQueueTests testCancelAndImmediatelyResubscribeDoesNotOverlapSameKey]' started.
Test Case '-[TesseraCoreTests.ThumbnailQueueTests testCancelAndImmediatelyResubscribeDoesNotOverlapSameKey]' passed (0.001 seconds).
Test Case '-[TesseraCoreTests.ThumbnailQueueTests testCancellingSharedSubscriberKeepsOtherTierAndSubscriber]' started.
Test Case '-[TesseraCoreTests.ThumbnailQueueTests testCancellingSharedSubscriberKeepsOtherTierAndSubscriber]' passed (0.009 seconds).
Test Case '-[TesseraCoreTests.ThumbnailQueueTests testGridAndFilmstripShareOneDecodedImage]' started.
Test Case '-[TesseraCoreTests.ThumbnailQueueTests testGridAndFilmstripShareOneDecodedImage]' passed (0.001 seconds).
Test Case '-[TesseraCoreTests.ThumbnailQueueTests testLateSubscriberAfterCacheEvictionStillReceivesResult]' started.
Test Case '-[TesseraCoreTests.ThumbnailQueueTests testLateSubscriberAfterCacheEvictionStillReceivesResult]' passed (0.001 seconds).
Test Case '-[TesseraCoreTests.ThumbnailQueueTests testLoupeIsNextAdmissionAheadOfThumbnailBacklog]' started.
Test Case '-[TesseraCoreTests.ThumbnailQueueTests testLoupeIsNextAdmissionAheadOfThumbnailBacklog]' passed (0.010 seconds).
Test Case '-[TesseraCoreTests.ThumbnailQueueTests testMixedTiersShareViewportPendingBudget]' started.
Test Case '-[TesseraCoreTests.ThumbnailQueueTests testMixedTiersShareViewportPendingBudget]' passed (0.000 seconds).
Test Case '-[TesseraCoreTests.ThumbnailQueueTests testPendingCancellationRemovesSubscriberSynchronously]' started.
Test Case '-[TesseraCoreTests.ThumbnailQueueTests testPendingCancellationRemovesSubscriberSynchronously]' passed (0.000 seconds).
Test Case '-[TesseraCoreTests.ThumbnailQueueTests testReentrantInvalidationPreventsOtherSharedDeliveryAndCanReload]' started.
Test Case '-[TesseraCoreTests.ThumbnailQueueTests testReentrantInvalidationPreventsOtherSharedDeliveryAndCanReload]' passed (0.001 seconds).
Test Case '-[TesseraCoreTests.ThumbnailQueueTests testTwentyThousandRequestsKeepOnlyNewestBoundedBacklog]' started.
Test Case '-[TesseraCoreTests.ThumbnailQueueTests testTwentyThousandRequestsKeepOnlyNewestBoundedBacklog]' passed (0.427 seconds).
Test Case '-[TesseraCoreTests.ThumbnailQueueTests testTwentyThousandReversalDeliversOnlyFinalViewport]' started.
Test Case '-[TesseraCoreTests.ThumbnailQueueTests testTwentyThousandReversalDeliversOnlyFinalViewport]' passed (0.536 seconds).
Test Case '-[TesseraCoreTests.ThumbnailQueueTests testViewportOwnersResizeAndReleaseBound]' started.
Test Case '-[TesseraCoreTests.ThumbnailQueueTests testViewportOwnersResizeAndReleaseBound]' passed (0.002 seconds).
Test Suite 'ThumbnailQueueTests' passed at 2026-09-28 17:07:29.992.
	 Executed 11 tests, with 0 failures (0 unexpected) in 0.988 (0.989) seconds
Test Suite 'ThumbnailViewportTests' started at 2026-09-28 17:07:29.992.
Test Case '-[TesseraCoreTests.ThumbnailViewportTests testHiddenRetainedGridDoesNotContributeViewportBudget]' started.
Test Case '-[TesseraCoreTests.ThumbnailViewportTests testHiddenRetainedGridDoesNotContributeViewportBudget]' passed (0.002 seconds).
Test Suite 'ThumbnailViewportTests' passed at 2026-09-28 17:07:29.995.
	 Executed 1 test, with 0 failures (0 unexpected) in 0.002 (0.002) seconds
Test Suite 'TransformLensBlurTests' started at 2026-09-28 17:07:29.995.
Test Case '-[TesseraCoreTests.TransformLensBlurTests testAIDenoiseTogglesTheNeuralModeAndAmount]' started.
Test Case '-[TesseraCoreTests.TransformLensBlurTests testAIDenoiseTogglesTheNeuralModeAndAmount]' passed (0.000 seconds).
Test Case '-[TesseraCoreTests.TransformLensBlurTests testGuidedEditorKeepsTwoToFourGuidesInTheImage]' started.
Test Case '-[TesseraCoreTests.TransformLensBlurTests testGuidedEditorKeepsTwoToFourGuidesInTheImage]' passed (0.000 seconds).
Test Case '-[TesseraCoreTests.TransformLensBlurTests testLensBlurApplyBokehAndFocalRange]' started.
Test Case '-[TesseraCoreTests.TransformLensBlurTests testLensBlurApplyBokehAndFocalRange]' passed (0.000 seconds).
Test Case '-[TesseraCoreTests.TransformLensBlurTests testTransformSlidersWriteTheirPatchesAndResetPerGroup]' started.
Test Case '-[TesseraCoreTests.TransformLensBlurTests testTransformSlidersWriteTheirPatchesAndResetPerGroup]' passed (0.000 seconds).
Test Case '-[TesseraCoreTests.TransformLensBlurTests testUprightButtonsWriteTheirModeAndClearGuides]' started.
Test Case '-[TesseraCoreTests.TransformLensBlurTests testUprightButtonsWriteTheirModeAndClearGuides]' passed (0.000 seconds).
Test Suite 'TransformLensBlurTests' passed at 2026-09-28 17:07:29.996.
	 Executed 5 tests, with 0 failures (0 unexpected) in 0.001 (0.001) seconds
Test Suite 'TransformSessionTests' started at 2026-09-28 17:07:29.996.
Test Case '-[TesseraCoreTests.TransformSessionTests testTransformDragsAndUprightButtonsAreOneHistoryStepEach]' started.
develop original L2 calibration [first, tone, WB] ms: CPU [452.704834, 194.48337500000002, 218.30170900000002]; GPU [265.566375, 1.733334, 6.818917]
Test Case '-[TesseraCoreTests.TransformSessionTests testTransformDragsAndUprightButtonsAreOneHistoryStepEach]' passed (4.372 seconds).
Test Case '-[TesseraCoreTests.TransformSessionTests testUprightAutoChangesTheRenderedFrame]' started.
develop original L2 calibration [first, tone, WB] ms: CPU [450.092583, 243.46741699999998, 226.76325]; GPU [263.960375, 1.525542, 7.073917]
Test Case '-[TesseraCoreTests.TransformSessionTests testUprightAutoChangesTheRenderedFrame]' passed (20.543 seconds).
Test Suite 'TransformSessionTests' passed at 2026-09-28 17:07:54.912.
	 Executed 2 tests, with 0 failures (0 unexpected) in 24.916 (24.916) seconds
Test Suite 'UncorrectedPlacementTests' started at 2026-09-28 17:07:54.912.
Test Case '-[TesseraCoreTests.UncorrectedPlacementTests testGuidedEnterAndExitToggleTheUncorrectedView]' started.
Test Case '-[TesseraCoreTests.UncorrectedPlacementTests testGuidedEnterAndExitToggleTheUncorrectedView]' passed (0.000 seconds).
Test Suite 'UncorrectedPlacementTests' passed at 2026-09-28 17:07:54.913.
	 Executed 1 test, with 0 failures (0 unexpected) in 0.000 (0.000) seconds
Test Suite 'WorkspaceBrowserRestoreTests' started at 2026-09-28 17:07:54.913.
Test Case '-[TesseraCoreTests.WorkspaceBrowserRestoreTests testReturnRestoresGridAnchorWithoutFocusSnap]' started.
Test Case '-[TesseraCoreTests.WorkspaceBrowserRestoreTests testReturnRestoresGridAnchorWithoutFocusSnap]' passed (0.018 seconds).
Test Case '-[TesseraCoreTests.WorkspaceBrowserRestoreTests testReviewEditRoundTripRestoresNativeAnchorAfterColumnResize]' started.
Test Case '-[TesseraCoreTests.WorkspaceBrowserRestoreTests testReviewEditRoundTripRestoresNativeAnchorAfterColumnResize]' passed (0.015 seconds).
Test Suite 'WorkspaceBrowserRestoreTests' passed at 2026-09-28 17:07:54.946.
	 Executed 2 tests, with 0 failures (0 unexpected) in 0.033 (0.033) seconds
Test Suite 'WorkspaceNavigationTests' started at 2026-09-28 17:07:54.946.
Test Case '-[TesseraCoreTests.WorkspaceNavigationTests testChangingSourceExitsEditWithoutRestoringOldSource]' started.
Test Case '-[TesseraCoreTests.WorkspaceNavigationTests testChangingSourceExitsEditWithoutRestoringOldSource]' passed (0.000 seconds).
Test Case '-[TesseraCoreTests.WorkspaceNavigationTests testCompareReturnRestoresPairAndActiveSide]' started.
Test Case '-[TesseraCoreTests.WorkspaceNavigationTests testCompareReturnRestoresPairAndActiveSide]' passed (0.000 seconds).
Test Case '-[TesseraCoreTests.WorkspaceNavigationTests testEditTargetsOnePhotoAndReturnsOriginalSelection]' started.
Test Case '-[TesseraCoreTests.WorkspaceNavigationTests testEditTargetsOnePhotoAndReturnsOriginalSelection]' passed (0.000 seconds).
Test Case '-[TesseraCoreTests.WorkspaceNavigationTests testEveryExitDisarmsModelOwnedPointerTools]' started.
Test Case '-[TesseraCoreTests.WorkspaceNavigationTests testEveryExitDisarmsModelOwnedPointerTools]' passed (0.001 seconds).
Test Case '-[TesseraCoreTests.WorkspaceNavigationTests testInspectorTabKeepsTargetAndReturnState]' started.
Test Case '-[TesseraCoreTests.WorkspaceNavigationTests testInspectorTabKeepsTargetAndReturnState]' passed (0.000 seconds).
Test Case '-[TesseraCoreTests.WorkspaceNavigationTests testInstallingDifferentLibraryDiscardsBookmark]' started.
Test Case '-[TesseraCoreTests.WorkspaceNavigationTests testInstallingDifferentLibraryDiscardsBookmark]' passed (0.000 seconds).
Test Case '-[TesseraCoreTests.WorkspaceNavigationTests testPhotoEditUndoCannotConsumeCullHistory]' started.
Test Case '-[TesseraCoreTests.WorkspaceNavigationTests testPhotoEditUndoCannotConsumeCullHistory]' passed (0.000 seconds).
Test Case '-[TesseraCoreTests.WorkspaceNavigationTests testRenderedCopyRequestCapturesTargetAndCancelHasNoSideEffect]' started.
Test Case '-[TesseraCoreTests.WorkspaceNavigationTests testRenderedCopyRequestCapturesTargetAndCancelHasNoSideEffect]' passed (0.000 seconds).
Test Case '-[TesseraCoreTests.WorkspaceNavigationTests testScopeUsesCompareCandidateRatherThanOriginalSelection]' started.
Test Case '-[TesseraCoreTests.WorkspaceNavigationTests testScopeUsesCompareCandidateRatherThanOriginalSelection]' passed (0.000 seconds).
Test Case '-[TesseraCoreTests.WorkspaceNavigationTests testUnavailablePhotoExplainsItsActualStateInEdit]' started.
Test Case '-[TesseraCoreTests.WorkspaceNavigationTests testUnavailablePhotoExplainsItsActualStateInEdit]' passed (0.000 seconds).
Test Suite 'WorkspaceNavigationTests' passed at 2026-09-28 17:07:54.950.
	 Executed 10 tests, with 0 failures (0 unexpected) in 0.003 (0.004) seconds
Test Suite 'WorkspaceReadyPhotoTests' started at 2026-09-28 17:07:54.950.
Test Case '-[TesseraCoreTests.WorkspaceReadyPhotoTests testRealRAWDevelopAndMasksRemainReadyAcrossInspectorTabs]' started.
develop original L2 calibration [first, tone, WB] ms: CPU [456.570541, 200.506167, 233.983541]; GPU [268.72137499999997, 1.5168329999999999, 7.0815]
Test Case '-[TesseraCoreTests.WorkspaceReadyPhotoTests testRealRAWDevelopAndMasksRemainReadyAcrossInspectorTabs]' passed (4.287 seconds).
Test Suite 'WorkspaceReadyPhotoTests' passed at 2026-09-28 17:07:59.237.
	 Executed 1 test, with 0 failures (0 unexpected) in 4.287 (4.288) seconds
Test Suite 'WorkspaceSelectionTests' started at 2026-09-28 17:07:59.237.
Test Case '-[TesseraCoreTests.WorkspaceSelectionTests testEmptyDestinationHasNoAccidentalTarget]' started.
Test Case '-[TesseraCoreTests.WorkspaceSelectionTests testEmptyDestinationHasNoAccidentalTarget]' passed (0.000 seconds).
Test Case '-[TesseraCoreTests.WorkspaceSelectionTests testRestorationUsesStableKeysAfterInsertionAndRemoval]' started.
Test Case '-[TesseraCoreTests.WorkspaceSelectionTests testRestorationUsesStableKeysAfterInsertionAndRemoval]' passed (0.000 seconds).
Test Suite 'WorkspaceSelectionTests' passed at 2026-09-28 17:07:59.238.
	 Executed 2 tests, with 0 failures (0 unexpected) in 0.000 (0.000) seconds
Test Suite 'TesseraPackageTests.xctest' passed at 2026-09-28 17:07:59.238.
	 Executed 714 tests, with 1 test skipped and 0 failures (0 unexpected) in 234.437 (234.497) seconds
Test Suite 'All tests' passed at 2026-09-28 17:07:59.238.
	 Executed 714 tests, with 1 test skipped and 0 failures (0 unexpected) in 234.437 (234.498) seconds
lensblur-export-warning: ["sony-arw.ARW: Lens Blur skipped: Lens Blur depth model is not cached; download depth/anything-v2-small in Models"]
M2-54 lookup count=1000 before_ms=0.027530193328857422 after_ms=0.002429485321044922
M2-54 lookup count=20000 before_ms=0.5257511138916016 after_ms=0.002529621124267578
M2-54 core_install_ms=0.1710653305053711 select_all_ms=0.031948089599609375
M2-54 warm_bottom_100 count=1000 before_median_ms=0.12695789337158203 median_ms=0.1010894775390625 max_ms=0.12004375457763672
M2-54 warm_bottom_100 count=20000 before_median_ms=0.6320476531982422 median_ms=0.09799003601074219 max_ms=0.15103816986083984
M2-54 warm_bottom_100 ratio=0.9693396226415094 target=1.2
P08 20k retained subscribers: 68
P08 20k forward/reverse: peak pending=24, active=4, subscribers=24, delivered=24, traceMs=535.6158330105245
upright-auto: 640x426 -> 640x426, 43.4% of pixels changed
◇ Test run started.
↳ Testing Library Version: 1902
↳ Target Platform: arm64e-apple-macos14.0
◇ Suite GroupingTests started.
◇ Suite CullStoreTests started.
◇ Test syntheticLibraryIsGroupedAndSorted() started.
◇ Test exifDateParsing() started.
◇ Test splitsOnGaps() started.
◇ Test decisionsGradesMarksBasket() started.
◇ Test undoRedo() started.
✔ Test splitsOnGaps() passed after 0.001 seconds.
✔ Test decisionsGradesMarksBasket() passed after 0.001 seconds.
✔ Test undoRedo() passed after 0.001 seconds.
✔ Test exifDateParsing() passed after 0.001 seconds.
✔ Suite CullStoreTests passed after 0.001 seconds.
✔ Test syntheticLibraryIsGroupedAndSorted() passed after 0.023 seconds.
✔ Suite GroupingTests passed after 0.023 seconds.
✔ Test run with 5 tests in 2 suites passed after 0.023 seconds.
